sample_id,slot_idx,phrase,gt_area,area_frac,soft_iou,mass_in_gt,gt_coverage,peak_in_gt,pred_sum,slices
2401156,0,The person is wearing goggles.,180,0.003587372448979592,0.03867022959008541,0.04056663639371688,0.45271665785047743,0,2008.7689208984375,overall|small|part
2401156,1,The flag has the word forum on it.,4590,0.0914779974489796,0.027756444701888098,0.03524522469303105,0.11553973694512527,0,15046.787109375,overall|text
2401156,2,the sky is gray,2610,0.05201690051020408,0.000511532910410295,0.0009994819738691292,0.0010466928226280942,0,2733.2841796875,overall
2401156,3,The person is wearing a shoe.,792,0.015784438775510203,0.014054054899745155,0.01833597162710703,0.0567658164284446,0,2451.930419921875,overall|small|part
2401156,4,People are standing in the distance.,1470,0.029296875,0.006896834447634992,0.007820627315379886,0.05516609659000319,0,10369.265625,overall
2401156,5,the hoodie has yellow letters,1120,0.022321428571428572,0.06917259469678279,0.07672398545292461,0.41273561205182757,0,6025.0244140625,overall|text
2401156,6,a black metal rail,2556,0.0509406887755102,0.025350192715217285,0.030199011420875128,0.13635560753573087,0,11540.9384765625,overall|part
2401157,0,Motorcycles lined up,15914,0.31716358418367346,0.2156746362908231,0.3185598752111548,0.4004025604911556,0,20002.5390625,overall
2401157,1,Advertising on the building.,1826,0.03639190051020408,0.031315520293722324,0.04008092033545309,0.1252580206078219,0,5706.484375,overall|text
2401157,2,Sign in the window.,986,0.019650829081632654,0.00019580636780021853,0.0006174697541334831,0.00028665010150499327,0,457.7341613769531,overall|small|text|part
2401157,3,England's flag shirt on man.,198,0.003946109693877551,0.022926996102629504,0.023043693167410124,0.8190798518633602,0,7037.83935546875,overall|small|text
2401157,4,There is an X on the building,180,0.003587372448979592,0.0007441598665704055,0.0008035759779043366,0.009964141580793593,0,2231.955078125,overall|small
2401157,5,Brookes Bros store front,1540,0.030691964285714284,0.007387881274746203,0.008754733069080454,0.045181655883789064,0,7947.67236328125,overall
2401158,0,Power pole on the street,697,0.013891103316326531,0.010405333519397611,0.011117106665771613,0.13979956956641745,0,8764.8974609375,overall|small
2401158,1,Yellow garbage can on the street,15,0.00029894770408163266,0.00039523077958736645,0.00039547575621537147,0.3895132382710775,0,14773.84765625,overall|small
2401158,2,The tree is bare.,11832,0.23580994897959184,0.04056857457892065,0.20880661314882326,0.04793748733076878,0,2716.37158203125,overall
2401158,3,Traffic on the streets.,3808,0.07589285714285714,0.07154387588557111,0.09632829056071447,0.2175677002978926,0,8600.7734375,overall
2401158,4,White lines on the ground.,1221,0.0243343431122449,0.0019858109623429893,0.002226164015839968,0.018060515495131584,0,9905.779296875,overall
2401158,5,cloudy sky in the distance,1240,0.024713010204081634,9.538281874773286e-07,1.2682369609014218e-06,3.8474610435866544e-06,0,3761.79833984375,overall
2401158,6,The trees have a few leaves.,5440,0.10841836734693877,0.004561643929939566,0.019489288018986004,0.005920348447911879,0,1652.533203125,overall|part
2401159,0,books sitting on a coffee table,899,0.017916932397959183,0.003097619198576148,0.0036052086623022048,0.021527541757823364,0,5368.138671875,overall|small
2401159,1,black pillows on the couch,1848,0.036830357142857144,0.05564215833425084,0.05787080638896533,0.5909765334356398,0,18871.771484375,overall
2401159,2,a vent in the floor,475,0.009466677295918368,0.026138582872094664,0.026762134493947518,0.5287106162623355,0,9384.0625,overall|small
2401159,3,A door you can see through,7203,0.1435546875,0.030765461081978498,0.0879781631069284,0.04517216743999896,0,3698.3623046875,overall|part
2401159,4,a black floor lamp,3120,0.062181122448979595,0.021790267823659133,0.04498193270042122,0.04055002163618039,0,2812.597412109375,overall
2401159,5,corner of a mounted painting,986,0.019650829081632654,0.0154572129435323,0.01821056271087201,0.09275120702283136,0,5021.95849609375,overall|small
2401159,6,TV on the wall,704,0.01403061224489796,0.0013330654663089136,0.0015180228602953945,0.010822616517543793,0,5019.10888671875,overall|small
2401160,0,black laptop with stickers,16472,0.3282844387755102,0.3380414334089639,0.8220361041528955,0.36473379186080923,1,7308.5537109375,overall
2401160,1,a laptop screen across from the young man,4092,0.08155293367346939,0.14943576923669227,0.2215429385164384,0.3146592901832081,1,5811.90185546875,overall
2401160,2,a picture is hanging on the wall,1026,0.020448022959183673,0.14685937206857616,0.1636977660361402,0.5880912795633833,0,3685.94921875,overall
2401160,3,Bottle on the table.,2904,0.05787627551020408,0.1123873944030982,0.1209817126233721,0.612713942514635,1,14707.357421875,overall
2401161,0,Windows on the building.,8428,0.16796875,0.0698201529802093,0.30683364145712927,0.08289525086810705,1,2276.93798828125,overall
2401161,1,feet of the teddy bear,1240,0.024713010204081634,0.007901711330180278,0.010195713071475685,0.03392771751649918,0,4126.2802734375,overall
2401161,2,The head of the teddy bear.,1260,0.025111607142857144,0.01858235110123137,0.020473775698220266,0.1674611530606709,0,10305.91796875,overall|part
2401161,3,white wispy clouds,1760,0.035076530612244895,0.0026799558468273916,0.005158616253538011,0.005546618049794978,0,1892.377197265625,overall
2401161,4,building made of grey concrete,6604,0.13161670918367346,0.0788455074014017,0.15734274936753145,0.13647258534422793,0,5728.0361328125,overall
2401161,5,building holding the bear,1110,0.022122130102040817,0.004930662895373471,0.005275550535768483,0.07013208200265696,0,14756.111328125,overall
2401163,0,Flower pedals on the path,2090,0.04165338010204082,0.00020880967276828497,0.0002587610913965153,0.0010805185902061645,0,8727.29296875,overall
2401163,1,blue umbrella in garden,1960,0.0390625,0.01291224676144176,0.017292061316217865,0.04850636696328922,0,5498.0419921875,overall
2401163,2,The tree has pink flowers,4850,0.09665975765306123,0.0006137931138605384,0.0013704004964529646,0.0011104944563403573,0,3930.16357421875,overall
2401163,3,The flowers are pink,1591,0.03170838647959184,0.12786925983021616,0.1762164788110616,0.3178993479250962,1,2870.20751953125,overall
2401163,4,The woman is wearing a skirt,1749,0.034857302295918366,0.03817176019892265,0.04341035477745175,0.24030382037503573,0,9681.8232421875,overall
2401163,5,yellow umbrella in garden,288,0.005739795918367347,0.0011232260697302738,0.001185259110460576,0.021010455158021715,0,5105.22216796875,overall|small
2401164,0,The trees are green.,33726,0.6721540178571429,0.28145756164328267,0.9260813786661215,0.2879259857936014,1,10485.6787109375,overall
2401164,1,car with back to camera,729,0.014528858418367346,0.03394161280610383,0.036725518538028294,0.30927807215309927,0,6139.15673828125,overall|small
2401165,0,brown hair on kid's head,4200,0.08370535714285714,0.020095934147002673,0.023908643063271996,0.11191401890345982,0,19659.7890625,overall|part
2401165,1,The open mouth of the baby.,1125,0.022421077806122448,0.0035691799283220035,0.008305585927764996,0.006219852871365017,0,842.4853515625,overall
2401165,2,eyebrow of the kid,1586,0.03160873724489796,0.02280499546115893,0.04436092616493243,0.044827609164417165,0,1602.6849365234375,overall
2401165,3,blue shirt on kid,3230,0.0643734056122449,0.06706207695974646,0.13685343216277915,0.11621866610028057,0,2742.98046875,overall|text
2401165,4,baby laying on white sheet,4176,0.08322704081632654,0.06534132918601238,0.07316813692020328,0.37920470256001554,0,21642.73828125,overall
2401165,5,white sheet under baby,1480,0.029496173469387755,0.011235855140068784,0.017615136391244773,0.030091991940060177,0,2528.28857421875,overall
2401165,6,The nose and nostril of the baby.,560,0.011160714285714286,0.0009690180684184629,0.0014366279294689727,0.002968257027012961,0,1157.0316162109375,overall|small
2401166,0,head of a man in wheelchair,2450,0.048828125,0.07792784404618752,0.10082800611797266,0.25546018016581634,0,6207.376953125,overall|part
2401166,1,a pair of blue and white socks,858,0.01709980867346939,0.0026388588662547563,0.002994554375630293,0.021733377363298324,0,6227.04931640625,overall|small
2401166,2,Man is holding pizza on paper plate.,1197,0.023856026785714284,0.053011378864534504,0.07195003039427467,0.1676350452547384,0,2788.8681640625,overall
2401166,3,a white arm cast,986,0.019650829081632654,0.004263121997461208,0.004631968361055085,0.050815752505288886,0,10817.0712890625,overall|small|part
2401166,4,wrist tag on the man,270,0.005381058673469388,0.00019688073938272743,0.00020290577149714476,0.00658670531378852,0,8764.7109375,overall|small
2401166,5,Left wheel on man's wheelchair.,3560,0.07095025510204081,0.0026174928404079944,0.004430044209848208,0.006356729550308056,0,5108.29150390625,overall|part
2401166,6,a metal gated window,4154,0.08278858418367346,0.23396921861948616,0.26635415793401673,0.6580390324085219,0,10262.6298828125,overall|part
2401167,0,elephants splashing water,11800,0.23517219387755103,0.1578859227562484,0.5286986927181647,0.18374751721398305,1,4101.0517578125,overall
2401167,1,river has brown water,10309,0.20545679209183673,0.1928263393071551,0.2797205250156775,0.38299258005747405,0,14115.0546875,overall
2401167,2,branches of a small tree,195,0.0038863201530612247,0.01672456270142981,0.01706264308232488,0.45772274702023236,0,5231.0732421875,overall|small|part
2401167,3,edge of a river bank,297,0.005919164540816327,0.007632930993199634,0.007792185754193892,0.2719182486485953,0,10364.193359375,overall|small
2401167,4,water rippling around the back of the elephant ,390,0.007772640306122449,0.003581575888933596,0.0037562319698588613,0.07151814974271334,0,7425.54736328125,overall|small
2401167,5,photographers name and copy right ,918,0.01829559948979592,0.0014390040735673653,0.0017074616749049993,0.009069440671301615,0,4876.095703125,overall|small
2401167,6,the dirt is brown,1196,0.02383609693877551,0.03137614688123691,0.03937669112888543,0.13376834320782818,0,4062.98583984375,overall
2401168,0,The bottle on the table,4400,0.08769132653061225,0.09917465604776289,0.13453839994401665,0.27394264914772726,0,8959.134765625,overall
2401168,1,round basic white plate,1404,0.027981505102040817,0.07193418119356078,0.08745498997773674,0.28842184822104255,0,4630.31640625,overall
2401168,2,blue corner of a napkin,992,0.019770408163265307,0.013187621627962404,0.017295893815002225,0.05259976079387049,0,3016.841064453125,overall|small
2401168,3,melted mozzarella cheese on pizza,798,0.015904017857142856,0.011287331923302142,0.013469960693839727,0.06512269519624256,0,3858.0595703125,overall|small
2401168,4,tomatoes on a pizza,4131,0.08233019770408163,0.004230710780131806,0.005257849599292097,0.021197632766756878,0,16654.607421875,overall
2401168,5,metallic finish picture frame,2320,0.04623724489795918,0.00424789141625996,0.013388423782842343,0.006183545342807112,0,1071.5096435546875,overall
2401168,6,cheese on a pizza,238,0.004743303571428571,0.0011463512052535185,0.0011677759341299752,0.05880847097444935,0,11985.5322265625,overall|small
2401169,0,the light is turned on,5124,0.10212053571428571,0.014905733417026763,0.1408664961527425,0.0163963029014236,0,596.413330078125,overall
2401169,1,The man's blue tie,330,0.006576849489795918,0.021463079388419085,0.02206230945157181,0.4414102265329072,0,6602.45361328125,overall|small
2401169,2,a small picture on a wall,1440,0.028698979591836735,0.0047992594113366455,0.048207520027410446,0.005301613277859158,0,158.36373901367188,overall
2401169,3,The table the cake is on,6496,0.12946428571428573,0.012269539975219847,0.01712533564503745,0.041477198671237586,0,15733.173828125,overall
2401169,4,three grapes on top of round red cheese,221,0.004404496173469388,0.0017853561869973374,0.001822053208598953,0.08142706064077523,0,9876.4296875,overall|small
2401169,5,A green apple.,800,0.01594387755102041,4.287185847954205e-05,6.512839824380522e-05,0.0001254384219646454,0,1540.8138427734375,overall|small
2401170,0,Trees grow high roof building,3450,0.06875797193877552,0.0021452085562898363,0.002681984317691203,0.010604804218679235,0,13641.6064453125,overall
2401170,1,black umbrella over person's head,1518,0.030253507653061226,0.024589039155381638,0.03289488039314674,0.0887416995404109,0,4095.1630859375,overall|part
2401170,2,The leaves are green.,240,0.0047831632653061226,8.426147257995952e-05,0.00012272621346514566,0.00026877373456954954,0,525.6065063476562,overall|small|part
2401170,3,blue bench with red edging,3645,0.07264429209183673,0.22079333558767933,0.25295525430042554,0.6345766085819616,1,9144.03515625,overall
2401170,4,large blue and red sign,3591,0.07156808035714286,0.143517553215531,0.1570425519832611,0.6249656666623155,1,14290.7236328125,overall|text
2401170,5,Wall is made of brick.,432,0.00860969387755102,0.00023778126456598948,0.00032227188836540544,0.000906145269120181,0,1214.67236328125,overall|small
2401170,6,white and blue sneakers,276,0.005500637755102041,9.950962023147753e-05,0.00010328016942018582,0.0027182866697726044,0,7264.193359375,overall|small
2401171,0,Black and white pole by the road,264,0.0052614795918367345,0.013457347533250832,0.013816227063533235,0.3412749550559304,0,6521.0703125,overall|small
2401171,1,the bus is red and white.,3025,0.06028778698979592,0.20268233327542368,0.21248028954445536,0.8146571539256199,0,11597.9599609375,overall
2401171,2,a policeman,144,0.0028698979591836736,0.020856120448804784,0.021109984290658922,0.6342737409803603,0,4326.6455078125,overall|small
2401171,3,street light on top of metal pole,1272,0.025350765306122448,0.017624066433867863,0.04610428057557112,0.027738763101445803,0,765.3021850585938,overall
2401171,4,Red and white poles to divide the road,2068,0.04121492346938776,0.026061341255060464,0.028331222175478194,0.24544317072088068,0,17915.798828125,overall
2401171,5,cobb stone parking lot,4941,0.09847337372448979,0.2138778763058372,0.4544370538370772,0.2877664201246585,1,3128.82470703125,overall
2401171,6,Light on a car,450,0.00896843112244898,0.002580012572255109,0.002768971278346045,0.03642979515923394,0,5920.396484375,overall|small
2401172,0,tall white building in background,9100,0.18136160714285715,0.3006435090637416,0.44390466409925566,0.48228504893543955,1,9886.7939453125,overall
2401172,1,white post with lamp,2834,0.0564811862244898,0.16985991988536936,0.20660334642233952,0.48851707743858064,0,6701.04052734375,overall
2401172,2,white chairs on patio,3481,0.06937579719387756,0.016084794484229073,0.021611592418201757,0.05917490778624138,0,9531.359375,overall
2401172,3,flowers planted in boxes attached to railing,720,0.014349489795918368,0.009068335281741906,0.011692839971354648,0.038832839330037436,0,2391.176513671875,overall|small
2401172,4,A green tree in the distance.,3675,0.0732421875,0.000316481720987614,0.001949687898526264,0.0003776666745036638,0,711.870361328125,overall
2401172,5,A little black fence.,2040,0.04065688775510204,0.008700332600557074,0.0104131518574218,0.05023678798301547,0,9841.693359375,overall
2401172,6,path in garden,864,0.01721938775510204,0.019911014355740685,0.02104022928427068,0.27060236754240813,0,11112.0673828125,overall|small
2401173,0,a man holding a dog,7590,0.15126753826530612,0.16210718195949722,0.6233481159227544,0.17971008059535573,0,2188.1826171875,overall
2401173,1,a chair facing away from the poo,266,0.005301339285714286,0.01424374653476474,0.014418674519136799,0.5400310889222568,0,9962.654296875,overall|small
2401173,2,a lounge at a pool,714,0.014229910714285714,0.013950290202127803,0.014916068628197934,0.1772640238956911,0,8485.24609375,overall|small
2401173,3,Swimming pool drain,48,0.0009566326530612245,0.0009352408901997854,0.0009375560882713493,0.274696151415507,0,14063.6015625,overall|small
2401173,4,a hill in the distance,392,0.0078125,0.023936341119149846,0.024553463245859258,0.48779837939204,0,7787.77978515625,overall|small
2401173,5,grey overcast blue sky,2701,0.053830516581632654,0.0015267550934450003,0.002449020695815526,0.004037835870747741,0,4453.2880859375,overall
2401173,6,The eyes of the dog.,98,0.001953125,0.00859822502028928,0.00878315710248784,0.2899561706854373,0,3235.24951171875,overall|small|part
2401174,0,back of traffic sign,2288,0.045599489795918366,0.016699711354090006,0.019151139710783086,0.11540599636264615,0,13787.634765625,overall|text
2401174,1,A man in a blue shirt,4392,0.08753188775510204,0.039364514445140934,0.06262814920878752,0.09581912931848745,0,6719.6240234375,overall|text
2401174,2,roof of building,5544,0.11049107142857142,0.019537323434955896,0.03160157283501794,0.048685280275551274,0,8541.068359375,overall
2401174,3,backpack strap on boy's shoulder.,153,0.003049266581632653,0.0023121527256640285,0.0023632699411395993,0.09657300063987183,0,6252.2138671875,overall|small
2401174,4,A white clouded sky,476,0.009486607142857142,0.0018449056612769713,0.002193947241498239,0.011463464809065106,0,2487.11962890625,overall|small
2401174,5,red shirt on young boy.,182,0.003627232142857143,0.007096740466625816,0.007295772394339489,0.206437498658568,0,5149.7802734375,overall|small|text
2401174,6,red heart shaped pillow.,377,0.007513552295918368,0.03587023227539602,0.03643162162545018,0.6995025553817142,0,7238.5595703125,overall|small
2401175,0,bare human foot on top of bed sheet,4664,0.09295280612244898,0.0514407550654836,0.08714211701608691,0.1115532117683319,0,5970.52490234375,overall
2401175,1,hands of young boy sleeping in bed,1440,0.028698979591836735,0.041614307468659704,0.05118312087870187,0.1820662604437934,0,5122.30224609375,overall
2401175,2,part of a leg,420,0.008370535714285714,0.001170331963195877,0.001231304677641025,0.023088425681704567,0,7875.4990234375,overall|small|part
2401175,3,part of a doll,15,0.00029894770408163266,0.0009222270936400396,0.0009240597318807075,0.3174102465311686,0,5152.4306640625,overall|small
2401175,4,part of a pillow,108,0.002152423469387755,0.003856642451163928,0.003920942517233867,0.19039715660942924,0,5244.375,overall|small
2401175,5,wrinkles in white pillow,1800,0.03587372448979592,0.008912589350301295,0.010067816901210985,0.07207498338487413,0,12886.107421875,overall
2401175,6,horns of stuffed dinosaur,1305,0.02600845025510204,0.04654035415227767,0.05179382541246378,0.3145238883650623,0,7924.7607421875,overall
2401176,0,man driving a car,462,0.009207589285714286,0.014048551493506471,0.014630753051165086,0.26092397186147187,0,8239.2802734375,overall|small
2401176,1,large shadow on the street,1925,0.038364955357142856,0.00434082253019503,0.005776450593695405,0.017166086172128652,0,5720.591796875,overall
2401176,2,a white fire hydrant,250,0.0049824617346938774,0.0023911060168412086,0.0024164668820040786,0.185556640625,0,19197.1015625,overall|small
2401176,3,red and white cap,770,0.015345982142857142,0.007324749918419262,0.008175341726218917,0.0657704935445414,0,6194.6376953125,overall|small
2401176,4,Tail light on taxi cab,480,0.009566326530612245,0.018595074007646248,0.020291232492571438,0.18197320302327474,0,4304.673828125,overall|small|part
2401176,5,Headlights and grill on front of car,288,0.005739795918367347,0.024926991048167445,0.026279695305362075,0.3262680106692844,0,3575.581298828125,overall|small
2401176,6,round metal manhole cover,564,0.011240433673469387,0.005115782213564519,0.006064773560852089,0.031658683262818246,0,2944.132568359375,overall|small
2401177,0,sun shining on ocean,1406,0.028021364795918366,0.0651368437935389,0.08708764965939206,0.20535525760135134,0,3315.3896484375,overall
2401177,1,Orange color in the sky.,1400,0.027901785714285716,0.0002225628100176928,0.0002747484755766818,0.0011703831808907645,0,5963.76904296875,overall
2401177,2,Silhouette of a person.,1400,0.027901785714285716,0.11885060934156678,0.12990296664324097,0.5827945818219866,0,6280.9375,overall
2401177,3,blue sky,3835,0.07643096301020408,0.01411926165923095,0.02782169285174449,0.027869082056714473,0,3841.5322265625,overall
2401177,4,a surfer waiting to catch a wave,8,0.00015943877551020407,0.000250499281578242,0.0002505733706953533,0.4586406946182251,0,14642.9189453125,overall|small
2401177,5,the wet sand has a reflection of the sun,10990,0.21902901785714285,0.009235018200173226,0.05216056525057742,0.011097311170888663,0,2338.154296875,overall
2401177,6,a surfboard standing on end,756,0.015066964285714286,0.004830853076508799,0.00507113053403006,0.09252329225893374,0,13793.296875,overall|small
2401179,0,one lap top computer,7084,0.14118303571428573,0.0534754234091064,0.10581964052840487,0.0975596655700787,0,6531.04345703125,overall
2401179,1,Person wearing plaid shirt.,2982,0.05943080357142857,0.006698969715200412,0.015083160643173754,0.011907939539908723,0,2354.246337890625,overall|text
2401179,2,glasses around man's face,960,0.01913265306122449,0.01278702733308712,0.021751645035403923,0.03009263277053833,0,1328.1260986328125,overall|small|part
2401179,3,A thick black watch,286,0.005699936224489796,0.014466390503777475,0.01504708338016905,0.27265180574430453,0,5182.29443359375,overall|small
2401179,4,part of an elbow,247,0.004922672193877551,0.011791520130526785,0.011882235319348584,0.6069954937768851,0,12617.818359375,overall|small
2401179,5,A white corded phone,725,0.014449139030612245,0.00909413696335426,0.009467605325622096,0.1873491800242457,0,14346.6220703125,overall|small
2401179,6,"A silver, metal desktop computer tower",1482,0.029536033163265307,0.08560929488116199,0.09381098557880628,0.4947452519425818,0,7815.8486328125,overall
2401180,0,a small memo board,1476,0.029416454081632654,0.10797041054249705,0.11687673958806133,0.58624399903667,0,7403.4931640625,overall
2401180,1,a light fixture is hanging from the ceiling,672,0.013392857142857142,0.001182894690322198,0.0014021098821105824,0.007509033594812665,0,3598.912353515625,overall|small
2401180,2,edge of a wall,182,0.003627232142857143,7.565949409795113e-05,7.804275941659082e-05,0.0024714338910448684,0,5763.51953125,overall|small
2401180,3,a blanket folded on the arm of a chair,1728,0.03443877551020408,0.08051854634275647,0.08395100220773417,0.6632228427463107,0,13651.404296875,overall|part
2401180,4,blinds on the window,2156,0.04296875,0.1230645102077075,0.13951156874679896,0.5107369219438486,0,7892.88525390625,overall|part
2401180,5,wheel on the chair,182,0.003627232142857143,0.0007152416488648465,0.0007294981325881633,0.03530644060491205,0,8808.4833984375,overall|small|part
2401180,6,part of a floor,780,0.015545280612244899,0.0035968793811988475,0.0044983597379218065,0.01763185721177321,0,3057.302978515625,overall|small
2401181,0,two tall giraffes,27342,0.544921875,0.13774668973435522,0.5726056439997054,0.15353200461972424,0,7331.1748046875,overall
2401182,0,Two buildings are in the distance.,676,0.013472576530612245,0.025783283014323637,0.028446348830725696,0.21593962900737335,0,5131.5966796875,overall|small
2401182,1,The trees are bare.,9360,0.18654336734693877,0.04355384292394508,0.15197951640911292,0.057536563710269766,0,3543.5185546875,overall
2401182,2,The ground is concrete.,19184,0.3823341836734694,0.22851674779609366,0.3498767256016561,0.3971567798197717,0,21776.400390625,overall
2401182,3,A patch of blue sky.,408,0.008131377551020409,0.0003746513345535313,0.0004168113891560336,0.0036902863020990407,0,3612.273681640625,overall|small
2401182,4,a cloud in the sky,1400,0.027901785714285716,0.0004357758088381303,0.0007418420176883878,0.001055117164339338,0,1991.2110595703125,overall
2401183,0,The person is wearing a jacket.,595,0.011858258928571428,0.012341600663638312,0.012589730856129482,0.3850669027376576,0,18198.546875,overall|small
2401183,1,house next to trees,4752,0.09470663265306123,0.006440502894122078,0.010103635160078304,0.017454108806571576,0,8209.1171875,overall
2401183,2,a tall tree trunk,1375,0.027403539540816327,0.053782872399088556,0.061602217117559734,0.29761037375710225,0,6642.849609375,overall
2401183,3,black number five on sign,162,0.0032286352040816328,0.00010740714975218938,0.00011268650436066853,0.0022873348659939235,0,3288.310791015625,overall|small|text
2401183,4,a woman holding an umbrella,1752,0.03491709183673469,0.006306169152538239,0.012891287895527665,0.012194659611950182,0,1657.32421875,overall
2401183,5,a partial speed limit sign,96,0.001913265306122449,7.617761388587819e-05,7.786579798919294e-05,0.003501313738524914,0,4316.736328125,overall|small|text
2401183,6,a row of street lights,1100,0.021922831632653062,0.003712969114971019,0.004216733271337087,0.030142423456365412,0,7863.11669921875,overall
2401186,0,A white clouded sky,1190,0.023716517857142856,0.0002055440642212567,0.00024325785179699037,0.0013240252222333636,0,6477.03662109375,overall
2401186,1,the water has waves in it,15228,0.30349170918367346,0.11726821988393323,0.5188394538601938,0.1315775441158967,1,3861.816650390625,overall
2401186,2,many trees are in the background,5974,0.1190609056122449,0.02917997022291436,0.06367398167480492,0.05111146715519857,0,4795.36376953125,overall
2401186,3,shadow of person on ground,2280,0.04544005102040816,0.008129815571970027,0.013041802934218612,0.021129362206710012,0,3693.886962890625,overall
2401186,4,A small patch of grass,1696,0.03380102040816327,0.0005901350234686989,0.0007025001958383104,0.0036759258441205296,0,8874.5458984375,overall
2401186,5,a small portion of road,693,0.013811383928571428,0.00047828802056179125,0.0005114928684995145,0.007313741405976971,0,9909.078125,overall|small
2401187,0,flat screen TV,1768,0.035235969387755105,0.001239986651887671,0.0016006028303509243,0.0054735829927263216,0,6046.03125,overall
2401187,1,bay windows at the far end,5850,0.11658960459183673,0.089595329423019,0.1830023039325099,0.14932317750066773,0,4773.3857421875,overall
2401187,2,picture on a wall,3636,0.07246492346938775,0.0018312485890812156,0.0038488454295972506,0.0034811992456417274,0,3288.68505859375,overall
2401187,3,a typewriter on a small desk,609,0.012137276785714286,0.000689151143747075,0.0007269654999285877,0.013075416702746562,0,10953.654296875,overall|small
2401187,4,a large clock on the wall,671,0.013372927295918368,0.03598796421749983,0.038611568491186465,0.34624912131205754,0,6017.1904296875,overall|small
2401187,5,the floor is brown,5720,0.11399872448979592,0.1069430556901896,0.13448779772751687,0.34303529112489073,0,14589.8876953125,overall
2401187,6,a picture leaning against the wall on top of the fireplace,403,0.008031728316326531,0.024255015462711492,0.02579800324938423,0.28852564052080104,0,4507.1640625,overall|small
2401188,0,black and grey sneaker cleats,289,0.0057597257653061226,0.010973044599634788,0.012513945343089153,0.08182260981893044,0,1889.630615234375,overall|small
2401188,1,The red sneakers the player is wearing.,561,0.01118064413265306,0.0005823287951613757,0.0006051018399529137,0.015237272741960331,0,14126.7294921875,overall|small
2401188,2,The white and black shirt the player in red sneakers is wearing.,1248,0.024872448979591837,0.02691456527779346,0.03164885066856381,0.15248831724509215,0,6013.02783203125,overall|text
2401188,3,soccer player in black and white uniform,3636,0.07246492346938775,0.09429820447428787,0.12301341997202603,0.287731577723202,0,8504.6982421875,overall
2401188,4,the soccer post,3920,0.078125,0.13118186647107424,0.20773550541433336,0.2625229193239796,0,4953.8466796875,overall
2401188,5,soccer player in black and red uniform,4464,0.08896683673469388,0.04011504072559171,0.053566760009545564,0.13774081541218638,0,11478.6669921875,overall
2401188,6,The number 8 on the boy's shirt.,156,0.0031090561224489796,0.0017997007735727922,0.0018837889712005468,0.03875533128396059,0,3209.399658203125,overall|small|text
2401189,0,the cycle has a backrest for a passenger,3773,0.0751953125,0.16768091279654324,0.18418734865289324,0.651697841778757,0,13349.7548828125,overall
2401189,1,the pussy cat has blue eyes,1020,0.02032844387755102,0.00056031426513934,0.0006123735123391395,0.006547826411677342,0,10906.3876953125,overall|part
2401189,2,copyright mark on side,6438,0.12830835459183673,0.05421848312398581,0.2468493032253184,0.06496526855013689,0,1694.3389892578125,overall
2401189,3,Two front paws on a white and tan cat. ,882,0.017578125,0.0196368380976222,0.02175072867067202,0.16808914219170742,0,6816.076171875,overall|small
2401189,4,Pink tongue of a cat. ,84,0.0016741071428571428,0.009207174510684457,0.009253146321055486,0.649517331804548,0,5896.31396484375,overall|small
2401189,5,Nose on the face of a white cat. ,196,0.00390625,0.0012587258494084416,0.0012985073723636646,0.03946458563512685,0,5956.884765625,overall|small|part
2401189,6,A cat's left side whiskers. ,1334,0.02658641581632653,0.0049288095187452665,0.006082190629507132,0.025332935567738593,0,5556.244140625,overall
2401190,0,white snow on a hill,13392,0.2669005102040816,0.3629409070158873,0.5617475176258335,0.5063008407538082,1,12070.1572265625,overall
2401190,1,The rock the elephant is leaning on.,9880,0.19690688775510204,0.14697440436217157,0.46006545716675773,0.17761036490621837,1,3814.218994140625,overall
2401190,2,small rocks in a pile,2992,0.05963010204081633,0.04247561340051048,0.09428952251662481,0.07174996768727022,0,2276.773681640625,overall
2401191,0,Man's face who is playing tennis,2597,0.0517578125,0.07126434525639477,0.09578201935054023,0.21777527066988353,0,5904.68212890625,overall|part
2401191,1,Socks are white,5069,0.10102439413265306,0.06421475912227884,0.14016367439471586,0.10595209449441458,0,3831.742919921875,overall
2401191,2,a tennis ball,864,0.01721938775510204,0.0002636337099972337,0.00036306243877961116,0.0009617285320052395,0,2288.67919921875,overall|small
2401191,3,Handle of racket is white,384,0.007653061224489796,0.0036923873475183905,0.0038773376592128855,0.07184650003910065,0,7115.4638671875,overall|small|part
2401191,4,chains holding a banner in place,946,0.018853635204081634,0.023189210409706094,0.024196001826720118,0.35786350887371166,0,13991.521484375,overall|small
2401191,5,a wristband,154,0.0030691964285714285,0.0008229449231282248,0.0008559791746339088,0.020878819676188678,0,3756.32763671875,overall|small
2401192,0,red mouth and white teeth,3978,0.07928093112244898,0.11800340377445234,0.1304257700578765,0.5533619722929236,0,16877.599609375,overall
2401192,1,The cat's right ear.,364,0.007254464285714286,0.0038444718649454823,0.003992891714210122,0.09373219458611456,0,8544.814453125,overall|small
2401192,2,The cat's right eye.,2016,0.04017857142857143,0.0270629628109093,0.05026128703850128,0.05538680818345812,0,2221.586669921875,overall|part
2401192,3,part of a doll's hair,15,0.00029894770408163266,0.00012000149808959642,0.00012043333353485072,0.03238310813903809,0,4033.32373046875,overall|small|part
2401192,4,multi colored cloth on a doll,21,0.0004185267857142857,0.000814754877357494,0.0008164901806399035,0.2771204085577102,0,7127.49365234375,overall|small
2401192,5,The yellow ribbon in the doll's hair.,152,0.0030293367346938774,0.009953520871976245,0.01019719688599455,0.29404881126002264,0,4383.1083984375,overall|small|part
2401192,6,white patch of a doll,132,0.0026307397959183672,0.00024350947168952648,0.00024804879979715543,0.013131689844709454,0,6988.07275390625,overall|small
2401193,0,The black phone on the table in front of the mirror.,120,0.0023915816326530613,0.0011239273444445317,0.0011421647964884062,0.06575992902119955,0,6908.97802734375,overall|small
2401193,1,large patterned headboard for bed,2842,0.056640625,0.03811327078623152,0.04809501642200363,0.15514928400306782,0,9167.982421875,overall
2401193,2,The lamp is white.,598,0.011918048469387755,0.0025933557727298873,0.0029302343523336435,0.022059888744035295,0,4501.96533203125,overall|small
2401193,3,dark blanket on bed,14476,0.2885044642857143,0.2587590610759894,0.40585072620913093,0.4165557836030326,0,14857.8310546875,overall
2401193,4,view of city from hotel room,2464,0.049107142857142856,0.25602690723666405,0.2798003578807804,0.750828185638824,0,6612.00244140625,overall
2401193,5,wall made of brick,4200,0.08370535714285714,0.004391808237928299,0.03646503667379959,0.0049683734348842075,0,572.2514038085938,overall
2401194,0,The church has a steeple,8778,0.17494419642857142,0.25722649573542206,0.46317899609591373,0.3664840312339798,0,6945.47216796875,overall
2401194,1,The tree is green.,1380,0.027503188775510203,0.012880337067858964,0.017487963252639398,0.04660802647687387,0,3677.905517578125,overall
2401194,2,bare branches of a tree,3800,0.07573341836734694,0.0015355855134541858,0.002550801941216316,0.0038434364921168277,0,5725.67333984375,overall|part
2401194,3,brown branches of a tree,931,0.0185546875,0.003274376893359782,0.004561156122338985,0.011473290006020912,0,2341.86962890625,overall|small|part
2401194,4,patch of brow grass,1144,0.022799744897959183,0.01346383089150225,0.014607579108081269,0.1467253945090554,0,11490.8740234375,overall
2401194,5,brownish green grass in a field,8778,0.17494419642857142,0.1995185687047654,0.30798881626644947,0.3616383209889069,1,10307.06640625,overall
2401195,0,post on ground,972,0.019371811224489797,0.014549417361461548,0.016664660473940888,0.10283779411158935,0,5998.22216796875,overall|small
2401195,1,black and white square platform sign hanging from ceiling,720,0.014349489795918368,0.008854108272384711,0.010099174217998415,0.06700650321112739,0,4777.091796875,overall|small|text
2401195,2,sign with light writing,500,0.009964923469387755,0.001932914849152411,0.002188409591700507,0.016286508560180664,0,3721.083251953125,overall|small|text
2401195,3,copper ring around pole,115,0.002291932397959184,0.000577817175652406,0.0005970033324976951,0.017662011022153108,0,3402.2109375,overall|small
2401195,4,metal ceiling vent,288,0.005739795918367347,0.0158230767639949,0.01745821247907184,0.14452535576290554,0,2384.16748046875,overall|small
2401195,5,grey subway tiles,4446,0.08860809948979592,0.11825668421613103,0.21291471061488676,0.21010763603344298,0,4387.3837890625,overall
2401195,6,subway under ground station,4176,0.08322704081632654,0.1473572804651579,0.14945970170740616,0.9128580495315494,1,25505.83984375,overall
2401196,0,part  of a road,828,0.01650191326530612,0.0011551639567250291,0.0012455144800761994,0.015674740795927924,0,10420.3408203125,overall|small
2401196,1,large hose attached to front of plane,1064,0.021205357142857144,0.01100862189714832,0.011707481993704914,0.155704354881344,0,14150.7314453125,overall
2401196,2,gray words on plane,266,0.005301339285714286,0.014272613147884517,0.01482410429914232,0.27727304903188144,0,4975.31787109375,overall|small
2401196,3,clouds in the sky,1407,0.028041294642857144,0.00028218075616511304,0.0005252687227720424,0.0006093695473823466,0,1632.27490234375,overall
2401196,4,Two rear airplane wheels,288,0.005739795918367347,0.0033763713650814993,0.0034467491474007303,0.14189434051513672,0,11856.2646484375,overall|small
2401196,5,an airplane cabin window,96,0.001913265306122449,0.0014707522736815094,0.0015148324776453894,0.04811125993728638,0,3048.971435546875,overall|small|part
2401196,6,open door on front of plane,992,0.019770408163265307,0.020677636875467982,0.025169826075999557,0.10382799179323259,0,4092.096923828125,overall|small|part
2401197,0,papayas on display at fruit stand,190,0.003786670918367347,0.0008055882456306307,0.000867913513283728,0.011093804710789731,0,2428.609375,overall|small
2401197,1,green bananas not ripe yet,3200,0.06377551020408163,0.023415709376790432,0.03518030774887178,0.06543911933898926,0,5952.3408203125,overall
2401197,2,pink fruit next to green bananas,504,0.010044642857142858,0.0021479307629194417,0.002238854603717324,0.050232599652002725,0,11308.1171875,overall|small
2401197,3,sunlight next to fruit stand.,140,0.0027901785714285715,0.000657170650238257,0.0006758611440905165,0.023212136541094098,0,4808.23486328125,overall|small
2401197,4,orange round fruit by bananas,272,0.005420918367346939,0.007810187467578685,0.007954293956353109,0.3012375551111558,0,10300.9287109375,overall|small
2401197,5,a banana beginning to ripen,228,0.004544005102040816,0.0068315353991997025,0.007048264834114203,0.18178227073267886,0,5880.36328125,overall|small
2401197,6,sand on the ground.,80,0.0015943877551020409,0.004341970157186909,0.004359614781018051,0.5175629615783691,0,9497.4072265625,overall|small
2401198,0,the trees are green,9345,0.18624441964285715,0.018999774792419717,0.28313407191847767,0.019959957475902054,1,658.7896728515625,overall
2401198,1,the shed is red.,15589,0.31068638392857145,0.14173674108632456,0.4295472247574011,0.1746023149837225,1,6336.615234375,overall
2401198,2,colored part of obstacle bar.,156,0.0031090561224489796,0.0027546016632737764,0.002777237568249868,0.2525972708677634,0,14188.6220703125,overall|small
2401198,3,Posts are white.,3828,0.07629145408163265,0.01099011385169724,0.021372657765292145,0.022122858460046656,0,3962.366455078125,overall
2401198,4,the woman's socks are black.,848,0.016900510204081634,0.003681535016977173,0.004146582742933038,0.031782968988958396,0,6499.7998046875,overall|small
2401198,5,saddle on horse's back.,160,0.0031887755102040817,0.004287542602786811,0.004308728649528137,0.4658069133758545,0,17297.23828125,overall|small
2401198,6,brown tree with green leaves,4784,0.09534438775510204,0.011239172833330065,0.054252276123800534,0.013977781187331796,0,1232.569580078125,overall|part
2401199,0,metal grill on front of car,2646,0.052734375,0.005827480300300288,0.010977968807341722,0.012268550812251984,0,2957.066650390625,overall
2401199,1,leggings on a woman,264,0.0052614795918367345,0.011521487946673646,0.011704697944641799,0.4239866372310754,0,9563.0380859375,overall|small
2401199,2,wind screen of a car,200,0.003985969387755102,0.011421350110949574,0.011859633041812267,0.2360894775390625,0,3981.39599609375,overall|small
2401199,3,rear wheel of a car,90,0.001793686224489796,0.0007357755343035598,0.0007404462561585713,0.1044578128390842,0,12696.671875,overall|small|part
2401199,4,Polished hood of Red Ford Truck,4212,0.08394451530612244,0.16540539184760739,0.1813545954957613,0.65287243153861,1,15163.1044921875,overall
2401199,5,leaves of a palm tree,171,0.0034080038265306123,0.005226593794482592,0.005621450940632101,0.06925600174574824,0,2106.711669921875,overall|small|part
2401199,6,a blue shirt on a woman,1652,0.032924107142857144,0.1974517144492706,0.23835677724943738,0.5350060266674864,1,3708.0126953125,overall|text
2401200,0,the boy has on black pants,1568,0.03125,0.04501522659203651,0.05036183302326899,0.29776094397720027,0,9270.6943359375,overall
2401200,1,A guy in red standing by a picnic table,490,0.009765625,0.021625723499586143,0.022140900273383474,0.48170816849689096,0,10660.677734375,overall|small
2401200,2,Person has dark hair.,288,0.005739795918367347,0.003492429986568503,0.003914250188763989,0.03139045834541321,0,2309.62548828125,overall|small|part
2401200,3,people are sitting on the bench,6348,0.12651466836734693,0.05288365155905795,0.07531075840731528,0.15080408337886933,0,12711.388671875,overall
2401200,4,Another gazebo with a blue roof,3078,0.06134406887755102,0.08227267768150494,0.13998712151727816,0.16635643436662403,0,3657.801513671875,overall
2401200,5,part of a floor,247,0.004922672193877551,0.0008793832377367217,0.0009279294321918089,0.016530980948011885,0,4400.283203125,overall|small
2401200,6,part of a bench,72,0.0014349489795918368,0.0003720438674849409,0.00037564244783145235,0.03738440738783942,0,7165.5302734375,overall|small
2401202,0,A train is on the tracks.,41736,0.8317920918367347,0.5035125230899263,0.8488479312979615,0.5531032767724506,1,27194.880859375,overall
2401202,1,A street light hanging from a building,289,0.0057597257653061226,0.012368038017720285,0.012765477848938616,0.28430967759921066,0,6436.5390625,overall|small
2401203,0,man leaning over in water,14208,0.28316326530612246,0.3938311653108763,0.49887740101363853,0.6516107095254434,1,18557.8359375,overall
2401203,1,tusk on the elephant,504,0.010044642857142858,0.008102518763042233,0.008670410257141976,0.11008831811329675,0,6399.294921875,overall|small
2401203,2,brown lake water,3780,0.07533482142857142,0.045908526660330434,0.06315314959407066,0.14392790617766205,0,8614.732421875,overall
2401203,3,overcast grey cloud sky,3100,0.06178252551020408,0.0017720696218610592,0.005140254089339574,0.002697097101519185,0,1626.573486328125,overall
2401204,0,a rearview mirror in a car,120,0.0023915816326530613,7.921041239364697e-06,8.288175052566051e-06,0.00017878832295536995,0,2588.579345703125,overall|small
2401204,1,Pavement on left side of car,5625,0.11210538903061225,0.17212995706132644,0.2310025297727562,0.4031271267361111,1,9816.2998046875,overall
2401204,2,Registration sticker on right front window,190,0.003786670918367347,0.014429701908436688,0.014564846846536026,0.6086287247507196,0,7939.62744140625,overall|small|part
2401204,3,grey cat on hood,4366,0.08701371173469388,0.048702834296383855,0.07538746052376137,0.12094998326915368,0,7004.71435546875,overall
2401204,4,the plant is green,703,0.014010682397959183,0.052278022569480664,0.05500628815227458,0.5131475196284895,0,6558.20849609375,overall|small
2401204,5,the headlights are off,11948,0.2381218112244898,0.13567535312817883,0.23169936371953595,0.2466335852169296,0,12718.1103515625,overall
2401204,6,the wall is white,1260,0.025111607142857144,0.00912190471173999,0.012247399010402893,0.034511036343044706,0,3550.46044921875,overall
2401205,0,green tree near river,450,0.00896843112244898,0.03087041021294477,0.037311681611680865,0.15169392903645834,0,1829.5146484375,overall|small
2401205,1,a wooden walkway,304,0.006058673469387755,0.02127675329136148,0.021317033844463974,0.9184336411325555,0,13097.6865234375,overall|small
2401205,2,small row boats unaccompanied,10282,0.2049186862244898,0.1560486397070684,0.20100949627715758,0.41095287691779325,0,21020.984375,overall
2401205,3,small lake with boats in it,5040,0.10044642857142858,0.16610538246369128,0.21413997397649223,0.4254537431020585,1,10013.482421875,overall
2401205,4,plantations on the edge of the lake,660,0.013153698979591837,0.0018918490502333502,0.002317622144533295,0.010192985968156295,0,2902.703857421875,overall|small
2401205,5,brown branches and green leaves on tree,2160,0.043048469387755105,8.767986738934988e-05,0.000573631938696312,0.0001034891508795597,0,389.6864013671875,overall|part
2401205,6,part of a hilly terrain,18,0.0003587372448979592,0.0005923433057741885,0.0006035507152232648,0.030913250313864812,0,921.9415893554688,overall|small
2401206,0,The grass is green.,4440,0.08848852040816327,0.008776143535767868,0.018917873952400858,0.016106897646242433,0,3780.267578125,overall
2401206,1,electrical poles visible in background,817,0.01628268494897959,0.0004853927554329867,0.0005265130457637539,0.006176684740269636,0,9584.4755859375,overall|small
2401206,2,trees in photograph,3915,0.07802535076530612,0.06234612795726022,0.2242337393313061,0.07949216411488266,1,1387.8902587890625,overall
2401206,3,The sky is clear and blue.,8374,0.16689253826530612,0.0015291932046802156,0.012713579680547494,0.0017352568838457975,0,1142.954345703125,overall
2401206,4,side of railroad tracks and rocks,684,0.01363201530612245,0.003389538462024765,0.0035207967920843305,0.08334165985821283,0,16191.134765625,overall|small
2401206,5,red metal pane on second train car,169,0.0033681441326530613,0.012600170104169443,0.01264402900061003,0.7841332791119637,0,10480.7197265625,overall|small
2401206,6,front driver wheels and connecting rod,460,0.009167729591836735,0.0029755189859688954,0.003146052498584133,0.05203678296959918,0,7608.55712890625,overall|small
2401207,0,a heavy duty truck,4900,0.09765625,0.007857020493109818,0.010729044059585692,0.028514594253228637,0,13022.736328125,overall
2401207,1,back wheel of a truck,135,0.002690529336734694,0.00022499292781406503,0.00022859564468063077,0.014075069074277524,0,8312.20703125,overall|small|part
2401207,2,two black wheels of truck,6831,0.1361407844387755,0.09770472413916788,0.1632075760641811,0.19578080253394453,0,8194.341796875,overall
2401207,3,Word that says photography.,434,0.008649553571428572,0.011395763925700172,0.017267162365449194,0.032426987924883445,0,815.0333251953125,overall|small|text
2401207,4,numbers 1105 on door,80,0.0015943877551020409,0.007171158490724201,0.007195550697545211,0.6790188312530517,0,7549.31884765625,overall|small|part
2401207,5,front part of a truck,1247,0.024852519132653062,0.015980809141785967,0.01980869785775294,0.0763814722717334,0,4808.37744140625,overall
2401207,6,Small orange truck light.,56,0.0011160714285714285,1.301535484685231e-06,1.3112857367261272e-06,0.00017500944834734713,0,7473.984375,overall|small
2401208,0,Blue Ocean Water,13608,0.27120535714285715,0.03098197702840774,0.21952547497015618,0.03481706263807365,0,2158.248779296875,overall
2401208,1,people are visible through the small windows,2058,0.041015625,0.014350344330133493,0.01822200163102072,0.06326700994641718,0,7145.40087890625,overall
2401208,2,a blue base on the upper engine,56,0.0011160714285714285,0.001328528869796593,0.0013331863464261149,0.2755128485815866,0,11572.8154296875,overall|small
2401208,3,Light Post in Background,1526,0.030412946428571428,0.020091389078239624,0.03549500180410286,0.0442485984312285,0,1902.3343505859375,overall
2401208,4,large flood light on front of boat,756,0.015066964285714286,0.007332602914741076,0.007528260718877654,0.2200504080959098,0,22097.814453125,overall|small
2401208,5,Green buoy floating in water,1386,0.027622767857142856,0.012752206223442596,0.021501556528617266,0.03038632336461011,0,1958.716064453125,overall
2401208,6,a tree on the shore,558,0.011120854591836735,0.004860831542837317,0.005645306789950001,0.03379768453618531,0,3340.670166015625,overall|small
2401210,0,two round black things on train nose,1680,0.033482142857142856,0.009824183146767543,0.01173952946090029,0.05679448445638021,0,8127.6455078125,overall
2401210,1,a luggage cart rack,1242,0.024752869897959183,0.004515320298396076,0.004960293702457166,0.047921947043107135,0,11999.099609375,overall
2401210,2,two red lights seen,1045,0.02082669005102041,0.0041148822826521415,0.004795513196002255,0.02817531384919819,0,6139.73974609375,overall
2401210,3,The ceiling is white.,12900,0.2570950255102041,0.011790390313442237,0.09123724162212725,0.013359268543332123,0,1888.862060546875,overall
2401210,4,a silver meter,430,0.008569834183673469,0.002712046985877355,0.002812994403490575,0.07026364526083304,0,10740.642578125,overall|small
2401210,5,the rocks are gray,1200,0.02391581632653061,0.04457141654214877,0.07035027029759429,0.10844437917073568,0,1849.7904052734375,overall
2401210,6,two black windshield wipers,551,0.010981345663265306,0.054579850793753625,0.05477907242619955,0.9375295760194533,0,9430.2216796875,overall|small
2401211,0,shadow on water ,2592,0.051658163265306124,0.016635540425737134,0.02766631568486101,0.04005250518704638,0,3752.4365234375,overall
2401211,1,A blue spare net,4088,0.08147321428571429,0.1351245229803702,0.17788931263948174,0.35982768736240217,1,8269.0498046875,overall
2401211,2,A net the man is holding out into the water,1950,0.03886320153061224,0.028650056394568656,0.03030291137073945,0.34437446789863785,0,22160.583984375,overall
2401211,3,Moist green leaf.,1058,0.02108577806122449,0.0022710382066934306,0.015564062892131532,0.002651980558730704,0,180.2739715576172,overall|part
2401211,4,a red and white baseball cap,3120,0.062181122448979595,0.007128903683671698,0.012228975956172082,0.01680643252837352,0,4287.8544921875,overall
2401213,0,a set of windows,2673,0.05327248086734694,0.05684870912243328,0.06224560873589938,0.3960147262556117,0,17005.9765625,overall
2401213,1,part of a window,75,0.0014947385204081632,0.00043424530778942626,0.0005486920902207953,0.0020775765180587767,0,283.981201171875,overall|small|part
2401213,2,the lowercase letter A,56,0.0011160714285714285,1.0078191382816403e-05,1.0167068594726688e-05,0.0011515625353370393,0,6342.7822265625,overall|small|text
2401213,3,part of a wall,99,0.0019730548469387753,0.00034430500678642623,0.00034871258028561035,0.026517913799093226,0,7528.4736328125,overall|small
2401213,4,a brick in the wall,28,0.0005580357142857143,0.00019501231044286144,0.0001969767900766511,0.01917871194226401,0,2726.2294921875,overall|small
2401213,5,the silver letter V,56,0.0011160714285714285,0.00045765852147061577,0.00046210525322844313,0.0454007089138031,0,5501.86279296875,overall|small|text
2401213,6,The letter M on the building.,36,0.0007174744897959184,0.0007127835065056784,0.000714652989237501,0.21413177914089626,0,10786.6953125,overall|small|text
2401214,0,sign leaning against pole,2886,0.057517538265306124,0.14524022516362373,0.15113372013820142,0.7883402295023388,1,15053.88671875,overall|text
2401214,1,the building is orange yellow and red,31584,0.6294642857142857,0.2406530390830608,0.7151898555391717,0.2661606190535556,1,11754.10546875,overall
2401214,2,white lines on grey pavement,944,0.01881377551020408,0.0020778692250223796,0.002993182740338019,0.006749017763946016,0,2128.52783203125,overall|small
2401214,3,cloudy blue sky in the background,4431,0.08830915178571429,0.010794879820827755,0.13294721378257987,0.011612415421334595,0,387.0303955078125,overall
2401215,0,A crowd of people.,4510,0.08988360969387756,0.14247491265600287,0.23523358416604664,0.26541490914287696,1,5088.6494140625,overall
2401215,1,a man wearing a light brown coat,658,0.013113839285714286,0.024820071859382332,0.027390959761020958,0.2091360584943128,0,5023.97607421875,overall|small
2401215,2,vehicles are parked by building,1188,0.023676658163265307,0.1130591043499696,0.12573744153239033,0.5285829486268939,1,4994.18896484375,overall
2401215,3,The sky is overcast.,5451,0.10863759566326531,0.0020718983333637155,0.01573330288240802,0.0023804438746187627,0,824.734619140625,overall
2401215,4,Flags are flying.,1058,0.02108577806122449,0.10033150206003287,0.1066502722401193,0.6287259136120629,1,6237.1337890625,overall
2401215,5,The snow is dirty.,3072,0.061224489795918366,0.02926488005189952,0.0399434831098594,0.09866527716318767,0,7588.21484375,overall
2401216,0,helmet on man's head,483,0.009626116071428572,0.0009756285208007868,0.0010591697139401691,0.012218287766103172,0,5571.75390625,overall|small|part
2401216,1,white snow dust from snow drift on hill ,1452,0.02893813775510204,0.04986855022827751,0.052401435545007743,0.5078019071216425,0,14070.7666015625,overall
2401216,2,Clear blue sky,3468,0.06911670918367346,0.00021561682048592198,0.0011778020334185873,0.00026386491567618293,0,776.9417114257812,overall
2401216,3,dark snow covered snowboard,875,0.017438616071428572,0.01809384621955528,0.020242166102755938,0.14565408761160714,0,6296.130859375,overall|small
2401216,4,snowy mountains in the distance,8649,0.17237324617346939,0.05000971767036784,0.17747535575944987,0.06509768842947884,0,3172.43994140625,overall
2401216,5,white snow on the ground,6848,0.1364795918367347,0.09838425569977217,0.13357248951854997,0.27191229846989995,0,13940.4111328125,overall
2401216,6,black stone on top of the snow,255,0.005082110969387755,0.0064249157308034,0.0066403597013861065,0.1652943629844516,0,6347.55712890625,overall|small
2401217,0,two street lights with the red stop light lit,5952,0.11862244897959184,0.07508469278060466,0.09827138571666919,0.24140643048030075,0,14621.255859375,overall
2401217,1,sewer drain opening on street corner,225,0.00448421556122449,0.0012816234870388406,0.0013303106960121753,0.03383377922905816,0,5722.4228515625,overall|small
2401217,2,cars parked on side of street,612,0.012197066326530613,0.02448748475913017,0.02605607434791305,0.28914934046128216,0,6791.4833984375,overall|small
2401217,3,white line on asphalt street,156,0.0031090561224489796,0.0030052765457376806,0.0031218103862446444,0.07450937613462791,0,3723.308349609375,overall|small
2401217,4,leafy green bush on side of road,1643,0.03274473852040816,0.0011895224310479392,0.0016245141262525085,0.004422727040379641,0,4473.0546875,overall
2401217,5,street sign with electric,228,0.004544005102040816,3.1640489442550225e-05,3.295879208390329e-05,0.0007904164100948133,0,5467.88671875,overall|small|text
2401217,6,a red and silver fire hydrant,200,0.003985969387755102,0.002067417101076923,0.0021071581554259664,0.09878976821899414,0,9376.587890625,overall|small
2401218,0,The zebra facing to the right,4680,0.09327168367346939,0.07999705573901265,0.13386179060008185,0.16583559737246262,0,5797.85009765625,overall
2401218,1,large brown boulder in animal enclsure,688,0.01371173469387755,0.003721576958357796,0.004011782328341922,0.04892959151157113,0,8391.1728515625,overall|small
2401218,2,The head of the zebra,391,0.007792570153061225,5.743496566920149e-05,5.985136319589338e-05,0.0014205765541252273,0,9280.4140625,overall|small|part
2401218,3,Two front legs of a giraffe. ,1508,0.03005420918367347,0.005361293099735868,0.006223993081494536,0.03723894569538633,0,9022.556640625,overall|part
2401218,4,Large long brown rock to the right of the closest zebra. ,3572,0.07118941326530612,0.0474209508076107,0.061199102713726965,0.17398515553917623,0,10154.96875,overall
2401218,5,trees next to fence,990,0.019730548469387755,0.021861914426601427,0.02961732519352063,0.07705569026446102,0,2575.69287109375,overall|small
2401218,6,brown tree in animal enclosure,9116,0.18168048469387754,0.002355310789862178,0.006674239936690512,0.003626570255937363,0,4953.34521484375,overall
2401219,0,Tennis court is green.,3168,0.06313775510204081,0.03274056331552498,0.03832502827647291,0.18346798058712122,0,15165.7177734375,overall
2401219,1,player is wearing headband,255,0.005082110969387755,0.02064936725086162,0.0208456993806759,0.6867620131548713,0,8400.98046875,overall|small
2401219,2,black and red long shorts,2542,0.050661670918367346,0.04088921308229447,0.06706542270261341,0.09482704720846037,0,3594.2568359375,overall
2401219,3,racket is yellow and black,1196,0.02383609693877551,0.001007871705880672,0.0011446333879868609,0.008364868801971742,0,8740.2509765625,overall
2401219,4,Man is wearing white socks.,238,0.004743303571428571,0.009023000796233577,0.009200351686848927,0.3188391933922006,0,8247.916015625,overall|small
2401220,0,The cabinet has a small lock,3640,0.07254464285714286,0.04357109791635874,0.09203039673939074,0.07642327612572974,0,3022.704833984375,overall
2401220,1,old marble looking counter top,4116,0.08203125,0.005987381057720145,0.0069593804975342285,0.04110662165605639,0,24311.76953125,overall
2401220,2,a removable tray for the toaster,551,0.010981345663265306,0.019931323917572307,0.02063049121139589,0.37032394270715174,0,9890.626953125,overall|small
2401220,3,partial label on wine bottle on counter,124,0.0024713010204081634,0.0039027872464764543,0.0039449471961095555,0.2674999237060547,0,8408.2216796875,overall|small|text
2401220,4,splotch of worn off paint,322,0.006417410714285714,0.03265312870968085,0.03491034733261225,0.3355553431540543,0,3095.037109375,overall|small
2401220,5,gray wall next to bottle,2679,0.053392059948979595,9.921236316956622e-05,0.00042415971295779346,0.000129486941365708,0,817.8417358398438,overall
2401220,6,a faux wooden wall,8160,0.16262755102040816,0.009053863333397695,0.1252268718184886,0.009665143256093942,0,629.7974853515625,overall
2401221,0,the opponent is wearing a long sleeve white jersey,4836,0.09638073979591837,0.1916904707009771,0.24013616112572392,0.4872251247156741,0,9812.01953125,overall|text
2401221,1,the man's left foot,780,0.015545280612244899,0.006802156504101498,0.011737796245521,0.01591917306948931,0,1057.86083984375,overall|small
2401221,2,the frisbee is white,2867,0.057138871173469385,0.003387126209235043,0.00481450952936242,0.011295599350332175,0,6726.4345703125,overall
2401221,3,the man wears sneakers,598,0.011918048469387755,0.011905955526318046,0.015263133570671385,0.05134990462491345,0,2011.8570556640625,overall|small
2401221,4,Green astroturf for frisbee,1008,0.020089285714285716,0.0032183881444600355,0.0033651412416152624,0.06872759924994574,0,20586.779296875,overall
2401221,5,the man's left sock,682,0.013592155612244899,0.009410084873084985,0.010475749018600811,0.084671143562563,0,5512.32373046875,overall|small
2401221,6,the man is wearing a green color baseball cap,741,0.014768016581632654,0.00012191105188828148,0.00014210890885953638,0.0008570116702039875,0,4468.72509765625,overall|small
2401222,0,brown and black baby kitten,11704,0.23325892857142858,0.20907627571302173,0.2548041660786326,0.5381086327323992,0,24717.11328125,overall
2401222,1,The door lock on the car is down.,714,0.014229910714285714,0.03166426321980357,0.03760297757493595,0.16700887813621543,0,3171.140869140625,overall|small|part
2401222,2,The lady has on a black bra.,378,0.007533482142857143,0.021119197560351393,0.021966141644877004,0.35389770023406497,0,6089.978515625,overall|small
2401222,3,green leaves outside car window,1575,0.03138950892857143,0.18505510279497447,0.1979212277959631,0.7400386749751984,0,5889.01416015625,overall|part
2401222,4,The girl nose is blemish red.,850,0.016940369897959183,0.00045074061581581114,0.0004994637009611301,0.004599321589750402,0,7827.2421875,overall|small
2401222,5,right eye of a woman looking down,1058,0.02108577806122449,0.0014619493867668093,0.004895668433134062,0.00208005720365701,0,449.5199279785156,overall|part
2401222,6,shadow of the woman's hair,693,0.013811383928571428,0.0016078317487809707,0.0021527130123511983,0.006312114335757829,0,2031.9918212890625,overall|small|part
2401223,0,The pillow on the white chair the person is sitting on.,1220,0.02431441326530612,0.04259249486752827,0.04351213775691217,0.6683501696977459,0,18739.3046875,overall
2401223,1,Left flip flop shoe on rock deck,989,0.01971061862244898,0.04868511644887308,0.05323360537243865,0.36297218623609706,1,6743.47509765625,overall|small|part
2401223,2,turquoise cart has black wheels,1161,0.023138552295918366,0.045809850147945766,0.05435711608393848,0.2256057568401432,0,4818.65673828125,overall
2401223,3,bottom part of a door,44,0.0008769132653061224,0.00043995677298361925,0.0004652917749172419,0.008015293289314617,0,757.9607543945312,overall|small|part
2401223,4,foot of a man,102,0.002032844387755102,0.0033496224119945873,0.0035405680353519384,0.05847762612735524,0,1684.67822265625,overall|small
2401223,5,a small brown bird,572,0.011399872448979591,0.02307659284344407,0.02381181824731462,0.42771591506637896,0,10274.45703125,overall|small
2401223,6,The yellow jug on the bottom of the cart.,850,0.016940369897959183,0.0032820962201521083,0.0036598562890788676,0.030818012461942785,0,7157.4697265625,overall|small
2401224,0,the zebra's nose is black,1216,0.02423469387755102,0.017299628285856655,0.020407144078353763,0.10201725834294369,0,6078.89990234375,overall
2401224,1,dried grass on the ground ,7056,0.140625,0.010569803956778336,0.03246992131805922,0.0154293843137434,0,3352.941162109375,overall
2401224,2,a black mane goes down the back of the zebra,689,0.013731664540816327,0.01396174059144075,0.01503806730848709,0.16322798375986483,0,7478.6259765625,overall|small
2401224,3,legs of a zebra ,10374,0.20675223214285715,0.005858048925360257,0.013414460047045515,0.010292420204328806,0,7959.58740234375,overall|part
2401224,4,tail of a zebra ,528,0.010522959183673469,0.011986907541121297,0.012463396941741773,0.23869738434300278,0,10112.1884765625,overall|small|part
2401224,5,the ears are up on the zebra,918,0.01829559948979592,0.00384797761507857,0.004281545396505033,0.03660825342913858,0,7849.123046875,overall|small
2401225,0,cingular logo of phone,798,0.015904017857142856,0.029724543086871745,0.03163608041961614,0.32973325342164006,0,8317.3115234375,overall|small|text
2401225,1,man in black shirt,16400,0.3268494897959184,0.25108592296438315,0.5590263934295511,0.3130991865948933,1,9185.302734375,overall|text
2401225,2,Man on cellphone.,2079,0.04143415178571429,0.02296054545212139,0.026334351511485454,0.1519812968787578,0,11998.36328125,overall
2401225,3,Small rectangular speaker on the top of a cell phone. ,300,0.005978954081632653,0.000494061613780696,0.0005220286540610684,0.009137811660766602,0,5251.32763671875,overall|small
2401225,4,sony ericisson branding of phone,342,0.006816007653061225,0.011674030662230965,0.012520320039532145,0.14727422926161024,0,4022.88330078125,overall|small
2401225,5,light in ceiling,2881,0.05741788903061224,0.09039523110577553,0.12311344622615257,0.2538109156705571,0,5939.47509765625,overall
2401225,6,Circle of green light on the far right. ,252,0.005022321428571429,0.004284786835245217,0.0044633732845266805,0.09673006572420635,0,5461.3349609375,overall|small
2401226,0,man standing on sidewalk while reading a paper,1098,0.02188297193877551,0.04340981802016038,0.047596497590358666,0.3304349694312813,0,7622.779296875,overall
2401226,1,There is a white house,1656,0.03300382653061224,0.0022341453659665274,0.0037137077940544356,0.005576442981111831,0,2486.62255859375,overall
2401226,2,brown pants worn by young woman,230,0.004583864795918368,0.0009024651452705506,0.0009159387376302155,0.05780360180398692,0,14514.9755859375,overall|small
2401226,3,The man has a black jacket and backpack,3192,0.06361607142857142,0.05223395695742444,0.08032795504410124,0.12994323577498434,0,5163.5673828125,overall
2401226,4,white spherical lamp in transportation center,416,0.008290816326530613,0.0008951957348873609,0.0009704927038393553,0.01140645146369934,0,4889.35546875,overall|small
2401226,5,street light over shelter,255,0.005082110969387755,2.806117607681396e-05,2.8734831622931085e-05,0.00119552074694166,0,10609.3466796875,overall|small
2401226,6,white spherical lamp in transportation center,208,0.004145408163265306,0.0069928298387742826,0.007239688660944334,0.17017986224247858,0,4889.35546875,overall|small
2401227,0,two brown and white decorative pillows,3400,0.06776147959183673,0.23139408330726202,0.25206618377672985,0.7383236155790441,0,9958.8935546875,overall
2401227,1,The white laptop on the center table.,775,0.01544563137755102,0.007298580390500892,0.008146895778082816,0.06550158100743447,0,6231.05126953125,overall|small
2401227,2,a standing lamp,3048,0.06074617346938776,0.14801342663945238,0.18810300949463554,0.4098515548105315,1,6641.1884765625,overall
2401227,3,The frame hanging on the wall.,1050,0.020926339285714284,4.9999120092436396e-05,0.00011789823891498701,8.68096167132968e-05,0,773.1251831054688,overall
2401227,4,television with two large speakers,7313,0.1457469706632653,0.3514918721153482,0.6448052405987382,0.4358893662719643,1,4943.599609375,overall
2401227,5,The stuffed dog toy next to the orange bench.,225,0.00448421556122449,0.006112051577320504,0.006155035268945024,0.466727294921875,0,17061.419921875,overall|small
2401227,6,The brown pillow against the wall.,532,0.010602678571428572,0.011187603986432051,0.012352706273198651,0.10603640133276918,0,4566.72119140625,overall|small
2401228,0,section of a lawn,48,0.0009566326530612245,7.359747921503784e-05,7.556754861258218e-05,0.002815091051161289,0,1788.126953125,overall|small
2401228,1,"red, white, and black baseball uniform",11543,0.23005022321428573,0.23679821140860563,0.4091537191634463,0.3598499987140475,1,10152.048828125,overall
2401228,2,green grass on baseball field,10320,0.20567602040816327,0.19344133375275244,0.49537998857036786,0.24091314271438954,1,5018.8212890625,overall
2401228,3,brown baseball pitcher's mound,5656,0.11272321428571429,0.042494955552355856,0.05679162529385306,0.14442571184085484,0,14383.6669921875,overall
2401228,4,brown dirt on baseball field,2052,0.040896045918367346,0.0362813601407813,0.048341842582262214,0.12696237545496772,0,5389.2607421875,overall
2401229,0,a child bending over on the beach,63,0.0012555803571428572,0.0010498369176173558,0.0010533877282553241,0.23748282780722965,0,14203.14453125,overall|small
2401229,1,the foamy part of the wave,1246,0.024832589285714284,0.011005649802428442,0.014917136427602323,0.04028128046859325,0,3364.61865234375,overall
2401229,2,a kite flying in the air,3431,0.06837930484693877,0.003988017958298639,0.0064958107718095836,0.010224347071479479,0,5400.36279296875,overall
2401229,3,a slighty cloudy day at the beach,14430,0.2875876913265306,0.0336125841207881,0.13509219278552775,0.042829468873170046,0,4574.8701171875,overall
2401229,4,Person in red on a beach,80,0.0015943877551020409,0.0005138916910918982,0.0005193228147764103,0.0468367338180542,0,7215.04736328125,overall|small
2401229,5,Girl and boy on left behind flags,210,0.004185267857142857,0.0015758137024307816,0.0016085054651625813,0.07195455914451962,0,9394.09765625,overall|small
2401229,6,Belongings on sand near girl in red top,132,0.0026307397959183672,0.0019107931450593357,0.0019489400704871189,0.08894046147664388,0,6023.859375,overall|small
2401230,0,the leaves are dry,462,0.009207589285714286,0.005119701283878854,0.005538051733283144,0.06347199642296994,0,5295.01416015625,overall|small|part
2401230,1,black bag on girl,851,0.01696029974489796,0.01826155617260537,0.02269620446095125,0.08547289587215867,0,3204.828125,overall|small
2401230,2,red pants on a woman,3848,0.07669005102040816,0.004179713643798185,0.0065314670183246335,0.011475011861249959,0,6760.47900390625,overall
2401230,3,Pink and blue hat worn by young man,420,0.008370535714285714,0.00782746111578804,0.007982874361323448,0.28676438104538693,0,15087.427734375,overall|small
2401230,4,the leaves are green,3239,0.06455277423469388,0.004368993163771106,0.007735759061275533,0.009938787994431875,0,4161.4189453125,overall|part
2401230,5,grey cement sidewalk by bench,1836,0.03659119897959184,0.016595723181171376,0.01897479437121696,0.11689077639112286,0,11310.3447265625,overall
2401230,6,image of a bowling ball and pins,1224,0.024394132653061226,0.05453522959872886,0.06624478625406968,0.235779930563534,0,4356.48828125,overall
2401231,0,A Thomas the Tank Engine cake,35280,0.703125,0.11792325326180847,0.9904291547992398,0.11805778382316469,1,4205.3271484375,overall
2401231,1,a red cake or baking sheet,1748,0.034837372448979595,0.06438033067825441,0.06679661685946892,0.6402555766858553,0,16754.841796875,overall
2401231,2,a wood table against the wall,2808,0.055963010204081634,0.013841463287740498,0.05532172232291415,0.01812559111505492,0,920.01220703125,overall
2401233,0,Brown wood liquor cabinet,16044,0.3197544642857143,0.3429248393986855,0.8475779036757213,0.3654625682692907,1,6917.92626953125,overall
2401233,1,A man in a white shirt,12540,0.2499202806122449,0.1251159009169689,0.25598675077149946,0.19661287006578948,0,9631.45703125,overall|text
2401233,2,Man holding cellphone in right hand.,3936,0.0784438775510204,0.08151131587696546,0.11057326011528806,0.23671678992790904,0,8426.244140625,overall|part
2401233,3,A tall standing lamp,2695,0.0537109375,0.19540864668223354,0.1967098359302689,0.9672574356447124,0,13251.796875,overall
2401234,0,green flower leaf,621,0.012376434948979591,0.05159038434734038,0.06010740512355595,0.2669106696922806,0,2757.589111328125,overall|small|part
2401234,1,two glass vases,3311,0.06598772321428571,0.15239683254175695,0.1566959530763001,0.8474357787016762,0,17906.396484375,overall
2401234,2,shadow of leaves on wall,4757,0.0948062818877551,0.0036878140160928772,0.015640630865818652,0.004802444037805717,0,1460.63330078125,overall|part
2401234,3,a large shiny leaf,855,0.017040019132653062,0.04802522415270457,0.051158753256277785,0.43948432074652777,0,7344.9619140625,overall|small|part
2401234,4,white border between white and blue painted wall,1740,0.034677933673469385,0.026831673237605984,0.03269650848432861,0.13012224394699623,0,6924.67529296875,overall
2401234,5,blue painted wall,3999,0.07969945790816327,0.006054253463591889,0.009309743505910155,0.017018731458987794,0,7310.3955078125,overall
2401234,6,white wall,7424,0.14795918367346939,0.11967471377743243,0.22950134226754823,0.2000515707607927,0,6471.34716796875,overall
2401235,0,3 different boats,15128,0.3014987244897959,0.22516456222285197,0.34089412077636194,0.3987663668466585,1,17696.220703125,overall
2401235,1,mountains in the distance,2952,0.05883290816326531,0.012181380970086956,0.018870474508609462,0.033222966077851086,0,5197.22998046875,overall
2401235,2,dark blue water with waves,1596,0.03180803571428571,0.028823882459485757,0.033784568385748025,0.16409206151364739,0,7751.79150390625,overall
2401236,0,a tan-colored horse,14664,0.2922512755102041,0.2456138789651399,0.4641955536974486,0.3427983776702298,1,10829.046875,overall
2401236,1,padding in the horse holder,2304,0.04591836734693878,0.010133691599197702,0.012733684990740521,0.04728387461768256,0,8555.421875,overall
2401236,2,a protective metal bar on a door,1656,0.03300382653061224,0.010903462001866563,0.014301379825814052,0.04387761083777976,0,5080.72119140625,overall|part
2401236,3,reflection of sun shining in,1050,0.020926339285714284,0.006048110367862623,0.020513012792128197,0.008504026503789992,0,435.2957763671875,overall
2401236,4,The strap attached to the horse's harness.,2728,0.054368622448979595,0.042310008211769314,0.053883376798429396,0.16456921708898462,0,8331.787109375,overall
2401237,0,Silver hot cold water faucet,1230,0.02451371173469388,0.03267073117558042,0.03408234597018255,0.4409689802464431,0,15914.158203125,overall
2401237,1,The towel is pink.,3360,0.06696428571428571,0.007614564371339371,0.011151726474877523,0.023443875994001117,0,7063.60791015625,overall
2401237,2,The cabinet is white.,4953,0.0987125318877551,0.2888479336615869,0.34818378837997865,0.628937599371593,0,8946.7919921875,overall
2401237,3,green tooth brush holder,1240,0.024713010204081634,0.014380156019599417,0.01751091210553538,0.07444338644704511,0,5271.55859375,overall
2401237,4,Mirrored shower curtain graphic ,2352,0.046875,0.0016013714733201857,0.0028123658619380945,0.0037051828540101343,0,3098.668701171875,overall
2401237,5,window on batrhoom wall,6669,0.13291214923469388,0.03860616622251029,0.18103957932247397,0.04677499532878336,0,1723.0621337890625,overall|part
2401237,6,Blue and white toothbrush,390,0.007772640306122449,0.007143400942375705,0.007431802425116553,0.15546098366761818,0,8158.1533203125,overall|small
2401238,0,built-in floor white porcelain urinal,7068,0.1408641581632653,0.11568500670484987,0.16818704702710555,0.2703870893131897,0,11362.919921875,overall
2401238,1,a green shelf,3760,0.07493622448979592,0.0029260782682618224,0.0072595817788176,0.004877920860939838,0,2526.45166015625,overall
2401238,2,plastic bag in trash can,1225,0.0244140625,0.07526752712660426,0.07899525748492196,0.6146454480229592,1,9531.466796875,overall
2401238,3,A paper towel dispenser,3904,0.0778061224489796,0.16653450951299653,0.20328319476662615,0.4794977219378362,0,9208.626953125,overall
2401238,4,handle to a door,2812,0.05604272959183673,0.02021254970508056,0.036120376493328034,0.04388080179097812,0,3416.1552734375,overall|part
2401238,5,steel track on urinal area floor,441,0.0087890625,0.00535144367547435,0.0056016988582679355,0.10697257113294537,0,8421.53515625,overall|small
2401238,6,Special button for disabled,483,0.009626116071428572,0.0005695613586382531,0.000617397778162749,0.007297365314965416,0,5708.84375,overall|small
2401239,0,The shadow of the tree the zebras are under,17171,0.3422154017857143,0.08602528289746506,0.25958441271341487,0.11399677355033559,0,7540.6630859375,overall
2401239,1,The lone zebra,1035,0.020627391581632654,0.01089727411321084,0.011845638190439097,0.11980626203011775,0,10467.9443359375,overall
2401239,2,Tips of zebra's ears are black.,1763,0.03513632015306122,0.03639583283944713,0.04215784598025532,0.21029185329184097,0,8794.2001953125,overall
2401239,3,The nose of the zebra,247,0.004922672193877551,0.024094106977767354,0.024566001133950723,0.5564029091282895,0,5594.37890625,overall|small
2401239,4,Zebra has black and white mane.,348,0.0069355867346938774,0.010124864286814363,0.011022655571188943,0.1105642318725586,0,3490.660888671875,overall|small
2401239,5,Roof is made from tree branches.,3036,0.06050701530612245,0.021559252784996177,0.04270303795925499,0.041725327060784904,0,2966.489013671875,overall|part
2401240,0,part of a short,299,0.0059590242346938774,0.0021564139348144726,0.002201736371903549,0.09482379262662652,0,12877.251953125,overall|small
2401240,1,part of a sock,32,0.0006377551020408163,0.00014351486685621847,0.0001439671665174655,0.04368526116013527,0,9710.0498046875,overall|small
2401240,2,part of a white line,165,0.003288424744897959,0.002510861561609858,0.0025986826884468574,0.06915956554990826,0,4391.197265625,overall|small
2401240,3,white baseball cap,270,0.005381058673469388,0.0010958927923294967,0.0011917983308670883,0.013435463552121763,0,3043.78271484375,overall|small
2401240,4,Person wearing black shorts.,260,0.005181760204081632,0.0003052119338582573,0.000383344878911417,0.0014952269884256216,0,1014.1234130859375,overall|small
2401240,5,edge of a racket,108,0.002152423469387755,0.0037145319838245735,0.003728917588463374,0.4905367957221137,0,14207.3330078125,overall|small
2401240,6,part of a shade,135,0.002690529336734694,0.0017496893396782402,0.001794440042117963,0.06556035500985605,0,4932.26171875,overall|small
2401241,0,Wooden barricade on ground,5720,0.11399872448979592,0.11550791691813041,0.14576601504653333,0.35751242470907996,0,14029.134765625,overall
2401241,1,black nose of bear,572,0.011399872448979591,0.03369700596424481,0.03586500928763863,0.35792290747582495,0,5708.40234375,overall|small
2401241,2,Right arm of a black bear. ,2409,0.0480110012755102,0.07974319326626332,0.11729322445505225,0.19941715859634443,0,4095.68359375,overall|part
2401241,3,Bears ears pointing straight up,2144,0.04272959183673469,0.027661395146308734,0.03413331075796632,0.1273143825246327,0,7996.93994140625,overall
2401241,4,Part of a tree trunk to the right of a black bear. ,7104,0.14158163265306123,0.06579884853072157,0.10987208503077228,0.14091768350687112,0,9111.3154296875,overall
2401241,5,rock on ground,814,0.016222895408163265,0.000831765041072257,0.0009426410316486928,0.007021812021878779,0,6063.55419921875,overall|small
2401241,6,Left side front arm of a black bear. ,3071,0.061204559948979595,0.05125632304111841,0.09597727291450431,0.09910159668445742,0,3170.969482421875,overall|part
2401242,0,White tag on a bottom suitcase. ,1092,0.021763392857142856,0.04596002866037525,0.04969020895385109,0.3797447288429344,0,8345.3310546875,overall
2401242,1,The round handle is sticking out,2576,0.05133928571428571,0.047955546646898765,0.11000342408044614,0.07835750698302843,0,1834.9332275390625,overall|part
2401242,2,stitches were on the seams of the case,14136,0.2817283163265306,0.0972652370636457,0.22466134241861777,0.14641242467149476,1,9212.470703125,overall
2401242,3,Bottom right latch on a brown suitcase. ,350,0.006975446428571429,0.008911427455545292,0.009239169686098885,0.20077767508370536,0,7605.8984375,overall|small
2401242,4,There is a red ribbon on the suitcase,567,0.011300223214285714,0.008240097591451622,0.008927599036233316,0.09665957119519539,0,6138.93798828125,overall|small
2401242,5,Black handle on the bottom suitcase. ,851,0.01696029974489796,0.01071410837606014,0.012131219341420552,0.08401290230129076,0,5893.47021484375,overall|small|part
2401244,0,the back lights are red,1050,0.020926339285714284,0.018058236602757582,0.020600725236095106,0.1276419939313616,0,6505.794921875,overall
2401244,1,The side view mirror of the black pickup truck.,84,0.0016741071428571428,0.00843378474705777,0.008638983249377313,0.2620293980553037,0,2547.807861328125,overall|small
2401244,2,The back passenger side door and window.,1386,0.027622767857142856,0.04427671010970909,0.048551222835559946,0.3346234606457995,0,9552.552734375,overall|part
2401244,3,the stop sign is red.,880,0.017538265306122448,0.00972713594581302,0.010314830055801635,0.1458280389959162,0,12441.181640625,overall|small|text
2401244,4,a billboard in the distance,285,0.00568000637755102,0.036778331586676476,0.03783581155382208,0.5682024504009046,0,4280.01123046875,overall|small
2401244,5,and advertising sign,255,0.005082110969387755,0.004770697717885299,0.004907975389640431,0.14571009617225797,0,7570.55029296875,overall|small|text
2401244,6,a set of traffic lights,630,0.012555803571428572,0.028016282946708368,0.029611789117236317,0.34209144228980654,0,7278.1015625,overall|small
2401245,0,black socks,210,0.004185267857142857,0.008019202263044712,0.008371454972899678,0.16007338024321058,0,4015.47998046875,overall|small
2401245,1,A HUB CAP ON A TIRE,630,0.012555803571428572,0.08051507171051288,0.08489838600585181,0.6092924572172619,0,4521.33740234375,overall|small
2401245,2,green tire on board,704,0.01403061224489796,0.007915642637290525,0.008647261349828426,0.08555358648300171,0,6965.17919921875,overall|small
2401245,3,the back right wheel,2200,0.043845663265306124,0.03461077495268362,0.037242868153292384,0.3287356289950284,0,19418.9765625,overall|part
2401245,4,the right black shoelaces,1470,0.029296875,0.10371083815340071,0.11598531875475741,0.49494832356770835,0,6272.98388671875,overall
2401245,5,green and white sneakers on a black skateboard,2610,0.05201690051020408,0.025223098352522826,0.06354454951852365,0.04014579509866649,0,1648.93017578125,overall
2401245,6,cement under board,4895,0.09755660076530612,0.04451592037819577,0.07106756090988467,0.10646502579561415,0,7333.11083984375,overall
2401246,0,the tv is on,3213,0.06403459821428571,0.022198486971511045,0.03489444879514572,0.05750344707110275,0,5294.7841796875,overall
2401246,1,section of a boys hair,105,0.0020926339285714285,5.0996922042507095e-05,5.258422453803508e-05,0.0016865788471131097,0,3367.7548828125,overall|small|part
2401246,2,string of wii controller,912,0.018176020408163265,0.007660749274295053,0.008205918236880754,0.10338836803770902,0,11490.5107421875,overall|small
2401246,3,back of a boy,420,0.008370535714285714,0.02520108036499213,0.025301162167209856,0.8643323625837054,0,14347.94140625,overall|small
2401246,4,indians logo on tshirt,1560,0.031090561224489797,0.1066487695175414,0.10994494626401616,0.7805718837640224,1,11075.4716796875,overall|text
2401246,5,framed print on wall,1350,0.026905293367346938,0.0020250013912056406,0.007929687616182252,0.0027120964615433302,0,461.7243957519531,overall|text
2401246,6,the books are on the shelf,363,0.00723453443877551,0.00015325354751558333,0.00016667255852745303,0.001899889021208792,0,4137.81201171875,overall|small
2401247,0,a green leaf laying on the ground ,475,0.009466677295918368,0.0320423482203315,0.0334678527683073,0.42931724146792766,0,6093.18115234375,overall|small|part
2401247,1,a small brown and white dog,14089,0.28079161352040816,0.10921476915818726,0.21974291566866208,0.1783962700566488,1,11438.025390625,overall
2401247,2,a small pink nose of a cat,48,0.0009566326530612245,0.002733266990336188,0.002763317674747294,0.20085553328196207,0,3488.94580078125,overall|small
2401247,3,blue pole behind animals,1056,0.021045918367346938,0.08765180829298987,0.09189530958895364,0.6549519625577059,0,7526.27392578125,overall
2401247,4,white paw of cat,405,0.008071588010204082,0.0012014913444466945,0.0012840191561375135,0.018350515247863016,0,5788.04345703125,overall|small
2401247,5,The cat has yellow eyes.,816,0.016262755102040817,0.008246257627534477,0.008765491985631094,0.12219855364631205,0,11375.7470703125,overall|small|part
2401247,6,leaves on the ground,4760,0.09486607142857142,0.04343148103443262,0.08598966632793661,0.08067464107224921,0,4465.7841796875,overall|part
2401248,0,jar of jam,506,0.010084502551020409,0.005423946646673004,0.006642270918911935,0.02872186969862625,0,2187.99658203125,overall|small
2401248,1,five beers in fridge,343,0.0068359375,0.008579097663772082,0.008683766702746967,0.41580480458785074,0,16423.869140625,overall|small
2401248,2,dark wood counter top,2100,0.04185267857142857,0.09083078837852478,0.09650587557110515,0.6070099748883928,0,13208.7392578125,overall
2401248,3,container of filtered water,1368,0.0272640306122449,0.0019150582026176062,0.0026520623644861797,0.0068440507029929355,0,3530.332275390625,overall
2401248,4,jar of pickle relish,120,0.0023915816326530613,0.002416347885751595,0.0026676661521988455,0.025007381041844686,0,1124.9105224609375,overall|small
2401248,5,bottle of salad dressing,145,0.002889827806122449,0.0035758961117661587,0.003699400891151145,0.09674789165628367,0,3792.08544921875,overall|small
2401248,6,There is butter on the shelf,176,0.00350765306122449,0.0038914166413223593,0.003945188673347814,0.22209772196683017,0,9908.068359375,overall|small
2401249,0,wake of a person sailing,25,0.0004982461734693878,4.35639419890855e-05,4.365478810618663e-05,0.020504775047302245,0,11742.5693359375,overall|small
2401249,1,hands holding camera to take a photo,224,0.004464285714285714,7.22554193950701e-05,9.888673177184573e-05,0.00026822507581008334,0,607.5882568359375,overall|small
2401249,2,a person is skydiving,968,0.019292091836734693,0.009519041836474316,0.01038863248297719,0.10210823027555607,0,9514.3193359375,overall|small
2401249,3,empty wooden picnic table,5640,0.11240433673469388,0.11096078080850322,0.2668779256498177,0.1596127990289783,1,3373.138427734375,overall
2401249,4,part of tree trunk to left of the woman,845,0.016840720663265307,0.08396373149360563,0.08521274476123056,0.8513750606740015,0,8442.5390625,overall|small
2401249,5,clouds behind woman taking a photo,1150,0.022919323979591837,0.018928753662347055,0.03388327178029185,0.041124184649923574,0,1395.7569580078125,overall
2401249,6,part of coat woman in red boots is wearing,162,0.0032286352040816328,6.454620465870611e-05,6.523447245105333e-05,0.006080532515490496,0,15100.087890625,overall|small
2401250,0,boy wearing a hooded sweatshirt,3388,0.06752232142857142,0.20964702226565132,0.3326673401468931,0.3618054530696576,1,3684.752685546875,overall
2401250,1,the street is grey,1116,0.02224170918367347,0.04543814646730196,0.07972694537041077,0.09555543879027008,0,1337.563720703125,overall
2401250,2,fire hydrant to the right of skateboarder,63,0.0012555803571428572,0.0008607240694235429,0.0008632589123903407,0.22667999873085629,0,16542.939453125,overall|small
2401250,3,telephone pole on the corner,4120,0.0821109693877551,0.06875854783392772,0.10293297029817722,0.17156819463933556,0,6867.19677734375,overall
2401250,4,Dirty white skate shoes with black accents,510,0.01016422193877551,0.0530144217820798,0.05395298584582277,0.7529347139246324,0,7117.24658203125,overall|small
2401250,5,Red stop sign on the road,176,0.00350765306122449,0.00535908298865444,0.005492378961714592,0.18087690526788885,0,5796.09228515625,overall|small|text
2401250,6,part of spray painting on ramp,1325,0.026407047193877552,0.040223503469335994,0.04447040946759016,0.2963644697081368,0,8830.20703125,overall
2401251,0,cell phone in man's pocket,952,0.018973214285714284,0.03531882170068971,0.037660168232160084,0.36228449204388785,0,9158.080078125,overall|small
2401251,1,black office chairs,2448,0.04878826530612245,0.013429713814131248,0.01556276041987338,0.0892395194059883,0,14037.2490234375,overall
2401251,2,white tile ceilings,5474,0.10909598214285714,0.012997965092160129,0.03351426854532378,0.02079128199874549,0,3395.9111328125,overall
2401251,3,man is wearing ID tag,1248,0.024872448979591837,0.10629340206232502,0.1205904050551525,0.47272652846116286,0,4892.28564453125,overall
2401251,4,white wii remote control,360,0.007174744897959184,0.00017585543021063815,0.00018471925897962438,0.0036513874928156536,0,7116.20166015625,overall|small
2401251,5,black beard on man's face,816,0.016262755102040817,0.015171481739219398,0.02319060021439058,0.04203054484199075,0,1478.9149169921875,overall|small|part
2401251,6,tall plastic container,1728,0.03443877551020408,0.11456468658552711,0.12037936080319583,0.703422193174009,1,10097.3583984375,overall
2401252,0,Arm band is red and green.,846,0.01686065051020408,0.07442831997363232,0.07588529365775244,0.794936520551677,0,8862.2744140625,overall|small|part
2401252,1,a white wii remote,3956,0.07884247448979592,0.1503225917488073,0.16832390990027954,0.5843055347099343,0,13732.52734375,overall
2401252,2,an asian young child,17667,0.3521006058673469,0.14193515365724682,0.24970504306365693,0.24747905147131657,0,17509.5078125,overall
2401252,3,left hand of a girl,1386,0.027622767857142856,1.2084618862971462e-05,1.5469410396621336e-05,5.522691799276663e-05,0,4948.12060546875,overall|part
2401253,0,empty white beach chairs,546,0.010881696428571428,0.003869928602623361,0.004132806148301944,0.05735143724378649,0,7576.90625,overall|small
2401253,1,blue beach chair in sand,630,0.012555803571428572,0.031529569152558584,0.03219187689564376,0.6051354786706349,0,11842.5947265625,overall|small
2401253,2,the shade structure is open,5236,0.10435267857142858,0.06970736639732114,0.11856908670922232,0.14468043409657896,0,6389.07470703125,overall
2401253,3,yellow umbrella on beach,342,0.006816007653061225,0.0019336411507531938,0.0020109777046169864,0.04787326835052312,0,8141.640625,overall|small
2401253,4,yellow umbrella on beach,90,0.001793686224489796,0.00019152605675148472,0.0001936061593709368,0.017514130804273817,0,8141.640625,overall|small
2401253,5,deep blue ocean water,1302,0.025948660714285716,0.08594830968692135,0.09865995417044003,0.40014798447100614,0,5280.6904296875,overall
2401253,6,three boats on ocean in distance,2508,0.04998405612244898,0.06528809636861058,0.11611468452969559,0.12979338918196148,1,2803.450927734375,overall
2401254,0,Man is doing trick on skateboard.,9504,0.18941326530612246,0.1562214048926943,0.368998329738787,0.2131681602811974,1,5490.40478515625,overall
2401254,1,Man has dark hair.,783,0.015605070153061224,0.002429996264174947,0.0030591215403563696,0.011677872327704692,0,2989.01953125,overall|small|part
2401254,2,The man's thick metal bracelet,84,0.0016741071428571428,1.7199998799583787e-08,1.731609381189187e-08,2.5654506836352605e-06,0,12444.9462890625,overall|small
2401254,3,A cement bench with graffiti,1537,0.03063217474489796,0.030353812696211305,0.0341093026337746,0.21610990187993045,0,9738.1328125,overall
2401254,4,metal railing along sidewalk.,420,0.008370535714285714,0.011508745291918457,0.01182673810683061,0.2997352963402158,0,10644.4248046875,overall|small
2401254,5,A small gray logo over the man's chest on the left side,72,0.0014349489795918368,0.0008409192037022658,0.000869690498198564,0.024788954191737704,0,2052.229736328125,overall|small|text
2401254,6,grass on the ground.,230,0.004583864795918368,1.2098957714165217e-05,1.2507024795558147e-05,0.0003706887364387512,0,6816.841796875,overall|small
2401255,0,The windows are patterned.,15336,0.30564413265306123,0.0067648909262814794,0.18161710473293893,0.006977590223619822,0,589.1973876953125,overall
2401255,1,hood of car is white.,264,0.0052614795918367345,0.0017076465182339442,0.0017827049586044536,0.03897728341998476,0,5772.12890625,overall|small
2401255,2,Statue on the right side of the stairs,945,0.018833705357142856,0.02006757429101448,0.021252106057090294,0.2647272342096561,0,11771.4091796875,overall|small
2401255,3,metal parking meter,1003,0.019989636479591837,0.023494874164545796,0.02594829979383728,0.19903251062242958,0,7693.35986328125,overall|small
2401255,4,Woman walking in the street,390,0.007772640306122449,0.004834183041201833,0.005017052241552151,0.11709661239232773,0,9102.4921875,overall|small
2401255,5,two people leaving building,154,0.0030691964285714285,0.0036561616267637887,0.0037187713542616665,0.17841641314617998,0,7388.49609375,overall|small
2401255,6,statue of religious figure,300,0.005978954081632653,0.004683723006554708,0.004839847191952414,0.1267865244547526,0,7858.9169921875,overall|small
2401256,0,name and number of baseball player,1375,0.027403539540816327,0.007429986874057891,0.008802129953798761,0.04549409623579546,0,7106.732421875,overall|text
2401256,1,bright green grass of baseball field,7238,0.14425223214285715,0.02732385509359752,0.05318292691890365,0.05320555493791448,0,7241.07958984375,overall
2401256,2,left hand giving a signal ,364,0.007254464285714286,2.534678041432271e-06,2.863286902504551e-06,2.2085071387854252e-05,0,2807.6005859375,overall|small|part
2401256,3,The mitt is black.,1000,0.01992984693877551,0.05952621604923251,0.06346239547496521,0.48972607421875,0,7716.79150390625,overall|small
2401256,4,baseball cap on player,744,0.01482780612244898,0.022092981423619054,0.025467321177751554,0.1429135517407489,0,4175.0634765625,overall|small
2401256,5,logo on the arm of a baseball uniform ,210,0.004185267857142857,0.0046090769367980915,0.004654290537677369,0.32178497314453125,0,14518.828125,overall|small|text|part
2401256,6,pocket on left side,324,0.0064572704081632655,0.0020236361568830115,0.0021185422895390387,0.04322024922312042,0,6609.90380859375,overall|small
2401257,0,The plate is white.,29104,0.5800382653061225,0.35089398801573574,0.8590092141854548,0.3723380081990448,1,12615.14453125,overall
2401257,1,text reading'09,40,0.0007971938775510204,0.0016625797255328198,0.0016758556938708674,0.17346575260162353,0,4140.3505859375,overall|small|text
2401257,2,arm of a human in back,7315,0.14578683035714285,0.22820481752994737,0.2620365038020275,0.6386649329289132,0,17828.943359375,overall|part
2401258,0,tan duffel bag in middle,1960,0.0390625,0.011626354627746681,0.01759714340297362,0.0331300501920739,0,3690.081787109375,overall
2401258,1,blue instrument case,1386,0.027622767857142856,0.006371867058237992,0.007278236137840038,0.04867614261687748,0,9269.4345703125,overall
2401258,2,man wearing blue shorts,1520,0.030293367346938774,0.02789090292679532,0.03383282793989254,0.13704463557193153,0,6156.97412109375,overall
2401258,3,large round white column,2352,0.046875,0.010213242266601245,0.014078254048388352,0.0358672790786847,0,5992.208984375,overall
2401258,4,black backpack on a woman,444,0.008848852040816327,0.014980687797195786,0.016975314501789164,0.11307690594647382,0,2957.597412109375,overall|small
2401258,5,gray flooring in transportation center,1350,0.026905293367346938,0.0037338047849786375,0.004012329826611275,0.05104236744068287,0,17173.861328125,overall
2401258,6,dark purple backpack,468,0.00932716836734694,0.009935558480054818,0.010770603020021658,0.11359398996728098,0,4935.84130859375,overall|small
2401259,0,large carrots are toward the bottom,7208,0.14365433673469388,0.026473166349343637,0.24098589240583693,0.028881301625851917,0,863.8531494140625,overall
2401259,1,The umbrella is yellow and red,17280,0.34438775510204084,0.2061922829000407,0.34671122315378483,0.33720019305193866,0,16805.97265625,overall
2401259,2,a green carrot leaf,432,0.00860969387755102,0.004490808302483325,0.012530757212393379,0.006950553920533922,0,239.6215362548828,overall|small|part
2401259,3,brown spots on carrots,338,0.0067362882653061226,0.004882107743514732,0.0055559655276008185,0.03869542849839792,0,2354.05615234375,overall|small
2401259,4,purple carrots on the table,1280,0.025510204081632654,0.0006613962432980645,0.0006905819583814007,0.015408581495285035,0,28559.947265625,overall
2401259,5,an unpeeled orange carrot,910,0.018136160714285716,0.0001858480276425425,0.00033774655899357044,0.00041306261177901385,0,1112.9261474609375,overall|small
2401259,6,a green carrot leaf,256,0.00510204081632653,0.0001225556430413429,0.0002534570713613654,0.00023724130005575716,0,239.6215362548828,overall|small|part
2401260,0,broccoli rabe,33790,0.6734295280612245,0.08623685862940761,0.8398687746349489,0.08767847770697691,1,3527.522216796875,overall
2401260,1,red pasta on a white dish on a table,768,0.015306122448979591,0.007434505725324998,0.007658869358829601,0.2024144728978475,0,20297.29296875,overall|small
2401261,0,person is flying a kite,252,0.005022321428571429,0.0021115490215859,0.0022268895052715747,0.03917095774695987,0,4432.6767578125,overall|small
2401261,1,white cloud in grey sky,2440,0.04862882653061224,0.00019322337630163372,0.0005372851372705465,0.00030164564730691127,0,1369.8785400390625,overall
2401261,2,flock of birds flying above the ocean,1944,0.038743622448979595,0.04358029147722574,0.06567675870403744,0.11467803358541104,0,3394.413818359375,overall
2401261,3,huge kite in the air,2968,0.05915178571428571,0.13595732965752313,0.1743671279021138,0.38164690948239555,0,6496.224609375,overall
2401261,4,waves are smaller close to shore,4864,0.09693877551020408,0.11293135899562323,0.11866281163997876,0.7004290630942897,0,28710.654296875,overall
2401261,5,wave in the ocean,310,0.0061782525510204085,0.009234657890059093,0.009750328870121795,0.14865309192288306,0,4726.24658203125,overall|small
2401261,6,clouds in the sky,1952,0.0389030612244898,0.0033925825024125364,0.009691384204941297,0.005192747858704113,0,1045.902587890625,overall
2401262,0,The water has ripples.,3196,0.06369579081632654,0.013004718778964542,0.03332041260763006,0.02088400658140791,0,2003.135009765625,overall
2401262,1,the hand of the woman,40,0.0007971938775510204,0.002909099768712131,0.002924342294579677,0.3582021236419678,0,4899.59228515625,overall|small|part
2401262,2,part of a building,21,0.0004185267857142857,0.0012340550596358177,0.001235595934793061,0.4973771231515067,0,8453.345703125,overall|small
2401262,3,edge of a building ,70,0.0013950892857142857,0.00041299191287979924,0.0004158633318139519,0.056437318665640696,0,9499.78515625,overall|small
2401262,4,a kite in the sky,448,0.008928571428571428,0.022896398913247133,0.02820773133563132,0.10841616562434606,0,1721.884033203125,overall|small
2401262,5,the kids are watching the kite,1365,0.027204241071428572,0.015138198546061113,0.016337756637092502,0.17093595288175367,0,14281.494140625,overall
2401262,6,a lady pointing to something,304,0.006058673469387755,0.022826125050701973,0.02304490094563448,0.706262889661287,0,9316.7646484375,overall|small
2401263,0,the color light brown,60,0.0011957908163265306,0.00037990931783419125,0.0003824615827941468,0.05386364459991455,0,8450.0478515625,overall|small
2401263,1,black arch design on bed,330,0.006576849489795918,0.0038979809972875556,0.0047325200826432165,0.021626692107229523,0,1508.0355224609375,overall|small
2401263,2,wooden headboard of bed,1680,0.033482142857142856,0.04299355961287072,0.06091215812136539,0.1275150117420015,0,3516.953369140625,overall
2401263,3,brownish red carpeted floor,198,0.003946109693877551,0.00025634617840610094,0.0002681280990936449,0.005799984691118953,0,4283.01611328125,overall|small
2401263,4,wrinkled sheets on bed,4653,0.09273357780612244,0.1407936846853785,0.14985084125764436,0.6996486851560821,0,21724.705078125,overall
2401263,5,pastel colored lamp with a white shade,575,0.011459661989795918,0.011367466971336327,0.012538051972938377,0.10854063614555028,0,4977.71630859375,overall|small
2401263,6,the white bed skirt,280,0.005580357142857143,0.0009041970339037222,0.0009476362138414749,0.019343716757638112,0,5715.52734375,overall|small
2401264,0,shadow cast on white plate,648,0.012914540816326531,0.006905826424029124,0.00901769481054786,0.028643301975579908,0,2058.27099609375,overall|small
2401264,1,Shiny light green piece of broccoli on the bottom left. ,5082,0.10128348214285714,0.021519954138231247,0.04804522503191302,0.03751672641914785,0,3968.344482421875,overall
2401264,2,some cooked broccoli,4000,0.07971938775510204,0.06760591267698979,0.09897860742853329,0.17579597473144531,0,7104.40283203125,overall
2401264,3,a splash of gravy on the side of the plate,378,0.007533482142857143,0.002941638945439213,0.0030406922674542955,0.08282212353257275,0,10295.9326171875,overall|small
2401264,4,Pile of thin sliced carrots on the top of the photo. ,5488,0.109375,0.04022105593233823,0.12401574068600466,0.05618259441053207,0,2486.21728515625,overall
2401264,5,red plate with food,888,0.017697704081632654,0.016912015659582887,0.017506355786716655,0.33250801842491906,0,16866.28125,overall|small
2401264,6,brown sauce on food,1200,0.02391581632653061,0.03878632422245791,0.04339576990142812,0.2674824778238932,0,7396.5498046875,overall
2401265,0,a motel vacancy sign,4598,0.09163743622448979,0.09409318306844061,0.28852218607688684,0.12252162487001822,0,1952.551513671875,overall|text
2401265,1,white sign on building,429,0.008549904336734694,0.003872429014432301,0.004228058469636189,0.044012781067605894,0,4465.75732421875,overall|small|text
2401265,2,street light on pole.,120,0.0023915816326530613,0.006196585126754796,0.006229958628351084,0.5363372802734375,0,10330.802734375,overall|small
2401265,3,a blue pickup truck,676,0.013472576530612245,0.04481954819507379,0.04778458299528769,0.41938546987680286,0,5932.9716796875,overall|small
2401265,4,wood beam of garden bed,917,0.018275669642857144,0.01375127630024078,0.014352948508473197,0.24700951030236165,0,15781.267578125,overall|small
2401265,5,stop lights over road,468,0.00932716836734694,0.019944089779644767,0.0206954445072573,0.35456531883304954,0,8018.02392578125,overall|small
2401265,6,yellow paint on curb,400,0.007971938775510204,0.018961510393292625,0.020623334827620316,0.1904888343811035,0,3694.627197265625,overall|small
2401266,0,the ostrich is black and white,9591,0.19114716198979592,0.028511438542739558,0.07035347966892651,0.04574627280173144,0,6236.40087890625,overall
2401266,1,the eye of a giraffe,72,0.0014349489795918368,0.001531593196035715,0.0015612935603799966,0.07451371351877849,0,3436.2451171875,overall|small|part
2401266,2,back leg of a giraffe,234,0.00466358418367347,9.451373923334731e-05,9.716560759402217e-05,0.0034510732715965337,0,8311.080078125,overall|small|part
2401266,3,front leg of a giraffe,60,0.0011957908163265306,1.8165548277089592e-05,1.8349735450082958e-05,0.001806482175985972,0,5906.8388671875,overall|small|part
2401266,4,neck of a giraffe,297,0.005919164540816327,0.011174363227566727,0.0112838626666626,0.5352107089777989,0,14087.16015625,overall|small
2401266,5,giraffe head with knots,1147,0.02285953443877551,0.0011255545165564738,0.001311228839443188,0.007885963686050908,0,6898.26220703125,overall|part
2401266,6,tail of a giraffe,40,0.0007971938775510204,6.663278036519336e-05,6.71311948845273e-05,0.0088949054479599,0,5300.01318359375,overall|small|part
2401267,0,a field of tall grass,30459,0.6070432079081632,0.033730177207969676,0.12629530257242821,0.043996478712931726,0,10610.7568359375,overall
2401267,1,the trees are green,16568,0.3301977040816326,0.02951004430556229,0.07349198044928879,0.046992833806603844,0,10594.0439453125,overall
2401268,0,Black and white keyboard,7392,0.14732142857142858,0.22765090360264476,0.5570059618532981,0.27798025948660715,1,3689.06298828125,overall
2401268,1,a medical chart lying open,12740,0.25390625,0.07345546387029349,0.6573927997564204,0.07637942806705014,1,1480.20166015625,overall
2401268,2,Knob of cotton ball container top,117,0.002331792091836735,0.0007352261023283947,0.0007545810553243025,0.027865138828244984,0,4320.5712890625,overall|small
2401268,3,Wooden tongue depressors in container.,2535,0.05052216198979592,0.0737919047650573,0.08944963236567194,0.29654704739121057,0,8404.134765625,overall
2401268,4,Water bottle sitting on desktop,1127,0.0224609375,0.0010639866166171409,0.0011668053863880166,0.011930256685326346,0,11523.2578125,overall
2401268,5,Silver fixtures on sink.,957,0.019072863520408163,0.0027092710177091927,0.003013039434744537,0.02616965235089309,0,8311.9912109375,overall|small
2401268,6,drawers are beneath the table,1139,0.022700095663265307,0.014896896937521645,0.0160214363629716,0.17507929211650844,0,12446.78125,overall
2401269,0,clear blue sky above.,714,0.014229910714285714,0.001090642867660507,0.002723679716518209,0.0018157386312297747,0,475.9874572753906,overall|small
2401269,1,woman wearing authentic hat,1178,0.023477359693877552,0.09936522179884084,0.11780232956922711,0.3883364147969944,0,3883.287353515625,overall
2401269,2,pattern on woman's dress.,289,0.0057597257653061226,0.0016536281757936662,0.002151042187185889,0.00710025873151205,0,953.9444580078125,overall|small
2401269,3,The brown pants the boy is wearing.,180,0.003587372448979592,0.00023445496597665805,0.00023695725663836634,0.021719757715861,0,16498.994140625,overall|small
2401269,4,umbrella behind the boy.,75,0.0014947385204081632,0.003916788422110106,0.0039255487228619605,0.6370418802897135,0,12171.0732421875,overall|small
2401269,5,kite flying in sky,5810,0.11579241071428571,0.02113711458454704,0.0464748062477906,0.03732302430985101,0,4665.8994140625,overall
2401269,6,yellow bag near inflatable gym.,40,0.0007971938775510204,0.00016899637236862723,0.00016955416453672887,0.0488604724407196,0,11526.8115234375,overall|small
2401270,0,large group of zebras walking,12627,0.2516541772959184,0.16418593442090046,0.6144343008442318,0.1830448347910232,1,3761.68310546875,overall
2401270,1,herd of zebras walking behind other zebras,232,0.004623724489795918,0.001599556289078701,0.0016613620162686624,0.04122419192873199,0,5756.72998046875,overall|small
2401270,2,herd of zebras in the lower field,3680,0.07334183673469388,0.02509446702874814,0.035137829480219894,0.08070982228154722,0,8452.7744140625,overall
2401270,3,bunch of low bushes in background,3393,0.06762197066326531,0.04678912265271583,0.08522288071135614,0.09399776531818727,0,3742.356689453125,overall
2401270,4,tall brown grass covering the ground,2993,0.059650031887755105,0.007952838839248244,0.009568534927547327,0.04498009597263406,0,14069.5966796875,overall
2401271,0,Dog's long furry pointy tail,854,0.017020089285714284,0.007198119141225193,0.007750495067273499,0.09173332053548558,0,10107.7744140625,overall|small|part
2401271,1,Dog's big red tongue,260,0.005181760204081632,0.015361680609747335,0.015594872277093936,0.5067389855018029,0,8448.4267578125,overall|small
2401271,2,a dog collar ,800,0.01594387755102041,0.021070219237928837,0.02546749793370092,0.1087592887878418,0,3416.41064453125,overall|small
2401271,3,The circle designed curtain.,5896,0.1175063775510204,0.20829443825521937,0.26576829656064926,0.49062410559065467,0,10884.3671875,overall
2401271,4,The dog's nose is black.,140,0.0027901785714285715,0.0047734670999266746,0.005497170911815069,0.03499001434871129,0,891.11328125,overall|small
2401271,5,Dog's brown left front leg,2254,0.044921875,0.02217322717234485,0.031694997794380744,0.06873459634044685,0,4888.0830078125,overall|part
2401271,6,The wall is white.,5000,0.09964923469387756,0.125658664967977,0.15999905134909415,0.369272216796875,0,11539.8251953125,overall
2401272,0,Tail of a smaller zebra. ,204,0.004065688775510204,0.0026945432408282265,0.0027606796124595044,0.10110439973718979,0,7471.09423828125,overall|small|part
2401272,1,Back two legs of a larger black and white zebra. ,612,0.012197066326530613,0.031063251610557435,0.03520552623945383,0.2088664435093699,0,3630.85791015625,overall|small|part
2401272,2,a group of large black and brown boulders,1323,0.0263671875,0.09446510090865087,0.11366346313312692,0.3586777321605726,0,4174.8740234375,overall
2401272,3,front leg of a zebra,87,0.0017338966836734694,0.0013441228973508667,0.0013610978861673968,0.09728977597992995,0,6218.6640625,overall|small|part
2401272,4,Light colored rock in between two zebras. ,234,0.00466358418367347,0.0020987344520514944,0.002146578364987448,0.08605889377430972,0,9381.33984375,overall|small
2401272,5,head of a zebra,90,0.001793686224489796,0.0027998525424189117,0.002816607815313861,0.32003455691867405,0,10226.169921875,overall|small|part
2401272,6,A dark grey rock beside the grazing deer,240,0.0047831632653061226,0.009353408913370853,0.009511858049742158,0.359587828318278,0,9072.9990234375,overall|small
2401273,0,a black skateboard under the dog,15456,0.3080357142857143,0.07468435900272485,0.1534055104233644,0.127048437146173,0,12800.45703125,overall
2401273,1,the dog's eyes are black,3111,0.062001753826530615,0.21387519783406844,0.26275199725618237,0.534829787447766,1,6332.41796875,overall|part
2401274,0,the salad has spinach ,4736,0.09438775510204081,0.10271496398177248,0.1381118258138251,0.2861090995169975,0,9810.982421875,overall
2401274,1,cheese mixed with carrots,598,0.011918048469387755,0.0014587805147872324,0.0015346412214668143,0.028664809006911058,0,11169.748046875,overall|small
2401274,2,Two pieces of broccoli. ,2337,0.046576052295918366,0.009469623798920454,0.012320243949449245,0.03931807981988126,0,7458.16015625,overall
2401274,3,the table is made of metal,1144,0.022799744897959183,0.006937841905217016,0.007701025069178182,0.06542705322479035,0,9719.296875,overall
2401274,4,A sliver of carrots.,2448,0.04878826530612245,0.0053516607292790515,0.009579168261071924,0.011981114842533285,0,3061.828369140625,overall
2401274,5,the rim of a table,1189,0.02369658801020408,0.010749622689344394,0.012185979680674936,0.08357708468168498,0,8154.7119140625,overall
2401274,6,A leaf of spinach.,2337,0.046576052295918366,0.01635171718552939,0.06301307273332779,0.02160483585956722,0,801.270263671875,overall|part
2401275,0,a black and red tennis racket,1131,0.0225406568877551,0.013130667209641214,0.015314527472668793,0.08431620981501436,0,6226.8740234375,overall
2401275,1,the upper tier of a crowd of spectators,6699,0.13351004464285715,0.17584053204318245,0.22158005438184505,0.459996543618917,0,13907.013671875,overall
2401275,2,blue tennis shorts,855,0.017040019132653062,0.0001229788127923121,0.0001554258153794035,0.0005887394062956871,0,3238.665283203125,overall|small
2401275,3,a tennis player's left shoe,551,0.010981345663265306,0.006183085638725978,0.006530721890679956,0.10406783531452048,0,8780.2509765625,overall|small|part
2401275,4,a tennis player's right shoe,320,0.006377551020408163,0.005595820381725277,0.005820767665438715,0.12648363113403321,0,6953.50927734375,overall|small|part
2401275,5,an exit sign,200,0.003985969387755102,0.002804155550217399,0.0057926370229353045,0.005405970811843872,0,186.6497344970703,overall|small|text
2401275,6,2 men are sitting in first row,864,0.01721938775510204,0.003881610194212721,0.004173569600767285,0.052570718306082266,0,10883.0341796875,overall|small
2401276,0,surfer walking in the water,2907,0.057936065051020405,0.08265149377369842,0.08780773694492211,0.5846323092696508,0,19355.083984375,overall
2401276,1,the ship has a white sail,2397,0.047771843112244895,0.0019814368892958553,0.0025139144927833323,0.009267990818906934,0,8836.96484375,overall
2401276,2,white wave moved by the wind,3568,0.07110969387755102,0.010656444244001593,0.017853730470117474,0.02575379529876025,0,5146.7978515625,overall
2401277,0,wetsuit bottoms of kid,3204,0.06385522959183673,0.036321005105882466,0.04494002355726586,0.15922557816523292,0,11351.9912109375,overall
2401277,1,ripple in ocean water,390,0.007772640306122449,0.0016069133488269658,0.0017127099983711002,0.025354272891313603,0,5773.40380859375,overall|small
2401277,2,dirt spots on surfboard,882,0.017578125,0.036358393834658234,0.03858091672040352,0.3869347258760275,0,8845.7314453125,overall|small
2401277,3,boy has brown curly hair,999,0.019909917091836735,0.06243787930318523,0.06363627898653844,0.7682780436686687,0,12060.8837890625,overall|small|part
2401277,4,dark blue ocean water,4028,0.08027742346938775,0.004863478830337305,0.009356327923481981,0.010026610714439839,0,4316.56396484375,overall
2401277,5,dark blue ocean water,2968,0.05915178571428571,0.05636277540818341,0.09004190231510771,0.13095405352404818,0,4316.56396484375,overall
2401277,6,Part of the water is water.,3168,0.06313775510204081,0.03251312858000581,0.05990345705164031,0.0663866081623116,0,3510.862060546875,overall
2401278,0,lime green standard pillow,1600,0.03188775510204082,0.002418855061604163,0.008223079026446613,0.0034151864051818847,0,664.507568359375,overall
2401278,1,pencil holder on shelf,224,0.004464285714285714,0.01592148974575935,0.016033871259860832,0.6943368911743164,0,9700.181640625,overall|small
2401278,2,bed has wooden ladder,4800,0.09566326530612244,0.1985659761918871,0.205412943808476,0.8562618001302084,1,20008.751953125,overall
2401278,3,section of a shelf,738,0.014708227040816327,0.0008169575823595786,0.0010259978207286709,0.003993724742879066,0,2872.685302734375,overall|small
2401278,4,part of a drawer ,160,0.0031887755102040817,6.996409145318739e-05,7.1940714506306e-05,0.0025399291887879373,0,5648.9384765625,overall|small
2401278,5,chair is made of metal and wood,3772,0.07517538265306123,0.04623572717185373,0.067381761035425,0.1284111645922049,0,7188.39794921875,overall
2401278,6,section of a brown surface,299,0.0059590242346938774,0.014072367492712677,0.014890941367700231,0.20381847113669915,0,4092.53662109375,overall|small
2401279,0,Smiling couple,33166,0.6609933035714286,0.2695960235520873,0.956882820037259,0.2729113528820931,1,9459.2333984375,overall
2401279,1,Flower centerpiece on table,512,0.01020408163265306,0.029208457508938183,0.029235041085310897,0.9698083400726318,0,16984.4765625,overall|small
2401280,0,metal divider on a pole,702,0.013990752551020409,0.009880764454394711,0.01267963572243943,0.042844671809095944,0,2372.068115234375,overall|small
2401280,1,circular red sign with one flat white line,722,0.014389349489795918,0.0003741563615089332,0.0005347330132300957,0.0012444199122220196,0,1680.223876953125,overall|small|text
2401280,2,small black tire on a car,70,0.0013950892857142857,0.000725947884892305,0.0007394256647707555,0.0383019038609096,0,3625.96728515625,overall|small
2401280,3,red stop sign on a city street,476,0.009486607142857142,0.016602671991229757,0.01665812393906544,0.8329867835806197,0,23802.302734375,overall|small|text
2401280,4,person driving small white car,460,0.009167729591836735,0.003043609314090937,0.003396406642018426,0.02846694614576257,0,3855.485107421875,overall|small
2401280,5,white paint lane line,520,0.010363520408163265,0.005596897582757954,0.005881610988893986,0.10363803276648888,0,9162.7578125,overall|small
2401280,6,black and white sign with arrow pointing right,143,0.002849968112244898,0.004436057833949707,0.00452771029414307,0.1797530701110413,0,5677.19384765625,overall|small|text
2401281,0,wintry day in front of the clock tower,26568,0.5294961734693877,0.09229183750410953,0.6954031690694127,0.09617992884708577,1,3674.571044921875,overall
2401281,1,steeple on top of church,330,0.006576849489795918,0.00012033546407232403,0.0001290713715959758,0.0017747781493447044,0,4537.61962890625,overall|small
2401282,0,trough for the sheep.,279,0.005560427295918368,0.006493488495964679,0.006578183065555723,0.3352592495607219,0,14219.326171875,overall|small
2401282,1,hazy sky in the background.,372,0.00741390306122449,8.005276787209372e-05,0.0001017038231476485,0.00037589909568909674,0,1374.91845703125,overall|small
2401282,2,sheep with green marking on back,1888,0.03762755102040816,0.08997205135359693,0.1003291733599001,0.46568550497798594,0,8763.2958984375,overall
2401282,3,a tree with green leaves,4264,0.08498086734693877,0.1455368415385132,0.3474825085346271,0.20026957384864563,0,2457.5322265625,overall|part
2401282,4,a group of sheep,6900,0.13751594387755103,0.09708648990854121,0.12649086160499537,0.2946041914345562,0,16070.48046875,overall
2401282,5,The text is white.,880,0.017538265306122448,0.006548771609871416,0.023150196004223227,0.009049428593028675,0,343.9926452636719,overall|small|text
2401282,6,pasture in the distance.,126,0.0025111607142857145,0.0012081297177263912,0.0012285594240193382,0.06773119881039574,0,6946.45361328125,overall|small
2401283,0,white line on road,1452,0.02893813775510204,0.11700781070661645,0.125344604426843,0.6375794213665419,0,7385.76123046875,overall
2401283,1,white house with dark roof,165,0.003288424744897959,0.00018312787627007597,0.0001946175037425763,0.0030923265399354877,0,2621.7265625,overall|small
2401283,2,a board in a truck,19920,0.39700255102040816,0.005166842471690129,0.5232696482754584,0.005191279415145935,0,197.62332153320312,overall
2401283,3,clean spots on dirty SUV,777,0.015485491071428572,0.050210771731609545,0.05290654321957721,0.49632928914545127,0,7289.22802734375,overall|small
2401283,4,a fence alongside a road,912,0.018176020408163265,0.07537125538824499,0.07706824342783365,0.7739073100842928,0,9158.162109375,overall|small
2401283,5,a dusty back bumper,1728,0.03443877551020408,0.039588982527464435,0.041683802078911654,0.44064143851951315,0,18266.76953125,overall
2401283,6,corner of street sign to exit,156,0.0031090561224489796,0.0013475091904185982,0.0013856310695218683,0.0466915705265143,0,5256.7275390625,overall|small|text
2401284,0,A number sign,121,0.0024115114795918366,8.910578486703471e-07,9.002728839589228e-07,8.704528705147672e-05,0,11699.2080078125,overall|small|text
2401284,1,A man skiing on a road,11832,0.23580994897959184,0.06759718957383967,0.18567976408834214,0.0960808806196913,0,6122.52490234375,overall
2401284,2,A clear blue sky,3750,0.07473692602040816,0.002177092269716587,0.01147263368436573,0.002679784647623698,0,875.92724609375,overall
2401284,3,group of evergreen trees,2522,0.05026307397959184,0.05640183075033466,0.1025057194075148,0.1114284627310914,0,2741.53076171875,overall
2401284,4,tracks in the snow,425,0.008470184948979591,0.014820727858957043,0.014858385062599256,0.8539678596047794,0,24426.365234375,overall|small
2401285,0,Both people are skiing.,27495,0.5479711415816326,0.3276248927462435,0.6347861561040337,0.4037243632364975,1,17486.8359375,overall
2401286,0,black and white ram face,1517,0.030233577806122448,0.023587750600663402,0.02682357680551963,0.16355235150713784,0,9249.658203125,overall|part
2401286,1,sheep grazing on a dry grassy hillside,25415,0.5065170599489796,0.21626564850552085,0.5812606060098805,0.25617745425929567,0,11201.0859375,overall
2401286,2,A white sheep in the back eating grass,2700,0.053810586734693876,0.11717270393961837,0.1541098515263442,0.3283497450086806,0,5752.677734375,overall
2401286,3,a black sheep eating grass,4108,0.08187181122448979,0.10119708347709773,0.13799445486613163,0.2751001582753925,0,8189.54248046875,overall
2401287,0,green ocean water,820,0.01634247448979592,0.0015581769780282611,0.0025015362045970784,0.004114866256713867,0,1348.8472900390625,overall|small
2401287,1,"a large, dark rock face",25606,0.5103236607142857,0.2727918870502496,0.8456490486504935,0.2870861870752949,0,8692.8837890625,overall|part
2401287,2,back of person,110,0.002192283163265306,0.0005705105382617928,0.0005755213489284111,0.06149684732610529,0,11753.95703125,overall|small
2401287,3,the shore is rocky,5740,0.11439732142857142,0.020033062494071024,0.049490326388156224,0.03256108087945068,0,3776.5078125,overall
2401287,4,back of surf board,20,0.0003985969387755102,0.0013868401020677348,0.0013872837560287108,0.8126140594482422,0,11715.181640625,overall|small
2401287,5,White waves splashing ashore,3978,0.07928093112244898,0.06709842098293099,0.09438447047038576,0.188376524989002,0,7939.4609375,overall
2401287,6,the surfer's hair is dark colored,264,0.0052614795918367345,0.005167588283514449,0.005415255812023321,0.10151886940002441,0,4949.16259765625,overall|small|part
2401288,0,a glass cup is next to bowl,1584,0.031568877551020405,0.10428310431428005,0.10850010890191426,0.7284910413953993,0,10635.287109375,overall
2401288,1,orange pasta,1972,0.03930165816326531,0.0015612435027945017,0.0018771904085969834,0.009190833109145716,0,9655.0263671875,overall
2401288,2,fork to the left of the plate,3925,0.07822464923469388,0.006790530665430574,0.008676093535149153,0.030298761258459393,0,13706.93359375,overall
2401288,3,The edge of a brown plate or tray,1020,0.02032844387755102,0.004506082761476324,0.016643099788288315,0.006141099742814606,0,376.36749267578125,overall
2401288,4,green broccoli,1320,0.026307397959183673,0.0010582333072315388,0.0018319193966829324,0.002499402291846998,0,1800.9586181640625,overall
2401289,0,Back tire of the sheriff car.,1152,0.02295918367346939,0.007609645543214904,0.019194609728992784,0.01245109736919403,0,747.275634765625,overall
2401289,1,green trees are in the background,10368,0.2066326530612245,0.020870171699479623,0.05071841050506465,0.03424825491728606,0,7001.12451171875,overall
2401289,2,A yellow divider on the street.,1944,0.038743622448979595,0.005108069643642393,0.005661857011360869,0.04963229222552767,0,17041.259765625,overall
2401289,3,police vehicle is an SUV,6192,0.12340561224489796,0.0889825679467672,0.1971197786113155,0.13956542101325298,0,4384.0810546875,overall
2401289,4,Short yellow pole,234,0.00466358418367347,0.008089038044958693,0.008209228900491503,0.3558752597906651,0,10144.0478515625,overall|small
2401289,5,'sherrif' is written on  trunk,256,0.00510204081632653,0.0017194013985486695,0.002097409575087597,0.009450084529817104,0,1153.43310546875,overall|small
2401289,6,part of a pole,180,0.003587372448979592,0.00041189086592372133,0.00041935770940639434,0.022609851095411512,0,9704.77734375,overall|small
2401290,0,leaves of a tree,245,0.0048828125,0.014532716677642221,0.015523125386205311,0.18552042124222737,0,2928.051025390625,overall|small|part
2401290,1,a kite flying low,4214,0.083984375,0.03964839410195443,0.04791937305098715,0.18680010896527943,0,16427.0859375,overall
2401290,2,woman's hand holding string,380,0.007573341836734694,0.012007676697496491,0.013409756300272021,0.10301327956350226,0,2919.146728515625,overall|small|part
2401290,3,part of sleeveless top on the woman,2074,0.041334502551020405,0.0288487590237079,0.08133717051699559,0.04279167006077854,0,1091.1361083984375,overall
2401290,4,Blue sky with clouds.,16154,0.3219467474489796,0.03646805502353198,0.2095104520496791,0.04228646657513232,0,3260.436767578125,overall
2401290,5,top part of pole with string running through it,320,0.006377551020408163,0.0016903382128227208,0.0017202654499066208,0.08855868577957153,0,16473.4921875,overall|small
2401290,6,sky over the colorful fabric,225,0.00448421556122449,0.01493319258567409,0.01518128404148547,0.47747833251953126,0,7076.6494140625,overall|small
2401291,0,A row of shops on a city street,2323,0.04629703443877551,0.05780397912825681,0.0793142276987088,0.1756923115566482,0,5145.77587890625,overall
2401291,1,a sign about Jesus taped to a parking meter,1225,0.0244140625,0.02393538980868753,0.031195034960298507,0.09325960120376275,0,3662.2177734375,overall|text
2401291,2,white sign with drwaing,168,0.0033482142857142855,0.00010283552788455078,0.00010489649260753132,0.005206746359666188,0,8339.0146484375,overall|small|text
2401291,3,Business name visible through trees,468,0.00932716836734694,0.01889169300617688,0.02098467722377304,0.15924835205078125,0,3551.5546875,overall|small
2401291,4,The pole of a parking meter,2139,0.04262994260204082,0.0023524858139651918,0.0029381486832269566,0.011664270630168156,0,8491.69921875,overall
2401291,5,Mud guard on the back of bicycle tire,2303,0.0458984375,0.020064727294742228,0.02245121357955802,0.15878859075628257,0,16288.2119140625,overall
2401291,6,The coin slot on the right meter.,66,0.0013153698979591836,0.0006507941427066924,0.0006595085611468074,0.04694029056664669,0,4697.52685546875,overall|small
2401292,0,train engine on tracks ,1353,0.026965082908163265,0.05925256977356459,0.062403376141477514,0.5399185710718081,0,11706.2548828125,overall
2401292,1,A guard rail along the road,510,0.01016422193877551,0.00018593242289188024,0.00019170332196879794,0.00613856876597685,0,16330.8076171875,overall|small|part
2401292,2,patch of green and yellowed grass,1584,0.031568877551020405,0.04767441152487352,0.06064958605142364,0.1822338682232481,0,4759.4462890625,overall
2401292,3,rear wheel of a vehicle ,280,0.005580357142857143,0.0023455521261168703,0.0025997118681196736,0.023429717336382185,0,2523.47998046875,overall|small|part
2401292,4,stop light by train tracks,1220,0.02431441326530612,0.007190904927318726,0.008018544282619038,0.06513113428334721,0,9909.52734375,overall
2401292,5,licence plate on a vehicle ,96,0.001913265306122449,0.015489468646811135,0.015609684333375413,0.6679137547810873,0,4107.6884765625,overall|small
2401292,6,side rear view mirror on a vehicle ,63,0.0012555803571428572,0.011033663370486387,0.011732919324598886,0.15621460808648002,0,838.7955322265625,overall|small
2401293,0,hand on a man,1204,0.023995535714285716,0.0037262158210711587,0.005074476159586389,0.013830473256665607,0,3281.499267578125,overall|part
2401293,1,Black front wheel and fender of motorcycle,5372,0.10706313775510204,0.018061585476205132,0.02718918928796237,0.051054789073770826,0,10087.330078125,overall|part
2401293,2,Black shoe on a man,1369,0.027283960459183673,0.0026034158470779776,0.004687203313342747,0.00582194485047858,0,1700.426025390625,overall|part
2401293,3,a pair of rear view mirrors,1548,0.03085140306122449,0.04531777365691977,0.08027400312696287,0.09425902058603844,0,1817.6864013671875,overall
2401293,4,Glasses on man on motorcycle,156,0.0031090561224489796,0.0009091413506914579,0.0009203587370000788,0.06941493963583922,0,11765.771484375,overall|small
2401293,5,Round motorcycle headlight,840,0.016741071428571428,0.03526918975483015,0.03757790096668443,0.3647007896786644,0,8152.3623046875,overall|small
2401293,6,engine of a bike,336,0.006696428571428571,0.009405311618171973,0.009551821283735273,0.38010915120442706,0,13370.923828125,overall|small
2401294,0,group of carotts,165,0.003288424744897959,0.007323623092209357,0.007500837853006332,0.23663048021721117,0,5205.2890625,overall|small
2401294,1,a man in a white shirt,345,0.006875797193877551,0.0007729502423057506,0.0008287220524249793,0.011354972314143527,0,4727.1162109375,overall|small|text
2401294,2,a white patch on a pony's head,484,0.009646045918367346,0.0037146481594994406,0.003835136587973614,0.10573514039851417,0,13343.93359375,overall|small|part
2401294,3,Gray fur on animal's neck.,2408,0.04799107142857143,0.0468680272584442,0.08896145197857606,0.09012513778534442,0,2439.49853515625,overall
2401294,4,nose of a horse,54,0.0010762117346938774,0.0011123305473309893,0.0011251546742230539,0.08891540103488499,0,4267.3525390625,overall|small
2401294,5,orange carrots on ground,1647,0.03282445790816327,0.08985455697597004,0.09494229287971054,0.6264163713854736,0,10866.6826171875,overall
2401294,6,pieces of carrot ,208,0.004145408163265306,0.001270960409422233,0.0012976572853453012,0.058183252811431885,0,9326.126953125,overall|small
2401295,0,button is on shirt,28728,0.5725446428571429,0.1787051859947851,0.6462677009138779,0.19808012394810812,0,8805.0908203125,overall|text
2401295,1,foliage in the background,1426,0.02841996173469388,0.139432243595944,0.14627508963054917,0.7487786120485624,1,7299.6591796875,overall
2401296,0,An Airplane in a hanger,39537,0.7879663584183674,0.19006390392311734,0.8363133687424437,0.19740747689664112,1,9332.505859375,overall
2401297,0,The kite is blue and black,759,0.015126753826530613,5.9237939197972854e-05,6.60775861363198e-05,0.0005719682915879804,0,6569.912109375,overall|small
2401297,1,upper part of a kite,176,0.00350765306122449,0.006476653456067438,0.006588575494833793,0.2760257937691428,0,7373.451171875,overall|small
2401297,2,Kite strings in the sand,10240,0.20408163265306123,0.04035594051393898,0.06704381067759693,0.09204815030097961,0,14059.0615234375,overall
2401297,3,ripples of ocean water,144,0.0028698979591836736,0.0023188985085443765,0.0035556187654654458,0.006622769766383701,0,268.2174072265625,overall|small
2401297,4,part of the sea,0,0.0,0.0,0.0,0.0,0,2931.841552734375,overall
2401297,5,Man hovering over water,120,0.0023915816326530613,0.0003091311110305909,0.0003611591268616329,0.002141278237104416,0,711.4686279296875,overall|small
2401297,6,part of a sandy beach,56,0.0011160714285714285,0.0007418716075413553,0.0007435948821154745,0.2424921989440918,0,18262.044921875,overall|small
2401298,0,some weeds hanging over the street,15184,0.3026147959183674,0.03828598775814323,0.21603556566910154,0.044463516412218455,0,3125.10595703125,overall
2401298,1,the street is made of asphalt,6216,0.12388392857142858,0.007686387728739316,0.03940233752384218,0.009458865898456353,0,1492.20361328125,overall
2401298,2,the case has white lines,7750,0.1544563137755102,0.03282921411684704,0.08489956905904364,0.050807711693548384,0,4637.94775390625,overall
2401298,3,small brown wood pieces,1508,0.03005420918367347,0.014964038604540493,0.032700484367542366,0.026848309868526713,0,1238.1239013671875,overall
2401298,4,brown dirt next to a suitcase,3318,0.06612723214285714,0.006611185051239666,0.00859588505425158,0.02783648287984102,0,10744.8447265625,overall
2401298,5,a red rock in the dirt,42,0.0008370535714285714,0.0006013717685582248,0.0006047938585612662,0.09607119787307013,0,6671.6787109375,overall|small
2401299,0,black rimmed glasses on man's face,624,0.012436224489795918,0.002813112067050822,0.011627887470425246,0.003697157670290042,0,198.40460205078125,overall|small|part
2401299,1,part of a silver bangle ,6,0.00011957908163265306,8.342720885657831e-06,8.348506903662964e-06,0.011894334107637405,0,8548.35546875,overall|small
2401299,2,man holding scissors,2538,0.05058195153061224,0.04589278819407569,0.11086526336456802,0.07262186181178894,0,1662.507080078125,overall
2401299,3,Smiling girl pink headband.,4424,0.08816964285714286,0.18528727825238422,0.1951848365133606,0.7851291539224966,0,17795.498046875,overall
2401299,4,Hand holding black stick.,2500,0.04982461734693878,0.012714267546112783,0.017288484649321614,0.04585088806152344,0,6630.26416015625,overall|part
2401299,5,part of a beard,70,0.0013950892857142857,0.00014758393628553092,0.00015013846872033004,0.008599413292748588,0,4009.3583984375,overall|small
2401299,6,a golden door knob,36,0.0007174744897959184,0.002849917818035632,0.002850847192859853,0.8973526424831815,0,11331.6123046875,overall|small|part
2401300,0,The woman is holding an umbrella.,5885,0.11728714923469388,0.07902313650015141,0.18268783055464485,0.12223887739286853,1,3937.732421875,overall
2401300,1,the shoe is blue,632,0.012595663265306123,0.004528540129186975,0.004830599616983696,0.0675307104859171,0,8835.2197265625,overall|small|part
2401300,2,The word Travel on the wall behind the girl.,180,0.003587372448979592,8.606055095970912e-05,0.00010131081044381147,0.0005713923937744564,0,1015.198974609375,overall|small|text
2401300,3,The pink design on the dress next to the girl's thigh.,253,0.005042251275510204,0.0028021978365830413,0.0028771801326320694,0.09708537226137907,0,8537.0390625,overall|small
2401300,4,a dirty red carpet,1769,0.035255899234693876,0.03099479395702338,0.03707108854429975,0.15902590926856627,0,7588.57763671875,overall
2401300,5,The design on the front of the girl's dress.,247,0.004922672193877551,0.007340688702563677,0.007389869149700052,0.5244920244101088,0,17530.693359375,overall|small
2401300,6,pink and white patterned wallpaper,1887,0.037607621173469385,0.005509796391656554,0.00926502222774283,0.013411641689476414,0,2731.538818359375,overall
2401302,0,a pair of blue jeans on a woman,2775,0.05530532525510204,0.0036088283676986256,0.004868846148000295,0.013753120491096565,0,7838.59423828125,overall
2401302,1,a grey and black speckled floor,2720,0.054209183673469385,0.0074280092436226595,0.013029361051959489,0.016984896098866182,0,3545.754638671875,overall
2401302,2,bench is silver metal,1564,0.0311702806122449,0.014874282709177988,0.016475828578956683,0.1327112202754106,0,12597.8701171875,overall
2401302,3,a triangular metal piece on the front of a bench leg,304,0.006058673469387755,0.01047423626612418,0.011060065133145652,0.1650989432083933,0,4537.955078125,overall|small|part
2401302,4,a  white wall behind a bench,3783,0.07539461096938775,0.09886653876102566,0.15212029678734185,0.22022061974416798,0,5476.55126953125,overall
2401302,5,back of a laptop screen ,1596,0.03180803571428571,0.013046786716101641,0.01969781750449501,0.03720213237561678,0,3014.273193359375,overall
2401302,6,woman has polka dotted scarf,960,0.01913265306122449,0.06846627084761193,0.06875170101003927,0.9428293863932292,0,13165.0009765625,overall|small
2401303,0,a striped cat,29744,0.5927933673469388,0.3011081774616277,0.9773311241928293,0.3032259394751883,1,9228.3486328125,overall
2401303,1,section of a snow,126,0.0025111607142857145,0.0007601428818596864,0.0007643349506600719,0.12172531703161815,0,20066.3203125,overall|small
2401304,0,the eyes of the crow are yellow,60,0.0011957908163265306,0.00283142910993081,0.0028698787287465073,0.1744664510091146,0,3647.536376953125,overall|small|part
2401304,1,bird's feet on top of the wood,3456,0.06887755102040816,0.10213757972154273,0.12205096094284329,0.3849978976779514,0,10901.6162109375,overall
2401304,2,the top of the wings have turquoise blue feathers,4453,0.08874760841836735,0.11046192585913044,0.29480226890103123,0.1501323666541517,0,2267.75537109375,overall
2401304,3,a bird's black tail,3604,0.07182716836734694,0.0007137295094803386,0.0010593481855821782,0.0021828612794357453,0,7426.294921875,overall|part
2401304,4,the elongated beak is gray,400,0.007971938775510204,0.010446346781127424,0.011566876625881713,0.09733797073364257,0,3366.093505859375,overall|small
2401304,5,wooden floor surface outdoors,3720,0.0741390306122449,0.06844197437062696,0.07982093889476638,0.3243724535870296,0,15117.1552734375,overall
2401305,0,rectangular mirror over sink,4680,0.09327168367346939,0.11993950395435025,0.1617939341664408,0.316772956522102,1,9162.8740234375,overall
2401305,1,Toilet seat is up.,2275,0.04534040178571429,0.0016694515675231142,0.0020602992038532973,0.008723513425051512,0,9632.578125,overall
2401305,2,A silver toilet paper holder,216,0.00430484693877551,0.008924625798654022,0.008981027832402637,0.5869627352114077,0,14116.8642578125,overall|small
2401305,3,The white wall in the bathroom.,9000,0.17936862244897958,0.12392083288411589,0.23086167817139966,0.211056396484375,0,8227.9033203125,overall
2401305,4,A white light switch on the white wall,72,0.0014349489795918368,0.002949183234813732,0.0034220036348243826,0.020898434850904677,0,439.7094421386719,overall|small
2401305,5,Black tile in the bathroom.,1656,0.03300382653061224,0.004488909185757874,0.006005308974394846,0.017466655675915703,0,4816.53515625,overall
2401306,0,a woman's lace stockings ,6545,0.13044084821428573,0.11517091212325418,0.27787849725143887,0.16436412277979373,0,3871.34375,overall
2401306,1,the umbrella is open,8556,0.17051977040816327,0.01602940270082094,0.0459360299187446,0.024029247110945534,0,4475.6640625,overall
2401306,2,a black hand bag,400,0.007971938775510204,0.010907069473938347,0.011431855454331619,0.19198310852050782,0,6717.478515625,overall|small|part
2401306,3,bonnet of a car,190,0.003786670918367347,0.007808807309545864,0.007896479704938683,0.4129125896253084,0,9935.236328125,overall|small
2401306,4,a closed umbrella ,260,0.005181760204081632,0.0028173973734602112,0.002987535413734057,0.04713992338914138,0,4102.50537109375,overall|small
2401306,5,part of a road,55,0.001096141581632653,0.0015052347184091124,0.0015078384378893602,0.4657250837846236,0,16987.814453125,overall|small
2401306,6,a man's right shoe,138,0.0027503188775510204,0.002321064786393593,0.0023939005482736487,0.07087951466657114,0,4085.956298828125,overall|small|part
2401307,0,Shiny green and blue vase,42174,0.8405213647959183,0.09849752271545324,0.8974333888801914,0.09961894982320268,1,4681.49462890625,overall
2401307,1,lower part of a sculpture,132,0.0026307397959183672,0.004085224855922819,0.0041322702213234955,0.2640723604144472,0,8435.4482421875,overall|small
2401308,0,This teddy bear is bright green.,806,0.016063456632653062,0.001252570904893629,0.0049142878456266866,0.0016782192083505483,0,275.2473449707031,overall|small
2401308,1,edge of a shelf,65,0.001295440051020408,9.17454049419336e-05,9.232905845566344e-05,0.01430572454745953,0,10071.283203125,overall|small
2401308,2,floor of a shop,132,0.0026307397959183672,0.003984635969220735,0.004129657003942351,0.10190466678503787,0,3257.27197265625,overall|small
2401308,3,face of a doll,216,0.00430484693877551,0.003248102810589448,0.0034948872441421318,0.043975830078125,0,2717.9072265625,overall|small|part
2401308,4,hot pink shirts on display,180,0.003587372448979592,0.0012151017627543574,0.0012691544970335584,0.02773909568786621,0,3934.14453125,overall|small
2401308,5,A navy teddy bear with a white and yellow t shirt,2401,0.0478515625,0.02101260382041718,0.02337756068639758,0.17198613940155144,0,17663.892578125,overall|text
2401308,6,A yellow teddy bear.,3132,0.062420280612244895,0.14248591234937602,0.15658590803817216,0.6127575013220387,0,12256.2529296875,overall
2401309,0,the girl is carrying a brown purse,1638,0.03264508928571429,0.0033534671256162294,0.004118699204621237,0.017729322552244305,0,7050.9228515625,overall
2401309,1,a sewage hole closed,10890,0.2170360331632653,0.23266708524597296,0.4016314997661159,0.3561073492381198,0,9655.6396484375,overall
2401310,0,one window on fighter jet,1410,0.02810108418367347,0.01960505217515549,0.02763121137358891,0.06322590171868074,0,3226.370361328125,overall|part
2401310,1,numbers on the plane,204,0.004065688775510204,0.0028891371681186236,0.002918771589133694,0.22152251823275698,0,15482.744140625,overall|small
2401310,2,cloudy blue skies,4400,0.08769132653061225,0.00922042138336835,0.12836072916238628,0.009836287931962447,0,337.17218017578125,overall
2401310,3,the nose of the plane,988,0.019690688775510203,0.008653433396496551,0.010817937402905679,0.04145592523489886,0,3786.1611328125,overall|small
2401310,4,the jet has a stinger on the left wing,3025,0.06028778698979592,0.0646906756757829,0.07655729347649096,0.294458391173812,0,11634.90234375,overall
2401310,5,the afterburner of the plane,496,0.009885204081632654,0.008483225548934572,0.009546176015575053,0.07079293650965537,0,3678.2578125,overall|small
2401311,0,white flowers in a pot,1824,0.03635204081632653,0.009952352254169974,0.012514830058283077,0.046353038988615335,0,6755.8203125,overall
2401311,1,white toilet bowl in a bathroom,2059,0.04103555484693878,0.025023140727123805,0.0320469491297902,0.10247171336206896,0,6583.7548828125,overall
2401311,2,The door opens in,1786,0.03559470663265306,0.07822146187839843,0.08306754432644992,0.5727970341151666,0,12315.4658203125,overall|part
2401311,3,Wicker four legged vanity stool ,2275,0.04534040178571429,0.13564208830210198,0.16269681000691552,0.44924820784684066,1,6281.86669921875,overall
2401311,4,a dark brown stand to hold magazines and toiletries ,2376,0.047353316326530615,0.0957852131455569,0.108451479813601,0.4505901914654356,0,9871.716796875,overall
2401311,5,The floor is made of tile,2100,0.04185267857142857,0.011394748201352022,0.014665875120164531,0.048604492914109,0,6959.6552734375,overall
2401311,6,Brass three globe lighting,3195,0.06367586096938775,0.0020086378608561383,0.006554333945569725,0.0028878446289444565,0,1407.719482421875,overall
2401312,0,White writing on the side of bike.,132,0.0026307397959183672,0.00918058599141767,0.009185862464058822,0.9411161018140388,0,13523.751953125,overall|small|text
2401312,1,extended side view mirror,273,0.005440848214285714,0.0010920085959087568,0.0012016051876297812,0.011831015457600465,0,2687.96044921875,overall|small
2401312,2,The road the motorcycle is parked on,19401,0.3866589604591837,0.09271474992508742,0.3398718757448744,0.11307759184449255,0,6454.83935546875,overall
2401312,3,Multi colored sky beyond artwork.,1849,0.03685028698979592,0.0054723829865952825,0.02352048070722927,0.0070811695121571205,0,556.6672973632812,overall
2401312,4,round headlight turned off,170,0.0033880739795918366,4.244186269864307e-05,4.343319911662532e-05,0.0018560444607454189,0,7264.6630859375,overall|small
2401312,5,concrete pillar on bridge,4888,0.09741709183673469,0.2391533517271247,0.24911150841015917,0.8567872492264218,0,16811.65234375,overall
2401312,6,dark storm clouds,2501,0.04984454719387755,0.028439976950792006,0.05169739529968066,0.05945855300457942,0,2876.466796875,overall
2401313,0,white spot on the floor,260,0.005181760204081632,0.0038043587554269028,0.003888855186261763,0.14900238330547627,0,9961.9599609375,overall|small
2401313,1,Two doors in the wall.,5590,0.1114078443877551,0.056060934508564954,0.0936927866474158,0.12248067838774597,0,7307.57421875,overall
2401313,2,The wall has two colors.,7980,0.15904017857142858,0.024471730400551096,0.08946324117205083,0.03258846732309289,0,2906.84716796875,overall
2401313,3,gray edge of wall,648,0.012914540816326531,0.045719689809437435,0.050599666667101376,0.3216014909155575,0,4118.56005859375,overall|small
2401313,4,small white spots on the wall,1558,0.031050701530612245,0.002910532652247752,0.004656835182371649,0.007701691369190143,0,2576.693115234375,overall
2401313,5,blue line on the dirty floor,609,0.012137276785714286,0.002172434774558877,0.0022891659377557746,0.04086188142522802,0,10870.7216796875,overall|small
2401314,0,a woman with blond hair,3589,0.07152822066326531,0.0719263395416392,0.19508617748475393,0.10227905511523927,0,1881.6275634765625,overall|part
2401314,1,section of a hill,180,0.003587372448979592,0.011642215391053402,0.011758467415716022,0.5407719930013021,0,8278.201171875,overall|small
2401314,2,tip of a hill,60,0.0011957908163265306,0.0008791256293455513,0.0008860396539243379,0.10125357309977213,0,6856.59423828125,overall|small
2401314,3,The horse is black.,1792,0.03571428571428571,0.02822497905877199,0.031142244846681485,0.2315411397389003,0,13323.4365234375,overall
2401314,4,section of a white cap,12,0.00023915816326530612,1.176654299885304e-05,1.178360110257398e-05,0.008062697947025299,0,8210.7646484375,overall|small
2401314,5,a small patch of white snow,315,0.006277901785714286,0.004259071738535229,0.004667871725445669,0.046376700628371466,0,3129.619140625,overall|small
2401314,6,back of a man,96,0.001913265306122449,0.0006899468089608685,0.0006972619657770703,0.06170593202114105,0,8495.7587890625,overall|small
2401315,0,The license plate is white.,430,0.008569834183673469,0.002969403533259428,0.0037794739980717487,0.013664770126342773,0,1554.67431640625,overall|small
2401315,1,child in background of blue bus,147,0.0029296875,0.006636335670338283,0.0066476971996940635,0.7952061348220929,0,17584.330078125,overall|small
2401315,2,The text is white and orange.,4440,0.08848852040816327,0.011160081913829474,0.0381386126328149,0.01553158459362683,0,1808.1474609375,overall|text
2401315,3,steering wheel on the blue bus,272,0.005420918367346939,0.013104547711916171,0.013301915009233561,0.468990073484533,0,9589.9951171875,overall|small|part
2401315,4,part of shadow of the blue bus,738,0.014708227040816327,0.0009558501422924218,0.0011587092516566085,0.0054300658425018395,0,3458.49365234375,overall|small
2401315,5,man walking in convention building,384,0.007653061224489796,0.004639847033058848,0.004794860190285336,0.125506858030955,0,10051.3115234375,overall|small
2401315,6,bus interior window,228,0.004544005102040816,0.021702762600335494,0.022031948901133133,0.5922583864446271,0,6129.0498046875,overall|small|part
2401316,0,Three blue containers full of mushrooms,13104,0.2611607142857143,0.0907066092725844,0.2326363618280978,0.12943306947365785,0,7290.73876953125,overall
2401316,1,The box is cardboard.,3420,0.06816007653061225,0.04115749590551691,0.08811308654628325,0.07169559322602567,0,2782.775390625,overall
2401316,2,grey cement ground under the boxes,4750,0.09466677295918367,0.034288543523005546,0.05734418804016358,0.07858113178453947,0,6509.123046875,overall
2401316,3,Three red apples on top of an onion ,2967,0.05913185586734694,0.01872270380217039,0.02361576025726737,0.08287417081055674,0,10412.015625,overall
2401316,4,The table is blue.,3204,0.06385522959183673,0.026044185227433413,0.03341716749742928,0.10557936193344745,0,10122.8291015625,overall
2401316,5,potato in a box,1462,0.029137436224489797,0.00430490102424372,0.005802247444571158,0.01640786876756744,0,4134.3125,overall
2401316,6,The sidewalk is dirty.,2800,0.05580357142857143,0.1393087630707017,0.1606389480988275,0.5119910975864955,0,8924.2060546875,overall
2401317,0,yellow traffic light on pole,400,0.007971938775510204,0.0011164412776718,0.0011581297197147326,0.030082385540008545,0,10389.98828125,overall|small
2401317,1,vehicle driving on the street,7722,0.1538982780612245,0.21291568856765636,0.3957249028026482,0.3154885885598776,1,6156.30419921875,overall
2401317,2,Buildings are in the background.,4746,0.09458705357142858,0.009851179990867067,0.014480997673065446,0.02989119615325735,0,9796.5361328125,overall
2401317,3,arrows on sign giving directions,782,0.01558514030612245,0.09970787354154606,0.10642881813081294,0.6122398278902254,1,4498.51416015625,overall|small|text
2401317,4,a cloudy sky ,7056,0.140625,0.0005539981567308094,0.002958380878962361,0.0006811815459712022,0,1624.67822265625,overall
2401317,5,a person crossing on the street,713,0.01420998086734694,0.025542800352311372,0.027332632122945646,0.28060953747507233,0,7319.990234375,overall|small
2401317,6,yellow traffic light on pole,336,0.006696428571428571,0.0006841635457056342,0.0007058057035073953,0.021825336274646577,0,10389.98828125,overall|small
2401318,0,yellow tail with red lion on airplane,1113,0.022181919642857144,0.02786010349423182,0.02896672621482707,0.42171805245535715,0,16203.83984375,overall|part
2401318,1,glass over the cockpit.,30,0.0005978954081632653,1.3795198842584155e-05,1.5979194013726536e-05,0.0001009223439420263,0,189.4757843017578,overall|small
2401318,2,black stripe underneath wing.,260,0.005181760204081632,0.009622988960327298,0.010731448735205599,0.08522422497089092,0,2064.80029296875,overall|small
2401318,3,propeller on the front of a plane,2387,0.047572544642857144,0.03583136724613684,0.04280275817539182,0.18032549253606775,0,10056.2900390625,overall
2401318,4,blue circle with white star,528,0.010522959183673469,0.001733206759730547,0.0022388262479746306,0.007615996129585035,0,1796.1402587890625,overall|small
2401318,5,pilot inside the plane.,42,0.0008370535714285714,7.088917445265984e-05,7.135968283497913e-05,0.01063704774493263,0,6260.6220703125,overall|small
2401318,6,clear blue sky,5724,0.11407844387755102,0.17139889522512,0.2078814058683629,0.4940935370807128,0,13604.8310546875,overall
2401319,0,Cabinets are on the wall.,6324,0.1260363520408163,0.03405535880399172,0.13894666910980846,0.04316494270339184,1,1964.6033935546875,overall
2401319,1,designer tile border on counter,114,0.002272002551020408,0.00019555141555902957,0.00019763523942029502,0.018208888539096767,0,10503.2548828125,overall|small
2401319,2,white wall with grey floorboards,3013,0.060048628826530615,0.0379576742055924,0.08687300890854249,0.06315492262208813,0,2190.39013671875,overall
2401319,3,white tiles on floor,1617,0.0322265625,0.01857299424522799,0.021186558915258665,0.13085788403607182,0,9987.33203125,overall
2401319,4,black kitchen stove,1798,0.035833864795918366,0.10170489062244514,0.10240226449723658,0.9372424167043243,1,16456.294921875,overall
2401319,5,two panel kitchen window,1176,0.0234375,0.11652253744367291,0.12121997648004741,0.7504322285554847,0,7280.2216796875,overall|part
2401319,6,beige wall phone ,200,0.003985969387755102,6.04848999728846e-05,6.722421988282861e-05,0.0006029686331748963,0,1793.9029541015625,overall|small
2401320,0,Two people are surfing,7107,0.14164142219387754,0.21145871675495756,0.23910348757104719,0.6465102078056846,1,19216.56640625,overall
2401320,1,A cloud in the sky.,8307,0.16555723852040816,0.04719774451601322,0.38586006577586984,0.05103123918457325,0,1098.6275634765625,overall
2401320,2,Water in the ocean.,3672,0.07318239795918367,0.0174000439580281,0.029373133911845508,0.040939306122025634,0,5117.91259765625,overall
2401320,3,Ripples in the water.,5031,0.1002670599489796,0.20309187131976736,0.3529236076318587,0.32358212092836913,0,4612.73095703125,overall
2401321,0,a pedestrian directional sign,319,0.006357621173469388,0.019379785541341062,0.019443929855401002,0.8545360027062108,0,14019.64453125,overall|small|text
2401321,1,Yellow and white train.,4312,0.0859375,0.1122334890279918,0.12809881534218648,0.475392923726664,0,16002.4453125,overall
2401321,2,train on the track pulling into the station,84,0.0016741071428571428,0.002945634668780511,0.0029831370257436484,0.18983171099708193,0,5345.333984375,overall|small
2401321,3,"a small, vacant picnic area",1643,0.03274473852040816,0.006186737475397141,0.007759345897068871,0.02962152129328258,0,6272.19873046875,overall
2401321,4,outside board posted with train schedules,96,0.001913265306122449,0.0020544131588944845,0.002153470673207978,0.04275269309679667,0,1905.880859375,overall|small
2401321,5,the back of a parked van,224,0.004464285714285714,8.478507425826072e-05,9.162050747991701e-05,0.0011351487732359342,0,2775.288330078125,overall|small
2401321,6,An iron gate over the tracks.,3888,0.07748724489795919,0.12690489995716303,0.22618521171705233,0.22427755913126124,1,3855.20849609375,overall
2401322,0,two metal handles to wooden cabinets,224,0.004464285714285714,0.021975866435123944,0.022403657265546773,0.5350759710584369,0,5349.88623046875,overall|small
2401322,1,Oven,4554,0.09076052295918367,0.0036576498516752245,0.0076150497639577985,0.006989063167446373,0,4179.6435546875,overall
2401322,2,the door is white,2294,0.04571906887755102,0.06794534844429688,0.19459326321628634,0.09452879688691967,0,1114.370849609375,overall|part
2401322,3,lady is wearing a jacket,8712,0.17362882653061223,0.4906968649693365,0.5057528727683807,0.9428022680641643,1,16240.52734375,overall
2401322,4,the man is wearing eyeglasses,1715,0.0341796875,0.07639005300672937,0.08201428491286357,0.5269504202350583,0,11019.0556640625,overall
2401322,5,white cabinet with glass door,1836,0.03659119897959184,0.21146517428345044,0.21745807652894866,0.884702462256604,0,7469.548828125,overall|part
2401322,6,Blue Moon beer on counter,264,0.0052614795918367345,0.026609783951812592,0.027344778934616745,0.4974852475253018,0,4802.96826171875,overall|small
2401323,0,a toilet in the bathroom,20550,0.40955835459183676,0.08721732859063926,0.27880439935638224,0.11262697688564477,0,8301.462890625,overall
2401323,1,another metal pipe on the wall,2520,0.05022321428571429,0.04437778729493111,0.06455347424258887,0.12433538285512773,0,4853.73046875,overall
2401323,2,Brown tile wall in bathroom,2365,0.04713408801020408,0.0026451925820746773,0.00459051272785872,0.0062033308484841605,0,3195.91259765625,overall
2401324,0,napkins on the table,4077,0.08125398596938775,0.010311727557100595,0.013686882636311109,0.04013758405096425,0,11956.041015625,overall
2401324,1,white plates on top of table,840,0.016741071428571428,0.030398841684726848,0.03177639329199325,0.4121862502325149,0,10896.02734375,overall|small
2401324,2,man wearing grey tie,780,0.015545280612244899,0.02766084425527468,0.031097985218490873,0.20016964643429488,0,5020.6572265625,overall|small
2401324,3,two champagne glasses ,171,0.0034080038265306123,0.0008589381602966439,0.0009229277488235864,0.012236946507504112,0,2267.2607421875,overall|small
2401324,4,pearl earring on woman's ear,90,0.001793686224489796,0.00863156700070089,0.008646022954429903,0.8377279493543837,0,8720.25390625,overall|small
2401324,5,The couple is holding a knife.,1131,0.0225406568877551,0.0044963193182492745,0.006275876555064079,0.015609429221992257,0,2813.03564453125,overall
2401324,6,The red flower is a decoration on the cake.,220,0.004384566326530612,0.0001264661099463744,0.00012972189651553804,0.00501358834179965,0,8502.7236328125,overall|small
2401325,0,The woman is wearing a white shirt with black sleeves,363,0.00723453443877551,0.0518061655686434,0.053494735168181415,0.6213907289110925,0,4216.580078125,overall|small|text
2401325,1,a red motorcycle between a blue and black motorcycle,989,0.01971061862244898,0.024733916358785735,0.02608908079918228,0.3225700602131256,0,12228.1728515625,overall|small
2401325,2,the building has a window,4620,0.09207589285714286,0.010096820431577917,0.029140205119906046,0.015215088485123275,0,2412.258544921875,overall|part
2401325,3,the motorcycle is red and black,3213,0.06403459821428571,0.005626488630931005,0.0075624886906942145,0.021505774347499416,0,9136.9462890625,overall
2401325,4,black bike next to a red building,1475,0.02939652423469388,0.02573902916164026,0.028209871100302677,0.22712201651880295,0,11875.4521484375,overall
2401325,5,The sign on the wall says Claro,504,0.010044642857142858,0.08590028769387986,0.09157113350924305,0.5810803004673549,0,3198.21826171875,overall|small|text
2401325,6,blue and black motor bike next to a building,912,0.018176020408163265,0.0021316032038557918,0.002399970850113687,0.01870601637321606,0,7108.37255859375,overall|small
2401326,0,Man has something in his ear,1025,0.0204280931122449,0.0001757892444499447,0.0001944753929381039,0.0018261789694065,0,9625.0400390625,overall
2401326,1,Windows on the door,5320,0.10602678571428571,0.4780817803695471,0.5458811275552493,0.7937820319842576,1,7735.970703125,overall|part
2401326,2,a door is open next to the man,7176,0.14301658163265307,0.37672933124856633,0.554613042307842,0.5401415022187674,0,6988.75634765625,overall|part
2401326,3,roof of a house,117,0.002331792091836735,0.020925118209031257,0.021756687359966533,0.35378496871035325,0,1902.5341796875,overall|small
2401326,4,hands adjusting a suit.,4320,0.08609693877551021,0.004660886101660242,0.005946693530929374,0.02110114097595215,0,15329.0107421875,overall
2401326,5,mans head on a body,2304,0.04591836734693878,0.055980300265746644,0.07115908576343305,0.2078825897640652,0,6730.85498046875,overall|part
2401326,6,lower chin of a man,12,0.00023915816326530612,0.0005973571483683952,0.0006008442224694085,0.09332274397214253,0,1863.8323974609375,overall|small
2401327,0,the truck is yellow,36023,0.7179328762755102,0.2329227654628193,0.6681091899471381,0.2633999946648669,1,14201.95703125,overall
2401327,1,bicycle peddle ,324,0.0064572704081632655,0.011033321054378506,0.011269350164747971,0.34503213858898774,0,9919.86328125,overall|small
2401328,0,The ball in mid air,84,0.0016741071428571428,0.010384191385903378,0.01059180259782074,0.3463092531476702,0,2746.46142578125,overall|small
2401328,1,Large field for playing baseball,33896,0.6755420918367347,0.20630260908963347,0.436335066983397,0.281259795587975,0,21849.22265625,overall
2401328,2,telephone wires suspended on poles,1887,0.037607621173469385,0.020548427423096302,0.04234007641408288,0.03839178444155322,0,1711.03369140625,overall
2401329,0,the edge of a piece of cake ,1104,0.022002551020408163,0.06286994192644538,0.06712741976337473,0.4978071572124094,1,8187.10302734375,overall
2401329,1,crumbly texture of vanilla cake ,1378,0.027463329081632654,0.04375822724200524,0.06893020095745767,0.10700432897825199,0,2139.14892578125,overall
2401329,2,prongs of a fork ,2600,0.05181760204081633,0.009524017724074433,0.012958512444432939,0.034688072204589845,0,6959.82568359375,overall
2401329,3,BROWN CRUST OF A CAKE,209,0.004165338010204082,0.008687399236099059,0.00901638944714233,0.1923036712208433,0,4457.60107421875,overall|small
2401329,4,CHOCOLTAE CAKE ICING,630,0.012555803571428572,0.0014083259224465738,0.001507591831666056,0.020940918392605253,0,8750.8955078125,overall|small
2401329,5,SILVER HANDLE OF A FORK,5044,0.10052614795918367,0.3040206466900002,0.38384945299655115,0.5938022743606265,1,7802.8994140625,overall|part
2401329,6,AIR POCKET IN A YELLOW CAKE,110,0.002192283163265306,0.0006862105420206828,0.000692090212501675,0.0747364651073109,0,11878.525390625,overall|small
2401330,0,the sky is grey and hazy,17840,0.3555484693877551,0.0006108723856921713,0.013779108518476345,0.0006388023295210081,0,827.0661010742188,overall
2401330,1,specks of yellow on the side of the plane,702,0.013990752551020409,0.004988149178803504,0.005385605055197852,0.0633111720071559,0,8252.451171875,overall|small
2401330,2,wheel of the plane,378,0.007533482142857143,0.011741732775487013,0.012843529480504162,0.12039362185846561,0,3543.32421875,overall|small|part
2401330,3,the front landing gear of the jet,112,0.002232142857142857,0.0025065820633195794,0.0025155168765089077,0.4137324265071324,0,18420.87890625,overall|small
2401330,4,green grass next to cement,783,0.015605070153061224,0.002894519261695816,0.0031642520171652594,0.03284065811722367,0,8126.4814453125,overall|small
2401330,5,the tarmac marker cones,21,0.0004185267857142857,0.0005245767496096249,0.0005264330180777954,0.1295026938120524,0,5166.0068359375,overall|small
2401330,6,nondescript buildings,980,0.01953125,0.016351603252632015,0.01878841327299167,0.11195963645467953,0,5839.79296875,overall|small
2401331,0,black and white flower shaped knob,520,0.010363520408163265,0.003052196695340065,0.0031883462377942087,0.06670820529644306,0,10879.705078125,overall|small
2401331,1,display area on small cell phone,2592,0.051658163265306124,0.01352804136084761,0.019954793980225594,0.04031078020731608,0,5236.1123046875,overall
2401331,2,this is a jacket,1333,0.026566485969387755,0.00040486955112467295,0.0007997828889695646,0.0008192745617968823,0,1365.48681640625,overall
2401331,3,this is a hand,2756,0.05492665816326531,0.03102273809962157,0.043128000708776856,0.09952597209780932,0,6359.98828125,overall|part
2401331,4,orange fall colored sweater,2378,0.04739317602040816,0.03829914943924659,0.04403886598117106,0.22711656472580688,0,12263.78515625,overall
2401331,5,person holding on to handlebar,2850,0.0568000637755102,0.021184404597450246,0.02857068329851892,0.07573678535327577,0,7554.94140625,overall
2401331,6,person wearing a floral shirt,2120,0.04225127551020408,0.03966242533162606,0.0505613639241858,0.15540420244324882,0,6515.9814453125,overall|text
2401332,0,A lot of meat is in the sandwich.,17286,0.34450733418367346,0.03495487867553635,0.17784335077461585,0.04169205737640829,0,4052.38037109375,overall
2401332,1,The bowl has cut tomatoes in it.,3854,0.07680963010204081,0.1886421101966701,0.19469406818599205,0.8585312135119356,0,16994.76171875,overall
2401332,2,White doily sitting on white surface.,1320,0.026307397959183673,0.001084816279963222,0.0016582622341699477,0.003127207178058046,0,2489.30078125,overall
2401333,0,black and white sign on front of train,88,0.001753826530612245,0.00849012188309419,0.00849710772929762,0.9117138602516868,0,9442.1328125,overall|small|text
2401333,1,The tracks are brown.,2112,0.042091836734693876,0.011391934701997975,0.012950301627875513,0.08648182406569972,0,14103.888671875,overall
2401333,2,The sky is blue.,17640,0.3515625,0.08184150520856778,0.4970868672245847,0.08922979999291383,1,3166.47607421875,overall
2401333,3,rock and gravel on ground on the side of train ,546,0.010881696428571428,0.04559456016564314,0.0460724536446054,0.8146655742938702,0,9654.51953125,overall|small
2401333,4,Graffiti on the train car.,1221,0.0243343431122449,0.1969905487039175,0.22341250907574786,0.6248591842463913,1,3414.9970703125,overall
2401333,5,The text is red.,165,0.003288424744897959,0.0004280549346204747,0.0007988483104479397,0.0009213646252950032,0,190.305419921875,overall|small|text
2401333,6,trees next to a train track,648,0.012914540816326531,0.0030592306844195267,0.003243588854696534,0.05107490516003267,0,10203.6787109375,overall|small
2401334,0,Military men posing for picture with medals around their necks,27192,0.5419323979591837,0.539670988119412,0.84832151147821,0.5973064515758312,1,19145.9921875,overall
2401334,1,beams on the ceiling of a building,4914,0.09793526785714286,0.009324277974424726,0.024264758975364373,0.014917607321019186,0,3021.052978515625,overall
2401334,2,an american flag on the wall,4270,0.08510044642857142,0.07490067189472965,0.14095775042945066,0.13780386073807085,0,4174.4599609375,overall|text
2401335,0,part of a lounge,35,0.0006975446428571429,0.00024048410467294797,0.00024102775487666467,0.09634647369384766,0,13990.615234375,overall|small
2401335,1,a round turquoise and white swing chair,3723,0.07419882015306123,0.014834077434045911,0.02661611234297344,0.03242424230501276,0,4535.427734375,overall
2401335,2,light blue pillows ,912,0.018176020408163265,0.017285813645355485,0.021434165086131305,0.08199127933435273,0,3488.63818359375,overall|small
2401335,3,silver part on a seat,204,0.004065688775510204,0.004530346881191254,0.004594979101182924,0.24361703910079657,0,10815.69140625,overall|small
2401335,4,rectangular window ,936,0.01865433673469388,0.010980665050712792,0.012596627454167005,0.07884671137883113,0,5858.75244140625,overall|small|part
2401335,5,white part of a seat,56,0.0011160714285714285,0.0015341170048872096,0.0015462109710781768,0.16397503444126674,0,5938.77685546875,overall|small
2401335,6,part of a blue surface,104,0.002072704081632653,0.00431388614948768,0.004375873610572913,0.23344019743112418,0,5548.09912109375,overall|small
2401336,0,this is knee cap,135,0.002690529336734694,0.0029212622073385764,0.003010666369264225,0.08956238075538918,0,4016.0283203125,overall|small
2401336,1,this is a  motorcycle,1290,0.02570950255102041,0.032435353083395846,0.037842284085053225,0.1850107710490855,0,6306.8046875,overall
2401336,2,The back tire of the motor cycle.,1600,0.03188775510204082,0.03750696353144767,0.04463295310984284,0.19023178100585938,0,6819.419921875,overall
2401336,3,People in the background.,1225,0.0244140625,0.11137357651165843,0.11194313214587862,0.9563125797193878,1,10464.982421875,overall
2401336,4,the helmet is closed,156,0.0031090561224489796,0.0030677997201278375,0.0033221642123888407,0.03852388797662197,0,1808.9793701171875,overall|small|part
2401336,5,grass on side of the road.,510,0.01016422193877551,0.027397458860798293,0.027790110868972748,0.6597559311810661,0,12107.7431640625,overall|small
2401336,6,the bike has a white stripe,308,0.006138392857142857,0.007819774867696661,0.008035313040262917,0.22572034365170962,0,8652.0419921875,overall|small
2401337,0,a long elephant trunk,5310,0.10582748724489796,0.052757117912793146,0.06822387618163524,0.18878028998940677,0,14693.1455078125,overall
2401337,1,Little green plants on the ground.,2385,0.047532684948979595,0.027903158584952556,0.03870998427747008,0.09086689499189268,0,5598.4921875,overall
2401337,2,Patterned hide of an elephant,7221,0.14391342474489796,0.35930450363373595,0.4120836388651603,0.7372115076686054,1,12918.26171875,overall
2401337,3,the leaves are bright,4845,0.09656010841836735,0.031028657973883322,0.05801045519222696,0.06253909021462203,0,5223.22900390625,overall|part
2401338,0,the bread is toasted,19493,0.388492506377551,0.2375400956106639,0.5409647021635451,0.29750693758656954,1,10720.2978515625,overall
2401338,1,the cup has soup,5405,0.10772082270408163,0.13698628218340178,0.15445133341585834,0.5478042249653099,1,19170.322265625,overall
2401338,2,Green chair next to table.,3456,0.06887755102040816,0.23797986035346463,0.24173514133676904,0.9387226811161747,0,13420.5791015625,overall
2401339,0,the tracks are dark,23192,0.4622130102040816,0.24255403491669159,0.5322946556299798,0.30824867714351933,0,13430.349609375,overall
2401339,1,electrical wire above the ground ,2820,0.05620216836734694,0.09559970592790683,0.1110147468748571,0.4077520275792332,0,10357.7294921875,overall
2401339,2,large door on a building ,759,0.015126753826530613,0.1056327425510235,0.10613583580853395,0.9570538466784009,0,6844.09619140625,overall|small|part
2401339,3,windshield of orange train engine,200,0.003985969387755102,0.019986310125234354,0.025512394055328968,0.08447649002075196,0,662.2388305664062,overall|small
2401339,4,top of tall green evergreen tree,744,0.01482780612244898,0.024088069698518046,0.034574968998780306,0.07357448147189233,0,1583.2093505859375,overall|small
2401339,5,small windows on a building ,168,0.0033482142857142855,0.00011420409535340672,0.00011831590249727584,0.003275421758492788,0,4650.861328125,overall|small
2401339,6,black power line and electric tower,5037,0.10038663903061225,0.03785432099274869,0.05099962898775428,0.12805609582837005,0,12647.5146484375,overall
2401340,0,Large object on top of bus.,1722,0.03431919642857143,0.16444388987813063,0.17797323220978314,0.683863977660424,0,6616.802734375,overall
2401340,1,bus tire in the water.,56,0.0011160714285714285,6.2472097262322005e-06,6.288875055730643e-06,0.0009420520759054593,0,8388.609375,overall|small
2401340,2,the trousers are folded,40,0.0007971938775510204,0.001656546594633807,0.001669498570659222,0.17595599889755248,0,4215.78076171875,overall|small
2401340,3,rocks on the shore.,576,0.011479591836734694,0.0063786933965881785,0.006871132746142305,0.08172934585147434,0,6851.287109375,overall|small
2401340,4,Person has dark hair.,264,0.0052614795918367345,0.01030358547734783,0.010644588898928541,0.24335942123875473,0,6035.63818359375,overall|small|part
2401340,5,Person wearing big sweater.,540,0.010762117346938776,0.012256042279183654,0.012556574908116954,0.33865520336009836,0,14563.98828125,overall|small
2401340,6,rock in the background.,1537,0.03063217474489796,0.02261562985544388,0.031816534552206115,0.07253204822230044,0,3503.893798828125,overall
2401341,0,Marquee display on the side of the bus.,234,0.00466358418367347,0.009273515099245858,0.00995853420614505,0.11879883464585003,0,2791.4677734375,overall|small
2401341,1,Windshield wipers on the front of the bus.,1269,0.02529097576530612,0.029112149491853232,0.03479213307071402,0.15133652563072547,0,5519.8125,overall
2401341,2,Sign that reads Tesco Free Bus,1012,0.020169005102040817,0.000426068006513377,0.0005323911974413816,0.002128904751638179,0,4046.745361328125,overall|text
2401341,3,black letters on the bus,476,0.009486607142857142,0.017130225164035933,0.01741519436036017,0.5114496054769564,0,13979.1728515625,overall|small|text
2401341,4,Patch of green grass,1110,0.022122130102040817,0.014982745654027874,0.017598205775237033,0.0915795678490991,0,5776.345703125,overall
2401341,5,yellow hand railings,1540,0.030691964285714284,4.4874815928555625e-06,5.19333483507349e-06,3.301568039051898e-05,0,9790.26953125,overall|part
2401341,6,yellow step ,264,0.0052614795918367345,5.863740994716086e-06,6.050841964493086e-06,0.00018959732331109768,0,8272.1865234375,overall|small
2401342,0,spice rack with jars on it,448,0.008928571428571428,0.0005096132393674756,0.0005437992047657532,0.008041276995624815,0,6624.67333984375,overall|small
2401342,1,Stainless steel double door fridge,3807,0.07587292729591837,0.08643548531990894,0.10105706374593566,0.3739823305547347,0,14088.58203125,overall|part
2401342,2,cutting board on countertop,1344,0.026785714285714284,0.007734285100006216,0.009823196441896682,0.03509440024693807,0,4801.5810546875,overall
2401342,3,various items on shelf,1092,0.021763392857142856,0.03250402444257174,0.03744100224562266,0.19775608607700892,0,5767.7314453125,overall
2401342,4,two silver tea kettles ,1088,0.021683673469387755,0.01668404420683384,0.01887289157945071,0.1257631498224595,0,7250.09765625,overall
2401342,5,the floor is tiled,6969,0.13889110331632654,0.03798040113323391,0.06459932495949736,0.08439294883759775,0,9104.34375,overall
2401342,6,Iron skillet hanging from ceiling,560,0.011160714285714286,0.0004290120121924896,0.0005234103598175199,0.0023730971983500888,0,2538.991455078125,overall|small
2401343,0,There are trees on the land,18020,0.3591358418367347,0.22717901334414634,0.7130799411824892,0.2500345211050222,1,6318.537109375,overall
2401343,1,calm gray waters in the bay,500,0.009964923469387755,0.013360179752518339,0.013759547367843994,0.31521051025390623,0,11454.2470703125,overall|small
2401343,2,white and blue building,924,0.018415178571428572,0.0006651618668400245,0.0007478350779536217,0.00598085287845496,0,7389.74169921875,overall|small
2401343,3,red thing in the water,650,0.012954400510204082,0.012643563113796085,0.01621359096049886,0.054303624079777645,0,2177.022705078125,overall|small
2401343,4,large white boat in the water,3128,0.0623405612244898,0.059567008985079356,0.07486858009014906,0.22567870001048992,0,9428.828125,overall
2401343,5,The motor boat is black and white,2170,0.043247767857142856,0.10553887928608033,0.12947318948113679,0.3634282969110023,1,6091.140625,overall
2401343,6,large gray home on the shore,1672,0.033322704081632654,0.018759847173377257,0.022622548460193348,0.09899369381261214,0,7316.4814453125,overall
2401344,0,four birds standing,19323,0.38510443239795916,0.04094745824506669,0.30358054641231996,0.04519258959226861,0,2876.52294921875,overall
2401344,1,ripples in the water,475,0.009466677295918368,0.0003754448584365429,0.0003892079494614394,0.01050570437782689,0,12821.4482421875,overall|small
2401344,2,Concrete on the side of the water,2610,0.05201690051020408,0.07842291442095892,0.1172343371641674,0.1915176450064356,0,4263.77685546875,overall
2401344,3,crack in concrete by water,1472,0.029336734693877552,0.006269857500011203,0.00963660684724457,0.017629752988400665,0,2692.9599609375,overall
2401345,0,Nut and bolt on top of fire hydrant,30,0.0005978954081632653,0.0018297147787688373,0.00183587082522118,0.3530279795328776,0,5768.8369140625,overall|small
2401345,1,the road is wet,6900,0.13751594387755103,0.03511156991520292,0.0764260685027908,0.06099011407382247,0,5506.390625,overall
2401345,2,Grayish colored sidewalk,2928,0.05835459183673469,0.036555294602499504,0.07756370465509536,0.0646697080851904,0,2441.256591796875,overall
2401345,3,car tire with hubcap,171,0.0034080038265306123,0.003450167694491167,0.00357866766467284,0.0876625406811809,0,4188.7919921875,overall|small
2401345,4,Red fire hydrant,6603,0.1315967793367347,0.17083516545562727,0.19665951740448293,0.5653981485096736,0,18983.693359375,overall
2401345,5,dirty line in the sidewalk,5520,0.11001275510204081,0.0860831226284006,0.13714191503012454,0.18779475999915082,0,7558.791015625,overall
2401345,6,Thick white line on road,2021,0.04027822066326531,0.04906469958987601,0.063271010684455,0.1793327803425362,0,5728.240234375,overall
2401346,0,part of a glass of wine,2484,0.049505739795918366,0.1340608013053971,0.15287717523503203,0.5213483973209793,1,8471.044921875,overall
2401346,1,salt shaker with finger puppet,8256,0.16454081632653061,0.032087214514119264,0.0525542654416637,0.07612024351607921,0,11958.091796875,overall
2401346,2,Lights in the ceiling.,1740,0.034677933673469385,0.022253262485166368,0.07998973377135159,0.029908217506847162,0,650.5872192382812,overall
2401346,3,A horse shaker cover.,3060,0.06098533163265306,0.11915142270774136,0.12223587609774102,0.8252338484221814,0,20658.546875,overall
2401346,4,painting hanging on wall,1144,0.022799744897959183,0.16756927711712544,0.2076465968581395,0.46472584117542615,1,2560.34228515625,overall
2401347,0,black computer monitor screen,6171,0.12298708545918367,0.2706037646599283,0.5191225448696578,0.36112651413871333,1,4292.84326171875,overall
2401347,1,clear water bottle sitting in seat to chair,480,0.009566326530612245,0.0013988467108821804,0.0015777596198989139,0.012185536821683248,0,3707.19189453125,overall|small
2401347,2,mini blinds in a window.,2650,0.052814094387755105,0.23148835097769577,0.26871649532635206,0.6255952424823114,0,6169.42919921875,overall|part
2401347,3,a section of a wooden floor.,72,0.0014349489795918368,0.004881028272074316,0.004891649678733096,0.6921124988132052,0,10187.1767578125,overall|small
2401347,4,coffee cup on desk,377,0.007513552295918368,0.023154467025704076,0.023274539187569995,0.8177913594941562,0,13246.5498046875,overall|small
2401347,5,a large door in a room.,3741,0.07455755739795919,0.00033887529130536973,0.0007932530507825325,0.0005912589567990521,0,2788.39111328125,overall|part
2401347,6,white cordless phone on chair,204,0.004065688775510204,0.006432700544296111,0.006524846577152612,0.31295019037583294,0,9784.419921875,overall|small
2401348,0,the socks are white,4416,0.08801020408163265,0.006955117418888232,0.015509342426014268,0.012453027393506922,0,3545.7705078125,overall
2401348,1,blue and white advertising wall sign,2080,0.04145408163265306,0.10418030986957949,0.1555202614985869,0.23988221975473256,0,3208.2958984375,overall|text
2401348,2,Man wearing a red bandana on his head,1224,0.024394132653061226,0.07112396132168938,0.07304257373889007,0.7302929248685152,0,12237.7744140625,overall|part
2401348,3,the line is white,1500,0.029894770408163265,0.014725043370858379,0.02062619774074769,0.04894886779785156,0,3559.7109375,overall
2401348,4,green turf on tennis court,3481,0.06937579719387756,0.005419064571755138,0.00693985802866994,0.024132132153509678,0,12104.5634765625,overall
2401348,5,Concrete wall in between blue advertisement signs,4360,0.08689413265306123,0.0069594480557527965,0.011528863860030268,0.017256035061057554,0,6525.90869140625,overall
2401348,6,Logo on front of white shirt,90,0.001793686224489796,0.0007214684721019757,0.0007281626430292261,0.07276752259996203,0,8993.9755859375,overall|small|text
2401349,0,power display is green,130,0.002590880102040816,0.001130723340997302,0.0011937713171379127,0.020960732606741098,0,2282.593994140625,overall|small
2401349,1,a blue duffle bag,980,0.01953125,0.004914247895451886,0.005163416335973277,0.09242388666892538,0,17541.759765625,overall|small
2401349,2,Wall outlets on wall,720,0.014349489795918368,0.0681289592085614,0.06954767333638708,0.769574228922526,0,7967.1025390625,overall|small
2401349,3,cat sleeping in photograph,7392,0.14732142857142858,0.3005409380387272,0.5437387886726003,0.401894474442387,0,5463.66015625,overall
2401349,4,bottom wheels of black office chair,2418,0.04819036989795918,0.00010281009752783168,0.0003161081143467713,0.00015234157159567076,0,1165.3035888671875,overall
2401349,5,purple and green graphs on a computer screen,6177,0.12310666454081633,0.15063180386242508,0.49390836441491465,0.17812493280895864,0,2227.696044921875,overall
2401349,6,a very well used and dirty control pad,2880,0.05739795918367347,0.12143343108578777,0.13133711752173896,0.6169142829047309,0,13527.8828125,overall
2401350,0,black hair on girl's head.,162,0.0032286352040816328,0.005330912796646711,0.005446935888107034,0.2001729894567419,0,5953.443359375,overall|small|part
2401350,1,man wearing light-colored t-shirt in middle of frame,3322,0.06620695153061225,0.056896759761533765,0.10513366854322014,0.11032665787799613,0,3486.08740234375,overall|text
2401350,2,yellow paint on the wall.,54,0.0010762117346938774,0.008023835372753597,0.008104787414043402,0.4454713750768591,0,2968.054931640625,overall|small
2401350,3,the head of a man,2660,0.053013392857142856,0.027349968686488705,0.040808809791097994,0.07657788498957355,0,4991.5,overall|part
2401350,4,white cord for the controller.,442,0.008808992346938776,0.012435643401340346,0.012646874904452777,0.4267856718727906,0,14915.8798828125,overall|small
2401350,5,orange t-shirt on boy's torso.,259,0.005161830357142857,0.009927025798168228,0.010006961551812963,0.5541168566376086,0,14341.642578125,overall|small|text
2401350,6,shoe on boy's foot.,96,0.001913265306122449,0.00018892961979056697,0.0001940464750368338,0.007113808145125707,0,3519.391845703125,overall|small|part
2401351,0,a taillight on a truck,54,0.0010762117346938774,0.00704319666008051,0.00707710394209833,0.5951500645390263,0,4541.1376953125,overall|small
2401351,1,back wheel  of  truck,8,0.00015943877551020407,0.0003383372279347134,0.0003384981244802265,0.4158203601837158,0,9827.4189453125,overall|small|part
2401351,2,part of a bolt,40,0.0007971938775510204,0.0008404089973750349,0.0008432809048896209,0.19792749881744384,0,9388.44921875,overall|small
2401351,3,"""stop here on red"" printed on traffic sign",4209,0.08388472576530612,0.08689090244914897,0.10435177241081703,0.34179693300442504,0,13786.28515625,overall|text
2401351,4,a section of a freeway.,630,0.012555803571428572,0.004951045675834809,0.005182873814462111,0.09965733119419642,0,12113.765625,overall|small
2401351,5,a patch of clear sky.,420,0.008370535714285714,0.0006776451806685683,0.002212429532062834,0.0009758889675140381,0,185.2593994140625,overall|small
2401351,6,part of the sky,784,0.015625,0.0012527884290235713,0.004191017684963478,0.0017837590100813884,0,333.6819763183594,overall|small
2401353,0,a yellow fire hydrant,13608,0.27120535714285715,0.11870878325591074,0.21836108341939442,0.2064236613458076,0,12864.07421875,overall
2401353,1,pole holding up power lines ,540,0.010762117346938776,0.02006218885675869,0.02119429156588333,0.2730380022967303,0,6956.61474609375,overall|small
2401353,2,window in a yellow house,60,0.0011957908163265306,0.0011250954977411382,0.0011367233409027956,0.09908929665883383,0,5230.25927734375,overall|small|part
2401353,3,a silver vehicle parked next to the grass,4266,0.08502072704081633,0.18647921742966567,0.32372230742248165,0.3054871091918659,0,4025.697265625,overall
2401353,4,window in a white house,98,0.001953125,0.010331826626497329,0.010747377632921684,0.21086579926159918,0,1922.780517578125,overall|small|part
2401353,5,a wood electric pole,654,0.013034119897959183,0.006583501373890634,0.0071945485718249505,0.07193866928053923,0,6539.38037109375,overall|small
2401354,0,a white ceramic plate with a cup on it,2080,0.04145408163265306,0.033149228825995435,0.06808684311570914,0.060681493465717024,0,1853.7723388671875,overall
2401354,1,A white plate with bread,1980,0.03946109693877551,0.042170253513227784,0.05495366884254277,0.15346248125789141,0,5529.30712890625,overall
2401354,2,French bread,805,0.016043526785714284,0.0335901223579848,0.03404171600158947,0.7168796705163043,0,16952.380859375,overall|small
2401354,3,a white ceramic dinner plate,5904,0.11766581632653061,0.018164003746288546,0.032015799847654514,0.04029112198165439,0,7430.04345703125,overall
2401354,4,Circular shape tomato on white plate,420,0.008370535714285714,0.005521458539800371,0.005663264533588758,0.18066962105887277,0,13398.8515625,overall|small
2401354,5,A piece of broccoli,2397,0.047771843112244895,0.01197357362569168,0.04491520313178937,0.01606346260869707,0,857.2625122070312,overall
2401354,6,turkey and cheese on sandwich,1785,0.03557477678571429,0.03450181505579287,0.047681013218225245,0.11097210368522409,0,4154.38330078125,overall
2401355,0,A white piece of paper in hand,775,0.01544563137755102,0.0006028478501975588,0.0007318341666705555,0.0034087396437121977,0,3609.797607421875,overall|small|part
2401355,1,black glasses on a man's face,480,0.009566326530612245,0.006018998232466351,0.006806887626829503,0.04943011204401652,0,3485.65380859375,overall|small|part
2401355,2,the man's shoe is brown,2201,0.043865593112244895,0.014047782697698276,0.022953190938463694,0.034942207527073985,0,3350.636474609375,overall|part
2401355,3,the plant is green,5680,0.1132015306122449,0.389072005234978,0.5154016934900936,0.613502910775198,0,6761.12744140625,overall
2401355,4,a game controller is on the table,1000,0.01992984693877551,0.03856346061335798,0.03940265443513558,0.644212890625,0,16349.4794921875,overall|small
2401355,5,A brown necklace on the man,576,0.011479591836734694,0.019870687842847908,0.020323563200032396,0.4713837305704753,0,13359.7158203125,overall|small
2401355,6,a vent in a wall,480,0.009566326530612245,0.0025012337433842355,0.0028624002567842915,0.01943802833557129,0,3259.5908203125,overall|small
2401356,0,a stack of khaki pants,3416,0.06808035714285714,0.0010141433744469321,0.0014026995858452773,0.0036477333488732365,0,8883.33984375,overall
2401356,1,three bras in white grey and black,2090,0.04165338010204082,0.02673865504374413,0.028977732431565838,0.25708378695985346,0,18542.0,overall
2401356,2,A brown wooden coffee table.,3944,0.07860331632653061,0.20770435497205805,0.2511715637445941,0.5454962616276305,0,8565.6083984375,overall
2401356,3,a pair of black mary janes with brown inner soles,2379,0.04741310586734694,0.03704031028324886,0.07509034160089949,0.06811839645276704,0,2158.115966796875,overall
2401356,4,An empty black piece of luggage,4488,0.08944515306122448,0.06883958260784612,0.14272890725242762,0.11736762714895972,0,3690.5341796875,overall
2401356,5,a pair of dark grey sneakers with white shoelaces,1681,0.033502072704081634,0.009607243513470557,0.020555501181390195,0.01771813414764858,0,1448.964111328125,overall
2401356,6,a gray hat,1716,0.03419961734693878,0.04574117399463649,0.054638336327326134,0.21929952981588724,0,6887.43505859375,overall
2401357,0,the left bare foot of a woman,224,0.004464285714285714,0.0134737956964205,0.013919426215166982,0.2962002754211426,0,4766.6376953125,overall|small
2401357,1,television displaying video game boxing match,9775,0.19481425382653061,0.4704017841735007,0.5068618061948271,0.8673644301470588,1,16727.4140625,overall
2401357,2,footrest on the carpet.,480,0.009566326530612245,0.005930187340339681,0.006752416232753225,0.04643905162811279,0,3301.15087890625,overall|small
2401357,3,tall plant on brown end table,6942,0.13835299744897958,0.5033370271085853,0.6114352434107079,0.7400586725277297,1,8402.3408203125,overall
2401357,4,a white wii controller in a woman's hands,480,0.009566326530612245,0.007631539024315121,0.008097937074893872,0.1170011043548584,0,6935.1650390625,overall|small
2401357,5,wii box on living room floor,2475,0.049326371173469385,0.03972040554281835,0.05203407636096738,0.14372356376262627,0,6836.208984375,overall
2401357,6,fan near the footrest.,224,0.004464285714285714,0.00023985179578889996,0.0002565428123136591,0.003673008510044643,0,3207.082275390625,overall|small
2401358,0,There are white stripes on the road,5117,0.10198102678571429,0.02811606347919342,0.05969349034794879,0.05046780817159713,0,4326.1630859375,overall
2401358,1,a sign.,940,0.01873405612244898,0.0014116542671323703,0.002759034120742902,0.0028823172792475276,0,982.00244140625,overall|small|text
2401358,2,The awning is painted on the building,2916,0.058115433673469385,0.09076153930522168,0.10703141576455592,0.37385531871570643,0,10185.4404296875,overall
2401358,3,The sky is white.,2000,0.03985969387755102,0.00041209209073459234,0.0029793996301512547,0.0004780105650424957,0,320.8771057128906,overall
2401358,4,a grey fire hydrant,5600,0.11160714285714286,0.08895046013798759,0.11440967856940501,0.2855761064801897,0,13978.0673828125,overall
2401358,5,a window in a building.,675,0.013452646683673469,0.001241637510746925,0.001622320480419323,0.005263517521045826,0,2189.995361328125,overall|small|part
2401359,0,woman wearing black watch,20295,0.404476243622449,0.21433742353999788,0.8648807451702709,0.22176331724254741,1,5203.8232421875,overall
2401359,1,balcony railing,1656,0.03300382653061224,0.1306046651709008,0.13595451407497997,0.7684663781797253,0,9360.3388671875,overall
2401359,2,the headband is white,600,0.011957908163265306,0.009727582140054399,0.010052010522640095,0.23159500122070312,0,13823.8017578125,overall|small
2401359,3,woman is wearing wristband,550,0.010961415816326531,0.0016185575287317067,0.001879001139910756,0.011542489311911843,0,3378.587158203125,overall|small
2401359,4,plant behind woman,943,0.018793845663265307,0.004117170719366598,0.005290608249080813,0.018224544262203407,0,3248.349609375,overall|small
2401359,5,the floor is red,2478,0.04938616071428571,0.05386685148142232,0.06141564881239656,0.3047110470578592,0,12294.48828125,overall
2401359,6,woman wears a watch,600,0.011957908163265306,0.0005806825945644837,0.0007018155847681977,0.0033530553181966146,0,2866.6123046875,overall|small
2401360,0,this is a pillow ,135,0.002690529336734694,0.0005884645762601295,0.0005984160445830001,0.03417699955127857,0,7710.17919921875,overall|small
2401360,1,white lamp on window sill,646,0.01287468112244898,0.053602597890217034,0.0542702781450033,0.8133254863160313,0,9681.326171875,overall|small|part
2401360,2,white wall in a bedroom,6039,0.12035634566326531,0.16122673521855402,0.36699499682319,0.2233333066512978,0,3675.0087890625,overall
2401360,3,wooden baseboard of a bed frame,286,0.005699936224489796,0.0001766395362980233,0.00018510215748142837,0.0038487506913138436,0,5946.6767578125,overall|small
2401360,4,the room has wooden floors,9348,0.18630420918367346,0.029690214187507304,0.06113646592061202,0.054572399630728165,0,8344.3291015625,overall
2401360,5,this is a bed cover ,462,0.009207589285714286,0.027606635751755895,0.02826127447216005,0.5437540822214895,0,8888.9970703125,overall|small
2401361,0,this is a tent,399,0.007952008928571428,0.005868963737755895,0.005955865943640794,0.28685074043751957,0,19216.927734375,overall|small
2401361,1,this is the roof ,300,0.005978954081632653,0.0001985672836265803,0.0002180554761475556,0.0022168652216593425,0,3049.955810546875,overall|small
2401361,2,the wall is orange,399,0.007952008928571428,2.6937040337639902e-05,3.1782295199450017e-05,0.00017666144478589968,0,2217.8359375,overall|small
2401361,3,an umbrella with rainbow colors in blocks,336,0.006696428571428571,0.012590417049568701,0.012762800640432321,0.48244435446602957,0,12701.076171875,overall|small
2401361,4,a red sign with a white light through the middle,40,0.0007971938775510204,0.0008417335872041557,0.0008567872875943696,0.04571738839149475,0,2134.363525390625,overall|small|text
2401361,5,Street name signs corner building,360,0.007174744897959184,0.0009120378235233388,0.0009462378904597686,0.02461292478773329,0,9364.0859375,overall|small
2401361,6,dome in the background,396,0.007892219387755101,0.011945174542722009,0.014937691773406226,0.056271244781185885,0,1491.7574462890625,overall|small
2401362,0,black suitcase handle,1025,0.0204280931122449,0.014044863265253074,0.016469127311579127,0.08710242294683689,0,5421.05126953125,overall|part
2401362,1,white wall trim on yellow painted wall,3286,0.06548947704081633,0.010541125519912667,0.0200643972910731,0.021726374936698777,0,3558.1865234375,overall
2401362,2,another piece of luggage or furniture,588,0.01171875,0.023192462926750215,0.02402522492890394,0.40087605171463114,0,9811.1513671875,overall|small
2401362,3,interior of suitcase appears to be black,10184,0.2029655612244898,0.028633338909030786,0.08727238759978158,0.040873138715409894,0,4769.5732421875,overall
2401362,4,gold zipper for closing/opening a suitcase,500,0.009964923469387755,0.015193443456559952,0.0152798574873106,0.7287420043945313,0,23846.4921875,overall|small
2401362,5,the black nose of a dog.,256,0.00510204081632653,0.026881946595304254,0.033676549333902246,0.11757190525531769,0,893.749755859375,overall|small
2401362,6,a door in a bedroom.,3024,0.060267857142857144,0.17252205680375052,0.38434054865682243,0.2384073772127666,1,1875.7945556640625,overall|part
2401363,0,finger nail on man'shand,600,0.011957908163265306,0.007690425774909278,0.010798890239606724,0.02602153778076172,0,1445.78955078125,overall|small
2401363,1,red button on blue remote,224,0.004464285714285714,0.005267601195497947,0.00545761878352131,0.13141228471483504,0,5393.62548828125,overall|small
2401363,2,the right thumb on a hand,1785,0.03557477678571429,0.02579044731192281,0.12615559182216687,0.031399809679731265,0,444.2820129394531,overall|part
2401363,3,lines in man's hand,864,0.01721938775510204,0.06412473130608402,0.0793031225349454,0.25095593487774887,0,2734.14111328125,overall|small|part
2401363,4,the man has a light skin ,168,0.0033482142857142855,0.011630860037769721,0.01180324738477458,0.443317867460705,0,6309.90771484375,overall|small
2401363,5,the cuff of a white sweater,2160,0.043048469387755105,0.03604463814979198,0.03715602227071594,0.5464959038628472,0,31769.578125,overall
2401363,6,this is a shoe ,378,0.007533482142857143,0.0028939832355281895,0.003410374693910317,0.01875412905657733,0,2078.675048828125,overall|small|part
2401364,0,A typical scene in India.,46221,0.9211774553571429,0.16548490073920116,0.9494209451910856,0.16695678734706626,1,8128.01708984375,overall
2401365,0,Ground has a serials of hills,22338,0.4451929209183674,0.01054876023605841,0.030894109141441018,0.015765599720330127,0,11399.32421875,overall
2401365,1,The clouds are long in shape,13065,0.26038345025510207,0.0022659114089288394,0.008239792979664018,0.0031156409256676352,0,4940.154296875,overall
2401366,0,part of a trouser,592,0.011798469387755101,0.0012537245648174182,0.0013029572272227961,0.03211462819898451,0,14591.3154296875,overall|small
2401366,1,a yellow sleeve on a man's shirt,819,0.016322544642857144,0.11387372365959345,0.1311977715054011,0.4630537580366682,1,2890.605712890625,overall|small|text
2401366,2,a white tile floor,2856,0.056919642857142856,0.020051869228198328,0.10163027166077578,0.024371772253212808,0,684.8922119140625,overall
2401366,3,a divider between urinals,900,0.01793686224489796,0.025060954029100524,0.026528854455715255,0.31172987196180557,0,10575.537109375,overall|small
2401366,4,part of  a wall,600,0.011957908163265306,4.467418732904464e-05,5.134214254619408e-05,0.00034386550386746723,0,4018.517578125,overall|small
2401366,5,a white tile wall,3811,0.07595264668367346,0.005157048247709331,0.02301732400036181,0.006602235992759959,0,1093.138427734375,overall
2401366,6,a flushing device for a urinal,315,0.006277901785714286,0.013157177886812123,0.013236938966261437,0.6858833434089782,0,16321.9951171875,overall|small
2401367,0,part of a surface,209,0.004165338010204082,0.0055349276189661685,0.005760232872225758,0.12396576073751495,0,4497.88134765625,overall|small
2401367,1,two white metal canisters in grass,638,0.012715242346938776,0.053807303011519175,0.05737876079960145,0.4636527991220121,0,5155.400390625,overall|small
2401367,2,part of an edge,768,0.015306122448979591,0.04627046956006911,0.04681306489800303,0.7996811072031657,0,13119.3095703125,overall|small
2401367,3,green plant in white pot,440,0.008769132653061224,0.02468878997404223,0.025666618123032434,0.39322086681019175,0,6740.94189453125,overall|small
2401367,4,man is wearing blue jeans,5727,0.11413823341836735,0.21694376581926036,0.32958747424088636,0.38829016814540773,1,6747.03369140625,overall
2401367,5,Skateboard in the air,2520,0.05022321428571429,0.0008235640318792803,0.0011258422592725463,0.003058003243945894,0,6844.802734375,overall
2401367,6,part of a metal,70,0.0013950892857142857,0.0002586471353368059,0.0002611402267584242,0.026377512727464948,0,7070.6298828125,overall|small
2401368,0,large exclamation point in graffiti ,2211,0.044064891581632654,0.0014430923557857299,0.005056288370214865,0.002015386216514308,0,881.2825927734375,overall
2401368,1,boy riding skateboard,5635,0.1123046875,0.15902577206717597,0.18003218231760287,0.5767922564746008,0,18053.57421875,overall
2401368,2,metal gate at a skate park,5100,0.1016422193877551,0.2364686506280405,0.2457989704264429,0.8616789215686275,1,17878.685546875,overall
2401368,3,white graffiti on floor on bottom right,240,0.0047831632653061226,0.0009334832833911792,0.001010747090464508,0.01206428607304891,0,2864.64208984375,overall|small
2401368,4,red stylized graffiti on a wall,684,0.01363201530612245,0.043956380330925804,0.060641854758635275,0.13774929827416849,0,1553.720947265625,overall|small
2401368,5,the word sicko stylized for graffiti,805,0.016043526785714284,0.0025788973563158294,0.006411384051357191,0.004295716078385063,0,539.3611450195312,overall|small|text
2401368,6,potential hazard jutting up from the ground,156,0.0031090561224489796,0.009438852614508159,0.009524149782912791,0.513127938295022,0,8404.7353515625,overall|small
2401369,0,woman on cellphone,18837,0.3754185267857143,0.06970946421479687,0.23816660335758347,0.0897141560036431,0,7095.64453125,overall
2401369,1,part of  a pocket,60,0.0011957908163265306,0.0007047179333755028,0.0007200602245320416,0.032015645503997804,0,2667.747314453125,overall|small
2401369,2,A black fence,2450,0.048828125,0.180062116014866,0.20073972489014033,0.6361064054528062,1,7763.5888671875,overall
2401369,3,The eye glasses the man behind the girl in the white blouse is wearing.,104,0.002072704081632653,9.509485848711495e-05,9.68811272256982e-05,0.005131156398699834,0,5508.1962890625,overall|small|part
2401369,4,A line of trees,3444,0.06863839285714286,0.2347038426653451,0.26989998576123353,0.6428336078143148,1,8202.73828125,overall
2401369,5,part of an edge,416,0.008290816326530613,0.024573554663817113,0.0287661145710533,0.14427870970505935,0,2086.480712890625,overall|small
2401369,6,The black sunglasses the lady is wearing.,143,0.002849968112244898,8.201452572509225e-06,8.270980939243212e-06,0.0009746804729208246,0,16851.60546875,overall|small
2401370,0,man flying a huge red and white kite,16799,0.3348014987244898,0.34937433176968496,0.5005151578009114,0.5363891754159473,1,18003.0546875,overall
2401370,1,shadow on cut grass,7018,0.13986766581632654,0.006757775709319362,0.01569162015040323,0.011730287583949865,0,5246.3134765625,overall
2401371,0,pan handle for holding dish ,7904,0.15752551020408162,0.08018054030522538,0.2897479642810092,0.09979463492327856,0,2722.285888671875,overall|part
2401371,1,food bits on spoon,720,0.014349489795918368,0.0008781462439956517,0.0012920902066348484,0.0027335645423995124,0,1523.2423095703125,overall|small
2401371,2,onion is white,1560,0.031090561224489797,0.024408368372938236,0.028515318248924164,0.14491315010266426,0,7927.8271484375,overall
2401371,3,broccoli and beef in stew,5640,0.11240433673469388,0.21138192216208843,0.24244967116107177,0.6225850856050532,0,14482.9228515625,overall
2401371,4,brown gravy,1596,0.03180803571428571,0.030831696933430266,0.04518093979644541,0.08848831826881658,0,3125.817138671875,overall
2401371,5,sliced cooked beef strips,1560,0.031090561224489797,0.08438336911257387,0.0852107845166583,0.8968025403145032,0,16418.25,overall
2401371,6,top of green broccoli floret,1715,0.0341796875,0.007982894181013268,0.011336024512101639,0.026278788841848123,0,3975.655029296875,overall
2401372,0,red stop sign on a pole,11280,0.22480867346938777,0.4760902347250536,0.6617547904337466,0.6292044998060727,1,10725.1611328125,overall|text
2401372,1,blue car moving on the street,902,0.01797672193877551,0.053256857549133355,0.06456604311190108,0.23315962560953957,0,3257.28466796875,overall|small
2401372,2,white painted lines on the street,3168,0.06313775510204081,0.10827640624035283,0.14632648565471193,0.293980203493677,0,6364.73486328125,overall
2401372,3,old paint on the sign post ,675,0.013452646683673469,0.02815610993362637,0.03804008933916544,0.09776878074363426,0,1734.85205078125,overall|small|text
2401372,4,The blue box on the side of the street,208,0.004145408163265306,0.003348678965155803,0.003461087326363264,0.09346949137174167,0,5617.2099609375,overall|small
2401372,5,cobblestone side walk in a city,299,0.0059590242346938774,0.0014016182944038894,0.0014366680188566074,0.054330175138237485,0,11307.220703125,overall|small
2401372,6,The red light over the road,42,0.0008370535714285714,0.0017734782660050027,0.0017769954847850153,0.47257659548804876,0,11169.537109375,overall|small
2401373,0,this is a tennis ball,187,0.0037268813775510204,0.010234826204736857,0.010309594371408447,0.5852781081582136,0,10616.0341796875,overall|small
2401373,1,this is the tennis pitch,2178,0.04340720663265306,0.03609179429703734,0.038793981261108904,0.3413045583677686,0,19161.76953125,overall
2401373,2,this is a short,646,0.01287468112244898,0.029473636243931862,0.0343507332157405,0.17190499792896188,0,3232.845947265625,overall|small
2401373,3,the short is black in color ,161,0.003208705357142857,0.008559170213194,0.008927420161372978,0.17184161547548282,0,3099.047607421875,overall|small
2401373,4,protective tarp covering a chainlink fence,8874,0.17685746173469388,0.3187944616977513,0.4392338561249737,0.5375980414166385,1,10861.287109375,overall
2401373,5,the hand is raised,496,0.009885204081632654,0.01572454707664127,0.019191351333927412,0.08007667141575966,0,2069.57958984375,overall|small|part
2401373,6,the handle is back in color,32,0.0006377551020408163,0.00030435083540930033,0.0003128331465638815,0.011100062169134617,0,1135.4359130859375,overall|small|part
2401374,0,part of a ceiling,780,0.015545280612244899,0.0005600698492965478,0.0005988226110623001,0.008580158918331832,0,11176.1376953125,overall|small
2401374,1,The curtain is blue,1491,0.029715401785714284,0.0029851206991509823,0.00497736890724162,0.007402720665627882,0,2217.5283203125,overall
2401374,2,lamp sitting on desk in corner,2106,0.04197225765306122,0.09591711993559306,0.09604304528282023,0.9865148821447649,0,21631.970703125,overall
2401374,3,part of a sheet,468,0.00932716836734694,0.04587165345972848,0.048127710571636756,0.49458309727856237,0,4809.38916015625,overall|small
2401374,4,flat screen TV mounted to wall,760,0.015146683673469387,0.02163568309363455,0.029476822496505264,0.07521634854768453,0,1939.30078125,overall|small
2401374,5,part of  a floor,612,0.012197066326530613,0.0033571585561044536,0.004905168498514682,0.010525833547504899,0,1313.2698974609375,overall|small
2401374,6,edge of a table,285,0.00568000637755102,0.0011410571960103041,0.0011855823224155022,0.02948731204919648,0,7088.40185546875,overall|small
2401375,0,Stretch of calm water,4004,0.07979910714285714,0.04478452277041319,0.04993276921270305,0.3028271167309253,0,24283.046875,overall
2401375,1,Person floating on the water,304,0.006058673469387755,0.0017411437310679621,0.0018669889364900448,0.025180474707954807,0,4100.1123046875,overall|small
2401375,2,the area where the white waves meet the grey sky,1196,0.02383609693877551,0.0007447277348517523,0.0012448306925016014,0.0018503081838422795,0,1777.7265625,overall
2401375,3,a small area of trees in the distance,228,0.004544005102040816,0.0022083466669168272,0.0022722532867307916,0.07280313759519343,0,7305.13427734375,overall|small
2401375,4,Person standing on a surfboard,429,0.008549904336734694,0.018250142053281626,0.019665400795748248,0.2022914219569493,0,4412.97998046875,overall|small
2401375,5,dark grey clouds covering the sky,11050,0.22022480867346939,0.0018950754897598147,0.0061245940194258035,0.0027366719310639672,0,4937.5068359375,overall
2401375,6,Two people on top of a wave,527,0.010503029336734694,0.01721018846908229,0.019573074341829397,0.12477350687392523,0,3359.49462890625,overall|small
2401376,0,white and gray neck tie around man's neck,6903,0.13757573341836735,0.3733850521365989,0.4392420889669847,0.7134949818013907,1,11213.078125,overall
2401376,1,onyx stone ring on man's finger,66,0.0013153698979591836,0.0002527763050589678,0.000257705188488827,0.01304394006729126,0,3340.63916015625,overall|small
2401376,2,The lights seen in the black background,300,0.005978954081632653,0.003348159424503096,0.003420716196416019,0.13633043924967447,0,11956.306640625,overall|small
2401376,3,small stain on man's shirt,1134,0.022600446428571428,0.007650130881085112,0.06976894091668662,0.008519070909557308,1,138.46600341796875,overall|text
2401376,4,yellow line on pink shirt,98,0.001953125,0.0030820653506006255,0.003088598462012273,0.5930127513651945,0,18816.05859375,overall|small|text
2401376,5,"This man has a very, very large nose",650,0.012954400510204082,0.037867422818214036,0.04489319922662837,0.1948241248497596,0,2820.821044921875,overall|small
2401376,6,This man is wearing very dark black slacks,15,0.00029894770408163266,3.1368961066586836e-05,3.1616846295634114e-05,0.003985051065683365,0,1890.6302490234375,overall|small
2401377,0,this is a chair,32376,0.6452487244897959,0.10499265474351657,0.32172682584254503,0.1348390572154142,0,13569.1181640625,overall
2401377,1,Pet food dishes floor corner,286,0.005699936224489796,0.00865987489595353,0.009164388985517424,0.13592335894391253,0,4241.86279296875,overall|small
2401377,2,yellow and silver stripe on floor,520,0.010363520408163265,0.0020353166118487285,0.002165131997137874,0.032831617502065806,0,7885.17333984375,overall|small
2401377,3,wooden molding on wall,500,0.009964923469387755,0.03247442892487113,0.037108760566486695,0.2063708953857422,0,2780.622314453125,overall|small
2401379,0,Napkins in blue and gray napkin holder,1560,0.031090561224489797,0.030264694718641922,0.03715555766479267,0.14029325827574118,0,5890.302734375,overall
2401379,1,the little boy is drinking from his cup,6204,0.12364477040816327,0.04527128607401233,0.07602356737068139,0.10065181296844777,0,8213.8193359375,overall
2401379,2,Cup sitting on table,336,0.006696428571428571,0.011948411067459223,0.012111946485673191,0.4694782438732329,0,13023.892578125,overall|small
2401379,3,the little girl is smiling,1680,0.033482142857142856,0.016045926563084793,0.019916021337083638,0.07627601623535156,0,6434.2021484375,overall
2401379,4,a child eating pizza,4370,0.08709343112244898,0.03630648977133286,0.05141656220761305,0.10995899610715817,0,9345.642578125,overall
2401379,5,Plate with pizza on it,1290,0.02570950255102041,0.10674745767822764,0.1332183311120336,0.3494755944540334,0,3384.09521484375,overall
2401379,6,woman wearing a blue T-shirt,1938,0.03862404336734694,0.008615051864533875,0.012803352829989316,0.025659862317537006,0,3884.046142578125,overall|text
2401380,0,person running in photo,11324,0.22568558673469388,0.022870751495515287,0.15486631788794797,0.02613232288205636,0,1910.824951171875,overall
2401380,1,a  tall tree trunk.,1125,0.022421077806122448,0.020905462489248603,0.02289146818298295,0.19417513020833332,0,9542.7265625,overall
2401380,2,the grass is green,255,0.005082110969387755,0.0005143151525506253,0.0005271468698601322,0.020691673428404566,0,10009.310546875,overall|small
2401380,3,a net for a sporting game.,2244,0.04472257653061224,0.022432957693215776,0.025704761008513075,0.14983584154098428,0,13080.51953125,overall
2401380,4,the leaves are green,925,0.018435108418367346,0.004498657086252353,0.007290987868000557,0.011609961019979942,0,1472.943603515625,overall|small|part
2401380,5,a log on the ground ,1140,0.02272002551020408,0.0043915556758803605,0.005485336828381788,0.021549156255889358,0,4478.4921875,overall
2401381,0,purple orchid sitting on table,2730,0.054408482142857144,0.004773609631546663,0.007831721312787338,0.01207740699851906,0,4209.97119140625,overall
2401381,1,brown tile on the floor,3276,0.06529017857142858,0.002082163973421952,0.002679538633698421,0.00925317643180726,0,11312.919921875,overall
2401381,2,orange pillow on a sofa,2310,0.04603794642857143,0.10020989870028296,0.10561377113747093,0.6619921663622835,1,14479.1904296875,overall
2401381,3,A plastic wall mounted door bell,132,0.0026307397959183672,0.0036240529735906985,0.003918512098973522,0.046008211193662704,0,1549.8443603515625,overall|small|part
2401381,4,A closed silver laptop,285,0.00568000637755102,0.0027252472749021797,0.0029963231639527164,0.029242495486610814,0,2781.446044921875,overall|small
2401381,5,A navy blue backpack,2430,0.04842952806122449,0.12615129597963276,0.218184645725485,0.23021765186953447,0,2564.015869140625,overall
2401381,6,hard drive to computer,1056,0.021045918367346938,0.07328208824140342,0.073708439264298,0.926842602816495,1,13278.6123046875,overall
2401382,0,row of three benches,368,0.007334183673469388,0.010646477427621795,0.010813101840599283,0.40860030962073285,0,13905.8076171875,overall|small
2401382,1,Wood carved eagle,1040,0.02072704081632653,0.03690758313456765,0.0772863607354075,0.06598130006056566,0,887.8740234375,overall
2401382,2,Large white building with trees in front of it,5160,0.10283801020408163,0.08818337997385367,0.21297218171889587,0.13081203726835028,0,3169.381591796875,overall
2401382,3,black trash can next to bench,120,0.0023915816326530613,0.000321461874936826,0.0003252967960381024,0.02654416561126709,0,9791.98046875,overall|small
2401382,4,United States of America flag,192,0.003826530612244898,0.009761037104613424,0.00978894110157994,0.7739729086558024,0,15180.681640625,overall|small|text
2401382,5,black clock with Roman numeral numbers,2800,0.05580357142857143,0.0943813221061526,0.21698893375255043,0.14312731061662948,0,1846.898193359375,overall
2401382,6,wood chips around the base of a tree,396,0.007892219387755101,0.00587867068424408,0.006273423281995402,0.0854417434846512,0,5393.3759765625,overall|small
2401383,0,green spray bottle visible in photo,4956,0.09877232142857142,0.29742349606273416,0.5120578522140663,0.41505748634861783,1,4017.1728515625,overall
2401383,1,a section of porcelain.,950,0.018933354591836735,0.01361301762464592,0.014999840510865024,0.12834132144325658,0,8128.3701171875,overall|small
2401383,2,a peeling price tag label,208,0.004145408163265306,0.001196914511050463,0.0013400950717801208,0.01107838749885559,0,1719.50830078125,overall|small|text
2401383,3,the slug's antenna are protruding,1596,0.03180803571428571,0.10513893951839655,0.1066366735715838,0.8821554160058349,0,13202.962890625,overall
2401383,4,filth inside of a toilet.,4641,0.09249441964285714,0.08629734263932273,0.10445654035612899,0.3317318476368913,0,14738.8330078125,overall
2401383,5,a section of the inside of a toilet bowl.,3360,0.06696428571428571,0.04053057793285823,0.062073486262796386,0.10457196916852679,0,5660.4169921875,overall
2401383,6,a grey countertop in a bathroom,285,0.00568000637755102,0.011249752850792228,0.012295080258790819,0.11685659843578673,0,2708.736328125,overall|small
2401384,0,Man has brown eyebrows.,2436,0.048549107142857144,0.020285917880209867,0.026504632418998635,0.07957965243234619,0,7314.04345703125,overall
2401384,1,Man has ring on finger.,345,0.006875797193877551,0.003986071541886258,0.004291912989118401,0.05297386058862658,0,4258.23681640625,overall|small
2401384,2,The phone in the man's hand.,4620,0.09207589285714286,0.11596026212859765,0.21605147978930495,0.20019549745501894,0,4280.93896484375,overall|part
2401384,3,hair stubble on the face of a man,7134,0.1421795280612245,0.22637542821205459,0.26889647812593526,0.5887418660858215,0,15619.7080078125,overall|part
2401384,4,Man has short hair on his head.,4368,0.08705357142857142,0.09148409430853514,0.18998835605905487,0.14998391958383414,1,3448.2626953125,overall|part
2401385,0,man looking up to ceiling,29808,0.5940688775510204,0.05708608162102918,0.6016064951801656,0.059328911577061945,1,2939.589599609375,overall
2401385,1,MULTI COLORED DESIGN ON THE FLOOR,140,0.0027901785714285715,0.003022728738980401,0.0030692173262141576,0.16636322566441128,0,7588.53125,overall|small
2401385,2,HAND HOLDING FOOD UP TO MOUTH,30,0.0005978954081632653,7.287445332113511e-05,7.29950915477407e-05,0.04223225116729736,0,17356.88671875,overall|small|part
2401385,3,lighting recessed into ceiling,1870,0.0372688137755102,0.025231728850373225,0.06280613488535557,0.040468417896943935,0,1204.9132080078125,overall
2401385,4,a doorway in a wall,837,0.0166812818877551,0.001268339699431752,0.0015140007045349186,0.00775610845148777,0,4287.88623046875,overall|small
2401386,0,edge of a road,336,0.006696428571428571,0.004741145439840589,0.004908104915134993,0.1223261242821103,0,8374.2255859375,overall|small
2401386,1,Evergreen tree,2430,0.04842952806122449,0.11041245473399251,0.1718671780450404,0.2359323760609568,0,3335.806640625,overall
2401386,2,part of a road,255,0.005082110969387755,0.0028857395457647346,0.0031250869076273123,0.03631013608446308,0,2962.82470703125,overall|small
2401386,3,an electronic advertisement,1050,0.020926339285714284,0.006451762486801732,0.010614298990252161,0.016185453505743116,0,1601.1162109375,overall
2401386,4,a group of people waiting to cross the street,1369,0.027283960459183673,0.1002799950785517,0.10502416911879524,0.6894360494230506,1,8986.8642578125,overall
2401386,5,Colorful lit building with columns.,4116,0.08203125,0.10528039464526105,0.12039540717032007,0.4561045121173469,0,15593.0048828125,overall
2401386,6,stoplight on the corner.,155,0.0030891262755102043,0.0008620092600874099,0.0008755871677824173,0.0526604006367345,0,9322.158203125,overall|small
2401387,0,black stove top by counter,4410,0.087890625,0.20787361432284476,0.3451073112759958,0.343292720734127,1,4386.81201171875,overall
2401387,1,a bag of croutons,3234,0.064453125,0.17604568231395898,0.20929877815999315,0.5256283110722982,0,8121.7958984375,overall
2401387,2,brightly colored container holding kitchen utensils,1736,0.03459821428571429,0.05194495573637743,0.061024693555058476,0.25877651091544857,0,7361.544921875,overall
2401387,3,stack of two blue plates,7826,0.15597098214285715,0.17739006398122467,0.3634951505855495,0.2573190557965835,1,5540.04345703125,overall
2401387,4,flashlight next to knives,598,0.011918048469387755,0.0027539833324967283,0.0029364788644870537,0.04243312950517023,0,8641.3056640625,overall|small
2401387,5,tiled floor is white,2405,0.047931281887755105,0.007736121524864015,0.01900613866489865,0.012878439381811574,0,1629.61279296875,overall
2401387,6,hand towel on counter,1386,0.027622767857142856,0.00135976489718658,0.0014877625092267182,0.015559126288343817,0,14494.88671875,overall|part
2401388,0,This is at a beach.,41748,0.83203125,0.08711403343860905,0.6478030292171317,0.09144506173948452,0,5893.22412109375,overall
2401389,0,Shadow of tennis player holding a racket,25098,0.5001992984693877,0.04337364979985969,0.5183765200055875,0.045194935462362536,1,2188.1826171875,overall
2401389,1,Black shorts worn by a tennis player,3403,0.06782126913265306,0.13736088915904848,0.15838783159271402,0.5085237936310792,0,10925.75390625,overall
2401389,2,The shoe lace of a tennis player.,27,0.0005381058673469387,0.0012248253843917612,0.0012394457532803938,0.09406742343196163,0,2049.158203125,overall|small|part
2401389,3,Strings on a tennis racket,240,0.0047831632653061226,0.002012967137671203,0.0020442603572175754,0.11621667544047037,0,13644.0556640625,overall|small
2401390,0,black stand with tv,4000,0.07971938775510204,0.1967550086492749,0.21156058035199124,0.7376348876953125,1,13946.546875,overall
2401390,1,lights in the ceiling,1045,0.02082669005102041,6.506641872353411e-06,9.152213267408634e-06,2.2508874179073498e-05,0,2570.06396484375,overall
2401390,2,a light color wooden floor,784,0.015625,0.021474504899254544,0.023194236006981714,0.22458345062878668,0,7591.2578125,overall|small
2401390,3,fence outside of window,432,0.00860969387755102,0.08572115064573439,0.087013112175161,0.8523611845793547,0,4231.7763671875,overall|small|part
2401390,4,a wooden table between the chairs,1932,0.03850446428571429,0.015140942882400605,0.016593558276363374,0.14745488769025783,0,17168.279296875,overall
2401391,0,train tracks the train rides on,8008,0.15959821428571427,0.01612554132000301,0.03430283774732681,0.02953222581556627,0,6894.30029296875,overall
2401391,1,tall building in the background.,462,0.009207589285714286,0.0019061475960863833,0.0023710701418554908,0.009627617798842393,0,1875.9290771484375,overall|small
2401391,2,Front windshield of passenger train,465,0.009267378826530613,0.01231504552020176,0.012887691219833308,0.21701062930527554,0,7829.947265625,overall|small
2401391,3,silver door to cargo compartment,720,0.014349489795918368,0.0013530445638271884,0.0014630636917661735,0.017675116327073838,0,8698.2431640625,overall|small|part
2401391,4,blue sign on a train,432,0.00860969387755102,0.0085883963491331,0.008954255591436883,0.17368858831900139,0,8379.6435546875,overall|small|text
2401391,5,Four bright lights on front of train,1230,0.02451371173469388,0.02620038262280856,0.03198018238513558,0.12661406974482342,0,4869.744140625,overall
2401391,6,white building behind the train.,210,0.004185267857142857,0.0028089943028371785,0.002851713044845712,0.15790605090913318,0,11628.193359375,overall|small
2401393,0,spinach on the pizza,2520,0.05022321428571429,0.02729087572474706,0.03589673638044809,0.10220144362676711,0,7174.68115234375,overall
2401393,1,fork and a knife,2652,0.052853954081632654,0.13070500504976856,0.1419941405285894,0.6217852516231853,0,11612.9755859375,overall
2401393,2,the pinky is curled,2050,0.0408561862244898,3.148520152783115e-05,0.0002766989999817967,3.552660709474145e-05,0,263.20855712890625,overall
2401393,3,red tomato sauce on pizza,828,0.01650191326530612,0.023862020554192245,0.024571129454279795,0.4526055008892852,0,15251.9384765625,overall|small
2401393,4,burnt crust of pizza,1596,0.03180803571428571,0.009031105650039664,0.018158339368711984,0.01764997683073345,0,1551.3182373046875,overall
2401393,5,melted cheese on  pizza,475,0.009466677295918368,0.03449633630559188,0.036154888687848004,0.4292197779605263,0,5639.0546875,overall|small
2401393,6,wooden pizza board,3649,0.07272401147959184,0.14153869987879195,0.17609657459445902,0.41902309092602424,1,8682.822265625,overall
2401394,0,Street sign says Cumming St,1554,0.030970982142857144,0.008482052146974565,0.011555313690516678,0.03090643177007923,0,4156.40771484375,overall|text
2401394,1,apartment building fire escape,12654,0.2521922831632653,0.3253930456114745,0.6061158380008685,0.4126507521090169,1,8614.9912109375,overall
2401394,2,window air conditioning unit in apartment building,224,0.004464285714285714,0.003384457447005642,0.003449209399849849,0.1527458599635533,0,9919.685546875,overall|small|part
2401394,3,apartment building light,1204,0.023995535714285716,0.005277044977847894,0.006600000946304776,0.025650979672555512,0,4679.35986328125,overall
2401394,4,Building exterior is brick,2838,0.056560905612244895,0.03705377160995055,0.056305430612272396,0.09777532017004162,0,4928.234375,overall
2401394,5,NO PARKING SIGN IN PICTURE,1833,0.03653140943877551,0.06069844715137568,0.06476817222223431,0.49135128839121317,0,13905.7021484375,overall|text
2401394,6,There is a black ladder on the building,1105,0.022022480867346938,0.02063314357400722,0.02584061241335458,0.09287690727958851,0,3971.61572265625,overall
2401395,0,black tire on bike,988,0.019690688775510203,0.06732446735039133,0.07053693875253887,0.5964907750426999,1,8354.9541015625,overall|small
2401395,1,part of a name,272,0.005420918367346939,1.2591455027456346e-05,1.4390682547252299e-05,0.00010069954099462313,0,1903.333984375,overall|small
2401395,2,The awning is black with Pub on the side,2070,0.04125478316326531,0.047988253732760326,0.06887211529761274,0.13663501094504832,0,4106.66162109375,overall
2401395,3,edge of a seat,180,0.003587372448979592,0.007067888900036773,0.0082440539607709,0.047202279832628036,0,1030.6107177734375,overall|small
2401395,4,There is a tree by the building,7192,0.14333545918367346,0.5817735365086736,0.6960753967681663,0.7798755208695426,1,8057.8408203125,overall
2401395,5,part of a building,33,0.0006576849489795918,0.0022807824564124303,0.002283276170296043,0.6761986703583689,0,9773.04296875,overall|small
2401395,6,handlebars of bike,1833,0.03653140943877551,0.06272586686802091,0.06540663104934287,0.6048082517133797,0,16949.55859375,overall
2401396,0,white stone building with a balcony,4326,0.08621651785714286,0.2367890832830739,0.2774852197443097,0.6175232921217637,0,9627.2001953125,overall
2401396,1,Pair of sunglasses,410,0.00817123724489796,0.006314222344298884,0.008676330024192049,0.02266724284102277,0,1071.140625,overall|small
2401396,2,orange life preserver on a large boat,25,0.0004982461734693878,0.0002676488854958783,0.0002684962642043949,0.07817611694335938,0,7279.0693359375,overall|small
2401396,3,white fluffy clouds in a blue sky,5180,0.10323660714285714,0.0016192252547097595,0.03139749345775891,0.0017043625525986366,0,281.18798828125,overall
2401396,4,Small watercraft operate water,481,0.00958625637755102,0.020878398484438798,0.021357850640688656,0.4818805210803502,0,10852.427734375,overall|small
2401396,5,part of a chin,48,0.0009566326530612245,0.003029519644630937,0.0030311157715776724,0.8519218762715658,0,13490.82421875,overall|small
2401396,6,part of  a hair,420,0.008370535714285714,0.007340090488866785,0.007690661278488764,0.13869102114722842,0,7574.15087890625,overall|small|part
2401397,0,the dressing is white,2912,0.05803571428571429,0.002597150205077992,0.003002282854934353,0.018883052763048108,0,18315.212890625,overall
2401397,1,the pickle is green,2046,0.04077646683673469,0.006192572851516041,0.009034640166497408,0.01930551351806402,0,4371.95947265625,overall
2401397,2,lettuce and slices of carrots ,1650,0.032884247448979595,0.07520038537310622,0.0875769422458103,0.3473098292495265,0,6543.51708984375,overall
2401397,3,a piece of wheat bread ,7353,0.1465441645408163,0.019633522330489074,0.09252569345041983,0.02431582146463922,0,1932.3739013671875,overall
2401397,4,a top of a table.,837,0.0166812818877551,0.0021005331040771435,0.00235215184250293,0.019257804114046633,0,6852.78125,overall|small
2401397,5,the lettuce is green,1015,0.020228794642857144,0.002712122152890463,0.005750544049742194,0.005106773282506783,0,901.3712158203125,overall
2401397,6,Side order of salad dressing.,1120,0.022321428571428572,0.005997860919914429,0.006555198354053993,0.06589602742876326,0,11258.7822265625,overall
2401398,0,Buildings in the distance.,456,0.009088010204081632,0.0014036804350997826,0.0015080679795052546,0.01987566446003161,0,6009.876953125,overall|small
2401398,1,Ocean water by a beach,2067,0.04119499362244898,0.03646529131242467,0.04341257964169856,0.1855790314030751,0,8835.9609375,overall
2401398,2,green and red legs to kite,2610,0.05201690051020408,0.09518365435486234,0.13395858959420026,0.2474627615391523,0,4821.4736328125,overall|part
2401398,3,man wearing white walking on the sand,45,0.000896843112244898,0.000568466963941804,0.0005739711282359233,0.055962016847398544,0,4387.48681640625,overall|small
2401398,4,Green and black kite,4352,0.08673469387755102,0.018476617794073526,0.03999759784056055,0.033199475092046404,0,3612.31982421875,overall
2401398,5,a distant flag kite ,42,0.0008370535714285714,0.0019827064907861304,0.0019828253095073595,0.970663343157087,0,20560.490234375,overall|small|text
2401398,6,The eyes and the mouth on the cat are black.,1560,0.031090561224489797,0.03146960121393369,0.05493721408440945,0.06861487168532152,0,1948.3914794921875,overall|part
2401399,0,The birds are white.,2600,0.05181760204081633,0.0006007374534076649,0.0007072879851581777,0.003971887735220102,0,14600.7119140625,overall
2401399,1,Foamy and motionless water ,7616,0.15178571428571427,0.023785512905690996,0.07574667627017105,0.033511504405686836,0,3369.4365234375,overall
2401399,2,Rock in the ocean.,1128,0.022480867346938774,0.01835672971843271,0.02134752085612514,0.11584683682056184,0,6121.33056640625,overall
2401399,3,white crashing water from a wave,805,0.016043526785714284,0.012473337833069299,0.013403442724478524,0.15236225957455843,0,9150.7548828125,overall|small
2401399,4,Dark blue clear ocean water,3618,0.07210618622448979,0.0214339000659033,0.043652655102878524,0.040409018546589966,0,3349.162353515625,overall
2401399,5,Light blue clear horizon,8815,0.17568160076530612,0.017093465642606432,0.08431341982625025,0.020990156410637055,0,2194.52880859375,overall
2401399,6,left arm of a surfer,306,0.006098533163265306,0.017931271251583624,0.018088651205472282,0.6733042399088541,0,11390.0751953125,overall|small|part
2401400,0,Housing structure in the background.,1320,0.026307397959183673,0.01691888867415882,0.01936031903979608,0.11829425927364465,0,8065.384765625,overall
2401400,1,Wires in the sky over giraffes area.,13056,0.2602040816326531,0.0016036088333127837,0.00415230390397923,0.0026057727780996586,0,8193.275390625,overall
2401400,2,A small rock on the ground.,16,0.00031887755102040814,2.0220829319900184e-05,2.0391082946722375e-05,0.002415974624454975,0,1895.710693359375,overall|small
2401400,3,the eaves are green in color,1085,0.021623883928571428,0.05343157332144168,0.05804795580216085,0.4018661850608439,0,7511.45849609375,overall
2401400,4,Giraffe has black hair on the end of tail.,408,0.008131377551020409,0.02378900916389491,0.02395991772329108,0.7693203196806067,0,13100.32421875,overall|small|part
2401400,5,giraffe on the path.,2320,0.04623724489795918,0.00809769107985072,0.015113309079155373,0.017145263737645643,0,2631.91943359375,overall
2401400,6,the ground is dry,3024,0.060267857142857144,0.0016478898002052166,0.002211943591558282,0.006420727129335757,0,8777.9267578125,overall
2401401,0,the left outer plane,2640,0.052614795918367346,0.0013599346730059805,0.007553737203406223,0.001655780907833215,0,578.6885986328125,overall
2401401,1,back wings of a jet.,156,0.0031090561224489796,0.003540677390886316,0.0035868401731758244,0.21575394654885316,0,9383.6396484375,overall|small
2401401,2,tail of plane number two,192,0.003826530612244898,0.008252667818453375,0.008301908872692833,0.5818309783935547,0,13456.1279296875,overall|small|text|part
2401401,3,Tail end of black airplane,231,0.004603794642857143,0.007329121961647565,0.007931059608000732,0.08806355794270833,0,2564.938720703125,overall|small|part
2401401,4,a section of clear blue sky.,1908,0.03802614795918367,0.04592898416092657,0.049689199882782496,0.3776939919909591,0,14502.953125,overall
2401401,5,Clear blue sky,12900,0.2570950255102041,0.1405840925322118,0.29811207099027187,0.21013978470203487,0,9093.2353515625,overall
2401401,6,Lights on bottom of airplane,64,0.0012755102040816326,0.0011498826326399943,0.0012718118034567966,0.011851975694298744,0,596.4140625,overall|small
2401402,0,Identifying number of airplane.,117,0.002331792091836735,0.004908289887697543,0.004933348034849611,0.49143695016192573,0,11654.990234375,overall|small|text
2401402,1,the roof is gray,2379,0.04741310586734694,0.0310969008976193,0.04192892841792352,0.10743835243972323,0,6095.9306640625,overall
2401402,2,brown hotel,16472,0.3282844387755102,0.298890334457076,0.5254944931842972,0.4093764880839455,1,12832.1982421875,overall
2401402,3,the grass is green,504,0.010044642857142858,0.004134123119059577,0.005277268451202976,0.018727540969848633,0,1788.55419921875,overall|small
2401402,4,the water ,1680,0.033482142857142856,0.05399539315824942,0.058889205528196376,0.3938468933105469,0,11235.72265625,overall
2401402,5,Water movement from the airplane.,1080,0.021524234693877552,0.01644737045619859,0.019123620237546376,0.10516753020109953,0,5939.30078125,overall
2401402,6,open windows,220,0.004384566326530612,0.003967167206288192,0.005332905093715145,0.015254604816436767,0,629.302978515625,overall|small
2401403,0,The foam is white.,14381,0.2866111288265306,0.11442821621495167,0.4766921254598444,0.13086755772590572,0,3948.05419921875,overall
2401403,1,The waves are white.,9768,0.1946747448979592,0.033554799811346674,0.10729034319391102,0.04655170050143805,0,4238.19140625,overall
2401403,2,small wave crashing down,5112,0.1018813775510204,0.0313445882866373,0.06482890592370547,0.057214077276429846,0,4511.54248046875,overall
2401403,3,decal on surf board,144,0.0028698979591836736,0.007885134976940053,0.007912546730753086,0.6947576734754775,0,12643.8564453125,overall|small
2401403,4,Top black tip of a surfboard. ,72,0.0014349489795918368,0.0008523843362938181,0.0008657580648123209,0.052294145027796425,0,4348.99609375,overall|small
2401403,5,Head of a man walking in the water. ,200,0.003985969387755102,0.0024980190462078173,0.002529094213323274,0.16895524978637697,0,13360.9296875,overall|small|part
2401404,0,Man wearing white shirt.,1463,0.029157366071428572,0.14829390106816534,0.15567353899417516,0.7577672764119104,0,7121.39990234375,overall|text
2401404,1,neck of a sheep,464,0.009247448979591837,0.007036819675527837,0.007783675751155064,0.06832632525213833,0,4073.064697265625,overall|small
2401404,2,The sky is bright.,5472,0.1090561224489796,0.030444590992766717,0.18266689566212388,0.03524587865461383,0,1055.8314208984375,overall
2401404,3,part of the sky,238,0.004743303571428571,0.002266024540622469,0.0026699612780722,0.014757050185644325,0,1315.4415283203125,overall|small
2401404,4,stomach of a sheep,648,0.012914540816326531,0.01733025651552619,0.017579381591219745,0.5501373196825569,0,20278.8125,overall|small
2401404,5,part of a tree,187,0.0037268813775510204,0.020026154651130498,0.020117066809010844,0.8158851664334057,0,7584.1337890625,overall|small
2401404,6,tall wire fence,2555,0.05092075892857143,0.006739474225956346,0.008649710162191503,0.029613206717832682,0,8747.3154296875,overall
2401405,0,The plane in the sky,11745,0.23407605229591838,0.03774533214448423,0.8684949265289488,0.03796229778629204,1,513.379150390625,overall
2401405,1,clouds in the sky,13244,0.26395089285714285,9.141160276129053e-05,0.10929155500879642,9.147975423911373e-05,0,11.08555793762207,overall
2401406,0,Yellow and red left boot,320,0.006377551020408163,0.001140138449991734,0.0012425772567570095,0.01364116370677948,0,3512.998779296875,overall|small
2401406,1,Yellow and red right boot,360,0.007174744897959184,0.001401743996934273,0.0015001210176912424,0.02092744509379069,0,5022.181640625,overall|small
2401406,2,red hat with a white patterned stripe,342,0.006816007653061225,0.00024528335126206924,0.0002565219462212204,0.005567444695366753,0,7422.62451171875,overall|small
2401406,3,person wearing white hat ,714,0.014229910714285714,0.0033508632462215006,0.003795683476867349,0.027798318729347207,0,5229.09765625,overall|small
2401406,4,the snow is white,1435,0.028599330357142856,0.019057678025207057,0.024232740277052304,0.08192822924889753,0,4851.5771484375,overall
2401406,5,light blue jacket,925,0.018435108418367346,0.021446120351321384,0.02307545798657819,0.23297013566300676,0,9338.8125,overall|small
2401406,6,girl in grey jacket,5460,0.10881696428571429,0.1779556504005967,0.2068096472480044,0.560533952538347,0,14798.70703125,overall
2401407,0,The calzone is cut in half. ,19880,0.39620535714285715,0.07725381571339143,0.17738641119618204,0.12038135797205106,0,13491.345703125,overall
2401407,1,side of a plate,60,0.0011957908163265306,0.0003208730799093412,0.00032947333913424016,0.012143279115358988,0,2211.398193359375,overall|small
2401407,2,cutting edge of a knife,12,0.00023915816326530612,8.215220134392188e-05,8.22885702262615e-05,0.04723140597343445,0,6887.67431640625,overall|small
2401407,3,green leaves on the plate,550,0.010961415816326531,0.005645693000501579,0.007189293967393162,0.025621017109264028,0,1960.0755615234375,overall|small|part
2401407,4,part of a dinner table,42,0.0008370535714285714,0.0022602985531643117,0.0022646086078031763,0.5428814660935175,0,10068.416015625,overall|small
2401407,5,front part of a fork,270,0.005381058673469388,0.006587549353692075,0.0069081900554211085,0.12428840354636864,0,4857.693359375,overall|small
2401407,6,part of a brown table,0,0.0,0.0,0.0,0.0,0,10699.396484375,overall
2401408,0,The lines are white.,6695,0.13343032525510204,0.011320160124410823,0.031525302876632515,0.017355861763530385,0,3685.8486328125,overall
2401408,1,Luggage transport vehicles.,725,0.014449139030612245,0.009882458142273173,0.01058457713408734,0.12966278076171875,0,8881.3671875,overall|small
2401408,2,an airport building in the distance,2220,0.044244260204081634,0.0658800668465313,0.07375296309860457,0.38163265193904844,0,11487.328125,overall
2401408,3,an orange and white cone,117,0.002331792091836735,0.0007505241675846343,0.0007718798855238014,0.026410469642052285,0,4003.245849609375,overall|small
2401408,4,One person at the luggage carrier.,364,0.007254464285714286,0.00663060942208903,0.0072452638645274054,0.0724926518869924,0,3642.01025390625,overall|small
2401408,5,Landing gear on JAL airline.,270,0.005381058673469388,0.00788028342706279,0.007937512933201786,0.5222089414243345,0,17763.298828125,overall|small
2401408,6,Pilot's cockpit.,1118,0.02228156887755102,0.0028400409397963456,0.007273251327741919,0.004637842314827634,0,712.9009399414062,overall
2401409,0,a black bench in snow,9100,0.18136160714285715,0.20523769647276946,0.36989448549903625,0.31556436727335163,1,7763.3916015625,overall
2401409,1,a person walking in the snow,2880,0.05739795918367347,0.053238573621251215,0.06761329122865183,0.20026507907443578,0,8530.326171875,overall
2401409,2,white snow on the ground,1998,0.03981983418367347,0.047832724884187786,0.0589030098129864,0.20287563564541103,0,6881.57568359375,overall
2401409,3,shadow in the snow.,285,0.00568000637755102,0.008304890297020615,0.008608789436189859,0.19045327169853343,0,6305.0888671875,overall|small
2401409,4,trunk of a tree.,605,0.012057557397959183,0.0032540085832437385,0.0035139900917592138,0.04212924547431883,0,7253.34814453125,overall|small
2401409,5,a shed in the background,132,0.0026307397959183672,0.0004903865700973052,0.0005016940872037845,0.021294254245180073,0,5602.7001953125,overall|small
2401409,6,ski trail in the snow.,448,0.008928571428571428,0.0017708877453222745,0.001868777488348341,0.032701811620167325,0,7839.56982421875,overall|small
2401410,0,yellow bananas in cart,648,0.012914540816326531,0.029991628232803214,0.030359718282485296,0.7121209509578752,0,15199.560546875,overall|small
2401410,1,section of tomatoes,40,0.0007971938775510204,0.00010054534299686414,0.00010137574695517183,0.012125740945339202,0,4784.47412109375,overall|small
2401410,2,a boot on a man,234,0.00466358418367347,0.023976184837446353,0.02488890685740207,0.39533331455328524,0,3716.83642578125,overall|small
2401410,3,front wheel of a bicycle,25,0.0004982461734693878,0.0011504546537725931,0.0011551904994447223,0.21913097381591798,0,4742.3125,overall|small|part
2401410,4,part of a path,75,0.0014947385204081632,8.511696933185325e-06,8.643515021608645e-06,0.0005578137437502543,0,4840.1640625,overall|small
2401410,5,man in white shirt,1659,0.03306361607142857,0.15125136187843055,0.1553106344570833,0.8526591461347197,1,9107.9501953125,overall|text
2401410,6,pedal of a bicycle,21,0.0004185267857142857,2.8112086470004166e-05,2.8187129190256135e-05,0.010448971674555824,0,7784.7021484375,overall|small
2401411,0,Lightly brown bread toasted,19890,0.3964046556122449,0.13140339175277618,0.25298996843274596,0.21471079216943187,0,16880.501953125,overall
2401411,1,black hinged box sitting on desk behind plate,2256,0.04496173469387755,0.09607985711348822,0.2107050575236991,0.15010421157728696,0,1607.1522216796875,overall
2401411,2,The plate is covered in toast crumbs ,5238,0.10439253826530612,0.016172648638137825,0.0220741940555205,0.05704173480977353,0,13535.470703125,overall
2401411,3,white wall in the background,1015,0.020228794642857144,0.03266444766370262,0.03870235264847372,0.17312713773379773,0,4540.39697265625,overall
2401412,0,a section of night sky.,931,0.0185546875,6.993324910319088e-05,0.0003926654864952385,8.507993244330942e-05,0,201.72238159179688,overall|small
2401412,1,the front lights are on,126,0.0025111607142857145,0.0017432013824286753,0.0018757566269237943,0.024073771068028042,0,1617.1048583984375,overall|small
2401412,2,Top of clock tower,200,0.003985969387755102,0.005567975100291155,0.0056606576991581874,0.2537693023681641,0,8966.0712890625,overall|small
2401412,3,a section of night sky.,1720,0.034279336734693876,0.001225857654107822,0.011663920401982499,0.0013679498849913131,0,201.72238159179688,overall
2401412,4,metal poles along side walk,1452,0.02893813775510204,0.030472710573303703,0.031329173239702815,0.527116003115315,0,24430.0234375,overall
2401412,5,Small part of the street,540,0.010762117346938776,0.0011807526150220435,0.0012306585339859277,0.028293048010932076,0,12414.69140625,overall|small
2401412,6,clock on a side of a building,189,0.0037667410714285715,0.003520475699845708,0.003790910436916152,0.04702862229927507,0,2344.66357421875,overall|small
2401413,0,person holding a racket,1225,0.0244140625,0.028152256436024592,0.03136029334678038,0.21581144371811226,0,8430.0556640625,overall
2401413,1,blue surface on the court.,323,0.00643734056122449,0.0013121010351668087,0.0014079343891540844,0.018912150025736804,0,4338.7138671875,overall|small
2401413,2,writing on the net,4275,0.08520009566326531,0.0022930072615497507,0.005698565754141493,0.0038222534893548976,0,2867.41162109375,overall|text
2401413,3,an advertisement on the wall,644,0.012834821428571428,0.017001708651525047,0.03034862296522377,0.03722011376611935,0,789.8135375976562,overall|small
2401413,4,green floor next to court,529,0.010542889030612245,0.006402010968756509,0.0072528165843128494,0.051750594140901905,0,3774.54248046875,overall|small
2401413,5,ball boy near the net.,207,0.00412547831632653,0.002255594317274326,0.0022776529168937205,0.18890460101878587,0,17168.22265625,overall|small
2401413,6,a tennis player wearing an orange shirt,270,0.005381058673469388,0.00990921833725672,0.010018843866673295,0.47523600260416665,0,12807.23828125,overall|small|text
2401415,0,The eyes of the man holding the phone.,299,0.0059590242346938774,0.01982364065598969,0.019897022427894647,0.8431387298481919,0,12670.1611328125,overall|small|part
2401415,1,There is a drink with a straw,1287,0.02564971301020408,0.03847610256369649,0.04064956972835885,0.4184709740129662,0,13249.1474609375,overall
2401415,2,person with sunglasses in hand,1512,0.030133928571428572,0.0010205041807429943,0.0015767112589909484,0.0028845355624244327,0,2766.148681640625,overall|part
2401415,3,Man looking at something,3504,0.06983418367346939,0.01014402424454998,0.018007944958754768,0.022701907919966468,0,4417.35498046875,overall
2401415,4,The phone is black,2010,0.04005899234693878,0.006825598502065182,0.010997412795785746,0.017675082837764304,0,3230.4794921875,overall
2401415,5,The ear of the man holding the phone.,612,0.012197066326530613,0.0013055355334092487,0.0013990229914650494,0.019162720324946383,0,8382.6962890625,overall|small
2401415,6,Bicycle tire in the background,987,0.019670758928571428,0.004416122323374521,0.005191493162357505,0.028718967688965338,0,5460.01318359375,overall|small
2401416,0,cream leather handle of suitcase,1584,0.031568877551020405,0.04569101303233064,0.046830408539083636,0.6525305545691288,0,22071.30859375,overall|part
2401416,1,the gold letter G,60,0.0011957908163265306,0.0007419194118548062,0.0008347075248990698,0.006629942854245504,0,476.57000732421875,overall|small|text
2401416,2,string hanging from case,848,0.016900510204081634,0.039317180218165014,0.04435760582969341,0.257061094607947,0,4914.32763671875,overall|small
2401416,3,closed pink storage chest,4278,0.08525988520408163,0.036835238204824795,0.06350820715606438,0.08063267034144533,0,5431.52734375,overall
2401416,4,books on blue bookshelf,1725,0.03437898596938776,0.135675697876859,0.147257814860715,0.6330293251811594,0,7415.39990234375,overall
2401416,5,floral pillow,3245,0.06467235331632654,0.017383686932222274,0.023397792738976922,0.06334678050365948,0,8785.45703125,overall
2401416,6,the right gold hinge,2738,0.054567920918367346,0.017140219184284825,0.059517103193725725,0.023507056225817773,0,1081.4088134765625,overall
2401417,0,toilets in bathroom,24948,0.49720982142857145,0.13756946756910626,0.3842999949533457,0.17646266734808402,0,11455.609375,overall
2401417,1,geometrically patterned lavendar and burgundy wallpaper,5332,0.10626594387755102,0.03945301863286023,0.25451909064136685,0.04460775914803896,0,934.5018920898438,overall
2401418,0,This is a baseball game.,32308,0.6438934948979592,0.4253738018731647,0.9065842387424384,0.44487309523763463,1,15853.970703125,overall
2401418,1,The ground is brown.,7242,0.14433195153061223,2.2910530462122073e-05,3.801137748832384e-05,5.766634156248972e-05,0,10986.701171875,overall
2401419,0,tennis player lunging for tennis ball,10614,0.21153539540816327,0.2782127304428274,0.31266862740136786,0.716282279742557,0,24315.263671875,overall
2401419,1,a greenish yellow tennis ball flying through the air,45,0.000896843112244898,0.0016771012538519723,0.001715031433110303,0.07048593097262912,0,1849.451171875,overall|small
2401419,2,green tennis court grass with spray painted white lines,1696,0.03380102040816327,0.11185378402945009,0.12557051758893437,0.505921777689232,0,6833.1591796875,overall
2401419,3,the letters Slazerx,240,0.0047831632653061226,0.00021771850708483646,0.0002435918433202189,0.0020455795029799143,0,2015.416748046875,overall|small|text
2401419,4,the green back fence of a tennis court,3024,0.060267857142857144,0.035180469816708484,0.059149715912181884,0.07988107267510954,0,4083.88037109375,overall
2401419,5,The dark blue jacket the person behind the player has on.,675,0.013452646683673469,0.03844166251409061,0.04396274250852251,0.2343616626880787,1,3598.367919921875,overall|small
2401419,6,a long green metal bar at the top of the court wall,1106,0.022042410714285716,0.10125505435791492,0.10553940091463523,0.7138187346363585,0,7480.46240234375,overall
2401420,0,surfer in the middle is woman,14868,0.2963169642857143,0.28690735817532403,0.5845619722713924,0.36039113600728073,1,9166.3427734375,overall
2401420,1,part of a forest,120,0.0023915816326530613,0.0030730042981079835,0.0032080087706375985,0.06805219650268554,0,2545.58642578125,overall|small
2401420,2,white rocks by trees,161,0.003208705357142857,0.008244167238533762,0.008511342451989413,0.20800399780273438,0,3934.590087890625,overall|small
2401420,3,part of a lake,63,0.0012555803571428572,0.0019597612030777924,0.001965904681624398,0.38541751437717015,0,12351.2109375,overall|small
2401420,4,part of a sea,672,0.013392857142857142,0.0325795588682084,0.03378748655718952,0.4767951965332031,0,9482.9892578125,overall|small
2401420,5,ripples of water,270,0.005381058673469388,0.012195003406482944,0.01434218037758102,0.07532167081479672,0,1417.974853515625,overall|small
2401421,0,The sink has just been cleaned.,39894,0.7950813137755102,0.09740865824139837,0.6599651362418864,0.10255572653273362,1,6199.35498046875,overall
2401421,1,Blue solution in Windex bottle,912,0.018176020408163265,0.020501521437175433,0.024005437690992875,0.12315817883140162,0,4678.95068359375,overall|small
2401421,2,reflection of faucet in mirror,837,0.0166812818877551,0.03460558106737116,0.03782271651745794,0.28918989356985514,0,6399.64453125,overall|small
2401422,0,The thumb of a man holding a hotdog.,2352,0.046875,0.0028351113226930806,0.007172537378110003,0.0046663738432384675,0,1530.185302734375,overall
2401422,1,squirt of red ketchup,435,0.008669483418367346,0.0018171446357175451,0.0019048352605497843,0.03797351354840158,0,8671.8671875,overall|small
2401422,2,the boat is white in color,80,0.0015943877551020409,0.00033364336309681217,0.00033817651684975883,0.024285565316677093,0,5745.0625,overall|small
2401422,3,Veins in his wrist.,1792,0.03571428571428571,0.023739494908507495,0.028041124125646667,0.1340125628880092,0,8564.2255859375,overall
2401422,4,If that were a wedding ring it would be on his other hand. ,256,0.00510204081632653,0.0035078969871440214,0.0035851808420975483,0.1399555206298828,0,9993.5302734375,overall|small|part
2401422,5,Something is being reflected in the water but unable to tell what it is. ,2201,0.043865593112244895,0.002005169039096311,0.002886280305812699,0.006525524959191578,0,4976.1904296875,overall
2401422,6,orange banana pepper,1620,0.03228635204081633,0.04159258606578385,0.04598032055628675,0.303553545916522,0,10694.939453125,overall
2401423,0,white airplane wing,3145,0.06267936862244898,0.004326185666411519,0.007779941165964944,0.009651128286777126,0,3901.41748046875,overall
2401423,1,part of an engine,308,0.006138392857142857,0.010639884379899033,0.010880839890311774,0.3245369056602577,0,9186.548828125,overall|small
2401423,2,this is a writing,672,0.013392857142857142,0.019581788559427642,0.025325443129816504,0.07947940485818046,0,2108.95263671875,overall|small|text
2401423,3,this is the sky ,1300,0.025908801020408163,0.003516231708128512,0.010307731893348392,0.005308396266056941,0,669.4891967773438,overall
2401423,4,the clouds are white in color ,110,0.002192283163265306,0.000428579508560792,0.0005814821326660992,0.0016272173686461015,0,307.8235778808594,overall|small
2401423,5,front windows on airplane ,55,0.001096141581632653,0.0007830196293770135,0.0007861376582734614,0.16487112912264737,0,11534.763671875,overall|small
2401423,6,six landing wheels,280,0.005580357142857143,0.0008253433430159895,0.0008349402543973776,0.0669950212751116,0,22467.00390625,overall|small
2401424,0,Green leaves on the tree.,2205,0.0439453125,0.0035111184846425185,0.008280083448349376,0.006059217993634628,0,1613.579833984375,overall|part
2401424,1,Traffic Lights in Background,1000,0.01992984693877551,0.030130177763846622,0.032029958025406674,0.33686538696289064,0,10517.197265625,overall|small
2401424,2,A tall building.,5580,0.11120854591836735,0.21207021977034402,0.3918097610169898,0.31613953293010755,1,4502.33447265625,overall
2401424,3,Lady with Yellow Bag,171,0.0034080038265306123,3.1398587821030377e-06,3.1849071783641714e-06,0.00022193774232390331,0,11916.0,overall|small
2401424,4,Exclamation point.,720,0.014349489795918368,0.02381395442222566,0.030366786995138687,0.09938904444376627,0,2356.525634765625,overall|small
2401424,5,Left hand arrow on traffic sign.,500,0.009964923469387755,0.019893871703951127,0.021242673122481116,0.2385677490234375,0,5615.294921875,overall|small|text|part
2401424,6,Well Marked Visible Lines on Street,6675,0.13303172831632654,0.13406833170165908,0.17600780301959723,0.36005976416198504,0,13655.0703125,overall
2401425,0,the back left leg of an elephant.,2349,0.04681521045918367,0.044496867862648636,0.055672530324254475,0.18144499550174276,0,7655.73779296875,overall|part
2401425,1,The trunk of an elephant.,4760,0.09486607142857142,0.03210002654169786,0.05036451646473302,0.0813181772953322,0,7685.4609375,overall
2401425,2,Elephant's right front leg,2727,0.05434869260204082,0.03651214424082824,0.05111739172684378,0.11331015608885107,0,6044.8466796875,overall|part
2401425,3,the tail on an elephant.,1672,0.033322704081632654,0.0723808882219417,0.07659615699774762,0.5680796792062276,0,12400.4814453125,overall|part
2401425,4,Left ear of elephant,4081,0.08133370535714286,0.018676049193569414,0.033119439307761726,0.0410664676889664,0,5060.23828125,overall
2401425,5,The elephant's front right leg.,2790,0.05560427295918367,0.047314053519118,0.069360169543132,0.12956937837771618,0,5211.904296875,overall|part
2401425,6,The eye of the elephant.,198,0.003946109693877551,0.023696034643792527,0.0238967473227602,0.7383046776357324,0,6117.33154296875,overall|small|part
2401426,0,the pizza is spicy,5184,0.10331632653061225,0.09163780091230916,0.11187590476744437,0.33624159259560665,0,15580.4453125,overall
2401426,1,a pizza oven door,3162,0.06301817602040816,0.033793473990078864,0.056028281718878706,0.0784720964329217,0,4428.63427734375,overall|part
2401426,2,steel pan for cooking pizza,639,0.01273517219387755,0.013287119041916283,0.013705556612194083,0.3032368643556216,0,14137.94140625,overall|small
2401426,3,standing silver trays in commercial kitchen,1220,0.02431441326530612,0.01561384554575619,0.021971437631056825,0.05119780868780417,0,2842.842041015625,overall
2401426,4,Right arm/shoulder of man on the left,2380,0.04743303571428571,0.06229045378090247,0.1020632259840687,0.13781743410254726,0,3213.748046875,overall
2401426,5,legs of a chair,920,0.01833545918367347,0.006773513954482792,0.007427101173310207,0.0714703020842179,0,8853.07421875,overall|small|part
2401426,6,the table is of glass,999,0.019909917091836735,0.007934543193049643,0.014897993591204688,0.016692242703518947,0,1119.315185546875,overall|small
2401427,0,white line on road,1800,0.03587372448979592,0.04868708891640098,0.055301054110945574,0.2893109809027778,0,9416.814453125,overall
2401427,1,man in black shirt,27777,0.5535913584183674,0.07415429699335595,0.3087563062214263,0.08891580116587014,0,7999.23486328125,overall|text
2401427,2,2 blue garbage cans,570,0.01136001275510204,0.022490211535285617,0.025342095515484983,0.16656250535396108,0,3746.360595703125,overall|small
2401427,3,banner on side of building,238,0.004743303571428571,0.002718237304137717,0.0028044157441803005,0.08126807012477842,0,6896.9091796875,overall|small
2401428,0,the glass is shinny ,690,0.013751594387755101,0.0020674781527569622,0.0025397184429105696,0.010996670653854592,0,2987.61572265625,overall|small
2401428,1,piece of pepperoni on a pizza,2040,0.04065688775510204,0.023511241684840322,0.02859191104037288,0.11685084922640931,0,8337.173828125,overall
2401428,2,the table is brown in color ,156,0.0031090561224489796,0.0052929789903339184,0.005351113060684384,0.32759866959009415,0,9550.4228515625,overall|small
2401428,3,crust of pizza is a bit burned,8055,0.16053491709183673,0.029733211317144705,0.0677130428756049,0.05034176656579764,0,5988.5498046875,overall
2401428,4,round red pepperoni slice,792,0.015784438775510203,0.009096741376252302,0.009668193028212224,0.13337724859064276,0,10926.0107421875,overall|small
2401428,5,patch of green spice,550,0.010961415816326531,0.0021079946627918177,0.002895880570255938,0.007688381021673029,0,1460.2154541015625,overall|small
2401428,6,round red pepperoni slice,704,0.01403061224489796,0.013931868948746724,0.01462578212738649,0.2269906997680664,0,10926.0107421875,overall|small
2401429,0,bare feet in water and sand,90,0.001793686224489796,0.0013454733661894909,0.0013564040176585227,0.14307420518663194,0,9493.2470703125,overall|small
2401429,1,the sky is blue in color,294,0.005859375,0.0006048652669998694,0.0006988696384516666,0.004476702132192599,0,1883.2559814453125,overall|small
2401429,2,white cloud in the sky at the beach,9048,0.1803252551020408,0.027805270340538864,0.14671168752492136,0.03316934924543062,0,2045.619384765625,overall
2401429,3,the grass is green in color,225,0.00448421556122449,0.003667091207632263,0.00399975899416807,0.04222859700520833,0,2375.501708984375,overall|small
2401429,4,Water on sand,3640,0.07254464285714286,0.04620923302065929,0.060057933824688325,0.1669419173355941,0,10118.0400390625,overall
2401429,5,Boogie board in a man's hands,256,0.00510204081632653,0.009921085854860364,0.010193034128129096,0.2710612416267395,0,6807.7548828125,overall|small
2401429,6,man's blue floral swimming trunk,180,0.003587372448979592,0.0010803734634386502,0.0010903380970880806,0.10571784973144531,0,17452.580078125,overall|small
2401431,0,this is the roof ,500,0.009964923469387755,0.0014384231006771542,0.0014873617082866053,0.04188599395751953,0,14080.634765625,overall|small
2401431,1,the carpet is brown,729,0.014528858418367346,0.0008374045092960494,0.0008824193338911667,0.01615040652218833,0,13342.4619140625,overall|small
2401431,2,Photo taken at 11:14,1550,0.03089126275510204,0.06016655699895179,0.09666549622174953,0.1374461610855595,0,2203.90478515625,overall
2401431,3,part of a metal,104,0.002072704081632653,0.007810974323422908,0.008547960139991097,0.0830700947688176,0,1010.6843872070312,overall|small
2401431,4,A central vendor kiosk,720,0.014349489795918368,0.003963790576806916,0.004192719297762856,0.0676815774705675,0,11622.7041015625,overall|small
2401431,5,A blue and gold sign.,288,0.005739795918367347,0.0017805678127360087,0.0018515373597422667,0.0443914168410831,0,6904.92578125,overall|small|text
2401431,6,part of a metal,65,0.001295440051020408,0.00197477435875045,0.002097635382213584,0.03261611278240497,0,1010.6843872070312,overall|small
2401432,0,the light is off,70,0.0013950892857142857,6.605241415399305e-05,7.120186643088307e-05,0.0009124783532960075,0,897.0759887695312,overall|small
2401432,1,the front screen is clear,660,0.013153698979591837,0.008235454130592226,0.024248744044629164,0.01231724854671594,0,335.24969482421875,overall|small
2401432,2,Median guardrails protect highway ,2900,0.05779655612244898,0.0919595357161205,0.09524183095814394,0.7273997339709052,0,22148.453125,overall
2401432,3,Company logo truck cab,336,0.006696428571428571,0.018770772736032455,0.019305346335213035,0.40400950113932294,0,7031.58544921875,overall|small|text
2401432,4,part of the sky,624,0.012436224489795918,9.852820324188506e-05,0.0006048207382119814,0.00011768865470702831,0,121.42063903808594,overall|small
2401432,5,part of a road,504,0.010044642857142858,0.002801104969085572,0.0028988722391925124,0.07668572380429223,0,13332.634765625,overall|small
2401432,6,the logo on the side of the truck,396,0.007892219387755101,0.012659350267081476,0.013285684411464398,0.21168460267962833,0,6309.5810546875,overall|small|text
2401433,0,a street light over the public street,75,0.0014947385204081632,0.0027939096869102923,0.0028084348372871444,0.35073445638020834,0,9366.45703125,overall|small
2401433,1,a grey decorative brick triangle,1764,0.03515625,0.033457207736569114,0.051768263431250475,0.08641495131581278,0,2944.58349609375,overall
2401433,2,There are buildings in the background.,6565,0.13083944515306123,0.13295289427602738,0.17811763712679757,0.3439743193069307,0,12678.08984375,overall
2401433,3,The sky is a rich blue.,7410,0.14768016581632654,0.0027287721502328994,0.016719551744717683,0.0032503944016017733,0,1440.5543212890625,overall
2401433,4,part of gutter on red brick building,20,0.0003985969387755102,0.0002153644433061095,0.00021578820536036314,0.0988295018672943,0,9159.861328125,overall|small
2401433,5,chimney top on red brick building,60,0.0011957908163265306,0.004460410961216688,0.0044773659783809445,0.5408368428548177,0,7247.61181640625,overall|small
2401433,6,the clouds are white,2072,0.041294642857142856,0.022863328194424725,0.028663073907355126,0.10152211428609134,0,7338.84375,overall
2401434,0,brown mulch on ground,2550,0.05082110969387755,0.005478109574812452,0.013040499325476533,0.009357990938074448,0,1829.9051513671875,overall
2401434,1,Utility pole in park.,504,0.010044642857142858,0.004557952335848692,0.004824638932149062,0.07617672662886363,0,7957.70849609375,overall|small
2401434,2,brown belt of a man,1007,0.020069355867346938,0.01824128218928405,0.019748840333304006,0.1928706088629593,0,9834.537109375,overall
2401434,3,part of a bench,225,0.00448421556122449,0.008079809015652209,0.00824434407698602,0.2881824069552951,0,7864.912109375,overall|small
2401434,4,green grass in a park,1170,0.023317920918367346,0.0005541065192289935,0.0006426658555934253,0.004004988711104434,0,7291.2490234375,overall
2401434,5,tattoo on a shoulder,432,0.00860969387755102,0.02498352213423771,0.025208186278072253,0.7370668340612341,0,12631.328125,overall|small
2401434,6,Green garbage can.,576,0.011479591836734694,0.005954889129475521,0.007152201149050464,0.034349928299585976,0,2766.359375,overall|small
2401435,0,the lady is light skinned,35,0.0006975446428571429,8.991030838752102e-07,9.069036916594736e-07,0.0001045193789260728,0,4033.700927734375,overall|small
2401435,1,boy wearing gray shirt,1495,0.02979512117346939,0.013091674932910018,0.016877528648183208,0.055144911545973556,0,4884.69873046875,overall|text
2401435,2,right arm of a boy,80,0.0015943877551020409,7.844952803159507e-05,7.94895512171977e-05,0.0059602040797472,0,5998.47802734375,overall|small|part
2401435,3,ram of a skating court,252,0.005022321428571429,0.0046651978774208715,0.004737321758673325,0.2345521714952257,0,12476.912109375,overall|small
2401435,4,this is a t shirt,338,0.0067362882653061226,0.0013271454653131438,0.0014490400350333898,0.015531604811990049,0,3622.869140625,overall|small|text
2401435,5,black and silver wrist watch,60,0.0011957908163265306,0.0015216510482875733,0.001526101489936153,0.3428789138793945,0,13480.5810546875,overall|small
2401435,6,this is a spectacle ,80,0.0015943877551020409,5.1609609272895705e-06,5.233639370023568e-06,0.0003715073224157095,0,5678.7607421875,overall|small
2401436,0,Lights are giving an orange glow.,832,0.016581632653061226,0.04771277743588699,0.05648089020874437,0.2350926032433143,0,3463.06591796875,overall|small
2401436,1,Pictures are hanging on the wall.,799,0.015923947704081634,0.042989540670800484,0.04801750242217533,0.29105874683442196,0,4843.1494140625,overall|small
2401436,2,large white and gray clock,2430,0.04842952806122449,0.05968498481272889,0.06378416950380005,0.48151895656507204,0,18344.537109375,overall
2401436,3,silver overhead beams ,1600,0.03188775510204082,0.012743194042777128,0.015889051239577175,0.06047103881835938,0,6089.3291015625,overall
2401436,4,woman in white shirt,1085,0.021623883928571428,0.11545292352353283,0.1174610153753721,0.8710224204349079,1,8045.7275390625,overall|text
2401436,5,the walls are brick,868,0.017299107142857144,0.012171602204651742,0.013617492815345496,0.10284367574524769,0,6555.41455078125,overall|small
2401436,6,A line of windows,2808,0.055963010204081634,0.0020012949602444367,0.003975730078014049,0.004013640928132582,0,2834.77587890625,overall
2401437,0,The trunk has the initials HP,1804,0.03595344387755102,0.08088919044594013,0.09552512021675308,0.34552570351475886,0,6525.2822265625,overall
2401437,1,Dark wooden coat rack,1311,0.026128029336734693,0.016392735871018967,0.018050946890957296,0.1514262672965532,0,10997.751953125,overall
2401437,2,a wooden support beam.,714,0.014229910714285714,0.030187831437010353,0.03356005411768796,0.2310215498552937,0,4915.05126953125,overall|small
2401437,3,a large wooden support beam.,1152,0.02295918367346939,0.002683473881909438,0.0029884358613686012,0.025622578130828008,0,9877.1435546875,overall
2401437,4,a piece of luggage.,1107,0.02206234056122449,0.0023336725741193694,0.003397653000635558,0.0073970891165108755,0,2410.06884765625,overall
2401437,5,socks drying near heater,1728,0.03443877551020408,0.07557579771822079,0.0918538713488695,0.2989633348253038,1,5624.24462890625,overall
2401437,6,red and gold Griffindor scarf ,315,0.006277901785714286,0.0030870168916589703,0.003176170395116778,0.09908094860258557,0,9826.4560546875,overall|small
2401438,0,the door is open,4416,0.08801020408163265,0.1615538043273834,0.18330563884137205,0.5765287979789402,0,13889.1044921875,overall|part
2401438,1,The back left leg of the sheep.,144,0.0028698979591836736,0.0027242701940550637,0.002918424312302352,0.039338899983300105,0,1941.0479736328125,overall|small|part
2401438,2,The mouth of the sheep.,121,0.0024115114795918366,0.0009240193110509795,0.0009347975426578004,0.07419436431128132,0,9603.703125,overall|small
2401438,3,a sheep's hoof,153,0.003049266581632653,0.0004902465542869511,0.000515147883097843,0.010040180355894799,0,2981.95458984375,overall|small
2401438,4,the floor is full of wood ash,4150,0.08270886479591837,0.00011125161404756195,0.00014370969881224467,0.0004923292527715844,0,14217.3173828125,overall
2401438,5,The back right leg of the sheep.,216,0.00430484693877551,0.003711309539639837,0.004052751396904299,0.042192812319155094,0,2248.755615234375,overall|small|part
2401438,6,The right ear of the sheep.,120,0.0023915816326530613,0.0012295962179814741,0.0012559227875282239,0.055408358573913574,0,5294.11767578125,overall|small
2401439,0,White wall in the background,1081,0.021544164540816327,0.002122218583923355,0.003199190196698861,0.00626464776701667,0,2116.81201171875,overall
2401439,1,white blanket on bed,28458,0.5671635841836735,0.6197125092615384,0.773618968414616,0.7569876825057981,1,27846.208984375,overall
2401439,2,"Black, brown and white cat's left eye",176,0.00350765306122449,0.014136221974259585,0.018013630265903895,0.06162667274475098,0,602.115966796875,overall|small|part
2401439,3,part of a wall,437,0.008709343112244899,0.0768200417206644,0.08868482470426012,0.36475716248256934,0,1797.3636474609375,overall|small
2401439,4,"Tail of black, brown and white cat",1596,0.03180803571428571,0.003012815290767345,0.003582824440202381,0.018585266027235446,0,8278.966796875,overall|part
2401439,5,Painting or poster against the wall,1638,0.03264508928571429,0.03574447398229972,0.04176179712698833,0.19876674330714858,0,7796.11865234375,overall
2401439,6,"Right eye of black, brown and white cat",288,0.005739795918367347,0.011009907178065683,0.012694138108568405,0.07662383715311687,0,1738.413818359375,overall|small|part
2401440,0,shadow of a man on the water ,190,0.003786670918367347,0.006812056034979665,0.008916924821813653,0.028048703545018247,0,597.656005859375,overall|small
2401440,1,slopes of a mountain,196,0.00390625,0.006451010482290437,0.006889310322601332,0.09206353401651188,0,2619.19580078125,overall|small
2401440,2,section of the sea water,80,0.0015943877551020409,5.61669778964674e-05,5.66402046721269e-05,0.006677697598934174,0,9431.7421875,overall|small
2401440,3,peak of a mountain,3,5.978954081632653e-05,2.5911053327368224e-06,2.5922859622076737e-06,0.005657056967417399,0,6546.79736328125,overall|small
2401440,4,small birds on the water in the distance,440,0.008769132653061224,0.0008383284982708664,0.0008544098566927616,0.042641487988558685,0,21959.314453125,overall|small
2401440,5,tiny wave in the water ,1062,0.02116549744897959,0.07299891669917433,0.11003200990029104,0.1782350414441355,0,1720.2777099609375,overall
2401440,6,group of people on boat,910,0.018136160714285716,0.06988313166725223,0.07345978037887767,0.5893746512276786,0,7301.0146484375,overall|small
2401441,0,BMW logo on bike,198,0.003946109693877551,0.0032031076030278618,0.003247224244280984,0.19078537912079782,0,11633.16796875,overall|small|text
2401441,1,There is a grey car,1500,0.029894770408163265,0.05512678053950362,0.058970950930596,0.45818973795572915,0,11654.6298828125,overall
2401441,2,The bike has a gas tank,5292,0.10546875,0.08251104048021327,0.09885723711466757,0.3328902633101852,0,17820.1953125,overall
2401441,3,this is a wheel,2412,0.04807079081632653,0.0038999901089302115,0.010377961964438156,0.006209140986352417,0,1443.10107421875,overall|part
2401441,4,Red and orange brake light,350,0.006975446428571429,0.037198908987129686,0.03909457905154603,0.43411917550223217,0,3886.51611328125,overall|small
2401441,5,the letters BIA on the side of a bucket,84,0.0016741071428571428,0.011779268235666761,0.012596739048708037,0.15362653278169178,0,1024.4420166015625,overall|small|text
2401441,6,There is a green leaf on the bike,408,0.008131377551020409,0.0007469387381845871,0.0008585880527249362,0.005711186165903129,0,2713.94873046875,overall|small|part
2401442,0,an American flag,5883,0.11724728954081633,0.2079724918079345,0.2329356976055258,0.6599362204923084,0,16667.28125,overall|text
2401442,1,The motorcycle's front tire.,1350,0.026905293367346938,0.010920491702973812,0.013130272629064186,0.06093441433376736,0,6265.02294921875,overall
2401442,2,The motorcycle's back tire.,1833,0.03653140943877551,0.008413092836487378,0.01052416160240051,0.04025293944380157,0,7010.88037109375,overall
2401442,3,tall buildings in city,2925,0.058294802295918366,0.028036473825802755,0.0883441654326399,0.03945013323400775,0,1306.1602783203125,overall
2401442,4,a black motorcycle helmet,288,0.005739795918367347,0.0013019981202335984,0.0013490507587721827,0.035986353953679405,0,7682.49072265625,overall|small|part
2401442,5,white painted lines on the street,6237,0.12430245535714286,0.030259810414764745,0.08202814872963896,0.045753614784376506,0,3478.870361328125,overall
2401442,6,a black and white jacket,2040,0.04065688775510204,0.15836556544627123,0.1726306193994802,0.6571213666130514,0,7765.29443359375,overall
2401443,0,wooden stool in the garden,1617,0.0322265625,0.013555867518949048,0.015664310958082475,0.09149626647534014,0,9445.0029296875,overall
2401443,1,solid blue plates,8036,0.16015625,0.3790884821540522,0.4404892493857989,0.7311525624922225,1,13338.6728515625,overall
2401443,2,this is a child ,5586,0.111328125,0.014485299763184772,0.023726947051418295,0.035856001785994004,0,8441.525390625,overall
2401443,3,a boy wearing a white striped shirt,4214,0.083984375,0.006802588537187058,0.011185904322106408,0.017063495724700218,0,6428.23046875,overall|text
2401443,4,plants in garden,2698,0.05377072704081633,0.18196986759119177,0.2006860347812597,0.6611537155705616,0,8888.474609375,overall
2401443,5,the floor is brown in color ,252,0.005022321428571429,0.00211753658060691,0.002854275413572948,0.008137011338794043,0,718.4053955078125,overall|small
2401443,6,some children are not wearing shoes,986,0.019650829081632654,0.011252582874047791,0.014890322431680597,0.04403196725593861,0,2915.68701171875,overall|small
2401444,0,A section of oddly cut lawn.,3920,0.078125,0.01789602480733268,0.03491321893811768,0.03541592578498685,0,3976.443115234375,overall
2401444,1,a human arm.,493,0.009825414540816327,0.00912415895101803,0.015040961191521828,0.022668525123209306,0,743.0098876953125,overall|small|part
2401444,2,this is a grass area ,1184,0.023596938775510203,0.01918035196397688,0.02420207548228057,0.08461728611507931,0,4139.59814453125,overall
2401444,3,baseball hat on players head,195,0.0038863201530612247,0.008369398243192572,0.008423344651710674,0.5665030846228967,0,13114.517578125,overall|small|part
2401444,4,the trouser is white in color ,155,0.0030891262755102043,3.9614662392907584e-05,4.1378350298062566e-05,0.0009285471131724696,0,3478.263427734375,overall|small
2401444,5,baseball players number on back of uniform shirt,400,0.007971938775510204,0.004972531779168362,0.005149219396518674,0.1265725898742676,0,9832.37109375,overall|small|text
2401444,6,a section of a baseball field.,1702,0.03392059948979592,0.06620411916446224,0.06918999761430139,0.6053839749651145,0,14891.798828125,overall
2401445,0,a wire fence in front of a planter filled with surfboards,4784,0.09534438775510204,0.14023667527279368,0.2762557063105935,0.22168193294053093,1,3838.93017578125,overall
2401445,1,metal building enclosure,1443,0.028758769132653062,0.0009273209186202561,0.001440464002900854,0.002596360151749556,0,2600.93115234375,overall
2401445,2,wooded area in the background,5994,0.1194595025510204,0.09488425840481574,0.1308766634356172,0.25651717798527696,0,11748.1904296875,overall
2401445,3,a length of barbed wire in front of a row of surfboards,2268,0.045200892857142856,0.05628778499639583,0.06510389441947985,0.2936185268287726,0,10228.6787109375,overall
2401445,4,a small white surfboard sticking out of a planter,1680,0.033482142857142856,0.07071690210736538,0.13085466996457654,0.1333542233421689,0,1712.0909423828125,overall
2401445,5,Tarp covering a fence,868,0.017299107142857144,0.007732569773916812,0.008358552984922702,0.09358755893970964,0,9718.66796875,overall|small
2401445,6,A fence,918,0.01829559948979592,0.005918636730303689,0.006406767012225528,0.07208317609134583,0,10328.509765625,overall|small
2401447,0,door of the microwave oven,25284,0.50390625,0.16428476087293523,0.4456414331643238,0.20648207843275393,1,11715.0078125,overall|part
2401447,1,the big button on the microwave,759,0.015126753826530613,0.011102557041113093,0.012396782131764436,0.09612383735666791,0,5885.236328125,overall|small
2401447,2,A metal screw in the microwave casing.,60,0.0011957908163265306,0.00028089964169580623,0.0002820931588135005,0.06225844224294027,0,13242.1025390625,overall|small
2401447,3,clock on panel of microwave,899,0.017916932397959183,0.025686361187796287,0.02765558374895349,0.26510409651131467,0,8617.73828125,overall|small
2401447,4,the smaller buttons on the microwave,2508,0.04998405612244898,0.005667568363092601,0.012918807218768055,0.009996402776982796,0,1940.6573486328125,overall
2401447,5,Three cooling air vents.,407,0.008111447704081632,0.0032409360984001047,0.0038439521582763316,0.020241313250117573,0,2143.16259765625,overall|small
2401448,0,A left horizontal stabilizer. ,546,0.010881696428571428,0.002039715838044534,0.0023194535188187054,0.016631094963995965,0,3914.96435546875,overall|small
2401448,1,runway for landing and taking off,9810,0.19551179846938777,0.08221880123914369,0.10516411296698647,0.2736935863436544,0,25530.896484375,overall
2401448,2,part of a  tail wing,855,0.017040019132653062,0.007883737207736963,0.008681029928793558,0.07905331438744974,0,7786.009765625,overall|small|part
2401448,3,first class passengers' windows,231,0.004603794642857143,0.005857148854914122,0.006019296511517733,0.1785981644799699,0,6853.986328125,overall|small
2401448,4,Engine mounted under wing.,864,0.01721938775510204,0.04167201535727649,0.04666270508223981,0.28038466418230973,0,5191.5625,overall|small
2401448,5,part of a sky,896,0.017857142857142856,2.8531891385336107e-05,8.76863817611555e-05,4.2291844563026514e-05,0,432.1479797363281,overall|small
2401448,6,part of the sky,1408,0.02806122448979592,3.2576722146644276e-05,0.00013091060781247465,4.3367080665616825e-05,0,466.431640625,overall
2401449,0,Looks like there are three elephants walking.,2106,0.04197225765306122,0.10967175979764596,0.12701467362232777,0.44543201993560066,0,7385.60205078125,overall
2401449,1,the leaves are green in color,195,0.0038863201530612247,0.002659862095821547,0.0032875374792327083,0.013739982018103966,0,814.98583984375,overall|small|part
2401449,2,part of a grass vegetation,242,0.004823022959183673,0.006824579243849756,0.00726307199916655,0.10156004093895274,0,3383.90283203125,overall|small
2401449,3,dead tree trunks are near the river bank,11424,0.22767857142857142,0.041216673351057456,0.06650021040431922,0.09780448892203365,0,16801.728515625,overall
2401449,4,edge of a lake,28,0.0005580357142857143,0.0010707397729928987,0.0010712132837686517,0.7077998433794294,0,18500.88671875,overall|small
2401449,5,part of a tree,48,0.0009566326530612245,0.0015744997612497237,0.0016100163264543507,0.0666193962097168,0,1986.148193359375,overall|small
2401449,6,part of a leafy tree,30,0.0005978954081632653,4.0224629364768464e-05,4.114927838253002e-05,0.0017869015534718832,0,1302.7457275390625,overall|small
2401450,0,Black suitcase in a man's hand,756,0.015066964285714286,0.015551735180125944,0.017731166370491037,0.1123136490110367,0,4788.693359375,overall|small|part
2401450,1,Woman carrying a backpack  ,1152,0.02295918367346939,0.037228378226245515,0.04249553720460884,0.23098174730936685,0,6261.62158203125,overall
2401450,2,A large sectioned window.,646,0.01287468112244898,0.0031552231087937214,0.0033116741625517894,0.06260672885197974,0,12212.5380859375,overall|small|part
2401450,3,part of  a walking path,360,0.007174744897959184,0.0009153966764463378,0.0009431939412246873,0.030124796761406794,0,11498.087890625,overall|small
2401450,4,part of a roof,1536,0.030612244897959183,0.011946255019965967,0.028724848793767226,0.020042017102241516,0,1071.7041015625,overall
2401450,5,side of a train,1008,0.020089285714285716,0.0005180161668627568,0.0005757197030648478,0.005141776232492356,0,9002.4892578125,overall
2401450,6,part of a top,247,0.004922672193877551,0.014732842991244445,0.01519039780886831,0.3284610022417447,0,5340.865234375,overall|small
2401451,0,grass on top of dirt embankment,1166,0.023238201530612245,0.027790345756678964,0.03277493639963055,0.15449742469329572,0,5496.39501953125,overall
2401451,1,part of a leg,42,0.0008370535714285714,0.0003059470771749696,0.0003086004277356312,0.034360786279042564,0,4676.4453125,overall|small|part
2401451,2,black hair on tip of tail,165,0.003288424744897959,0.006239696355524865,0.006291492636990073,0.4311431884765625,0,11307.1142578125,overall|small|part
2401451,3,head of giraffe,135,0.002690529336734694,0.003181295630914016,0.0032599819903776552,0.11645270453559028,0,4822.45458984375,overall|small|part
2401451,4,mounds of dirt in formation,2408,0.04799107142857143,0.050026273046483945,0.05731280182649349,0.2823751962858181,0,11864.0068359375,overall
2401451,5,part of a knee,72,0.0014349489795918368,0.000363456422659653,0.00037238630648681726,0.014930254883236356,0,2886.72900390625,overall|small
2401451,6,edge of a swamp,299,0.0059590242346938774,0.00203368201943187,0.002096072862200462,0.06395373137100883,0,9122.853515625,overall|small
2401452,0,flock of animals on a ranch,10481,0.20888472576530612,0.192730924644349,0.34470744111057927,0.3041760182860653,0,9248.6220703125,overall
2401452,1,green rolling hill sides,3900,0.07772640306122448,0.1676900830082129,0.19908732184791783,0.5153416403745994,0,10095.23046875,overall
2401452,2,the grass is green,12371,0.24655213647959184,0.038124296853035554,0.12480476376877517,0.05203596624982317,0,5157.95166015625,overall
2401452,3,upper level dormer window,308,0.006138392857142857,0.009249660350867515,0.010689970502150979,0.06424072191312716,0,1850.9071044921875,overall|small|part
2401452,4,upstairs window of house,216,0.00430484693877551,0.007735817430393675,0.008062667280530957,0.16024647818671334,0,4293.02587890625,overall|small|part
2401453,0,no big waves in water,5208,0.10379464285714286,0.03671119635689679,0.11927924511627035,0.05036271735453569,0,2198.949462890625,overall
2401453,1,a green tree near the seashore,16426,0.32736766581632654,0.012945049284716913,0.043211595902082976,0.018146293340088694,0,6897.9404296875,overall
2401453,2,part of a sandy beach,315,0.006277901785714286,0.0016947499015176708,0.001725271199048792,0.08742369999961247,0,15961.818359375,overall|small
2401453,3,this is an umbrella ,182,0.003627232142857143,0.004540333496542651,0.0046118596661888795,0.22645602383456387,0,8936.7412109375,overall|small
2401453,4,a section of a sandy shore,143,0.002849968112244898,0.006666646746501692,0.006736781924149273,0.39037763155423677,0,8286.44921875,overall|small
2401453,5,the bag is green in color ,4,7.971938775510203e-05,2.3858875712516967e-08,2.3872976989947298e-08,4.039062332594767e-05,0,6767.5888671875,overall|small
2401453,6,the sky is blue in color ,748,0.014907525510204082,0.00028904086578608785,0.0004808235952733874,0.0007241373074883446,0,1126.514404296875,overall|small
2401454,0,green trees in the background,1485,0.029595822704081634,0.07774049501630101,0.09212083715741463,0.33244663842198025,0,5359.08349609375,overall
2401454,1,there are some leaves on the ground,261,0.0052016900510204085,0.00031363007788525875,0.00032016112651779403,0.015141785829916767,0,12343.8037109375,overall|small|part
2401454,2,the tree has green leaves ,170,0.0033880739795918366,0.00047795749020599054,0.0005292036050320423,0.004911485139061423,0,1577.7528076171875,overall|small|part
2401454,3,this is a pole ,3492,0.06959502551020408,0.2892117620586538,0.3728789905541765,0.5631141618901239,1,5273.54638671875,overall
2401454,4,this is the trunk,1330,0.026506696428571428,0.0042240972375061185,0.004785342118906626,0.03476386679742569,0,9661.9931640625,overall
2401454,5,this is a tree,960,0.01913265306122449,0.0021934181923020765,0.0030345657973788764,0.007850958903630575,0,2483.68994140625,overall|small
2401454,6,part of  a leg,720,0.014349489795918368,0.025954744980873388,0.026649762079336163,0.49879955715603297,0,13476.130859375,overall|small|part
2401455,0,Another building in the distance.,360,0.007174744897959184,0.00841131282904753,0.008645719725112638,0.23677970038519966,0,9859.2939453125,overall|small
2401455,1,balconies on tall building.,102,0.002032844387755102,0.0010376642742283995,0.0010531583142386204,0.06588495011423148,0,6381.05859375,overall|small
2401455,2,Light post on the sidewalk.,1995,0.039760044642857144,0.151965039618712,0.16514029538212177,0.6557361421130953,0,7921.71044921875,overall
2401455,3,person standing on sidewalk.,105,0.0020926339285714285,0.004501921453378666,0.0045482245537232764,0.3066202799479167,0,7078.61474609375,overall|small
2401455,4,A shadow under the truck.,994,0.019810267857142856,0.0006518084487722887,0.0007315262266957824,0.0059457247405944455,0,8079.068359375,overall|small
2401455,5,curtain inside of window,132,0.0026307397959183672,0.0047871850434293714,0.0055797710507660804,0.03260280869223855,0,771.2808837890625,overall|small|part
2401455,6,The text says Toma 4.,432,0.00860969387755102,0.029856353852618724,0.03023264406510497,0.7057765678123191,0,10084.9755859375,overall|small|text
2401456,0,the bear`s ears are bent back,2033,0.040517378826530615,0.06158768632670972,0.08286266579694145,0.19346659932884747,0,4746.6201171875,overall
2401456,1,Bear has pink tongue.,286,0.005699936224489796,0.012691086653437862,0.013076277976176089,0.3011052058293269,0,6585.6728515625,overall|small
2401456,2,the paws have nails,4408,0.08785076530612244,0.03609318770764727,0.14884615409016566,0.04547994582492946,0,1346.864501953125,overall
2401456,3,Bear has dark eyes.,470,0.00936702806122449,0.02454849784246161,0.02581697369668853,0.3331686141643118,0,6065.3603515625,overall|small|part
2401456,4,Some green foliage.,2640,0.052614795918367346,0.008146773986071575,0.01509141630560408,0.01739579981023615,0,3043.11474609375,overall
2401456,5,the ground is muddy,1932,0.03850446428571429,0.04184999798751432,0.04843843995167884,0.23528841070013262,0,9384.6376953125,overall
2401456,6,the ground is rocky,810,0.016143176020408163,0.025594413313677917,0.026019378752668704,0.6104508764949845,0,19003.728515625,overall|small
2401457,0,a small black fence on the corner,1519,0.0302734375,0.01650175622461837,0.017869051489818197,0.1774014943206365,0,15080.423828125,overall
2401457,1,a nice shopping complex,6254,0.12464126275510204,0.12728243548439622,0.18123195402453066,0.29951303821804043,0,10335.6748046875,overall
2401457,2,a man in black on the sidewalk,210,0.004185267857142857,0.007176546438584832,0.007366285337570071,0.21790499005998884,0,6212.0927734375,overall|small
2401457,3,a white cloud in a blue sky.,1274,0.025390625,0.0002664289380903376,0.0006909001846670686,0.000433471083079627,0,799.3081665039062,overall
2401457,4,a line painted on the road.,500,0.009964923469387755,0.0027760495430222817,0.003186930946653611,0.021078098297119142,0,3306.958740234375,overall|small
2401457,5,a section of clear blue sky.,189,0.0037667410714285715,0.0018296472093053975,0.0019855283148222415,0.022774290155481408,0,2167.856689453125,overall|small
2401458,0,the plate is round,46420,0.9251434948979592,0.3519629071684587,0.991597327908437,0.3530157731042654,1,16525.853515625,overall
2401459,0,Ponytail in hair,1012,0.020169005102040817,8.56171340279513e-05,0.00015936205983126188,0.00018498355986572537,0,1174.7047119140625,overall|part
2401459,1,part of a top,840,0.016741071428571428,0.02186841542192817,0.03008168310790664,0.07415520804268973,0,2070.707763671875,overall|small
2401459,2,part of a top,460,0.009167729591836735,0.011355242280719028,0.01372195088873952,0.0617698918218198,0,2070.707763671875,overall|small
2401459,3,white clouds against blue sky,3045,0.06068638392857143,0.09500267305412113,0.39005386602261566,0.11157886022808908,0,871.0531005859375,overall
2401459,4,edge of a bus,196,0.00390625,0.007442747289918798,0.00744283904921947,0.9983462898098693,0,26290.48828125,overall|small
2401459,5,Two men walking,6048,0.12053571428571429,0.2509026936044118,0.30045879176125495,0.6033672352947256,1,12145.3095703125,overall
2401459,6,part of a hair,348,0.0069355867346938774,3.310192682795675e-06,3.5176258573283257e-06,5.6130683113788734e-05,0,5553.02880859375,overall|small|part
2401460,0,The yellow tennis ball.,234,0.00466358418367347,0.0008717314632444582,0.0009241619890539202,0.015132971299000276,0,3831.7041015625,overall|small
2401460,1,Blue shorts with a yellow M,4095,0.08161272321428571,0.013569106357635998,0.028128742981780943,0.025545396443833943,0,3718.914794921875,overall
2401460,2,The player's left foot.,816,0.016262755102040817,0.011349492523962609,0.014526111173408315,0.049338574502982346,0,2771.579833984375,overall|small
2401460,3,The word MICHIGAN on the player's shirt.,459,0.00914779974489796,0.01998065696677533,0.02046590363129795,0.4573210007744417,0,10256.587890625,overall|small|text
2401460,4,"Blue, white and green tennis court",3876,0.07724808673469388,0.02677569735646182,0.03172305881260742,0.14653112767773638,0,17903.52734375,overall
2401460,5,the shoes are blue in color,480,0.009566326530612245,3.233716308614269e-05,3.678711511743297e-05,0.00026725524415572487,0,3487.158935546875,overall|small
2401460,6,this is a tennis racket,2816,0.05612244897959184,0.025638547727434652,0.033575375362260546,0.09784700653769753,0,8206.525390625,overall
2401461,0,The building is a school.,6448,0.1285076530612245,0.04514413972400684,0.09978480784910088,0.07616318070858939,0,4921.5927734375,overall
2401461,1,There is a panel open.,2303,0.0458984375,0.034443939838617516,0.10044620094583522,0.04980797711735542,0,1141.982177734375,overall
2401461,2,A bike lane is showing.,4180,0.08330676020408163,0.15619648437670125,0.1660452816001831,0.7247746663800837,0,18245.373046875,overall
2401461,3,license plate on front of bus,182,0.003627232142857143,0.004132457317900713,0.0041698151011730624,0.31565823397793613,0,13777.541015625,overall|small
2401461,4,the ground is gray,729,0.014528858418367346,0.0007941320232903064,0.0009183550800380116,0.005836586239243077,0,4633.14404296875,overall|small
2401461,5,The trees are leafless.,3955,0.07882254464285714,0.0015091438070126112,0.004566527802924177,0.002248997212059127,0,1947.8221435546875,overall
2401461,6,a wheel of the bus,1056,0.021045918367346938,0.010036198157812141,0.011841317964390538,0.061769326527913414,0,5508.54296875,overall|part
2401462,0,two window are over the sink,7084,0.14118303571428573,0.06115973923748223,0.31970441122636517,0.07030995830447576,1,1557.92578125,overall|part
2401462,1,A granite counter top,2014,0.040138711734693876,0.10929117322937233,0.10992402128889663,0.9499589300676514,1,17404.90625,overall
2401462,2,A white toaster,1287,0.02564971301020408,0.0017749799136505262,0.0020542004319681196,0.012890045829956719,0,8075.88623046875,overall
2401462,3,A white and red crock pot,1260,0.025111607142857144,0.09738744452847638,0.10819645730090399,0.4936279296875,0,5748.53564453125,overall
2401462,4,the door is wooden ,2650,0.052814094387755105,0.025835677874258094,0.039858479615503734,0.06841161763892983,0,4548.36181640625,overall|part
2401462,5,the wall is cream in color ,294,0.005859375,0.00046638216377545624,0.000507121333338331,0.00577201729729062,0,3346.2861328125,overall|small
2401462,6,the cabinets have windows,4275,0.08520009566326531,0.006577682237955607,0.009477140872534023,0.02104723478618421,0,9494.1005859375,overall
2401463,0,leg of a white bird,130,0.002590880102040816,0.0053942951193530955,0.005449915503711775,0.34578751784104567,0,8248.2705078125,overall|small|part
2401463,1,neck of a bird,32,0.0006377551020408163,0.00045875890464387427,0.0004610515525673003,0.08446407318115234,0,5862.3603515625,overall|small
2401463,2,The right eye of the bird,24,0.00047831632653061223,0.00033473452464359365,0.00033745103251568487,0.039921517173449196,0,2839.275390625,overall|small|part
2401463,3,Green fruit hanging from bush,1431,0.028519610969387755,0.05439758629826894,0.056424043625089966,0.6023270815590059,0,15275.935546875,overall
2401463,4,Shadow on ground from bushes,3618,0.07210618622448979,0.07814999792913527,0.13945056796093383,0.15094554220002418,0,3916.2333984375,overall
2401463,5,The beak is brown.,256,0.00510204081632653,0.013903287383861344,0.014161256728485973,0.43285661935806274,0,7824.9619140625,overall|small
2401463,6,left leg of a bird,161,0.003208705357142857,0.00012686462871963118,0.00013013775068107335,0.005018761439353043,0,6208.9638671875,overall|small|part
2401464,0,a black wet suit,3021,0.06020806760204082,0.07314004731250688,0.10181257804708387,0.20616724190432598,0,6117.42919921875,overall
2401464,1,white surf board or body board,2184,0.04352678571428571,0.010267451147493752,0.012136887518945287,0.06249332777309767,0,11245.5048828125,overall
2401464,2,small waves in ocean,5720,0.11399872448979592,0.053968710271399135,0.1074119049167357,0.09785405939275568,0,5211.0166015625,overall
2401464,3,spray of water droplets ,2394,0.04771205357142857,0.06232411447327927,0.086115686290788,0.1840648603319823,0,5116.96875,overall
2401464,4,over spray of wave,338,0.0067362882653061226,0.0022396887656735143,0.0023177011162597897,0.06238851603671644,0,9098.376953125,overall|small
2401464,5,name of photographer,528,0.010522959183673469,0.00024298786505977545,0.0002661647841063011,0.0027827184760209284,0,5520.171875,overall|small
2401465,0,part of a snow,1025,0.0204280931122449,0.011056789119421026,0.011715536827795248,0.1643268566596799,0,14377.064453125,overall
2401465,1,woman wearing a purple vest,2640,0.052614795918367346,0.026088135444574785,0.10165371901920617,0.03390487613099994,0,880.5272827148438,overall
2401465,2,white snow covering ground,1755,0.03497688137755102,0.01907415708457426,0.020979069987552897,0.17359902580239495,0,14522.392578125,overall
2401465,3,Ski tracks in the snow. ,4257,0.08484135841836735,0.04560071381395455,0.07898937209529525,0.09737524740959742,0,5247.8759765625,overall
2401465,4,A person standing in the background. ,260,0.005181760204081632,0.0010828114098790714,0.0016157499457644263,0.0032720992198357213,0,526.5330810546875,overall|small
2401465,5,part of a tail,528,0.010522959183673469,0.0363089509005737,0.036689987010783735,0.7775895089814158,0,11190.171875,overall|small|part
2401465,6,tree at bottom of pole,2349,0.04681521045918367,0.10590900335126517,0.1613237393201099,0.23566274046136654,0,3431.43408203125,overall
2401466,0,Number 767 on plane.,270,0.005381058673469388,0.004785505805886769,0.005034240688498872,0.08830303615993923,0,4735.931640625,overall|small|text
2401466,1,blue and white skies,14337,0.28573421556122447,0.00031448076392565327,0.0013145829555645898,0.00041319800610571233,0,4506.38720703125,overall
2401466,2,flag has red white and blue,308,0.006138392857142857,0.0010496147787979857,0.0012122896777382714,0.00776125548721908,0,1971.8609619140625,overall|small|text
2401466,3,The left wing on the plane with the American flag.,703,0.014010682397959183,0.024398325371596464,0.02507238236262386,0.4757607081536718,0,13339.7685546875,overall|small|text
2401466,4,The right wing on the plane with the American flag.,506,0.010084502551020409,0.011575501306120915,0.011916689187445763,0.28790054019731964,0,12224.6767578125,overall|small|text
2401466,5,The ground is grey.,8446,0.16832748724489796,0.011072731202625015,0.026141607828190874,0.018847028988389473,0,6089.22021484375,overall
2401468,0,yellow line on platform,1428,0.028459821428571428,0.018518540946755938,0.022879414887931042,0.08855416861568846,0,5527.0361328125,overall
2401468,1,white edge along platform,860,0.017139668367346938,0.0018518577264485096,0.0021386811829242993,0.013620190287745276,0,5476.90966796875,overall|small
2401468,2,Bright yellow light hanging from red pole,240,0.0047831632653061226,0.006590485111350922,0.006875421271738425,0.13720685640970867,0,4789.47314453125,overall|small
2401468,3,person walking in train station,396,0.007892219387755101,0.02808937477467401,0.028155329334813028,0.923024033055161,1,12982.1787109375,overall|small
2401468,4,white train with blue paint on the side,1848,0.036830357142857144,0.0012922843144164591,0.0024119452703409232,0.00277607807349333,0,2126.99365234375,overall
2401468,5,black numbers on train,459,0.00914779974489796,0.02305981977637366,0.023292449390073022,0.6977852216733047,0,13750.525390625,overall|small
2401468,6,lights on front of train,1116,0.02224170918367347,0.0029995563460188503,0.0035948889357317712,0.017790452553807193,0,5522.88134765625,overall
2401469,0,balconies around top of tower,1334,0.02658641581632653,0.06552913990032241,0.07745204618029128,0.2985812849190639,1,5142.6328125,overall
2401469,1,There is a tree in front of the building,15444,0.307796556122449,0.07475303348050615,0.14568690522629812,0.13309644547437516,0,14109.30859375,overall
2401469,2,Two people are standing and talking,342,0.006816007653061225,0.006035503683274086,0.00624859593967037,0.15036909761484604,0,8230.0458984375,overall|small
2401469,3,There is a half circle window at the top ,486,0.009685905612244899,0.0005690634830780004,0.0007650061463489917,0.002216832137402193,0,1408.3291015625,overall|small|part
2401469,4,arches over windows on left,476,0.009486607142857142,0.010803283234594918,0.011064258666298236,0.3141353831571691,0,13514.546875,overall|small
2401469,5,Black van by a building,1368,0.0272640306122449,0.005368455137518462,0.006539888692512751,0.02909892902039645,0,6086.85205078125,overall
2401469,6,Tan paint on a building,572,0.011399872448979591,0.0023574527668004147,0.003150639875664433,0.009277228708867427,0,1684.2847900390625,overall|small
2401470,0,a black triangle on a lighthouse,210,0.004185267857142857,0.0002657821479807074,0.00029211405679531417,0.002939796731585548,0,2113.411865234375,overall|small
2401470,1,back of a horse,240,0.0047831632653061226,0.007274113422780792,0.0073101847210874475,0.5958235422770183,0,19561.427734375,overall|small
2401470,2,a small white house on the side of the beach,196,0.00390625,0.015591438066454804,0.015695499783662737,0.7016383579799107,0,8761.818359375,overall|small
2401470,3,Brown sand on shore of lake.,3752,0.07477678571428571,0.030230310584489783,0.04072148888706997,0.1050163870935501,0,9676.0087890625,overall
2401470,4,an area where the land meets the water,1920,0.03826530612244898,0.003630255090856147,0.00558684285742181,0.010259486238161723,0,3525.822021484375,overall
2401470,5,a multi story house on the side of the beach,483,0.009626116071428572,0.01522691836819813,0.016317520356199825,0.1855511714706263,0,5492.33056640625,overall|small
2401470,6,Partially cloudy sky,13572,0.27048788265306123,0.0007443310161974268,0.010401954345217531,0.0008010557890289694,0,1045.181396484375,overall
2401472,0,part of some cards,130,0.002590880102040816,0.0004943540252144673,0.0005145824546419435,0.012419479626875658,0,3137.55810546875,overall|small
2401472,1,black background in top left,930,0.018534757653061226,0.004595784093311346,0.011907878624563063,0.007428718895040533,0,580.1796264648438,overall|small
2401472,2,Barbeque sauce? ,3430,0.068359375,0.12613916891446142,0.16186389957806088,0.36367315620444607,0,7706.4677734375,overall
2401472,3,spotted thinly slices meat,2596,0.05173788265306122,0.17885157269410748,0.2112242073472035,0.538525409433985,1,6618.6162109375,overall
2401472,4,brie cheese next to blue cheese on cheese plate,1240,0.024713010204081634,0.012267803492839697,0.012963642407417224,0.18603367959299394,0,17794.517578125,overall
2401472,5,9 of spades,870,0.017338966836734693,0.07639686846751996,0.09510392446214616,0.2797415196210489,0,2559.0439453125,overall|small
2401472,6,black material tablecloth,1485,0.029595822704081634,0.11280209920537751,0.11414654990313644,0.9054563374631734,0,11779.6171875,overall
2401473,0,plates stacked on top of each other,1426,0.02841996173469388,0.06439128410409921,0.07393581656114914,0.3328000104778445,0,6418.71337890625,overall
2401473,1,Case filled with bottles of wine.,4095,0.08161272321428571,0.03340195021069399,0.06127885258370026,0.0684016599177732,0,4570.986328125,overall
2401473,2,silver handle of a spoon in a bowl,315,0.006277901785714286,0.0068784086640609,0.007005688080780665,0.27462642609126986,0,12348.1552734375,overall|small|part
2401473,3,these are bowls arranged  upright,1122,0.02236128826530612,0.0560281622966053,0.06509280847609346,0.28690396613190733,0,4945.3427734375,overall
2401473,4,small containers with red and blue lids,2750,0.054807079081632654,0.003038737735371984,0.005130252683948879,0.007398538069291549,0,3965.882568359375,overall
2401473,5,A plate holding cutlery.,1134,0.022600446428571428,0.034922341619194226,0.03996329892894159,0.21682544149839478,0,6152.646484375,overall
2401473,6,cereal in boxes displayed in basket,2494,0.049705038265306124,0.0359354323241606,0.04203659194292376,0.1984564101304067,0,11774.2724609375,overall
2401474,0,clear glass of water,390,0.007772640306122449,0.01423739442827508,0.01791702797737541,0.06483090229523487,0,1411.1744384765625,overall|small
2401474,1,A white plate with food,880,0.017538265306122448,0.03860213827488035,0.04313583442913539,0.2686208551580256,0,5480.0458984375,overall|small
2401474,2,man sitting at the table,2058,0.041015625,0.05149408649637796,0.05790051084408225,0.3175913047975887,0,11288.37890625,overall
2401474,3,person walking in white pants,714,0.014229910714285714,0.029577404870032558,0.03007227393843457,0.6425205946636467,0,15255.23828125,overall|small
2401474,4,salt and pepper shakers,475,0.009466677295918368,0.031944139445451304,0.03691965863593613,0.1916147171823602,0,2465.271728515625,overall|small
2401474,5,person wearing a chefs uniform,533,0.010622608418367346,0.0014561436861495146,0.0015302754784590502,0.029181485775487733,0,10164.0078125,overall|small
2401474,6,Green vest,2759,0.054986447704081634,0.08784318246486682,0.13493159115287692,0.20109557552413693,0,4111.88134765625,overall
2401475,0,White sauce on a plate,4690,0.09347098214285714,0.0853573524565016,0.12708625945073662,0.20632250039562233,0,7614.1396484375,overall
2401475,1,Spoon on a table,1870,0.0372688137755102,0.10171176131818631,0.12213005351573608,0.37825604607077207,0,5791.68505859375,overall
2401475,2,the table is brown,360,0.007174744897959184,0.00591038363189071,0.00619538896128957,0.11385127173529731,0,6615.63916015625,overall|small
2401475,3,Small plate on a table,4284,0.08537946428571429,0.06395929787053287,0.10268286097152915,0.14500697943565447,0,6049.79150390625,overall
2401475,4,White pile of mashed potatoes under a pile of meat. ,8181,0.16304607780612246,0.27916110665533206,0.46685105674703425,0.40981085413228824,0,7181.439453125,overall
2401475,5,a silver knife,873,0.01739875637755102,0.006618818998338599,0.007068863350222973,0.09417174908440275,0,11630.1494140625,overall|small
2401476,0,the water has wave,18221,0.36314174107142855,0.1380069669486473,0.3060050004727132,0.20088023541689534,0,11961.369140625,overall
2401477,0,eyeglasses on man's face,1428,0.028459821428571428,0.11139604157087925,0.1565026621400208,0.27876025288044903,0,2543.53271484375,overall|part
2401477,1,plaid button down shirt,3111,0.062001753826530615,0.16913710989166775,0.1698725016204316,0.9750436643663613,1,17856.69140625,overall|text
2401477,2,this is a bowl,234,0.00466358418367347,0.0026329469910611487,0.002725975308621876,0.0716261741442558,0,6148.45068359375,overall|small
2401477,3,part of  a lid,300,0.005978954081632653,0.009220642701927425,0.009799370274471296,0.13504505157470703,0,4134.2978515625,overall|small
2401477,4,this is a seat,392,0.0078125,0.008614753606250653,0.008959707683661952,0.18284388950892858,0,7999.68115234375,overall|small
2401477,5,white painted brick on wall,576,0.011479591836734694,0.08927796750363608,0.09878425330162394,0.48125489552815753,0,2806.143798828125,overall|small
2401477,6,part of a collar,221,0.004404496173469388,0.0029064537912997443,0.0029717558774483887,0.11681561016928556,0,8687.2041015625,overall|small
2401478,0,dirt on the water,4240,0.08450255102040816,0.026584499695237004,0.05842863242391625,0.04650944763759397,0,3375.05859375,overall
2401478,1,the leaves are green in color,160,0.0031887755102040817,0.0023234913686028106,0.0029372832713571886,0.010996727645397187,0,599.014892578125,overall|small|part
2401478,2,a pathway is adjacent to the river bank,1310,0.02610809948979592,0.0988270609667436,0.1029544142793184,0.7114149719704198,0,9052.099609375,overall
2401478,3,the duck is brown,104,0.002072704081632653,0.0007830137969381852,0.0007877342155179355,0.11556693223806527,0,15257.634765625,overall|small
2401478,4,the trees are tall,260,0.005181760204081632,0.0032338937008121304,0.0035091323145537614,0.039597643338716945,0,2933.884033203125,overall|small
2401478,5,this is a bridge,312,0.006218112244897959,0.014150483797619264,0.014716721782064237,0.26888612600473255,0,5700.486328125,overall|small
2401478,6,The water is calm,5060,0.10084502551020408,0.033041514046641476,0.0441920159163112,0.11578851631978755,0,13257.822265625,overall
2401479,0,The cushion is on the wood chair.,1872,0.03730867346938776,0.0625780581230185,0.06573628806036434,0.5656927385900774,0,16109.470703125,overall
2401479,1,The boy wears a cap.,1961,0.03908242984693878,0.04436016183541673,0.10239222213343847,0.0725879970708105,0,1390.194091796875,overall
2401479,2,The blue plates have small sandwiches on it.,1443,0.028758769132653062,0.09641818860076673,0.09988049500802397,0.7355524751764986,0,10626.7216796875,overall
2401479,3,this is a spectacle ,780,0.015545280612244899,2.5606297763287817e-05,3.776024017151245e-05,7.954810101252336e-05,0,1643.1971435546875,overall|small
2401479,4,girl's hair in a bun,1170,0.023317920918367346,0.0132331083826657,0.01506449981516964,0.0981661869929387,0,7624.1787109375,overall|part
2401479,5,white porcelain cup,187,0.0037268813775510204,0.0036947969561646112,0.0037425621717755435,0.2245053378018466,0,11217.58203125,overall|small
2401479,6,the tree has green leaves ,42,0.0008370535714285714,0.0001701624036519675,0.0001747003418220097,0.006508232582183112,0,1564.655029296875,overall|small|part
2401480,0,part of a shade,195,0.0038863201530612247,0.0203652955691847,0.021220259478826744,0.3357547075320513,0,3085.361328125,overall|small
2401480,1,The black rolling suitcase the lady is holding.,3744,0.07461734693877552,0.03530603428744937,0.039980571888811184,0.2319312951503656,0,21719.318359375,overall
2401480,2,Orange luggage.,1343,0.02676578443877551,0.015286466469940524,0.017293653340838003,0.11637839788123022,0,9037.77734375,overall
2401480,3,right arm of a woman,15,0.00029894770408163266,0.0005634933320744296,0.0005659994861875764,0.11289439201354981,0,2991.903564453125,overall|small|part
2401480,4,The black pants the man is wearing.,1734,0.03455835459183673,0.008465353079915488,0.014022239653624471,0.020914691542259136,0,2586.325439453125,overall
2401480,5,a blue shirt on a man,1908,0.03802614795918367,0.0017803024707923399,0.002279794383303908,0.008060209406246929,0,6745.73095703125,overall|text
2401480,6,part of a woman's elbow,30,0.0005978954081632653,0.00018880243259034027,0.00019017915996821276,0.025417975584665933,0,4009.583740234375,overall|small
2401481,0,White and brown building,1782,0.03551498724489796,0.09536693463873411,0.19057520825496174,0.16029385310899796,1,1498.8499755859375,overall
2401481,1,people on the beach.,21,0.0004185267857142857,0.0006858893115242339,0.0006896681368907261,0.1112538632892427,0,3387.616455078125,overall|small
2401481,2,clear water at the beach.,1248,0.024872448979591837,0.003457722768334546,0.004190169346387613,0.01939719456892747,0,5777.26025390625,overall
2401481,3,small yellow motor boat,1638,0.03264508928571429,0.03595136077843563,0.037309443982717454,0.496896000863286,0,21815.271484375,overall
2401481,4,boats anchored near shore,1843,0.03673070790816327,0.058200515533412704,0.06550546462606187,0.34292653870854245,0,9648.2578125,overall
2401481,5,clear blue sky above the beach.,1276,0.025430484693877552,0.0015594827528552684,0.002744260669835491,0.0035991758388411663,0,1673.51025390625,overall
2401481,6,house on the beach.,374,0.007453762755102041,0.01982001691565037,0.020574952672922003,0.3507222874279328,0,6375.23388671875,overall|small
2401482,0,Empty platform near metro rails,8449,0.16838727678571427,0.1600126370921246,0.2593122930149552,0.29471119571288024,0,9602.37890625,overall
2401482,1,part of a window,228,0.004544005102040816,0.00108703971773401,0.0012425896384217576,0.008608913735339516,0,1579.63037109375,overall|small|part
2401482,2,Houses near the train station,364,0.007254464285714286,0.011746587904728434,0.012035445855144085,0.3286017113989526,0,9938.2294921875,overall|small
2401482,3,a platform alongside a track,2597,0.0517578125,0.009352118171315886,0.011526189475673746,0.04723954228286244,0,10643.681640625,overall
2401482,4,Passenger taking a picture.,945,0.018833705357142856,0.04828046632415253,0.05109016972654653,0.46749215908151454,0,8647.06640625,overall|small
2401482,5,platform number sign hanging from the rafters,77,0.0015345982142857143,0.0007121242016851478,0.0007287160379079277,0.03032804773999499,0,3204.622314453125,overall|small|text
2401482,6,map of train routes displayed on train station wall,308,0.006138392857142857,0.020792043439744962,0.021324810789242584,0.45421778691279424,0,6560.39013671875,overall|small
2401484,0,the tail is wavy,360,0.007174744897959184,0.002992597274900448,0.003057340009733584,0.12382087707519532,0,14579.8359375,overall|small|part
2401484,1,Section of fence that is white in color. ,1188,0.023676658163265307,0.045570674418472755,0.05896554249322941,0.16708773474902014,0,3366.376708984375,overall
2401484,2,A small pond in a field,2520,0.05022321428571429,0.14290185532947094,0.15103474981352702,0.7263129824683779,1,12118.4609375,overall
2401484,3,Back two legs of a pony. ,350,0.006975446428571429,0.029363370979307586,0.029622007135737274,0.7708016531808036,0,9107.4375,overall|small|part
2401484,4,the bridge is wooden,608,0.01211734693877551,0.029768219116743343,0.03272388191631777,0.24788362101504677,0,4605.60400390625,overall|small
2401484,5,this is the nose,16,0.00031887755102040814,0.0017583816951702701,0.0017682731380251609,0.23916320502758026,0,2164.03857421875,overall|small
2401484,6,the grass are green in color,2862,0.05703922193877551,0.07335508083085177,0.11453530493032825,0.16945164625166514,0,4234.24560546875,overall
2401485,0,part of a knee,299,0.0059590242346938774,0.0002111493629941384,0.00023838023809575302,0.001845000180911061,0,2314.18115234375,overall|small
2401485,1,part of  a tank,1288,0.025669642857142856,0.10244916456017775,0.11216028486621182,0.5419682094029018,0,6223.7275390625,overall
2401485,2,a kid riding a horse.,5408,0.10778061224489796,0.11724370864464348,0.1347251637201801,0.4746706358779817,0,19053.744140625,overall
2401485,3,part of a ground,308,0.006138392857142857,0.009714724381701645,0.011808275184656686,0.05194763394145222,0,1354.9710693359375,overall|small
2401485,4,part of a tail,476,0.009486607142857142,0.022573656109418142,0.022986294002886272,0.5570285700950302,0,11534.943359375,overall|small|part
2401485,5,part of a stomach,435,0.008669483418367346,0.002633411091086419,0.00305252615642025,0.018818888170965786,0,2681.7841796875,overall|small
2401485,6,part of a hoof,100,0.001992984693877551,0.0008613727749986656,0.0008729040091217008,0.06121369361877441,0,7012.64892578125,overall|small
2401486,0,The woman's hands are in her pockets. ,352,0.00701530612244898,0.050473847513502444,0.05319276651271818,0.49684706601229583,0,3287.856201171875,overall|small
2401486,1,A clock is on the building. ,450,0.00896843112244898,0.014189370166014752,0.01589242613818784,0.11692847357855903,0,3310.87353515625,overall|small
2401486,2,man sitting on motorcycle.,880,0.017538265306122448,0.07718967110661451,0.0792370161555058,0.7492112593217329,0,8320.6806640625,overall|small
2401486,3,green leaves on the trees.,429,0.008549904336734694,0.017356422618189964,0.023036340642229744,0.06576400258880118,0,1224.70654296875,overall|small|part
2401486,4,bricks on the sidewalk.,36,0.0007174744897959184,9.582307351585137e-06,9.631116030799306e-06,0.001887249242928293,0,7054.31982421875,overall|small
2401486,5,the motorcycle is red in color,48,0.0009566326530612245,0.00015269013372900037,0.000153170822678552,0.04639706015586853,0,14539.70703125,overall|small
2401486,6,A light pole beside a building with arches,4284,0.08537946428571429,0.1771056235587195,0.20228136128322327,0.5872891067234185,1,12437.8564453125,overall
2401487,0,woman holding a fork,13340,0.2658641581632653,0.14505197039706835,0.7393276436522332,0.15287012560614224,1,2758.300048828125,overall
2401487,1,The bowl that has the tomato in it.,4320,0.08609693877551021,0.11265678244362742,0.16653055634016511,0.2582901848687066,0,6700.353515625,overall
2401487,2,oysters on the half shell,3600,0.07174744897959184,0.05055516052587849,0.06539126970969868,0.1822219509548611,0,10031.9052734375,overall
2401487,3,this is a plate,294,0.005859375,0.002407132122346598,0.002466914488372825,0.09035512703616604,0,10768.2724609375,overall|small
2401487,4,the table is wooden,299,0.0059590242346938774,0.006568614595573451,0.006715309702768376,0.23117943192804138,0,10293.29296875,overall|small
2401487,5,lemon wedge on white plate,357,0.007114955357142857,0.0024426660938750215,0.0026027890252228432,0.038189083922143076,0,5238.0361328125,overall|small
2401488,0,a brown wooden table,19888,0.3963647959183674,0.009274646594712728,0.02301670936375004,0.015296572365304299,0,13217.27734375,overall
2401488,1,a manila envelope,1053,0.02098612882653061,1.696840773541197e-05,1.945947433254646e-05,0.00013253460695714127,0,7171.7734375,overall
2401488,2,filing cabinet in an office,936,0.01865433673469388,0.004362927261200057,0.005273719576633917,0.024639993651300415,0,4373.20068359375,overall|small
2401488,3,The red and white snack bag,1624,0.03236607142857143,0.0001279700174490703,0.00015689623518373242,0.0006936298215330528,0,7179.61669921875,overall
2401488,4,icons on a computer screen,215,0.0042849170918367345,0.003461411755427035,0.004121110008462519,0.021165637082831805,0,1104.219970703125,overall|small
2401488,5,small blue piece of paper,56,0.0011160714285714285,0.0018680375232236967,0.001890809623055307,0.13427904673985072,0,3976.934814453125,overall|small
2401489,0,The cat has two eyes.,1081,0.021544164540816327,0.026953172213142425,0.03361467791215366,0.11972499004014657,0,3850.1845703125,overall|part
2401489,1,tail of a cat,50,0.0009964923469387755,0.0012952964831354984,0.0012971635373085271,0.47366382598876955,0,18257.67578125,overall|small|part
2401489,2,Tan figures on the rug. ,1584,0.031568877551020405,0.0653222993360389,0.07025352435580033,0.48203304560497556,0,10868.3564453125,overall
2401489,3,collar on a cat,1148,0.022879464285714284,0.08819712645976763,0.09285515467893676,0.6374394220757568,0,7880.88134765625,overall
2401489,4,paws of a cat,120,0.0023915816326530613,0.0003326849539034956,0.0003480635081207765,0.007473401228586833,0,2576.564697265625,overall|small
2401489,5,white flower on a carpet,70,0.0013950892857142857,0.001808742887979435,0.0018262594921255183,0.15865800040108816,0,6081.3154296875,overall|small
2401489,6,Floral pattern on the rug. ,2376,0.047353316326530615,0.03478648545690918,0.15445108553738376,0.04296962339870055,1,661.023681640625,overall
2401490,0,An apple stem.,1715,0.0341796875,0.03546723785925831,0.04394122132633944,0.15534317416977952,0,6062.95263671875,overall
2401490,1,edge of an apple,357,0.007114955357142857,0.005894405762049052,0.00666922954512116,0.048285786177263874,0,2584.710205078125,overall|small
2401490,2,White dots on the apple. ,2184,0.04352678571428571,0.02685771297719206,0.03967091185933206,0.07677032834007627,0,4226.431640625,overall
2401490,3,green peel of an apple,294,0.005859375,0.0027243149231156167,0.0027926464377735394,0.10018556945177974,0,10547.1845703125,overall|small
2401490,4,part of an orange,576,0.011479591836734694,0.009514250355940494,0.009839108232558172,0.22370020548502603,0,13095.8330078125,overall|small
2401490,5,part of an orange,910,0.018136160714285716,0.013274755763737956,0.014011193531786746,0.20163544036529876,0,13095.8330078125,overall|small
2401490,6,Light reflecting on the apple.,1520,0.030293367346938774,0.0005888470061423849,0.0021771989158896974,0.0008064982922453629,0,563.0525512695312,overall
2401491,0,seat on brown bench,1917,0.038205516581632654,0.03916495790565186,0.045829492501265376,0.2121782457076079,0,8875.1953125,overall
2401491,1,plants behind the bench.,840,0.016741071428571428,0.034412298466413756,0.035278324292706074,0.5836482456752232,0,13897.046875,overall|small
2401491,2,a patch of wild flowers.,3956,0.07884247448979592,0.06933636538362861,0.1280021323140868,0.1314047262810841,1,4061.15966796875,overall
2401491,3,sticks on the ground.,210,0.004185267857142857,0.0010362094627031453,0.0010555052526613022,0.05364151909237816,0,10672.34765625,overall|small
2401491,4,A patch of blurry green groundcover,8400,0.16741071428571427,0.02843510284332108,0.19118073152403003,0.032323601132347474,0,1420.2176513671875,overall
2401491,5,A tall tree trunk.,4536,0.09040178571428571,0.010208994555196476,0.016388300271494544,0.02636178502750565,0,7296.4892578125,overall
2401491,6,branch sticking off the tree.,30,0.0005978954081632653,9.628659736824362e-06,9.70162983174596e-06,0.0012785273293654123,0,3953.5439453125,overall|small|part
2401492,0,Comic book being read by young man,1554,0.030970982142857144,0.020953387708860797,0.028987908318523242,0.07028475139131878,0,3767.8642578125,overall
2401492,1,Left racks deep comic titles,4779,0.09524473852040816,0.05873771535695377,0.09460047231520764,0.1341549924637738,0,6777.2041015625,overall
2401492,2,Blue trimmed white sneakers,5696,0.11352040816326531,0.07803388297366863,0.530286349136628,0.08382811171285222,1,900.428466796875,overall
2401492,3,Rack of comic books,1056,0.021045918367346938,0.030702443465736664,0.03101715457389027,0.7516118829900568,0,25589.134765625,overall
2401492,4,white buttons on blue shirt,1357,0.027044802295918366,0.12296768511483153,0.12339544548429336,0.9725819463315217,1,10695.6435546875,overall|text
2401493,0,blue circle on red round sign,3124,0.06226084183673469,0.03449479567128466,0.05612189185847677,0.08215899595683118,0,4573.34375,overall|text
2401493,1,a black colored traffic signal.,11952,0.2382015306122449,0.41500154181165666,0.6375256117448881,0.5431638255495942,1,10182.9541015625,overall
2401493,2,Two dormer windows in building.,384,0.007653061224489796,0.005566218181636172,0.005896316580640272,0.0904340147972107,0,5889.5517578125,overall|small
2401493,3,Information sign near traffic light.,1360,0.027104591836734693,0.006021440854172746,0.007992236824270195,0.023836884779088637,0,4056.20654296875,overall|text
2401493,4,large black screw on sign,250,0.0049824617346938774,0.008246419260264778,0.008994227373346703,0.09023373413085937,0,2508.101318359375,overall|small|text
2401493,5,large green tree on the sidewalk,1026,0.020448022959183673,0.04121870799605441,0.0428043740722384,0.5266678421585648,0,12623.9716796875,overall
2401493,6,the back of a street sign,546,0.010881696428571428,0.0018174765192126548,0.001909959038187352,0.036176835224305315,0,10341.8720703125,overall|small|text
2401494,0,tree standing in the middle of a sidewalk,4472,0.08912627551020408,0.005480413376185719,0.00880351009642203,0.01431087432479176,0,7269.62646484375,overall
2401494,1,the road is grey in color,840,0.016741071428571428,0.08429662869187565,0.09363362590362112,0.4580963861374628,0,4109.64501953125,overall|small
2401494,2,a yellow painted traffic light,1725,0.03437898596938776,0.002191515991848981,0.0025160127555058907,0.01670819489852242,0,11455.2822265625,overall
2401494,3,red arrow sign pointing right,160,0.0031887755102040817,1.381352974869608e-06,1.3977992108973809e-06,0.0001173902302980423,0,13437.1494140625,overall|small|text
2401494,4,There is a red and white pole on the corner,418,0.008330676020408163,0.0007801796544647701,0.0008246044471080284,0.014274823038201583,0,7236.04638671875,overall|small
2401494,5,this is a door,480,0.009566326530612245,0.039938748217020495,0.04511469223770245,0.2582235813140869,0,2747.382568359375,overall|small|part
2401494,6,the building is grey in color,120,0.0023915816326530613,0.0003960348742066912,0.00040799412947337,0.013330756624539693,0,3920.8671875,overall|small
2401495,0,fried cheese stick on plate,3248,0.06473214285714286,0.14952477792298263,0.15046641964278223,0.9598277425531097,1,20719.044921875,overall
2401495,1,the handle of a piece of silverware,242,0.004823022959183673,0.005490774143842235,0.005897182287474395,0.0737943570475933,0,3028.265625,overall|small|part
2401495,2,the meat is chicken,6960,0.13871173469387754,0.2999027739762973,0.35499068941979933,0.6590052111395475,0,12920.5537109375,overall
2401495,3,brown wooden wall in back,2343,0.04669563137755102,0.018173132270709137,0.04209043334419746,0.0309905322046805,0,1725.114501953125,overall
2401495,4,the floor is black,2301,0.04585857780612245,0.092496939843198,0.14130968332444593,0.21121498316798404,0,3439.294921875,overall
2401495,5,the top of a brown table,434,0.008649553571428572,0.004448091103091922,0.004805421560362505,0.056442164056312104,0,5097.5546875,overall|small
2401495,6,the sauce is white,572,0.011399872448979591,0.006207859251803665,0.007256682062524796,0.04118259803398506,0,3246.173095703125,overall|small
2401496,0,black burner of oven,320,0.006377551020408163,0.0010271697607127388,0.0010477471487821775,0.04970139265060425,0,15179.66015625,overall|small
2401496,1,window with white blinds,3182,0.06341677295918367,0.11726123501590428,0.18884074454807093,0.2362669747554604,0,3981.140380859375,overall|part
2401496,2,Rear right eye of stove,96,0.001913265306122449,0.0003666131445478771,0.00037460793924744897,0.01688809444506963,0,4327.876953125,overall|small|part
2401496,3,the outlet is on wall,90,0.001793686224489796,5.672570513774859e-07,5.743726384814764e-07,4.5787087745136685e-05,0,7174.50244140625,overall|small
2401496,4,white doors on a cupboard,4690,0.09347098214285714,0.013691514045670173,0.023852097309140938,0.031140126958330558,0,6123.03369140625,overall
2401496,5,a refrigerator ,3762,0.07497608418367346,0.2366447278450142,0.26054939128542953,0.7206168775543261,1,10404.7861328125,overall
2401496,6,a cabinet under a counter.,2622,0.052256058673469385,0.04654783729754928,0.08354617933101886,0.09511266456679658,0,2985.000732421875,overall
2401497,0,the number is 190,234,0.00466358418367347,0.013343673577330935,0.014383091567151281,0.15586522094204894,0,2535.787353515625,overall|small|text
2401497,1,brick with black numbers,1089,0.02170360331632653,0.028308092126210417,0.06736507823476952,0.0465525477385718,0,752.552001953125,overall
2401497,2,The poles are metal.,15481,0.3085339604591837,0.24012894549635136,0.46415912520847635,0.33222639218033395,0,11080.67578125,overall
2401497,3,pipe on the ground,2584,0.05149872448979592,0.11937490246607833,0.16159830640605163,0.3135989162574981,0,5014.5302734375,overall
2401497,4,brick sidewalk in pink,5005,0.09974888392857142,0.01061045964296768,0.06992372071157489,0.012354017899824784,0,884.27587890625,overall
2401497,5,left cap on water hydrant,527,0.010503029336734694,0.003576109116376021,0.0037753111286137142,0.06347314592104483,0,8860.2890625,overall|small
2401498,0,Smoke coming from the pot. ,1950,0.03886320153061224,0.010667483201623475,0.02375651368569868,0.018993675036308093,0,1559.0531005859375,overall
2401498,1,Knobs on the stove. ,2400,0.04783163265306122,0.06248159026550572,0.0709827292263737,0.34284378051757813,0,11591.9052734375,overall
2401498,2,Yellow Curtains in Kitchen,10450,0.20826690051020408,0.21665669835912016,0.40671486346427094,0.3167692602422249,0,8138.966796875,overall
2401498,3,White Tile on Wall,5063,0.1009048150510204,0.003839171363423208,0.01411205099490307,0.005246274489648206,0,1882.213134765625,overall
2401498,4,the shirt is striped,4332,0.08633609693877552,0.0287670226456387,0.08057164506456244,0.042825246231487694,0,2302.5341796875,overall|text
2401498,5,Woman has red hair. ,2900,0.05779655612244898,0.21724815909264025,0.22277364144866452,0.8975294652478448,0,11683.767578125,overall|part
2401498,6,A whisk in a mixing bowl. ,1406,0.028021364795918366,0.010729203384422946,0.011761847456871845,0.10889797292088038,0,13017.5595703125,overall
2401499,0,fried chicken and a biscuit,2808,0.055963010204081634,0.06151152672289924,0.07226721480250377,0.2924333882128072,0,11362.7314453125,overall
2401499,1,tan and brown wooden table,1488,0.02965561224489796,0.029391060763076154,0.035944841277899646,0.13882050462948378,0,5746.71923828125,overall
2401499,2,Peaches in bowl are yellow,11817,0.2355110012755102,0.008947660461325446,0.07507831871204088,0.010056150174437516,0,1582.794189453125,overall
2401499,3,the table is wood,1155,0.023018973214285716,0.004231935539620419,0.004702867308388758,0.040547784582360996,0,9958.3271484375,overall
2401499,4,Red onions in a dish. ,1479,0.02947624362244898,0.022583884924754206,0.024905411231977086,0.19502892794038412,0,11581.7314453125,overall
2401499,5,tan and brown wooden table,2806,0.05592315051020408,0.04426641294850911,0.063088072245025,0.12920507429670794,0,5746.71923828125,overall
2401500,0,black chairs for sitting,1504,0.029974489795918366,0.04120726126706996,0.04198941513170089,0.68868539688435,0,24667.712890625,overall
2401500,1,Computer tower sitting under desk in corner.,1110,0.022122130102040817,0.011353577547974149,0.012424698264691452,0.1163722682643581,0,10396.4873046875,overall
2401500,2,ventilation the the wall,945,0.018833705357142856,0.0034360430258831435,0.005056200903544385,0.01060946126463552,0,1982.9000244140625,overall|small
2401500,3,old computer monitor on table,1400,0.027901785714285716,0.10518458795194785,0.11455175507478371,0.5626139613560268,1,6876.0146484375,overall
2401500,4,yellow object on screen,1518,0.030253507653061226,0.0019119375329845418,0.003255945348687772,0.004610437021268058,0,2149.49658203125,overall
2401500,5,clear glasses on man's face,475,0.009466677295918368,0.013670155840238339,0.01522163933781466,0.11825769524825247,0,3690.29931640625,overall|small|part
2401500,6,solid white paint on wall,1071,0.021344866071428572,0.003853685641098463,0.01379181511809909,0.005319571294704405,0,413.0899963378906,overall
2401501,0,stomach of a zebra,247,0.004922672193877551,0.0073823278202882255,0.007480050359483883,0.3610513972849981,0,11922.3388671875,overall|small
2401501,1,The trees are leafless.,19096,0.38058035714285715,0.007058366504242738,0.0348808981321228,0.008771402545189029,0,4802.01806640625,overall
2401501,2,part of a zebra,288,0.005739795918367347,0.005590229186507385,0.005745830910599218,0.17110659016503227,0,8576.4267578125,overall|small
2401501,3,The grass looks dry.,5684,0.11328125,0.012983357992340773,0.029860326045423345,0.02245554833408815,0,4274.47900390625,overall
2401501,4,back of a zebra,819,0.016322544642857144,0.021475415214760592,0.02306754265260626,0.23730878632001678,0,8425.513671875,overall|small
2401501,5,rock beside tree,680,0.013552295918367346,0.014712634045112336,0.015483381044768336,0.22813249475815717,0,10019.1357421875,overall|small
2401501,6,part of the ground,735,0.0146484375,0.0009326593742667446,0.0012494330692307814,0.003665154320853097,0,2156.088623046875,overall|small
2401502,0,white table full of food,27824,0.5545280612244898,0.2159329758447311,0.4138087531246186,0.31109120751195013,0,20917.396484375,overall
2401502,1,tulips in a glass vase,1904,0.03794642857142857,0.038173964113259365,0.07721339857703442,0.07020132882254464,0,1731.08984375,overall
2401502,2,wall mounted light fixture,1102,0.02196269132653061,0.019490359013972627,0.02919486983481039,0.055386856549880896,0,2090.652099609375,overall
2401502,3,black bowel with silver spoon,1394,0.027782206632653062,0.002324439776630123,0.0029124243740313274,0.011382438873115878,0,5448.07958984375,overall
2401503,0,section of a man's arm,276,0.005500637755102041,0.02344534010670148,0.023747741674610152,0.6480328103770381,0,7531.53955078125,overall|small|part
2401503,1,red shirt of man,4704,0.09375,0.009554365717837817,0.012961986243504307,0.03506861576417677,0,12726.658203125,overall|text
2401503,2,tan pants on a man,1708,0.03404017857142857,0.014816547905248816,0.02193887993594112,0.04364729709312564,0,3398.057861328125,overall
2401503,3,green and red patch on a cloth,143,0.002849968112244898,0.0018731102968361337,0.0019056582724858862,0.09883047650744031,0,7416.2080078125,overall|small
2401503,4,a yellow item ,63,0.0012555803571428572,0.0017430697592045914,0.0017558040350148516,0.19376603383866567,0,6952.5185546875,overall|small
2401503,5,tie dyed skirt on person,8580,0.17099808673469388,0.006950178552380541,0.011953564863821618,0.016333425739706257,0,11723.765625,overall
2401503,6,a shadow on a Frisbee ,1620,0.03228635204081633,0.005903243663450758,0.02812040787711773,0.007416360172224633,0,427.2521057128906,overall
2401504,0,clouds in the sky.,770,0.015345982142857142,3.143370223092799e-05,6.48128021379337e-05,6.103166318559027e-05,0,725.0786743164062,overall|small
2401504,1,three horses running on the beach,2968,0.05915178571428571,0.05041726244827991,0.05992379641686634,0.2411605547059257,0,11944.5791015625,overall
2401504,2,light blue sky,1080,0.021524234693877552,0.0038980604350840934,0.004550682270790105,0.026461627748277452,0,6280.06005859375,overall
2401504,3,footprints in the sand.,207,0.00412547831632653,8.833893504246438e-06,9.171784200990929e-06,0.00023973178892319904,0,5410.55908203125,overall|small
2401504,4,sand on the ground.,360,0.007174744897959184,0.0002453859099184328,0.0002543709848812842,0.006899043586519029,0,9763.9111328125,overall|small
2401504,5,pond on the beach.,310,0.0061782525510204085,0.0014266040991052571,0.0014638269561342248,0.05312236047560169,0,11249.9169921875,overall|small
2401504,6,ocean waves coming to shore,1880,0.03746811224489796,0.06011245098890604,0.07890408267731187,0.20153678731715424,0,4801.8955078125,overall
2401505,0,round red train traffic light,851,0.01696029974489796,0.02889205368050446,0.02949085722465268,0.5872753963627351,0,16946.654296875,overall|small
2401505,1,lights around a building in the background,576,0.011479591836734694,0.041294510931870435,0.04635336487139438,0.2745075755649143,1,3411.108642578125,overall|small
2401505,2,electrical wires running above the railroad tracks,9021,0.17978714923469388,0.016329995905483688,0.06537421705740401,0.021303586850950212,0,2939.685791015625,overall
2401505,3,lights near the tracks.,119,0.0023716517857142855,0.0009110290975534657,0.0009229644932777459,0.06581336109578109,0,8485.47265625,overall|small
2401505,4,train tracks made of steel.,1287,0.02564971301020408,0.024020629244267656,0.03182430674748906,0.0892191177759415,0,3608.09130859375,overall
2401505,5,grey gravel and rock in between train tracks,87,0.0017338966836734694,0.0005303332505546798,0.000536195510915754,0.04626317955981726,0,7506.3974609375,overall|small
2401505,6,stone three story small building with circular dome on roof,1292,0.02574936224489796,0.076566596322617,0.08374558214401291,0.47178772728509577,0,7278.58984375,overall
2401506,0,Red shirt on a man,9919,0.19768415178571427,0.31161894892794245,0.4247674693701835,0.539136389520743,0,12589.697265625,overall|text
2401506,1,Picture on a wall,2016,0.04017857142857143,0.10256676767509683,0.14360116539428677,0.2641299717010014,0,3708.08984375,overall
2401506,2,The girl is wearing rings. ,375,0.007473692602040816,0.002066822370154996,0.00218397568142335,0.03710030110677083,0,6370.31494140625,overall|small
2401506,3,bag over woman's shoulder.,351,0.006995376275510204,0.004195961641470073,0.004306975221350209,0.13999949832927128,0,11409.3583984375,overall|small
2401506,4,Brown eyes on a woman,3968,0.07908163265306123,0.027349923859332645,0.06474480510366444,0.0452122111474314,0,2770.910400390625,overall|part
2401506,5,a wooden chair under the table,1403,0.02796157525510204,0.054106102725831384,0.05688485643689865,0.5255323588125891,0,12961.6552734375,overall
2401506,6,a round mirror above,3002,0.05982940051020408,7.853935231151883e-06,7.227717613817967e-05,8.811342773796478e-06,0,365.97515869140625,overall
2401507,0,multi level building on main street,4896,0.0975765306122449,0.13771897876581463,0.18028118308714314,0.36842281366485397,0,10005.470703125,overall
2401507,1,white sign with orange and pink writing ,720,0.014349489795918368,0.0006247482979847423,0.0006640344238403298,0.010449474387698703,0,11330.16796875,overall|small|text
2401507,2,Two traffic lights facing the other way,6050,0.12057557397959184,0.13781345897640315,0.20563969301871687,0.2946974270402893,0,8670.11328125,overall
2401507,3,large grey house with many windows,3850,0.07672991071428571,0.06074896139848895,0.08932460342559082,0.15958984375,0,6878.51806640625,overall
2401507,4,bare tall tree in the distance,1296,0.025829081632653062,0.05171142975897219,0.06359519198297194,0.21674928547423564,0,4417.11181640625,overall
2401507,5,street light at intersection,1024,0.02040816326530612,0.039047079157107104,0.05038292534101166,0.14788269996643066,0,3005.619140625,overall
2401507,6,small soft white cloud,160,0.0031887755102040817,5.0866730932775505e-05,5.2250796394137434e-05,0.0019166240468621253,0,5868.99853515625,overall|small
2401508,0,window of a building,253,0.005042251275510204,0.012644304246558862,0.014095343861087559,0.10939028894477211,0,1963.467041015625,overall|small|part
2401508,1,bus lights are on,1230,0.02451371173469388,0.11949706608975387,0.1330128704605198,0.5404421426416413,0,4997.59033203125,overall
2401508,2,metal pole with pedestrian traffic light,4128,0.08227040816326531,0.17727028478069567,0.18247532263195593,0.8613930044248123,1,19486.63671875,overall
2401508,3,wet black city street,3920,0.078125,0.036294229569006346,0.05227705968837423,0.10611498307208625,0,7957.04150390625,overall
2401508,4,blue neon sign in photo,272,0.005420918367346939,0.0007043662430477652,0.0008358828670179043,0.004456802764359643,0,1450.263427734375,overall|small|text
2401508,5,the building is brown in color,3888,0.07748724489795919,0.008992802461292446,0.01289175912575288,0.028875772845107343,0,8708.5869140625,overall
2401508,6,yellow flowers in rectangular planter,810,0.016143176020408163,0.021268690031373515,0.023831385841538395,0.16512551013334298,0,5612.41650390625,overall|small
2401509,0,sign with arrows pointing forward and left,572,0.011399872448979591,0.007795248162619555,0.01386748265526676,0.017491037195379085,0,721.4628295898438,overall|small|text
2401509,1,a round-edged traffic light,760,0.015146683673469387,0.005406953397812179,0.0057552152948171734,0.08202376114694696,0,10831.5771484375,overall|small
2401509,2,grass next to a sidewalk,3564,0.07102997448979592,0.04738407069814704,0.06367652009721297,0.15625578840707421,0,8745.6982421875,overall
2401509,3,city street light above roadway,989,0.01971061862244898,0.01040397226692816,0.011664601040496181,0.08781427705492843,0,7445.4599609375,overall|small
2401509,4,"some circular black+white+red all over signs, indecipherable at this distance",210,0.004185267857142857,0.0004665842673749285,0.000495918441143786,0.007826259022667294,0,3314.08203125,overall|small
2401509,5,the post is yellow in color,180,0.003587372448979592,0.0004980238394816332,0.0005047253069480568,0.03615292443169488,0,12893.2041015625,overall|small
2401509,6,a crosswalk on a road,2728,0.054368622448979595,0.03202025280488597,0.04462477630469675,0.10182098209683146,0,6224.51611328125,overall
2401510,0,green houseplant in pot,2128,0.04241071428571429,0.08147902999925659,0.10419209049030079,0.27207634144259574,0,5556.8369140625,overall
2401510,1,this is a man ,2414,0.04811065051020408,0.11707776137295431,0.23242622835343202,0.19088008093656147,0,1982.4979248046875,overall
2401510,2,goblet filled with beer,988,0.019690688775510203,0.06743231906755208,0.0693968949829679,0.7043158033116144,0,10027.3076171875,overall|small
2401510,3,The radiator is on the wall.,4080,0.08131377551020408,0.0011587698053639526,0.0020849116235781766,0.002601811932582481,0,5091.53125,overall
2401510,4,the woman's headband is blue.,928,0.018494897959183673,0.011399139705064757,0.013379876356820622,0.07149591939202671,0,4958.80615234375,overall|small
2401510,5,the table is wooden ,924,0.018415178571428572,0.013438761129200281,0.014031304407613316,0.24140538797750102,0,15897.208984375,overall|small
2401510,6,cloth napkin in silver holder,891,0.01775749362244898,0.027587907338538473,0.030437997415745103,0.2275782455632716,0,6661.81201171875,overall|small
2401511,0,Large knife with a black handle,4191,0.08352598852040816,0.20953180951518918,0.22562825620810528,0.7460036317592759,1,13856.869140625,overall|part
2401511,1,fried potatoes for food,3224,0.06425382653061225,0.03520191934890742,0.042598519415675336,0.1685616467194285,0,12757.3154296875,overall
2401511,2,large blue table,480,0.009566326530612245,0.002493372451091821,0.0026217010966949573,0.04846959511439006,0,8874.1640625,overall|small
2401511,3,cup for drinking liquids,3196,0.06369579081632654,0.07408849954623543,0.13286260668023628,0.14345557221184685,0,3450.81298828125,overall
2401511,4,Bottle of bay leaves with black cover,2464,0.049107142857142856,0.000999111936305365,0.0025607348372502833,0.001635654793157206,0,1573.865966796875,overall|part
2401511,5,sliced red peppers,675,0.013452646683673469,0.04481595748210493,0.04952658802029657,0.32027612756799767,0,4365.05712890625,overall|small
2401511,6,canned food in the kitchen,1734,0.03455835459183673,0.04569390986863659,0.05799924337339981,0.17720598443019211,0,5297.9169921875,overall
2401512,0,Mailboxes on the side of the street. ,5876,0.1171077806122449,0.234210234096282,0.32553791346058947,0.4549943626616746,0,8212.705078125,overall
2401512,1,Blue umbrella.,3080,0.06138392857142857,0.17794472769969455,0.22644405212449636,0.45379860617897727,1,6172.38427734375,overall
2401512,2,the door is brown,988,0.019690688775510203,0.0061344372625873915,0.007794012009344805,0.02800295903132512,0,3549.7666015625,overall|small|part
2401512,3,she is wearing goggles,16,0.00031887755102040814,0.0009546170685103796,0.0009555346301281466,0.49852657318115234,0,8347.6044921875,overall|small|part
2401512,4,Rear end of horse pulling a carriage.,6460,0.1287468112244898,0.13909812851888728,0.2225890768398817,0.27051988725691756,0,7851.05224609375,overall
2401512,5,Emblem on carriage.,418,0.008330676020408163,0.05661513070809799,0.06208676440866216,0.39113985636587917,0,2633.3544921875,overall|small
2401512,6,Green door on a building,1508,0.03005420918367347,0.033803245291404334,0.036375181032577926,0.3234480799667399,0,13409.134765625,overall|part
2401513,0,the rocks are on shore,2627,0.05235570790816327,0.03779495143851748,0.07524621022212041,0.07057733612002462,0,2464.0,overall
2401513,1,narrow opening in rocks,1875,0.03736846301020408,0.004704585514794458,0.008691693840066728,0.010151644897460937,0,2189.9453125,overall
2401513,2,the pack is green,648,0.012914540816326531,4.6164394477757916e-06,6.335907828260755e-06,1.7010395553100994e-05,0,1739.724853515625,overall|small
2401513,3,rocks on water's bottom,567,0.011300223214285714,0.019460758734745967,0.022650467112285997,0.12141435949470211,0,3039.316650390625,overall|small
2401513,4,rock on water's edge,729,0.014528858418367346,0.0029945084147983995,0.0034291135342807595,0.02308185666349853,0,4907.00390625,overall|small
2401513,5,Bushes growing on side of river.,4508,0.08984375,0.19928916799758306,0.2074007759038336,0.8359446487494454,0,18169.837890625,overall
2401513,6,Blue clothing item in bottom of canoe.,462,0.009207589285714286,0.006998673660307655,0.007131787650717296,0.27270862860081,0,17666.171875,overall|small
2401514,0,this is an umbrella ,832,0.016581632653061226,0.05078558926404433,0.05112488161926258,0.8844253833477314,0,14393.029296875,overall|small
2401514,1,rain on city street,12876,0.25661670918367346,0.021028374884285782,0.07327271414764999,0.028647428419546296,0,5034.12890625,overall
2401514,2,A traffic signal.,1710,0.034080038265306124,0.01791322273275642,0.02247650626882099,0.08107812000296967,0,6168.3779296875,overall
2401514,3,this is a man ,3168,0.06313775510204081,0.019971341536937567,0.03417061290638603,0.04585717904447305,0,4251.47607421875,overall
2401514,4,this is a vehicle ,480,0.009566326530612245,0.012658789749721816,0.012878587822062755,0.42585296630859376,0,15872.037109375,overall|small
2401514,5,blue and white directional light,432,0.00860969387755102,0.0052642525979255325,0.006125177340394604,0.036101199962474684,0,2546.166015625,overall|small
2401514,6,A sign above a street.,260,0.005181760204081632,0.022873252701741106,0.02540452369942891,0.18670237614558294,0,1910.786376953125,overall|small|text
2401515,0,The boy rests his arm on the table,6486,0.12926498724489796,0.02075766850514703,0.02636080985480692,0.08896903509421736,0,21890.5703125,overall|part
2401515,1,ear of a human being,546,0.010881696428571428,0.030614959000362704,0.0320616804527126,0.4042217548076923,0,6883.76513671875,overall|small
2401515,2,nose on boy's face.,315,0.006277901785714286,0.010333864008550828,0.010903882371576044,0.1650499979654948,0,4768.09521484375,overall|small|part
2401515,3,fingers of a human being,1440,0.028698979591836735,0.05902756848818809,0.06998777416028355,0.27374560038248696,0,5632.32177734375,overall
2401515,4,brown iris of boy's eye.,110,0.002192283163265306,0.00012701761648238464,0.0001396975082562756,0.0013974290002476085,0,1100.357421875,overall|small|part
2401515,5,brown and black teddy bear ears,600,0.011957908163265306,0.00027448182898560323,0.0002969773023453319,0.0036105291048685708,0,7294.5556640625,overall|small
2401515,6,gray wall in the background,1400,0.027901785714285716,0.08580660745891668,0.12147454832993569,0.22614523751395088,0,2606.334716796875,overall
2401517,0,Second zebra behind main zebra,4012,0.07995854591836735,0.009473279318778985,0.015242945459510352,0.024416477587501168,0,6426.5078125,overall
2401517,1,a hole in the stall wall,984,0.0196109693877551,0.0004861458220168865,0.0008843529979163745,0.00107848595797531,0,1200.0074462890625,overall|small
2401517,2,long zebra ears,2205,0.0439453125,0.07210170690134078,0.08034492227695605,0.41271834254535145,0,11326.7138671875,overall
2401517,3,the left eye of a zebra.,561,0.01118064413265306,0.009037686457082441,0.009561300109824764,0.1416531051118956,0,8311.3583984375,overall|small|part
2401517,4,white underbelly on zebra,896,0.017857142857142856,0.00022687295402469088,0.00025338806145206697,0.0021633904959474292,0,7649.91796875,overall|small
2401517,5,hay hanging out of zebra's mouth as he eats it,735,0.0146484375,0.02432237754339844,0.024915445303307783,0.5053938054714073,0,14909.0029296875,overall|small
2401517,6,curved line on the brown wall,1334,0.02658641581632653,0.010635194328913158,0.050348499680661546,0.01330391113189743,0,352.4914855957031,overall
2401518,0,players are on flat grassy field,6435,0.12824856505102042,0.061191674509566155,0.07747320310718413,0.22550947045575953,0,18731.037109375,overall
2401518,1,the t shirt is muddy,1073,0.02138472576530612,0.0022171142137838826,0.00266542496858898,0.013010320103512895,0,5237.46630859375,overall|text
2401518,2,a red sweatshirt,391,0.007792570153061225,0.0012428389113873085,0.0013970599318464227,0.011133303727640216,0,3115.916259765625,overall|small
2401518,3,Electrical pole near fence.,1998,0.03981983418367347,0.061107795732504334,0.07248082436871663,0.2802870008680556,0,7726.36669921875,overall
2401518,4,White frisbee,578,0.011519451530612245,0.007255612983081991,0.007841885276398794,0.08846445974594169,0,6520.42919921875,overall|small
2401518,5,Clear pale blue skies.,5247,0.1045719068877551,0.0006698034185465652,0.0025204354241217006,0.0009113954820700184,0,1897.3277587890625,overall
2401518,6,blue nike sneaker on foot of unseen player,280,0.005580357142857143,0.0022166782004000613,0.0023009155642049325,0.05709108625139509,0,6947.45361328125,overall|small
2401519,0,A lot of fluorescent lights.,2772,0.05524553571428571,0.06912287813280328,0.09931229698976166,0.18526259473219922,0,5171.04052734375,overall
2401519,1,woman lying down on mattress,27566,0.5493861607142857,0.37905325126697353,0.7866422601614637,0.42248893847946745,1,14805.1162109375,overall
2401519,2,the cup board is wooden,1184,0.023596938775510203,0.029117317630668,0.03606197715208392,0.13134072277996992,0,4312.2265625,overall
2401519,3,Plants in the mall.,1872,0.03730867346938776,0.08698503291305866,0.09635026651744018,0.47227015046991855,0,9175.7890625,overall
2401519,4,white and red shopping bag on the floor,1204,0.023995535714285716,0.01273093657128113,0.014898156562626838,0.08047371290846916,0,6503.5126953125,overall
2401520,0,the cpu is black,476,0.009486607142857142,0.0029088066320590304,0.0033456890976422226,0.02179052449074112,0,3100.1953125,overall|small
2401520,1,the keyboard is back in color,840,0.016741071428571428,0.0035018926105359754,0.003773186875706856,0.04644268580845424,0,10339.232421875,overall|small
2401520,2,the wall is white in color,2806,0.05592315051020408,0.02304995498718055,0.08122995515485668,0.031178578426390994,0,1077.0299072265625,overall
2401520,3,White telephone on a desk,483,0.009626116071428572,0.018448044466514067,0.018617478146021764,0.6696489227484472,0,17372.9453125,overall|small
2401520,4,this is  a laptop,1476,0.029416454081632654,0.0490513469061888,0.0701084878412881,0.14038650388640117,0,2955.569091796875,overall
2401520,5,Black laptop computer,2091,0.041673309948979595,0.09879654327125865,0.11218674691128781,0.45287747339789575,0,8440.986328125,overall
2401520,6,the fan is white,644,0.012834821428571428,0.03755658071530062,0.03958042259105699,0.42346390433933423,0,6890.04150390625,overall|small
2401521,0,Plant with small yellow flowers,2744,0.0546875,0.03823209599645261,0.05478076191563721,0.11234124408866504,0,5627.23779296875,overall
2401521,1,the horses are brown,1450,0.02889827806122449,0.011837133327268613,0.012495420760049822,0.1834661865234375,0,21289.876953125,overall
2401521,2,green grass,5600,0.11160714285714286,0.007068099127709858,0.017416619919857077,0.011755808421543666,0,3779.8681640625,overall
2401521,3,The roof of a house.,943,0.018793845663265307,0.026970374038612965,0.03757532719739469,0.08722568645457068,0,2189.0380859375,overall|small
2401521,4,Gray house with a brick chimney,3060,0.06098533163265306,0.008519991317182818,0.012504469564609098,0.026041933446148642,0,6372.78662109375,overall
2401521,5,bright green medium sized bush,1292,0.02574936224489796,0.011536803553112594,0.01379750318987459,0.06577977750323505,0,6159.626953125,overall
2401521,6,Plant with red flowers,400,0.007971938775510204,0.0014907080253815839,0.001613636276238283,0.01919244647026062,0,4757.564453125,overall|small
2401522,0,this is the road,1800,0.03587372448979592,0.0003058819999025354,0.0005770777344436735,0.0006504633029301961,0,2028.901611328125,overall
2401522,1,man riding on motorbike,28665,0.5712890625,0.6512278747977776,0.8722376801218639,0.7198987086821909,1,23658.5703125,overall
2401523,0,Large clock tower ,4326,0.08621651785714286,0.03266973201246782,0.05808680863733544,0.0694745505126163,0,5174.09912109375,overall
2401523,1,part of a building,56,0.0011160714285714285,0.0012482045542221638,0.0012584137461858203,0.1333416359765189,0,5933.76513671875,overall|small
2401523,2,Overlapping power-line cables ,2736,0.0545280612244898,0.018940897740391177,0.02739287625760684,0.057837012218453034,0,5776.759765625,overall
2401523,3,fence along the balcony.,78,0.0015545280612244898,0.00020878885246560544,0.00021036287423960553,0.027146455569145005,0,10065.576171875,overall|small
2401523,4,Balcony around the building,2415,0.048130580357142856,0.06748695923186233,0.07376151755451317,0.4423853398356625,1,14483.9833984375,overall
2401523,5,the sky is blue,2145,0.04274952168367347,0.03719721288792057,0.12044540913320015,0.0510693458966164,0,909.48876953125,overall
2401523,6,the flag is white and blue in color,180,0.003587372448979592,0.003036908284636288,0.0030972953144918196,0.1347724066840278,0,7832.328125,overall|small|text
2401524,0,Orange vegetable on a plate,6237,0.12430245535714286,0.012989523533963994,0.052772432915096645,0.01693886565305836,0,2001.94873046875,overall
2401524,1,Cooked potatoes on a plate,5780,0.11519451530612244,0.05339205092109715,0.14455875349173702,0.07805318337410791,0,3120.8583984375,overall
2401524,2,this is a plate,289,0.0057597257653061226,0.0014346920022043502,0.0015054816714479057,0.02960815891675058,0,5683.734375,overall|small
2401524,3,A knife on top of a fork,6764,0.13480548469387754,0.24166899171925046,0.32741109389216994,0.47993235528856815,0,9914.943359375,overall
2401524,4,two eggs fried to order,7564,0.15074936224489796,0.049398863568416024,0.0690859412681057,0.14773982394504395,0,16175.5634765625,overall
2401524,5,the orange is tasty,441,0.0087890625,0.00303974283144799,0.003447644056725473,0.02504881168979636,0,3204.07958984375,overall|small
2401525,0,crack in the street,552,0.011001275510204082,0.009369995217938205,0.010486417680797725,0.0808918165123981,0,4258.1064453125,overall|small
2401525,1,yellow line on street,1326,0.026426977040816327,0.08690425419328399,0.09009299309816265,0.7105935673548266,0,10458.60546875,overall
2401525,2,hole in the center of the donut,3220,0.06417410714285714,0.06309944010756764,0.08050031226296647,0.22595351319875775,0,9038.10546875,overall
2401525,3,thumb of person,1914,0.03814572704081633,6.227959373946927e-05,0.0001678569915328976,9.90082197428497e-05,0,1128.947509765625,overall
2401525,4,long sleeve of clothing,2349,0.04681521045918367,0.03216342172554288,0.04038556743704683,0.13642754033049304,0,7935.21826171875,overall
2401525,5,white paper around donut,1176,0.0234375,0.0006129835797823415,0.0006918541708079584,0.005348343832963178,0,9091.0087890625,overall
2401525,6,black street below man,600,0.011957908163265306,0.006973152067701882,0.0074275150326786575,0.10232650756835937,0,8266.0087890625,overall|small
2401526,0,black top of television set,7182,0.14313616071428573,0.22038600913830025,0.2920799117194229,0.47308779625931147,0,11632.83203125,overall
2401526,1,wet stains on ground,5100,0.1016422193877551,0.12520338487544938,0.1513479486563927,0.42021872127757354,0,14160.1884765625,overall
2401526,2,perked up ears on cat,1218,0.024274553571428572,0.049069504195157404,0.05785786046566415,0.24416923836142754,0,5140.15087890625,overall
2401526,3,Tiny triangle shaped tip of a cats nose. ,20,0.0003985969387755102,0.0019402054871149527,0.0020116148831027664,0.05182346105575562,0,515.2423706054688,overall|small
2401526,4,Part of a cats tail. ,175,0.0034877232142857145,0.004328894371236351,0.004409427311414042,0.19160585675920758,0,7604.39453125,overall|small|part
2401526,5,black cord on ground,2842,0.056640625,0.05033419494429142,0.06715836188158163,0.16730714565762997,0,7080.0849609375,overall
2401526,6,buttons on front of television,646,0.01287468112244898,0.03079861151654054,0.03465231217626788,0.21687772768569805,0,4043.107177734375,overall|small
2401527,0,The word Scenic on the blue and white sign.,464,0.009247448979591837,0.062157291548439894,0.06373853886432712,0.7147339787976495,0,5203.07763671875,overall|small|text
2401527,1,this is a vehicle ,35,0.0006975446428571429,0.00011757428499864369,0.0001178357873509184,0.0503145660672869,0,14944.609375,overall|small
2401527,2,this is a tree,2030,0.04045758928571429,0.07728393795014159,0.09567034534021311,0.2868008918950123,0,6085.541015625,overall
2401527,3,red double sided arrow,216,0.00430484693877551,0.0011716956616156715,0.0012247767891889329,0.026323658448678476,0,4642.4052734375,overall|small
2401527,4,A large tree,9222,0.18379304846938777,0.08974899137421179,0.15804699972321848,0.1719703848050179,0,10034.42578125,overall
2401527,5,part of the sky,1476,0.029416454081632654,0.002636706407083124,0.004080389118617537,0.007397195511071017,0,2675.7890625,overall
2401527,6,part of  a post,60,0.0011957908163265306,0.00018310865197207057,0.00018474193592678322,0.02029128869374593,0,6590.1513671875,overall|small
2401528,0,person wearing socks with polka dots,21063,0.41978236607142855,0.18177693198295966,0.3835097736727372,0.25682165742356267,1,14105.076171875,overall
2401528,1,man in a black t-shirt,6204,0.12364477040816327,0.1735295170383161,0.28919753926866193,0.30258428596973724,0,6491.1787109375,overall|text
2401528,2,the phone is gray,532,0.010602678571428572,0.00857160476741023,0.009550589316410627,0.07716830691000573,0,4298.53466796875,overall|small
2401529,0,paid of blue denim jeans,8142,0.1622688137755102,0.0559488004650996,0.1293313366578421,0.08975527825914241,0,5650.505859375,overall
2401529,1,A television that is on,6300,0.12555803571428573,0.10707763775262678,0.2755735287994973,0.14902635362413194,0,3406.952880859375,overall
2401529,2,Fireplace tools in rack,1848,0.036830357142857144,0.008786143077072426,0.010950476805455285,0.04256159712225844,0,7182.685546875,overall
2401529,3,wooden shelf attached to wall,1872,0.03730867346938776,0.025818631023743092,0.029899869110011818,0.1590644966842782,0,9958.8642578125,overall
2401529,4,wood framed round clock on wall,304,0.006058673469387755,0.002379386093559673,0.002690631370117233,0.020154587532344618,0,2277.15869140625,overall|small
2401529,5,a decorative sign above the TV,1426,0.02841996173469388,0.05666654944531366,0.06713777962034062,0.26649952336079946,0,5660.42431640625,overall|text
2401529,6,decorative mugs sitting on shelf,420,0.008370535714285714,0.012880000799498999,0.013049196481286052,0.49833661033993676,0,16039.4072265625,overall|small
2401531,0,the people are in a field,12369,0.24651227678571427,0.09581298340747786,0.2820732552113839,0.12671347479396577,0,5556.42529296875,overall
2401531,1,The purple strings on the blue kite.,2280,0.04544005102040816,0.1265390613032539,0.12752878901382547,0.942212770696272,1,16845.177734375,overall
2401531,2,The mouth on the blue striped kite.,165,0.003288424744897959,0.0003424810184729905,0.00035399376407990903,0.01042086427861994,0,4857.26806640625,overall|small
2401531,3,clear blue sky.,672,0.013392857142857142,0.0016818553451874612,0.004158736296709715,0.0028159194404170627,0,455.01751708984375,overall|small
2401531,4,The blue hat on the adult walking with the child in the yellow coat.,21,0.0004185267857142857,0.0010095091276144407,0.001009904050307121,0.7207902272542318,0,14988.1513671875,overall|small
2401531,5,black coat on man.,42,0.0008370535714285714,1.3099456463339511e-05,1.3557109829797352e-05,0.0003878959410247349,0,1201.7037353515625,overall|small
2401531,6,trees in the distance.,209,0.004165338010204082,0.0027032077521961313,0.0027857518038305784,0.08360262236526708,0,6272.255859375,overall|small
2401532,0,Man wearing white tennis shoe on foot.,1292,0.02574936224489796,0.028656458207303795,0.03323466262602127,0.1722035718037986,0,6694.4267578125,overall|part
2401532,1,Batting net behind man and little boy.,23875,0.4758250956632653,0.2074428425512117,0.5968370683294878,0.24124836387434556,1,9650.5478515625,overall
2401532,2,the ground is green in color ,420,0.008370535714285714,0.012765938043355315,0.013274285293750191,0.2500106448218936,0,7910.3671875,overall|small
2401532,3,this is a t shirt,280,0.005580357142857143,0.0001319524377720646,0.0001381951293397865,0.0029125375407082696,0,5901.15234375,overall|small|text
2401532,4,A door.,5880,0.1171875,0.005060198034889801,0.009855089878655427,0.010293327383443612,0,6141.47265625,overall|part
2401533,0,boy holding a string,784,0.015625,0.03190455338679387,0.03537810825955074,0.24525307635871732,0,5434.95458984375,overall|small
2401533,1,blue cloudy sky,7062,0.14074457908163265,0.0016945578836297403,0.00613961326790948,0.00233509708686511,0,2685.9111328125,overall
2401533,2,Child sitting on grass,375,0.007473692602040816,0.016639242313727556,0.016754098981769435,0.7082132161458333,0,15851.640625,overall|small
2401533,3,White shirt on a woman,884,0.017617984693877552,0.06860886310556044,0.10690557195087667,0.1607374130870422,0,1329.1343994140625,overall|small|text
2401533,4,Long green grass on a hill,2322,0.04627710459183673,0.03315593912951976,0.050264236391435124,0.08876542281118782,0,4100.595703125,overall
2401533,5,kite with a long yellow tail,644,0.012834821428571428,0.02957221319504364,0.02967921983041728,0.8913292736740586,0,19340.671875,overall|small|part
2401533,6,white clouds in sky,495,0.009865274234693877,0.000809826608168334,0.001088664792575108,0.003151831482395981,0,1433.091796875,overall|small
2401534,0,the shirt is black in color,63,0.0012555803571428572,0.0021804744323370407,0.002189603380501474,0.34339807903955855,0,9880.3642578125,overall|small|text
2401534,1,He has a black tie,6840,0.1363201530612245,0.10043732046325965,0.1746612481767645,0.19116475066246344,0,7486.30224609375,overall
2401534,2,He has red dots on his neck,294,0.005859375,0.001695169651855801,0.0018184995767465963,0.024385745833520177,0,3942.486083984375,overall|small
2401534,3,The man has white hair,7125,0.1420001594387755,0.04625607435070809,0.08468948509056594,0.09249888637609649,0,7782.01171875,overall|part
2401534,4,smiling red lips,517,0.01030373086734694,0.0007828364088615679,0.0008293958185511857,0.013753426144155359,0,8573.1337890625,overall|small
2401534,5,the black shirt button,162,0.0032286352040816328,0.011409857942630537,0.011721670892294684,0.3001704274872203,0,4148.52197265625,overall|small|text
2401534,6,the man's left arm,5187,0.10337611607142858,0.16428290517486915,0.22861646190197335,0.36860619378223203,1,8363.1787109375,overall|part
2401535,0,these are some leaves,2625,0.05231584821428571,0.1253637631935921,0.21001476664623406,0.2372357235863095,0,2965.238037109375,overall|part
2401535,1,There is a white band on the tree,441,0.0087890625,0.0005879189015952484,0.0007066898794201005,0.0034859358858900006,0,2175.349853515625,overall|small
2401535,2,this is the grass,4641,0.09249441964285714,0.12633945581834577,0.14042996563413557,0.5573525834612691,0,18419.66796875,overall
2401535,3,the fruits are green in color,945,0.018833705357142856,0.0250199328564692,0.02650820440911539,0.3082649029121197,0,10989.4404296875,overall|small
2401535,4,it is brown in color,296,0.005899234693877551,0.00020656217572232334,0.00022102524562025007,0.0031467585547550305,0,4214.181640625,overall|small
2401535,5,part of  a leaf,297,0.005919164540816327,0.016958337579851615,0.017543508961825473,0.3370515971071391,0,5706.060546875,overall|small|part
2401535,6,part of a leaf,280,0.005580357142857143,0.0002956275493091654,0.0003100425230207919,0.006318290744509016,0,5706.060546875,overall|small|part
2401536,0,this is a man,2520,0.05022321428571429,0.15423813699464126,0.21386034646154434,0.35618470207093256,0,4197.0634765625,overall
2401536,1,Face on a kite,891,0.01775749362244898,0.0007892584413666338,0.0009929952440849788,0.003832035193138251,0,3438.4287109375,overall|small|part
2401536,2,the kite is on air,255,0.005082110969387755,0.0008819513253850653,0.0009121528388547845,0.02594577564912684,0,7253.35986328125,overall|small
2401536,3,Blue and purple kite,1840,0.03667091836734694,0.008505249089853477,0.009864770144156338,0.05812731618466584,0,10842.04296875,overall
2401536,4,trees in the distance ,1536,0.030612244897959183,0.01043441190019722,0.014295573124113604,0.037195444107055664,0,3996.49609375,overall
2401536,5,White clouds in a sky,2255,0.04494180484693878,0.0009494734451754481,0.0014354374836697155,0.002796705123326202,0,4393.48291015625,overall
2401536,6,the car is parked,36,0.0007174744897959184,0.0003422766791418202,0.0003429267815338844,0.152937028143141,0,16055.126953125,overall|small
2401537,0,two signs above a toilet,15471,0.3083346619897959,0.1479493068015543,0.34957032321577614,0.20414757853403143,0,9034.998046875,overall
2401537,1,corner of a toilet,96,0.001913265306122449,0.001386283737278158,0.001406779767908344,0.08688301841417949,0,5928.98046875,overall|small
2401537,2,outer part of a toilet,72,0.0014349489795918368,0.0008082757581652273,0.0008178232799508867,0.06475227408938938,0,5700.6982421875,overall|small
2401537,3,The water looks dark.,2030,0.04045758928571429,0.11398573942077682,0.11709357111160032,0.8111295051762624,1,14062.197265625,overall
2401537,4,edge of the toilet wall,143,0.002849968112244898,0.0003638071413690107,0.00037011184057365594,0.020910396442546712,0,8079.1435546875,overall|small
2401537,5,the hinge of the lid of a toilet,72,0.0014349489795918368,0.002729211106691858,0.0027751315718332254,0.14158345593346489,0,3673.342529296875,overall|small
2401537,6,black tile in the toilet,20,0.0003985969387755102,0.0023035813141282363,0.0023107214867424423,0.4270953178405762,0,3696.640380859375,overall|small
2401538,0,logo on woman's jacket,171,0.0034080038265306123,0.015109671601073205,0.015272062146149682,0.5869463647318165,0,6571.9892578125,overall|small|text
2401538,1,woman wearing khaki pants,4784,0.09534438775510204,0.005154417824238171,0.011293613546455748,0.009392960015746661,0,3978.87890625,overall
2401538,2,woman with brown hair,2832,0.05644132653061224,0.011902551427301672,0.020862026789718078,0.026967538952153956,0,3660.8173828125,overall|part
2401538,3,trees shown in back window,1702,0.03392059948979592,0.030282972845796525,0.03639928560335456,0.15269995576206302,0,7140.12158203125,overall|part
2401538,4,empty seat on train,11400,0.2272002551020408,0.22703355912773543,0.3374497690703933,0.4096293773985746,0,13838.4296875,overall
2401538,5,a train window secured by many screws,520,0.010363520408163265,0.006079304778279347,0.010250828784944663,0.014718998395479643,0,746.6595458984375,overall|small|part
2401538,6,zipper pull on a sweater ,72,0.0014349489795918368,0.0022169473711223203,0.0022232285797878764,0.43967755635579425,0,14239.1044921875,overall|small
2401539,0,Name of building in gold lettering,1472,0.029336734693877552,0.009432175341015994,0.012524313784280938,0.036798002927199654,0,4324.92041015625,overall
2401539,1,white curtain on window,1980,0.03946109693877551,0.07479033974913223,0.08790226606102665,0.333952285304214,0,7522.28076171875,overall|part
2401539,2,two gold hands on clock,986,0.019650829081632654,0.01335101417146841,0.015144349785018734,0.10132276987690955,0,6596.80029296875,overall|small
2401539,3,gold ball on clock,399,0.007952008928571428,0.018417854154753808,0.018570100925357103,0.6919753760622259,0,14867.8876953125,overall|small
2401539,4,white wood window frame,1232,0.024553571428571428,0.00021937056512292682,0.00025321955933821236,0.0016383915752559513,0,7971.3369140625,overall|part
2401539,5,the wall is bricked,1666,0.033203125,0.0042314474486533455,0.0074925405636651465,0.009628376039136358,0,2140.91259765625,overall
2401539,6,There is a package in the window,475,0.009466677295918368,0.00906912530720765,0.009619902926804116,0.13674158999794409,0,6751.86181640625,overall|small|part
2401540,0,corner of a vehicle,48,0.0009566326530612245,4.224660174257966e-05,4.2673522620664386e-05,0.004205065779387951,0,4729.93896484375,overall|small
2401540,1,part of a shade,192,0.003826530612244898,0.002200980658384675,0.002499203916795169,0.018110851446787517,0,1391.3564453125,overall|small
2401540,2,Looks like a hilly terrain.,14400,0.2869897959183674,0.035024655377563614,0.11522148501075535,0.04791020711263021,0,5987.6591796875,overall
2401540,3,a blue street sign,513,0.010224011479591837,0.0019067519903062835,0.002097638202783999,0.020523167957804123,0,5019.16162109375,overall|small|text
2401540,4,a metal sign post,504,0.010044642857142858,0.020541413479036406,0.020759362922136027,0.6617667183043465,0,16066.505859375,overall|small|text
2401540,5,purple flowers on top of fence,672,0.013392857142857142,0.017168220546407126,0.019079679903494396,0.1462977727254232,0,5152.71240234375,overall|small
2401540,6,part of a road,276,0.005500637755102041,4.923423393331999e-05,5.0380543186206804e-05,0.002159183224042257,0,11828.6650390625,overall|small
2401541,0,A black suit blazer,14850,0.2959582270408163,0.05647202766390244,0.13545453142263605,0.08829764112478956,0,9680.1484375,overall
2401541,1,a man's right ear,490,0.009765625,0.007801951693047598,0.008534686928793932,0.08330457259197624,0,4782.74609375,overall|small
2401541,2,blue eyes behind glasses,897,0.017877072704081634,0.0017792452183618584,0.002623482293417797,0.0054986351974300185,0,1880.0491943359375,overall|small|part
2401541,3,reflection on man's nose,108,0.002152423469387755,0.00018321790978315244,0.00021910367526286419,0.00111740296361623,0,550.7872924804688,overall|small
2401541,4,the hair is coiled,2028,0.04041772959183673,0.031643294206382455,0.036533548018013916,0.19119836028511003,0,10613.5400390625,overall|part
2401541,5,the man is light skinned,72,0.0014349489795918368,0.0011638236753025127,0.0011667566738427166,0.31646037101745605,0,19528.619140625,overall|small
2401541,6,A crooked smile,406,0.008091517857142858,0.005453586825510225,0.006125302424378744,0.047374697154378656,0,3140.110595703125,overall|small
2401542,0,Patch of snow with ski prints in it,8410,0.16761001275510204,0.014180877810380693,0.03272465619298548,0.024414361869821082,0,6274.314453125,overall
2401542,1,group of people on the mountainside,240,0.0047831632653061226,0.008994573400200741,0.00946787547005977,0.15248945554097493,0,3865.436279296875,overall|small
2401542,2,a red ski,168,0.0033482142857142855,0.0005580909756835025,0.0005648988159232823,0.04425948006766183,0,13162.6982421875,overall|small
2401542,3,a yellow snowmobile,1380,0.027503188775510203,0.035544966250648,0.038195651157317836,0.33870889414911687,0,12237.4736328125,overall
2401542,4,Grey cloudless sky,2291,0.04565927933673469,0.00041344819536921393,0.0005340042362048553,0.0018280252833805558,0,7842.6455078125,overall
2401542,5,Dead plants sticking out of the snow,403,0.008031728316326531,0.006073534132749602,0.0067106759282725015,0.06012326375426489,0,3610.6162109375,overall|small
2401542,6,a group of evergreen trees in front of a mountain ,525,0.010463169642857142,0.015148292621848664,0.017383644653621303,0.10538846697126115,0,3182.816162109375,overall|small
2401543,0,these are two people,12489,0.24890385841836735,0.41686471101549205,0.6809601480594943,0.5180420879749179,1,9501.037109375,overall
2401543,1,the cow's feet are tied,858,0.01709980867346939,0.002532962254468994,0.0028225280932021334,0.024095015092329544,0,7324.47021484375,overall|small
2401543,2,this is the road,1768,0.035235969387755105,0.021746110421226195,0.05334306701910137,0.03541244964254388,0,1173.70849609375,overall
2401543,3,the cow is brown in color,3069,0.06116470025510204,0.06734821551327781,0.11295077455389523,0.1429635672819424,0,3884.4814453125,overall
2401543,4,the grass is green in color,572,0.011399872448979591,0.0376696781910032,0.038237666385430275,0.7171921096481644,0,10728.5283203125,overall|small
2401543,5,a license plate on a motorcycle,350,0.006975446428571429,0.01810184059067722,0.01817490223018366,0.8182821219308035,0,15757.9248046875,overall|small
2401544,0,scissor blades over woman's left eye,39565,0.7885243941326531,0.4904426880992353,0.9835336230339586,0.4945030626026791,1,19892.572265625,overall|part
2401545,0,A shaped cabin with a wreath hanging in front,1368,0.0272640306122449,0.11424034222858202,0.12752135887973307,0.5231078744631762,1,5611.69970703125,overall
2401545,1,lift ticket box office,1034,0.02060746173469388,0.0647932170046634,0.0673663326985681,0.6291270154587766,0,9656.416015625,overall
2401545,2,small child at ski slope,312,0.006218112244897959,0.002959281641150152,0.0030291115104190366,0.11376512967623197,0,11717.865234375,overall|small
2401545,3,woman in blue knit cap,2205,0.0439453125,0.014417917251809784,0.020337317679754913,0.04719774587895054,0,5117.24462890625,overall
2401545,4,Goggles on a woman,784,0.015625,0.003745461724961857,0.0054581472959385185,0.011795592551328699,0,1694.301025390625,overall|small|part
2401545,5,light on side of building,108,0.002152423469387755,0.0006201490950150651,0.0007770973263578993,0.0030611430605252585,0,425.43377685546875,overall|small
2401545,6,child in red jacket,780,0.015545280612244899,0.012657027893483079,0.013109941384363312,0.26813260591947113,0,15953.041015625,overall|small
2401546,0,Red and white stop sign,266,0.005301339285714286,0.004764110657328829,0.005164319834180803,0.057915873993608286,0,2983.08837890625,overall|small|text
2401546,1,White teddy bear laying on ground,3869,0.07710857780612244,0.07104253464703462,0.08036176240396663,0.3798893750807702,0,18289.693359375,overall
2401546,2,the dusty mountains and hills,3990,0.07952008928571429,0.001269342493860006,0.001798316073708503,0.004296756926037017,0,9533.396484375,overall
2401546,3,rocks and gravel mixed,8820,0.17578125,0.006165327810777264,0.013400550143062757,0.011290048958222613,0,7430.90625,overall
2401546,4,a huge grey boulder,4368,0.08705357142857142,0.050432744830696416,0.07184602830007536,0.14472338218828698,0,8798.701171875,overall
2401546,5,a red and white pole,540,0.010762117346938776,0.005987227848403234,0.007380453370031044,0.030741635075321905,0,2249.249755859375,overall|small
2401546,6,the grass are dry,414,0.00825095663265306,0.0005133379866439821,0.0007514824615754251,0.001617256138059828,0,890.9642944335938,overall|small
2401547,0,this is the ear,165,0.003288424744897959,0.0036638604698411414,0.003833309175650953,0.07654067530776515,0,3294.59765625,overall|small
2401547,1,face of a bear,650,0.012954400510204082,0.033911215726351064,0.03666185066219066,0.31128802959735574,0,5519.0126953125,overall|small|part
2401547,2,black bear eyes,200,0.003985969387755102,0.011475250715178334,0.011545065848511624,0.6548890686035156,0,11344.9169921875,overall|small|part
2401547,3,tree leaves and brown stem,742,0.014787946428571428,0.0004907279739457906,0.0005221874578948407,0.00807964833920214,0,11480.7412109375,overall|small|part
2401547,4,patch of tall green grass,3479,0.0693359375,0.014321992634453854,0.018339085041129452,0.06137100750428913,0,11642.3330078125,overall
2401547,5,The nose of the bear in the middle.,55,0.001096141581632653,0.002735590730036017,0.0028098453450491746,0.09380612806840376,0,1836.1640625,overall|small
2401547,6,patch of tall yellowed green foilage,7052,0.1405452806122449,0.058111333944526854,0.13148702741727675,0.09431262781724156,0,5058.23779296875,overall
2401548,0,light on red vehicle,520,0.010363520408163265,0.01661027995909266,0.01979627987061197,0.09355289752666766,0,2457.406494140625,overall|small
2401548,1,A lot of sheep.,19240,0.38345025510204084,0.5004834808221132,0.6150194608194404,0.7288081876949064,1,22799.716796875,overall
2401548,2,hand of person operating vehicle,798,0.015904017857142856,0.06535758273623385,0.06610895016649726,0.8518623218201754,0,10282.8154296875,overall|small|part
2401548,3,light on top of vehicle,504,0.010044642857142858,0.007000448126128007,0.008901160046569415,0.03174291716681586,0,1797.3421630859375,overall|small
2401548,4,grey skies are overehead,3655,0.07284359056122448,0.024460864569051347,0.04221052311155991,0.05497267862677411,0,4760.072265625,overall
2401548,5,handle of door,336,0.006696428571428571,0.017412527629662423,0.018219896135637507,0.2820984976632254,0,5202.28515625,overall|small|part
2401548,6,light reflection on roof,1558,0.031050701530612245,0.0021055645775533045,0.003239237613280743,0.00598023944702932,0,2876.35986328125,overall
2401549,0,part of a pocket,204,0.004065688775510204,0.0020763708978034745,0.0021707159683161245,0.04559542151058421,0,4284.97607421875,overall|small
2401549,1,Crack in the wall. ,700,0.013950892857142858,0.003627534718247967,0.003954607479902155,0.042017310006277904,0,7437.43017578125,overall|small
2401549,2,Flowers by a building,4747,0.09460698341836735,0.02848348564924644,0.054602567433865344,0.05619901693668369,0,4885.791015625,overall
2401549,3,Pink flowers in a bouquet,3645,0.07264429209183673,0.0138437087431785,0.03031685890341442,0.02484470152887624,0,2987.081787109375,overall
2401549,4,Rubber bands on the man's arm. ,360,0.007174744897959184,0.004760239482854109,0.00484668717074105,0.2106609344482422,0,15647.3759765625,overall|small|part
2401549,5,part of a belt,231,0.004603794642857143,0.00048794917178439335,0.0005048799317850895,0.014342090268155713,0,6562.00146484375,overall|small
2401549,6,part of a wall,360,0.007174744897959184,0.006626837727010781,0.006866315296696692,0.15966746012369792,0,8371.34375,overall|small
2401550,0,a man in a blue shirt ,1312,0.02614795918367347,0.00029117846419118165,0.00048434275079508807,0.0007295721642127851,0,1976.28369140625,overall|text
2401550,1,a yellow truck is parked,2028,0.04041772959183673,0.02122329148613469,0.024972412239080893,0.12385656142375878,0,10058.34375,overall
2401550,2,yellow sign with red lettering,240,0.0047831632653061226,0.010959569834187395,0.011313365394789698,0.25950913429260253,0,5505.18701171875,overall|small|text
2401550,3,motorcyclist wearing white helmet,168,0.0033482142857142855,0.005049034399472069,0.00510630020677893,0.31044673919677734,0,10213.86328125,overall|small|part
2401550,4,teal car parked on a sidewalk,680,0.013552295918367346,0.0006046378239319061,0.0007242428416196873,0.003647900328916662,0,3425.055908203125,overall|small
2401550,5,a polka dot phone booth,3588,0.07150829081632654,0.1864361064280155,0.20142578294143018,0.71471446706034,0,12731.2177734375,overall
2401550,6,A brick sidewalk,986,0.019650829081632654,8.110385721787113e-05,9.385842057258974e-05,0.000596471962048606,0,6266.0478515625,overall|small
2401551,0,the dark grey ground,3874,0.07720822704081633,0.03551251353141712,0.051194571682623854,0.10388782286557821,0,7861.408203125,overall
2401551,1,airborne skateboarder over board,3068,0.06114477040816327,0.06614191652944795,0.07424821662326624,0.37726331409916886,0,15588.84375,overall
2401551,2,the sky is clear,650,0.012954400510204082,0.00036987061421163805,0.0006040584755114473,0.0009531259536743164,0,1025.61572265625,overall|small
2401551,3,a concrete railing down a flight of stairs,2948,0.0587531887755102,0.0913623829644852,0.09647295965099546,0.6329815268031292,1,19342.513671875,overall
2401551,4,light blue daytime sky,1862,0.037109375,0.00046982966309273453,0.001259959295360841,0.0007486405485298657,0,1106.360107421875,overall
2401551,5,the water is blue,396,0.007892219387755101,0.0006085089458476097,0.0006651297533023308,0.0070974754564689865,0,4225.64208984375,overall|small
2401551,6,the sky is clear,1640,0.03268494897959184,0.00017797104381213222,0.00046247145711219765,0.00028921829127683874,0,1025.61572265625,overall
2401552,0,white stripes on shirt,2964,0.059072066326530615,0.21670558709214807,0.2293751552936401,0.7968853784476214,1,10297.40234375,overall|text
2401552,1,power outlet near eating table,264,0.0052614795918367345,0.0004745470933324382,0.000496885580004188,0.010445320244991419,0,5549.697265625,overall|small
2401552,2,glass container on table,768,0.015306122448979591,0.04509591206766589,0.046908458518331794,0.538548747698466,0,8817.2890625,overall|small
2401552,3,Napkin on the table,850,0.016940369897959183,0.011707375386828135,0.012338671658035805,0.1862114221909467,0,12827.9375,overall|small
2401552,4,yellow wall paper with pink pattern,3212,0.06401466836734694,0.0061922382434291484,0.014620550290745308,0.010627487676675115,0,2334.760986328125,overall
2401552,5,guy wearing glasses,2279,0.045420121173469385,0.21151478268029988,0.2510053233371183,0.5734527976223124,1,5206.658203125,overall
2401552,6,empty glass on table,294,0.005859375,0.017621605185128945,0.018306501841266865,0.3201927911667597,0,5142.25390625,overall|small
2401553,0,There is a baby elephant,17940,0.3575414540816326,0.46725872566726273,0.8400058482477767,0.5129062478226031,1,10954.1357421875,overall
2401553,1,the tree is brown,936,0.01865433673469388,0.00031015930126996574,0.00035181607995148144,0.0026126346017560386,0,6950.86474609375,overall|small
2401553,2,a wooden fence,2430,0.04842952806122449,0.1767974141809262,0.18661214598835044,0.7707228170010288,1,10036.0908203125,overall
2401553,3,green grass and brown dirt,3550,0.07075095663265306,0.005472791332837833,0.017261002622053923,0.007949880680567782,0,1635.01953125,overall
2401554,0,neck of a flower vase,130,0.002590880102040816,0.010253982828556196,0.010325652578067565,0.5963377732496995,0,7507.89453125,overall|small
2401554,1,part of a building,36,0.0007174744897959184,0.0008957944453988274,0.0009020253895794093,0.11479363176557753,0,4581.43505859375,overall|small
2401554,2,cement court ,736,0.014668367346938776,0.013757325160547574,0.013947508519456937,0.5022209001624066,0,26501.8359375,overall|small
2401554,3,tree in open court,2130,0.04245057397959184,0.023680891085534013,0.03821394580547511,0.05861773423745598,0,3267.282958984375,overall
2401554,4,top of a building,15,0.00029894770408163266,1.4300939483263857e-05,1.4353348930465748e-05,0.003901311258474986,0,4077.07421875,overall|small
2401554,5,lights reflected on vase,352,0.00701530612244898,0.02230062671588288,0.030126462678973762,0.07906150817871094,0,923.760986328125,overall|small
2401554,6,bottom of a vase,104,0.002072704081632653,0.0005931859352435114,0.0006114233791400094,0.019499203333487876,0,3316.715087890625,overall|small
2401555,0,white pourcelain sink,22272,0.44387755102040816,0.34959220970791194,0.5241181467602801,0.5121615618124775,1,21763.9140625,overall
2401555,1,tile on bathroom wall,13800,0.27503188775510207,0.14578383698935957,0.5530484123208971,0.16525344627490943,0,4123.50439453125,overall
2401556,0,the trees are green,17301,0.3448062818877551,0.06762268776945884,0.40183903202141036,0.07519148832166493,0,3237.3359375,overall
2401556,1,the grass are green in color,1044,0.020806760204081634,0.0018717950184225945,0.002156879573214011,0.013963791602416056,0,6758.93017578125,overall
2401556,2,dirt on toilet base,150,0.0029894770408163264,0.0019277004835332302,0.0019509753439335572,0.1391082255045573,0,10695.283203125,overall|small
2401556,3,the lid is closed,518,0.010323660714285714,0.03168505141960478,0.03430654689502274,0.2931116759546935,0,4425.73974609375,overall|small
2401556,4,a lid for a toilet,1908,0.03802614795918367,0.05975859726843555,0.09324875443080706,0.14265355524027123,0,2918.891357421875,overall
2401556,5,the toilet sink is broken,990,0.019730548469387755,0.051896707558121875,0.05391275336048777,0.5812067205255682,0,10672.7001953125,overall|small
2401556,6,A patch of grass.,1764,0.03515625,0.00972673162036749,0.011114894106204296,0.0722538695043447,0,11467.1201171875,overall
2401557,0,bare feet with no shoes,546,0.010881696428571428,0.00010367271410356879,0.00012003615475007553,0.0007599267985794571,0,3456.62548828125,overall|small
2401557,1,open ocean with waves,18063,0.35999282525510207,0.29259001152807557,0.4679819417141348,0.4384201464578835,1,16921.984375,overall
2401557,2,a human rear end.,1312,0.02614795918367347,0.003206503358123189,0.0036958777733254403,0.023643749516184736,0,8393.296875,overall
2401557,3,The man has long hair.,630,0.012555803571428572,0.007431956606979926,0.009507907121850907,0.032918070233057414,0,2181.17236328125,overall|small|part
2401557,4,There is white on top of the waves.,2597,0.0517578125,0.012159740841054544,0.014801640009805156,0.06378155613937055,0,11190.69921875,overall
2401557,5,a hand hanging down,117,0.002331792091836735,0.000250480593628763,0.0002987227385568102,0.0015486122196556157,0,606.5411376953125,overall|small|part
2401557,6,a foot in the water,231,0.004603794642857143,0.0011579142841997873,0.001192554106631113,0.03833561026172721,0,7425.6806640625,overall|small
2401558,0,orange drink lable on bottle,3105,0.06188217474489796,0.05601599338055196,0.07128445978002973,0.20730796236538848,0,9029.8955078125,overall
2401558,1,The box is white,10692,0.21308992346938777,0.04138160202941418,0.268926894115041,0.046626903392650465,0,1853.793212890625,overall
2401558,2,sheets are beige and white,3496,0.06967474489795919,0.07409806138602415,0.08699361545252692,0.33327409059013874,0,13393.23828125,overall
2401558,3,The bottle cap is orange,120,0.0023915816326530613,0.0006195648055684201,0.0006305606490182076,0.034310158093770346,0,6529.45751953125,overall|small
2401558,4,The sheets are white,1980,0.03946109693877551,0.022061965759765493,0.025019384372872877,0.15728543984769572,0,12447.35546875,overall
2401558,5,part of a sheet,192,0.003826530612244898,0.0016126810286098824,0.001717981112919772,0.025636523962020874,0,2865.114501953125,overall|small
2401558,6,grease spot on box,1512,0.030133928571428572,0.017543159532259024,0.02366589695214834,0.06350262959798177,0,4057.14501953125,overall
2401559,0,number 14 on back of skier,238,0.004743303571428571,0.004958256246348648,0.00502135239356599,0.2829437255859375,0,13410.8505859375,overall|small|text
2401559,1,white words on red flag,989,0.01971061862244898,0.008985112246513454,0.012597916937727787,0.03037942745567453,0,2384.938232421875,overall|small|text
2401559,2,the left shoe of a skier.,286,0.005699936224489796,0.000716250908860371,0.0008128451657680958,0.005991174207700716,0,2107.997802734375,overall|small|part
2401559,3,red net of fence,713,0.01420998086734694,0.028543676837465184,0.02934517051543367,0.5110197990171371,0,12416.2548828125,overall|small
2401559,4,white snow on ground,7469,0.14885602678571427,0.23092618537573464,0.36552155973165745,0.38542012061311753,0,7875.603515625,overall
2401559,5,blue design on uniform,1216,0.02423469387755102,0.009587097317059907,0.011778876435649873,0.04899770962564569,0,5058.310546875,overall
2401559,6,"red, white, and black glove",429,0.008549904336734694,0.03619309202695353,0.03709365766089106,0.5985173578862544,0,6922.04443359375,overall|small
2401560,0,orange backpack,198,0.003946109693877551,0.003042483176956219,0.003068767849809198,0.2621089665576665,0,16911.53515625,overall|small
2401560,1,man facing the camera looking down and to his left,2380,0.04743303571428571,0.014568024320522224,0.020656611514919578,0.04709686151071757,0,5426.37548828125,overall
2401560,2,blue ski stick of the man climbing up the hill left hand,150,0.0029894770408163264,6.302626996464293e-05,6.356529242016974e-05,0.007377663453420003,0,17409.650390625,overall|small|part
2401560,3,This person is keeping on.,7344,0.14636479591836735,0.007605255741393984,0.04768141976167908,0.008967364275896991,0,1381.1737060546875,overall
2401560,4,a pile of snow on a branch,324,0.0064572704081632655,0.003123056978964722,0.0034834143900800535,0.02930451911172749,0,2725.677490234375,overall|small|part
2401561,0,Man walking through doors.,5320,0.10602678571428571,0.28673683235936903,0.3434860761659942,0.6344403489191729,1,9826.3740234375,overall
2401561,1,number 3 illuminated,2256,0.04496173469387755,0.024968874746162013,0.033081190484971504,0.0924111562417754,0,6302.0576171875,overall|text
2401561,2,Shadow of man on floor.,400,0.007971938775510204,0.0015335804462655502,0.0016982523870543319,0.015569485425949096,0,3667.17822265625,overall|small
2401561,3,green bucket on floor,1218,0.024274553571428572,0.044175670378259806,0.046431885739695665,0.4761971409489173,0,12491.5908203125,overall
2401561,4,tow tone pink paint on wall,464,0.009247448979591837,0.0007207286859436353,0.0007806267765437564,0.00930554907897423,0,5531.1640625,overall|small
2401561,5,ground with white snow scattered,644,0.012834821428571428,0.012352905361038266,0.013066916197370177,0.18438397283139435,0,9087.322265625,overall|small
2401561,6,brown edge of large door,660,0.013153698979591837,0.00024085320125140272,0.00028939142787621683,0.0014339400060249098,0,3270.3125,overall|small|part
2401563,0,kitchen drawers for storage,3024,0.060267857142857144,0.06283627855476734,0.07954849380591364,0.23023304611286788,0,8752.205078125,overall
2401563,1,white door jamb,4840,0.09646045918367346,0.3121067583285778,0.3585237591108797,0.7068054703641529,0,9541.734375,overall|part
2401563,2,White microwave sitting on a shelf,7138,0.14225924744897958,0.09880418492166337,0.16630348390476812,0.19577418845987146,0,8402.927734375,overall
2401563,3,metal faucet above white sink,950,0.018933354591836735,0.014856348787736992,0.015933915745816787,0.18011275442023025,0,10738.5478515625,overall|small
2401563,4,white plastic outlet in metal wall,560,0.011160714285714286,0.001391028649802924,0.001960713984376402,0.004764759966305324,0,1360.8642578125,overall|small
2401563,5,eletric stove for cooking,1032,0.020567602040816327,0.01821977064699914,0.019563372201903538,0.20966553503228713,0,11060.201171875,overall
2401563,6,part of a surface,943,0.018793845663265307,0.0008629882170902097,0.003406984981144769,0.001154401522299644,0,319.5202331542969,overall|small
2401564,0,an advertisement for a company.,4081,0.08133370535714286,0.0017582195840138508,0.013066590653685295,0.0020274676636310514,0,633.2252807617188,overall
2401564,1,a section of a tennis court.,600,0.011957908163265306,0.001166740172241711,0.0012449910305576389,0.018224822680155437,0,8783.1103515625,overall|small
2401564,2,a name tag on a woman's shirt.,377,0.007513552295918368,0.005376706517773485,0.006132823429680526,0.04178780269875767,0,2568.80078125,overall|small|text
2401564,3,white grip on handle,561,0.01118064413265306,0.0007580455995470369,0.0009914936601472333,0.0032092164969486775,0,1815.81640625,overall|small|part
2401564,4,strip on player's skirt,615,0.01225685586734694,0.02607411729661974,0.0267779185918915,0.4980061848958333,0,11437.55078125,overall|small
2401564,5,edge of a racket,208,0.004145408163265306,0.00037566744336135126,0.00038384333896103185,0.017331229952665474,0,9391.5810546875,overall|small
2401564,6,number 1 on fence in the background,243,0.004842952806122449,0.0037323548615031434,0.003776600124812991,0.24160782299905156,0,15545.9140625,overall|small|text
2401565,0,nose of a mouse,156,0.0031090561224489796,4.1787759687900035e-05,4.588473273593483e-05,0.00046779005191265006,0,1590.4036865234375,overall|small
2401565,1,black buttons with white writing,2288,0.045599489795918366,0.032798513777608555,0.04235667992993688,0.12690098635800234,0,6854.8681640625,overall|text
2401565,2,black eye in rat,204,0.004065688775510204,0.00013283963954393308,0.0001364824469038158,0.004952359433267631,0,7402.2802734375,overall|small|part
2401565,3,he ear of a cat,714,0.014229910714285714,0.037816715609612854,0.03795650364985294,0.9112557376466212,0,17141.63671875,overall|small
2401565,4,part of  a button,160,0.0031887755102040817,0.0120896289142992,0.012300640770808242,0.4134030342102051,0,5377.3203125,overall|small
2401565,5,small white square line,128,0.002551020408163265,0.011527836806784073,0.011715532590938665,0.418449342250824,0,4571.837890625,overall|small
2401565,6,gray buttons on the remote,384,0.007653061224489796,0.0035073480326677335,0.003680524568950367,0.06937072674433391,0,7237.65283203125,overall|small
2401566,0,part of a stocking,496,0.009885204081632654,0.005433073858456906,0.005760090570776069,0.08734014726454212,0,7520.8388671875,overall|small
2401566,1,a woman in a black jacket,3276,0.06529017857142858,0.09286084142157539,0.10124675893610878,0.5285572988209707,0,17102.3125,overall
2401566,2,grey uggs on person,680,0.013552295918367346,0.045819586462401245,0.05534500281117655,0.2102497100830078,0,2583.246826171875,overall|small
2401566,3,part of a floor,1110,0.022122130102040817,0.002196529437483868,0.0033107793019621534,0.006484245180009722,0,2173.963134765625,overall
2401566,4,metal grate in curb of sidewalk,561,0.01118064413265306,0.041717910758076196,0.042008312446514956,0.8578483595142602,0,11456.1357421875,overall|small
2401566,5,part of a line,330,0.006576849489795918,0.010176139721030406,0.010639522120964752,0.1893972685842803,0,5874.42724609375,overall|small
2401566,6,a green post,1680,0.033482142857142856,0.07099091663824457,0.09842286190578353,0.20300165812174478,0,3465.076904296875,overall
2401567,0,the trees have green leaves,3200,0.06377551020408163,0.0008200356491010495,0.0014041081557104678,0.0019674840569496154,0,4483.94873046875,overall|part
2401567,1,The giraffe has two horns.,70,0.0013950892857142857,0.0002880620226470718,0.00028962849353272673,0.05056723185947963,0,12221.5400390625,overall|small
2401567,2,part of a small twig,36,0.0007174744897959184,0.00028705463390274645,0.0002890827979625565,0.03930686579810248,0,4894.95458984375,overall|small
2401567,3,group of grazing giraffes ,1416,0.02822066326530612,0.0021389786892295243,0.002307981305650064,0.028381864903336863,0,17412.931640625,overall
2401567,4,section of a forest,592,0.011798469387755101,0.006505128582740904,0.007099360387542439,0.07211311443431957,0,6013.353515625,overall|small
2401567,5,Green grass on the plains.,2058,0.041015625,0.06993968759761994,0.09994506942603315,0.1889452846219403,0,3890.631103515625,overall
2401567,6,leaves of a tree,432,0.00860969387755102,0.00034632785198904074,0.00046503604226199815,0.001354891530893467,0,1258.640380859375,overall|small|part
2401568,0,part of some stands,918,0.01829559948979592,0.0005517914578262793,0.0006156211427127096,0.005293716272757204,0,7893.8671875,overall|small
2401568,1,wood sill and window frame,1328,0.02646683673469388,0.09392430958268504,0.0980838477541283,0.688936624182276,0,9327.8134765625,overall|part
2401568,2,The toilet seat is black.,3484,0.06943558673469388,0.1092643670192528,0.12753159940297185,0.4327279757686926,0,11821.57421875,overall
2401568,3,part of a  metal,176,0.00350765306122449,0.00029267085442715693,0.0003891654519138949,0.0011789582839066331,0,533.1836547851562,overall|small
2401568,4,part of  a mesh,540,0.010762117346938776,0.018889927822531672,0.025668847134438975,0.06675328855161314,0,1404.300537109375,overall|small
2401568,5,toilet paper on roll,276,0.005500637755102041,0.00957303533782897,0.009659461264576152,0.5168936909108922,0,14769.21484375,overall|small
2401568,6,bucket with toilet brush,600,0.011957908163265306,0.0013258228410286783,0.0015035595542972455,0.011091368993123372,0,4426.04443359375,overall|small
2401569,0,Captain Misa's Edifice sign,1176,0.0234375,0.01995030912562281,0.022380158019080266,0.1552288937730854,0,8156.7421875,overall|text
2401569,1,part of an edge,108,0.002152423469387755,0.0007506730653075625,0.0007670160316379556,0.034031973944769964,0,4791.8857421875,overall|small
2401569,2,Blue sky above a street,1848,0.036830357142857144,0.039045859148423095,0.04747830097665182,0.18022378698571936,0,7014.8583984375,overall
2401569,3,a short pole covered in paper,6080,0.1211734693877551,0.14925083370540815,0.24777937357623173,0.2729047875655325,0,6696.5263671875,overall
2401569,4,a store front,5676,0.11312181122448979,0.12116274369126968,0.18188766887822247,0.26627872996636054,0,8309.513671875,overall
2401569,5,Roof of the building,110,0.002192283163265306,0.0007580419254931106,0.0007769631233164263,0.030187879909168592,0,4273.9052734375,overall|small
2401569,6,One window from the building,312,0.006218112244897959,0.01751837335909022,0.017708105645125198,0.6204970922225561,0,10932.5693359375,overall|small|part
2401570,0,Cabinets are in the island.,7446,0.14839764030612246,0.11559240020757484,0.18629936855223955,0.23346032514835985,0,9330.92578125,overall
2401570,1,Outside can be seen through the doors.,2744,0.0546875,0.001680685635762504,0.003452934613538279,0.00326385094890094,0,2593.73779296875,overall
2401570,2,three hanging lights over island,2044,0.040736607142857144,0.017514087006059643,0.024962008060851634,0.055444616627553206,0,4540.05126953125,overall
2401570,3,empty white kitchen sink,3224,0.06425382653061225,0.006278175192152595,0.007184621262114073,0.047402867016662145,0,21271.384765625,overall
2401570,4,white light switch cover attached to wall,304,0.006058673469387755,5.704226799466268e-06,6.094019865941717e-06,8.917185722997314e-05,0,4448.33544921875,overall|small
2401570,5,two hanging lights over sink,2310,0.04603794642857143,0.07358172879364508,0.12307292910991076,0.15467744637361336,0,2903.196533203125,overall
2401570,6,closed window with white frame,1250,0.02491230867346939,0.0001388884387063134,0.0001729835243268384,0.0007041628837585449,0,5088.36669921875,overall|part
2401571,0,pink pants on cyclist,330,0.006576849489795918,0.003519122869618243,0.0036739444681470994,0.07707309144915957,0,6922.83740234375,overall|small
2401571,1,a woman crossing the street,3075,0.06128427933673469,0.18628327647216697,0.19432774273960893,0.8181814500762196,0,12946.7255859375,overall
2401571,2,street lights blinking red,975,0.01943160076530612,0.0019032272019970401,0.00217144178639903,0.01517454587496244,0,6813.529296875,overall|small
2401571,3,a moped rider's white helmet,90,0.001793686224489796,0.0002053470873306938,0.00020819177649387258,0.014806044101715089,0,6400.56005859375,overall|small|part
2401571,4,The writing on the bus is in kanji.,792,0.015784438775510203,0.07415723606708827,0.07503881925996937,0.8632410222833807,0,9111.109375,overall|small|text
2401571,5,a black suv,3234,0.064453125,0.1333156381394479,0.17138751939254204,0.3750565056455821,0,7077.1357421875,overall
2401571,6,black sign with white characters,1519,0.0302734375,0.00247017978337045,0.006604066021762927,0.003930709956899295,0,904.1018676757812,overall|text
2401572,0,Person has hat on head.,910,0.018136160714285716,0.03215175224828182,0.03570233108817257,0.24431190909920159,0,6227.15185546875,overall|small|part
2401572,1,part of a logo,476,0.009486607142857142,0.04350799103494844,0.043717507013999325,0.9007774801815257,0,9807.7431640625,overall|small|text
2401572,2,the display is in amber,1288,0.025669642857142856,0.006686945559481134,0.007340316559735193,0.0698753321392936,0,12260.9736328125,overall
2401572,3,edge of a laptop,672,0.013392857142857142,0.015566065647766579,0.01689758871810926,0.16495477585565477,0,6560.08447265625,overall|small
2401572,4,Man is wearing a baseball cap. ,756,0.015066964285714286,0.005688771388104437,0.006167711133032421,0.06825854790904534,0,8366.7119140625,overall|small
2401572,5,Man wearing black shirt.,2325,0.04633689413265306,0.04982431408024656,0.07573067602028051,0.12713210895497312,0,3903.0703125,overall|text
2401572,6,nose of a man,165,0.003288424744897959,0.014091222317511086,0.014647072380150465,0.27077264496774384,0,3050.267333984375,overall|small
2401573,0,the door is closed,1376,0.0274234693877551,0.003912863475712525,0.013862530028534124,0.005422099385150644,0,538.1996459960938,overall|part
2401573,1,a woman walking next to a road,688,0.01371173469387755,0.01878015306078231,0.019128494289151022,0.5076986800792606,0,18260.54296875,overall|small
2401573,2,this is electric wires,874,0.017418686224489797,0.05006530903543641,0.051919055914710084,0.5837167700586384,0,9826.2275390625,overall|small
2401573,3,the bus is green in color,540,0.010762117346938776,0.03237672953695297,0.032558305489192606,0.8530591046368634,0,14148.5224609375,overall|small
2401573,4,these are some buildings,3819,0.07611208545918367,0.002940195593743419,0.007346623234789199,0.004878132778426433,0,2535.802978515625,overall
2401573,5,the front light is off,180,0.003587372448979592,0.0035340520818639494,0.0036642918987685276,0.09043811162312826,0,4442.56640625,overall|small
2401573,6,white billboard,2666,0.05313297193877551,0.00536775621294626,0.038898932666387734,0.006188504246957125,0,424.1389465332031,overall
2401574,0,The nose of a bear,840,0.016741071428571428,0.030329260943888717,0.03792943986264381,0.13146279652913412,0,2911.42578125,overall|small
2401574,1,small branch off the tree,270,0.005381058673469388,0.009458261789534801,0.010135387633616691,0.12401618957519531,0,3303.708984375,overall|small|part
2401574,2,brown tree trunk,952,0.018973214285714284,0.04741005228010883,0.049243661930674955,0.5601012927143514,0,10828.123046875,overall|small
2401574,3,twigs on the branch,513,0.010224011479591837,0.0046070847741383125,0.004871322456999858,0.07828440675493802,0,8244.1474609375,overall|small|part
2401574,4,The paw of a bear,1518,0.030253507653061226,0.027661519214259116,0.02927514529101771,0.3341536490499424,0,17326.822265625,overall
2401574,5,The eye of a bear,204,0.004065688775510204,0.007568465862121311,0.007739791053381076,0.2547953175563438,0,6715.716796875,overall|small|part
2401574,6,green leaves in horizon,338,0.0067362882653061226,0.021867092875435448,0.02994813562530466,0.07496389129458095,0,846.0558471679688,overall|small|part
2401575,0,shadow cast by empty park bench,4624,0.09215561224489796,0.037120734724495424,0.051879681279968164,0.11542342030878298,0,10287.609375,overall
2401575,1,part of  a water,513,0.010224011479591837,0.01861674355918132,0.020003188983115167,0.2117272241306119,0,5429.9375,overall|small
2401575,2,white clouds in sky,1770,0.035275829081632654,0.000504356016117277,0.004292717849525846,0.0005711760224595581,0,235.51083374023438,overall
2401575,3,part of a bird,176,0.00350765306122449,0.0002991509403833152,0.0004088760331837941,0.0011135051026940346,0,479.306396484375,overall|small
2401575,4,part of a metal,168,0.0033482142857142855,0.0005445559085342552,0.0005810455329327706,0.008596736050787427,0,2485.6083984375,overall|small
2401575,5,sailboat with white sail in distance,12,0.00023915816326530612,0.00038220067896004836,0.000382276056023754,0.6596714655558268,0,20707.69921875,overall|small
2401575,6,The open patch of blue sky,1545,0.030791613520408163,0.0006368490845811972,0.0007296451653481327,0.004982523007686084,0,10550.3310546875,overall
2401576,0,sunlight creating glare on a computer monitor,3822,0.076171875,0.001356453114177826,0.020775334729044106,0.001449101511437752,0,266.5885314941406,overall
2401576,1,a telephone cord hanging down,220,0.004384566326530612,0.001475432140032119,0.0015310134070172583,0.03905428106134588,0,5611.93115234375,overall|small
2401576,2,a grey keyboard in front of a monitor,5040,0.10044642857142858,0.08240679711762801,0.15538612839487448,0.14926842583550348,0,4841.5703125,overall
2401576,3,laptop computer on a desk,11716,0.23349808673469388,0.06534292280454673,0.15381832244536225,0.10201270981590346,0,7770.08154296875,overall
2401576,4,Power cords hanging from computers.,2494,0.049705038265306124,0.014048183019722991,0.016021357777929186,0.10238662756435758,0,15938.240234375,overall
2401576,5,"Red, white, and blue wall paper on wall.",2160,0.043048469387755105,0.16517178432553864,0.17507275191586066,0.7449390552662037,0,9190.85546875,overall
2401577,0,part of the sky,88,0.001753826530612245,0.000615189828790467,0.0006263756775983599,0.03330167315223,0,4678.57763671875,overall|small
2401577,1,part of a green light,320,0.006377551020408163,0.012253681430761724,0.014295269731293159,0.07902066111564636,0,1768.879638671875,overall|small
2401577,2,this is a tree,8288,0.16517857142857142,0.014174591635820188,0.053717977921197244,0.01889179664228874,0,2914.763671875,overall
2401577,3,part of a traffic,198,0.003946109693877551,9.921381692658764e-05,0.0001002552560816582,0.009460567223905312,0,18684.23046875,overall|small
2401577,4,the red light is the one on top,266,0.005301339285714286,0.003692167323246892,0.0037903934142809624,0.12470735822405134,0,8751.6396484375,overall|small
2401577,5,the tree is leafy,2992,0.05963010204081633,0.0008745295793279176,0.0023267461480882593,0.0013992136174982245,0,1799.2711181640625,overall
2401577,6,a silver metal pole,2844,0.05668048469387755,0.0374061870525087,0.044914009803546165,0.18285622040095376,0,11578.638671875,overall
2401578,0,The windshield of an airplane,783,0.015605070153061224,0.03018518073008026,0.03358652742465319,0.2296213318104945,0,5353.1435546875,overall|small
2401578,1,part of a runway,209,0.004165338010204082,0.00026210310790668946,0.000265555723783313,0.019761117451498954,0,15552.568359375,overall|small
2401578,2,blue and white tail of plane,2200,0.043845663265306124,0.016979299890492936,0.023385299325090717,0.0583657490123402,0,5490.82763671875,overall|part
2401578,3,very tall light,516,0.010283801020408163,0.00010705065007470023,0.00011622287101279464,0.0013546206692392512,0,6014.17138671875,overall|small
2401578,4,blue and white engine of plane,1288,0.025669642857142856,0.045729950822872886,0.05181984959066137,0.2801212997910399,0,6962.51025390625,overall
2401578,5,tip of  a wing,945,0.018833705357142856,0.011856599644695468,0.01476507377304553,0.056773610594411376,0,3633.646728515625,overall|small
2401578,6,The wheels of an airplane,1462,0.029137436224489797,0.04386770005775239,0.05059418321904443,0.2480960120580754,0,7169.1318359375,overall
2401579,0,the waves are white,854,0.017020089285714284,0.02513374949985031,0.028901985418340322,0.1616177168048796,0,4775.50341796875,overall|small
2401579,1,part of the sky,384,0.007653061224489796,0.000511234993873865,0.0005509660155744618,0.007039593532681465,0,4906.298828125,overall|small
2401579,2,part of a person,80,0.0015943877551020409,3.118486744268112e-05,3.1839819678650636e-05,0.0015137249603867531,0,3803.3505859375,overall|small
2401579,3,tan sand on beach,7700,0.15345982142857142,0.035755854392469553,0.06909338509045589,0.06899272175578328,0,7688.78173828125,overall
2401579,4,part of the sky,104,0.002072704081632653,0.0032118381430750564,0.0032694194051611745,0.15423796727107122,0,4906.298828125,overall|small
2401579,5,someone carrying a red surfboard,180,0.003587372448979592,0.00013675398442995756,0.00013790994943056306,0.01605323288175795,0,20952.671875,overall|small
2401579,6,a totally cloudy day,10710,0.21344866071428573,0.0033849543294204466,0.014868748185313143,0.004363576637930563,0,3143.09619140625,overall
2401580,0,white vehicle parked in background,2070,0.04125478316326531,0.06730365334911696,0.07298350854586125,0.46375543714145534,0,13153.296875,overall
2401580,1,An American flag,5325,0.1061264349489796,0.051328525350206614,0.07549008544809915,0.13820608219630282,0,9748.927734375,overall|text
2401580,2,numbers on white stripe on side of fire truck,117,0.002331792091836735,0.007190367385000238,0.007203767361091402,0.794471675514156,0,12903.4130859375,overall|small
2401580,3,part of a wheel,406,0.008091517857142858,0.00030372204438018386,0.00035362451447134826,0.0021476471071760054,0,2465.736083984375,overall|small|part
2401580,4,many Christmas balloons on fire truck,6222,0.12400350765306123,0.0874831081442485,0.15533402166347815,0.16686026837733045,0,6683.69091796875,overall
2401580,5,heads of two spectators shown at the bottom,1512,0.030133928571428572,0.0006701071060707676,0.0010605545932754435,0.0018168741433078018,0,2590.261474609375,overall
2401580,6,part of a yellow line,320,0.006377551020408163,0.0004668721137818553,0.0005234188787655858,0.00430295467376709,0,2630.676025390625,overall|small
2401581,0,Hands of the clock are black. ,323,0.00643734056122449,0.009123462027310528,0.009376133588753489,0.2529247980737834,0,8713.048828125,overall|small
2401581,1,The wall is white. ,3080,0.06138392857142857,0.0013059530783893975,0.002915118364503654,0.0023602437663387942,0,2493.7412109375,overall
2401581,2,Light reflecting on the wall. ,1680,0.033482142857142856,0.015098631574995707,0.025309408659815423,0.03607481547764369,0,2394.59130859375,overall
2401581,3,a window on the side of a hallway.,1456,0.029017857142857144,0.0015155681839700908,0.002165517292366892,0.005024238929643736,0,3378.08056640625,overall|part
2401581,4,a light embedded in a  ceiling.,390,0.007772640306122449,0.0009326691361991683,0.0010671750643397274,0.00734547651731051,0,2684.410400390625,overall|small
2401581,5,Black rectangle on the door. ,170,0.0033880739795918366,0.0003441303043627151,0.0003465951300382998,0.046156846775728115,0,22639.279296875,overall|small|part
2401581,6,number 12 on clock,48,0.0009566326530612245,0.0029177485418731826,0.0029269975254904317,0.48007949193318683,0,7872.85107421875,overall|small|text
2401582,0,the bear has two flowers,5103,0.10170200892857142,0.07833320826857008,0.1299428748213871,0.16473681707604595,1,6469.396484375,overall
2401582,1,red clay heart,744,0.01482780612244898,0.01617744652486326,0.01778289666344076,0.15196080361643144,0,6357.72900390625,overall|small
2401582,2,small black bow-tie,392,0.0078125,0.0032689837918289753,0.0035307147364212637,0.04223563233200384,0,4689.23974609375,overall|small
2401582,3,stone engraved with words HAPPY 2012,6099,0.12155213647959184,0.00022391523347297626,0.0006672825023225453,0.00033688635137319996,0,3079.160400390625,overall
2401582,4,small black tophat,792,0.015784438775510203,1.7104324168461223e-05,2.1481066533522893e-05,8.39410349726677e-05,0,3094.87890625,overall|small
2401582,5,The face of a groom bear,1334,0.02658641581632653,0.03014444921968207,0.03398843521948242,0.21044519244284107,0,8259.6884765625,overall|part
2401583,0,two cows grazing on grass,357,0.007114955357142857,0.005097426571985712,0.005316636880471877,0.11002802915599834,0,7388.13037109375,overall|small
2401583,1,hills on top of mountain,527,0.010503029336734694,0.009002439079533308,0.009685642302990457,0.1131810400020013,0,6158.2294921875,overall|small
2401583,2,rocky terrain on mountain,374,0.007453762755102041,0.006550245510322193,0.006931779975834555,0.10634967987550134,0,5738.03271484375,overall|small
2401583,3,animal sitting in back ground,220,0.004384566326530612,0.012144679036976703,0.012193477931330372,0.7521449002352628,0,13570.5234375,overall|small
2401583,4,a road going up a green hillside.,2214,0.04412468112244898,0.0653035102055395,0.09633876417957184,0.16854666802079804,0,3873.43896484375,overall
2401583,5,tall green grass of pasture,1036,0.020647321428571428,0.0012954105609664888,0.0015221574528627526,0.008621152303393742,0,5867.66748046875,overall
2401583,6,cows grazing in pasture,2928,0.05835459183673469,0.02407222641658702,0.032586438443233556,0.08435944520710596,0,7579.97705078125,overall
2401584,0,a weathervane on a clock tower,345,0.006875797193877551,0.00026282077481014446,0.0002837966845225005,0.0035432732623556385,0,4307.412109375,overall|small
2401584,1,angry black clouds in sky,3538,0.07051179846938775,0.0010902990844919417,0.00498145813430648,0.0013938543148267195,0,989.9624633789062,overall
2401584,2,spotty blue areas between clouds,780,0.015545280612244899,0.0021869494661336275,0.002669609369783694,0.011951529674040966,0,3491.968994140625,overall|small
2401584,3,the clouds are cotton like,2310,0.04603794642857143,0.11138293569353734,0.15439835155731327,0.28560960117356604,0,4273.0908203125,overall
2401584,4,large ornate balls at the base of a clock tower,1638,0.03264508928571429,0.01584971598177813,0.017042560475334683,0.18463865100827992,0,17746.048828125,overall
2401584,5,the tower is old,3737,0.07447783801020408,0.003144300377413364,0.004333864766104166,0.011325690208477932,0,9765.9033203125,overall
2401584,6,a building between two clock towers,175,0.0034877232142857145,0.0008131390029028076,0.000827286658191453,0.04539021355765206,0,9601.6142578125,overall|small
2401585,0,part of the ocean water,420,0.008370535714285714,0.017383553917973388,0.017956147702389395,0.35280790783110116,0,8252.2890625,overall|small
2401585,1,section of a water wave,705,0.014050542091836735,0.011508341635910845,0.012235429854813818,0.16224205071199024,0,9348.314453125,overall|small
2401585,2,the foam is white,3520,0.07015306122448979,0.0345225233236763,0.05164942368516591,0.09429251063953746,0,6426.2021484375,overall
2401585,3,the man has two hands,1085,0.021623883928571428,0.07502222257364072,0.09684238483227398,0.24979225545434908,0,2798.615478515625,overall
2401585,4,ripples of water on a wave,273,0.005440848214285714,0.0012389638160422878,0.0013043770676039483,0.024109983618879494,0,5046.1064453125,overall|small
2401585,5,section of a surf board,32,0.0006377551020408163,0.0008808263200858997,0.0008827629605177225,0.2864786982536316,0,10384.8017578125,overall|small
2401585,6,plant life in the ocean,4040,0.08051658163265306,0.024912262790326385,0.03670612778936843,0.07195556187393641,0,7919.67138671875,overall
