sample_id,slot_idx,source_idx,phrase,gt_area,area_frac,soft_iou,mass_in_gt,gt_coverage,peak_in_gt,pred_sum,slices
2401156,0,0,The person is wearing goggles.,180,0.003587372448979592,0.005617636030688267,0.005849667130552495,0.12405527962578668,0,3817.302734375,overall|small|part
2401156,1,3,The person is wearing a shoe.,792,0.015784438775510203,0.0027576753831053125,0.003215416764724475,0.019003246769760593,0,4680.7529296875,overall|small|part
2401156,2,7,a camera on a helmet,130,0.002590880102040816,0.0031038403845585105,0.0031940959984787277,0.09897180703970102,0,4028.16162109375,overall|small|part
2401156,3,1,The flag has the word forum on it.,4590,0.0914779974489796,0.09269752924457987,0.11533098705416221,0.32081333401416123,0,12767.888671875,overall|text
2401156,4,5,the hoodie has yellow letters,1120,0.022321428571428572,0.04924888599841806,0.05360549508905514,0.3773266111101423,0,7883.62841796875,overall|text
2401156,5,6,a black metal rail,2556,0.0509406887755102,0.012999986578026016,0.016133761514583872,0.06273002206626259,0,9938.0380859375,overall|part
2401156,6,2,the sky is gray,2610,0.05201690051020408,0.07579246747411204,0.0964973862923943,0.26103197587404214,1,7060.22705078125,overall
2401157,0,2,Sign in the window.,986,0.019650829081632654,0.005611822856814772,0.006798778953093961,0.031142962148175038,0,4516.54052734375,overall|small|text|part
2401157,1,3,England's flag shirt on man.,198,0.003946109693877551,0.005366886211087975,0.005708124873339141,0.08237977461381392,0,2857.5400390625,overall|small|text
2401157,2,4,There is an X on the building,180,0.003587372448979592,0.009386596489040921,0.00985791366924792,0.1641080962287055,0,2996.522216796875,overall|small
2401157,3,1,Advertising on the building.,1826,0.03639190051020408,0.04776828720238246,0.07205277236329287,0.12413609850445817,0,3145.923583984375,overall|text
2401157,4,0,Motorcycles lined up,15914,0.31716358418367346,0.32260755423186405,0.5975627148685835,0.41215411007996106,1,10976.2880859375,overall
2401157,5,5,Brookes Bros store front,1540,0.030691964285714284,0.034121664575942914,0.039205085032365666,0.20833339938869724,0,8183.46484375,overall
2401158,0,0,Power pole on the street,697,0.013891103316326531,0.004344209991476193,0.004678025128142192,0.05738541043471743,0,8550.1103515625,overall|small
2401158,1,1,Yellow garbage can on the street,15,0.00029894770408163266,0.0003753594975923674,0.00037599922190751034,0.18074305852254233,0,7210.50927734375,overall|small
2401158,2,7,license plate on the bus,85,0.0016940369897959183,0.007214248841370584,0.007399644007031829,0.22356693043428308,0,2568.1220703125,overall|small
2401158,3,8,Red words on the bus,420,0.008370535714285714,0.008680476707450292,0.009081132741271508,0.16440269833519344,0,7603.58154296875,overall|small
2401158,4,6,The trees have a few leaves.,5440,0.10841836734693877,0.04015703202223175,0.07143148094035115,0.08401378182803883,0,6398.22900390625,overall|part
2401158,5,2,The tree is bare.,11832,0.23580994897959184,0.1971626525018579,0.44284751638248154,0.2622028631967334,1,7005.5361328125,overall
2401158,6,3,Traffic on the streets.,3808,0.07589285714285714,0.07974254344945067,0.09979753733106753,0.2840852497004661,0,10839.9130859375,overall
2401159,0,0,books sitting on a coffee table,899,0.017916932397959183,0.02066307130085509,0.02309177533478825,0.1642021544120203,0,6392.654296875,overall|small
2401159,1,2,a vent in the floor,475,0.009466677295918368,0.03979118046310189,0.04198249407611603,0.43257362767269736,0,4894.24169921875,overall|small
2401159,2,5,corner of a mounted painting,986,0.019650829081632654,0.011559630874629578,0.012495980461745108,0.13365018585390784,0,10545.7177734375,overall|small
2401159,3,6,TV on the wall,704,0.01403061224489796,0.0303155687430909,0.033996512547670825,0.21874325925653632,0,4529.73681640625,overall|small
2401159,4,8,White pillow on the couch,405,0.008071588010204082,0.020232499638596756,0.02027359928657666,0.9089275595582562,0,18157.390625,overall|small
2401159,5,3,A door you can see through,7203,0.1435546875,0.11883625839995651,0.2901752876542295,0.16753934314478341,1,4158.81689453125,overall|part
2401159,6,7,trees outside the window,3584,0.07142857142857142,0.17655525921884366,0.5092198665970274,0.2127586773463658,1,1497.4417724609375,overall|part
2401160,0,0,black laptop with stickers,16472,0.3282844387755102,0.24697802936440877,0.6633225189472265,0.28237572661182614,1,7012.11376953125,overall
2401160,1,1,a laptop screen across from the young man,4092,0.08155293367346939,0.13245390990927386,0.1558971203707448,0.46831622081767776,1,12292.4013671875,overall
2401160,2,2,a picture is hanging on the wall,1026,0.020448022959183673,0.04361099505954227,0.06633920579274707,0.1129183704160575,1,1746.391845703125,overall
2401160,3,3,Bottle on the table.,2904,0.05787627551020408,0.03132025541036201,0.06442981566588679,0.057446650565491565,0,2589.252685546875,overall
2401161,0,2,The head of the teddy bear.,1260,0.025111607142857144,0.08354978523706569,0.09087999591893013,0.5088048541356647,1,7054.29296875,overall|part
2401161,1,0,Windows on the building.,8428,0.16796875,0.11739499400822749,0.2842421523095148,0.16666322915430706,0,4941.69384765625,overall
2401161,2,1,feet of the teddy bear,1240,0.024713010204081634,0.014339646984297556,0.01653901905533458,0.09733643070344002,0,7297.72265625,overall
2401161,3,3,white wispy clouds,1760,0.035076530612244895,0.02315264692836238,0.028127867054046515,0.1157451022755016,0,7242.3330078125,overall
2401161,4,4,building made of grey concrete,6604,0.13161670918367346,0.033324804393035125,0.06359141434724988,0.06543524203193614,0,6795.482421875,overall
2401161,5,5,building holding the bear,1110,0.022122130102040817,0.036178490058005705,0.04178715725386307,0.212317114477759,0,5639.81884765625,overall
2401163,0,5,yellow umbrella in garden,288,0.005739795918367347,0.011566993285018255,0.011994462574413351,0.245032893286811,0,5883.50439453125,overall|small
2401163,1,0,Flower pedals on the path,2090,0.04165338010204082,0.013577247287456518,0.020443736261446528,0.0388532173120234,0,3972.034423828125,overall
2401163,2,1,blue umbrella in garden,1960,0.0390625,0.04617219910584566,0.056546874827029706,0.20106115535813934,0,6969.0830078125,overall
2401163,3,2,The tree has pink flowers,4850,0.09665975765306123,0.025688653450773962,0.06370573698374206,0.04127026744724549,0,3141.958740234375,overall
2401163,4,3,The flowers are pink,1591,0.03170838647959184,0.011847115274149042,0.02638830348507385,0.0210468021299313,0,1268.950927734375,overall
2401163,5,4,The woman is wearing a skirt,1749,0.034857302295918366,0.01556619217150805,0.02208145579208801,0.0501129604053879,0,3969.283935546875,overall
2401164,0,1,car with back to camera,729,0.014528858418367346,0.03864410763168443,0.039534817821266374,0.6317093460648148,0,11648.3681640625,overall|small
2401164,1,0,The trees are green.,33726,0.6721540178571429,0.13559434203452628,0.8275794796372553,0.13953626282393405,1,5686.462890625,overall
2401165,0,6,The nose and nostril of the baby.,560,0.011160714285714286,0.01506525039202544,0.018889290017506388,0.06926230021885463,0,2053.3798828125,overall|small
2401165,1,8,dark eyelashes on a baby,252,0.005022321428571429,0.0030830716623450956,0.0032109646825564525,0.07184442641243102,0,5638.4287109375,overall|small
2401165,2,9,edge of white wall,621,0.012376434948979591,0.0073146528460085024,0.008016672507510035,0.07708998233223884,0,5971.66455078125,overall|small
2401165,3,3,blue shirt on kid,3230,0.0643734056122449,0.05423012401444835,0.05792505771255887,0.4595060649671053,0,25622.841796875,overall|text
2401165,4,0,brown hair on kid's head,4200,0.08370535714285714,0.08622583333819978,0.13718421431352962,0.18839544387090773,0,5767.87109375,overall|part
2401165,5,1,The open mouth of the baby.,1125,0.022421077806122448,0.0178041567674185,0.025073957081356152,0.057854831271701386,0,2595.788330078125,overall
2401165,6,2,eyebrow of the kid,1586,0.03160873724489796,0.02256544130746064,0.035922856294959234,0.05721438336943618,0,2526.0244140625,overall
2401166,0,3,a white arm cast,986,0.019650829081632654,0.009316851649788065,0.010441369192152916,0.07962091070643303,0,7518.7666015625,overall|small|part
2401166,1,1,a pair of blue and white socks,858,0.01709980867346939,0.019923598018271746,0.022085443405571684,0.16911760521379662,0,6570.06982421875,overall|small
2401166,2,4,wrist tag on the man,270,0.005381058673469388,0.005002305718262712,0.0051065150261545515,0.19686804877387154,0,10409.12890625,overall|small
2401166,3,0,head of a man in wheelchair,2450,0.048828125,0.1609244272749462,0.169533367535795,0.7601365194515306,1,10985.0615234375,overall|part
2401166,4,5,Left wheel on man's wheelchair.,3560,0.07095025510204081,0.11903233344500348,0.15756402617855444,0.3273909322331461,0,7397.0673828125,overall|part
2401166,5,6,a metal gated window,4154,0.08278858418367346,0.11914840122747207,0.21029045037163185,0.21563030127211724,0,4259.4814453125,overall|part
2401166,6,8,Window with metal covering.,1170,0.023317920918367346,0.05593048411901225,0.07337765695920069,0.19043226975661057,0,3036.425048828125,overall|part
2401167,0,2,branches of a small tree,195,0.0038863201530612247,0.011383710295492037,0.011555931073647614,0.43305562337239584,0,7307.576171875,overall|small|part
2401167,1,3,edge of a river bank,297,0.005919164540816327,0.0025045563953003435,0.002564212950990515,0.09719030463735664,0,11257.068359375,overall|small
2401167,2,4,water rippling around the back of the elephant ,390,0.007772640306122449,0.004340748538052442,0.004764534526518315,0.046531276213817106,0,3808.80810546875,overall|small
2401167,3,5,photographers name and copy right ,918,0.01829559948979592,0.024537838758397358,0.028274827280818583,0.15658672390939882,0,5083.90771484375,overall|small
2401167,4,7,section of water plantation,253,0.005042251275510204,0.009420340858827893,0.00953844667529967,0.43207773201079236,0,11460.53125,overall|small
2401167,5,0,elephants splashing water,11800,0.23517219387755103,0.09150314695632829,0.3215751924018886,0.11339291330111229,1,4160.8818359375,overall
2401167,6,1,river has brown water,10309,0.20545679209183673,0.20998344892025606,0.4256195441634408,0.2930176302260161,1,7097.2275390625,overall
2401168,0,2,blue corner of a napkin,992,0.019770408163265307,0.016097277086396338,0.01944903807707755,0.08542713042228453,0,4357.21875,overall|small
2401168,1,3,melted mozzarella cheese on pizza,798,0.015904017857142856,0.01612557313942626,0.017497854734935387,0.17054844141604011,0,7777.96240234375,overall|small
2401168,2,6,cheese on a pizza,238,0.004743303571428571,0.006944059463674917,0.007134571196591023,0.20638172566389837,0,6884.62548828125,overall|small
2401168,3,0,The bottle on the table,4400,0.08769132653061225,0.1229888522445058,0.18081982234586427,0.27774297540838067,1,6758.49072265625,overall
2401168,4,1,round basic white plate,1404,0.027981505102040817,0.017757647752289555,0.02279310497986033,0.07440006766903434,0,4582.86376953125,overall
2401168,5,4,tomatoes on a pizza,4131,0.08233019770408163,0.013750211758946073,0.019509863725814,0.04450372655753563,0,9423.1767578125,overall
2401168,6,5,metallic finish picture frame,2320,0.04623724489795918,0.1268224674388696,0.13767593168802136,0.6166731735755657,0,10391.662109375,overall
2401169,0,1,The man's blue tie,330,0.006576849489795918,0.019685470854452006,0.019746158027177805,0.8649594393643466,0,14455.298828125,overall|small
2401169,1,4,three grapes on top of round red cheese,221,0.004404496173469388,0.004240477536221078,0.004371930484580888,0.12360039447767163,0,6247.96923828125,overall|small
2401169,2,5,A green apple.,800,0.01594387755102041,0.014326439114901878,0.023810044055956568,0.03471989154815674,0,1166.5628662109375,overall|small
2401169,3,0,the light is turned on,5124,0.10212053571428571,0.025718861032695668,0.0691747930804403,0.03933007078744023,0,2913.30517578125,overall
2401169,4,2,a small picture on a wall,1440,0.028698979591836735,0.023372299198199355,0.03215425719885738,0.07882946862114801,0,3530.30810546875,overall
2401169,5,3,The table the cake is on,6496,0.12946428571428573,0.03270879438788319,0.052613193696035676,0.07957869092819139,0,9825.3525390625,overall
2401170,0,2,The leaves are green.,240,0.0047831632653061226,0.003264075585688377,0.0038643891402120696,0.020579373836517333,0,1278.09326171875,overall|small|part
2401170,1,5,Wall is made of brick.,432,0.00860969387755102,0.01111418089319395,0.011867015966200633,0.1490766383983471,0,5426.89990234375,overall|small
2401170,2,6,white and blue sneakers,276,0.005500637755102041,0.00246135503009968,0.0025237083894616187,0.09059626814247905,0,9907.8681640625,overall|small
2401170,3,7,The pants are black.,108,0.002152423469387755,0.002651492148695036,0.002684059886235546,0.17933358086480033,0,7215.9443359375,overall|small
2401170,4,8,White line on the road.,225,0.00448421556122449,0.0111936846557975,0.011671852708398423,0.21459747314453126,0,4136.82666015625,overall|small
2401170,5,4,large blue and red sign,3591,0.07156808035714286,0.03646945856225169,0.04705540571507096,0.1394960705664987,0,10645.5439453125,overall|text
2401170,6,1,black umbrella over person's head,1518,0.030253507653061226,0.01599856287278808,0.0178135452662924,0.13571177044090704,0,11564.8212890625,overall|part
2401171,0,8,red flag with yellow design,385,0.007672991071428571,0.0026233591620886546,0.0027957919741487362,0.040799252398602374,0,5618.3408203125,overall|small|text
2401171,1,7,Handle on a car door,96,0.001913265306122449,0.0009405830455866122,0.0009645824329123819,0.036426802476247154,0,3625.375,overall|small|part
2401171,2,0,Black and white pole by the road,264,0.0052614795918367345,0.007851667798425053,0.00798564499880006,0.31879867206920276,0,10539.267578125,overall|small
2401171,3,2,a policeman,144,0.0028698979591836736,0.0023676023206114474,0.0024379287754912535,0.07584966553582086,0,4480.1767578125,overall|small
2401171,4,6,Light on a car,450,0.00896843112244898,0.008286738676299189,0.00901577865727501,0.09295337253146702,0,4639.53466796875,overall|small
2401171,5,1,the bus is red and white.,3025,0.06028778698979592,0.16149368025201896,0.16924678630027803,0.7790218233471075,1,13923.697265625,overall
2401171,6,3,street light on top of metal pole,1272,0.025350765306122448,0.01679779002075672,0.019379458751624952,0.11197440429303632,0,7349.60888671875,overall
2401172,0,3,flowers planted in boxes attached to railing,720,0.014349489795918368,0.01827300828016294,0.02133412239663064,0.11296549903021919,0,3812.444580078125,overall|small
2401172,1,6,path in garden,864,0.01721938775510204,0.01544682799074624,0.017064418835103713,0.14011995880692094,0,7094.50732421875,overall|small
2401172,2,0,tall white building in background,9100,0.18136160714285715,0.03829643608130798,0.1172282241661479,0.05381632710551167,0,4177.5654296875,overall
2401172,3,1,white post with lamp,2834,0.0564811862244898,0.11808967764997576,0.14397471469907722,0.39643578808662666,1,7803.44677734375,overall
2401172,4,2,white chairs on patio,3481,0.06937579719387756,0.054273177689463485,0.06240465930898455,0.29404299329731937,0,16402.0390625,overall
2401172,5,4,A green tree in the distance.,3675,0.0732421875,0.018226836782187856,0.03388605322617714,0.03794563968165391,0,4115.26904296875,overall
2401172,6,5,A little black fence.,2040,0.04065688775510204,0.0205966430318666,0.026261451469344863,0.08716135212019378,0,6770.728515625,overall
2401173,0,6,The eyes of the dog.,98,0.001953125,0.009524364089985466,0.009748094372462456,0.2932780324196329,0,2948.396484375,overall|small|part
2401173,1,1,a chair facing away from the poo,266,0.005301339285714286,0.004675731257418109,0.004817443336257187,0.137149667381344,0,7572.857421875,overall|small
2401173,2,2,a lounge at a pool,714,0.014229910714285714,0.013343040130235104,0.014185518303307358,0.18345221084039084,0,9233.7041015625,overall|small
2401173,3,3,Swimming pool drain,48,0.0009566326530612245,0.0008288287825191527,0.0008330357645724498,0.14098099867502847,0,8123.40625,overall|small
2401173,4,4,a hill in the distance,392,0.0078125,0.021992918903874507,0.022728398349495544,0.40463556562151226,0,6978.80859375,overall|small
2401173,5,8,top side of pool with blue designs,588,0.01171875,0.010819679499559804,0.0113448883198041,0.18943861877026202,0,9818.5107421875,overall|small
2401173,6,0,a man holding a dog,7590,0.15126753826530612,0.206294019219824,0.4070014076781265,0.2949455492424242,0,5500.31689453125,overall
2401174,0,5,red shirt on young boy.,182,0.003627232142857143,0.004924525673008636,0.004993935836574485,0.26161701076633326,0,9534.4228515625,overall|small|text
2401174,1,3,backpack strap on boy's shoulder.,153,0.003049266581632653,0.0015779332494011138,0.0016228789089932198,0.05390414069680607,0,5081.91552734375,overall|small
2401174,2,4,A white clouded sky,476,0.009486607142857142,0.023156238905782344,0.02435006524594869,0.3207951393448004,0,6270.96826171875,overall|small
2401174,3,6,red heart shaped pillow.,377,0.007513552295918368,0.006051547949171621,0.006280529693585439,0.14235407983592713,0,8545.0576171875,overall|small
2401174,4,7,pole supporting the traffic light.,256,0.00510204081632653,0.0016491120623241483,0.0016919334411448026,0.061172813177108765,0,9255.8251953125,overall|small
2401174,5,8,giant stuffed animal.,651,0.012974330357142858,0.023816016924081695,0.025526243555962967,0.2622482604511689,0,6688.16064453125,overall|small
2401174,6,0,back of traffic sign,2288,0.045599489795918366,0.041779466065372105,0.05922154489761475,0.1242319920679906,0,4799.65185546875,overall|text
2401175,0,2,part of a leg,420,0.008370535714285714,0.006763887797444878,0.0070881170716588825,0.12881991068522136,0,7633.10791015625,overall|small|part
2401175,1,3,part of a doll,15,0.00029894770408163266,0.00036206735285023816,0.00036288336455197665,0.13868295351664225,0,5732.54248046875,overall|small
2401175,2,4,part of a pillow,108,0.002152423469387755,0.0009605414176605344,0.0009747023738146355,0.06201428837246365,0,6871.37255859375,overall|small
2401175,3,7,section of a duve,364,0.007254464285714286,0.00495111708090476,0.005286069699277716,0.07247346836132007,0,4990.5400390625,overall|small
2401175,4,8,part of a doll,189,0.0037667410714285715,0.0031490595393426977,0.0032426716086126637,0.09835318913535467,0,5732.54248046875,overall|small
2401175,5,9,part of a blanket,312,0.006218112244897959,0.007004484500114339,0.007179930790939365,0.22278797932160208,0,9681.130859375,overall|small
2401175,6,0,bare human foot on top of bed sheet,4664,0.09295280612244898,0.06641375078987696,0.0927412338156487,0.18959385657596753,0,9534.763671875,overall
2401176,0,4,Tail light on taxi cab,480,0.009566326530612245,0.00976862903129,0.010698824838150217,0.10100703239440918,0,4531.654296875,overall|small|part
2401176,1,0,man driving a car,462,0.009207589285714286,0.019868838185543677,0.02059328928094451,0.36093773779931004,0,8097.455078125,overall|small
2401176,2,2,a white fire hydrant,250,0.0049824617346938774,0.004638064234636402,0.004722188862925254,0.20656936645507812,0,10936.1025390625,overall|small
2401176,3,3,red and white cap,770,0.015345982142857142,0.0396790173969178,0.04078551701496525,0.5939195905412946,0,11212.7568359375,overall|small
2401176,4,5,Headlights and grill on front of car,288,0.005739795918367347,0.0045862398111934325,0.004899570971491896,0.06691628694534302,0,3933.38330078125,overall|small
2401176,5,6,round metal manhole cover,564,0.011240433673469387,0.016742573558472005,0.017770244383682847,0.22451084218126663,0,7125.6259765625,overall|small
2401176,6,7,Tire on car,378,0.007533482142857143,0.007790233574454222,0.00840342592219568,0.09646205801181693,0,4339.02294921875,overall|small
2401177,0,4,a surfer waiting to catch a wave,8,0.00015943877551020407,0.00022128986533774086,0.00022141574987630122,0.28017276525497437,0,10122.95703125,overall|small
2401177,1,6,a surfboard standing on end,756,0.015066964285714286,0.019808961028394814,0.020828337562463477,0.28812711201016866,0,10458.064453125,overall|small
2401177,2,0,sun shining on ocean,1406,0.028021364795918366,0.017279865372762937,0.020733400369312666,0.09398968019661828,0,6373.7490234375,overall
2401177,3,1,Orange color in the sky.,1400,0.027901785714285716,0.05451112699353433,0.06300736548268919,0.2878759765625,0,6396.49609375,overall
2401177,4,2,Silhouette of a person.,1400,0.027901785714285716,0.020126004974894685,0.028058564125146644,0.0664574704851423,0,3315.93798828125,overall
2401177,5,3,blue sky,3835,0.07643096301020408,0.04190133265924439,0.0774582602953104,0.08364413782390809,0,4141.26611328125,overall
2401177,6,5,the wet sand has a reflection of the sun,10990,0.21902901785714285,0.27746471325352356,0.47201837339512703,0.40233348676353503,1,9367.52734375,overall
2401179,0,2,glasses around man's face,960,0.01913265306122449,0.029817311208536926,0.036542034927856244,0.1394346237182617,0,3663.10302734375,overall|small|part
2401179,1,8,hair of a man,1000,0.01992984693877551,0.0015467890811292427,0.0020204796323392395,0.0065544300079345705,0,3243.9970703125,overall|small|part
2401179,2,9,part of  a hair,960,0.01913265306122449,0.03937977913570092,0.044568912603191055,0.2527435779571533,0,5444.01513671875,overall|small|part
2401179,3,3,A thick black watch,286,0.005699936224489796,0.00825163163154426,0.008584419286051788,0.1754990290928554,0,5846.9560546875,overall|small
2401179,4,4,part of an elbow,247,0.004922672193877551,0.007758531362528102,0.007916375201095182,0.2801173283503606,0,8739.982421875,overall|small
2401179,5,5,A white corded phone,725,0.014449139030612245,0.015270360290275823,0.015642731957184287,0.3907948461072198,0,18112.326171875,overall|small
2401179,6,7,part of a top,414,0.00825095663265306,0.017079542869704277,0.018149092470580188,0.2246987716011379,0,5125.61669921875,overall|small
2401180,0,5,wheel on the chair,182,0.003627232142857143,0.0037716288953148517,0.0038575932333092433,0.14475044837364784,0,6829.279296875,overall|small|part
2401180,1,1,a light fixture is hanging from the ceiling,672,0.013392857142857142,0.03440698056042636,0.03707094013193865,0.3237752233232771,0,5869.205078125,overall|small
2401180,2,2,edge of a wall,182,0.003627232142857143,0.005736814381841056,0.006017547520210791,0.10950369363302713,0,3311.926025390625,overall|small
2401180,3,6,part of a floor,780,0.015545280612244899,0.01258777623494284,0.01347816485551483,0.16004936022636218,0,9262.27734375,overall|small
2401180,4,7,part of a wall,72,0.0014349489795918368,0.004960989317536648,0.004992618404845353,0.43917486402723527,0,6333.46826171875,overall|small
2401180,5,8,computer monitor on wooden desk,403,0.008031728316326531,0.02083705316422372,0.021347327263496217,0.46573163735363676,0,8792.1943359375,overall|small
2401180,6,3,a blanket folded on the arm of a chair,1728,0.03443877551020408,0.014112259125215328,0.0163752215646874,0.09265693028767903,0,9777.6494140625,overall|part
2401181,0,0,two tall giraffes,27342,0.544921875,0.4606465544852798,0.6193060506672838,0.642611055678992,1,28370.90234375,overall
2401182,0,0,Two buildings are in the distance.,676,0.013472576530612245,0.024475784218200465,0.027260504727728518,0.1932889046753652,0,4793.1357421875,overall|small
2401182,1,3,A patch of blue sky.,408,0.008131377551020409,0.018739845289908526,0.020721397930008833,0.16385542177686505,0,3226.279052734375,overall|small
2401182,2,1,The trees are bare.,9360,0.18654336734693877,0.19271371939910692,0.32120084805082616,0.3251263479901175,1,9474.3916015625,overall
2401182,3,2,The ground is concrete.,19184,0.3823341836734694,0.30309518959079684,0.5405087514283814,0.40829913192634487,1,14491.5517578125,overall
2401182,4,4,a cloud in the sky,1400,0.027901785714285716,0.09281425273998418,0.10775271294029928,0.4010107857840402,0,5210.2177734375,overall
2401183,0,3,black number five on sign,162,0.0032286352040816328,0.005005306349279906,0.00527371679152668,0.08953846825493707,0,2750.47607421875,overall|small|text
2401183,1,5,a partial speed limit sign,96,0.001913265306122449,0.0014443352731505282,0.0014559231925307485,0.15359564622243246,0,10127.7197265625,overall|small|text
2401183,2,0,The person is wearing a jacket.,595,0.011858258928571428,0.019281318929924997,0.020429288360446687,0.25547085289193805,0,7440.55078125,overall|small
2401183,3,1,house next to trees,4752,0.09470663265306123,0.014531599641469444,0.022569042089630918,0.03920482224486894,0,8254.728515625,overall
2401183,4,2,a tall tree trunk,1375,0.027403539540816327,0.038588810470403294,0.0436671324090808,0.24914488636363635,0,7845.12744140625,overall
2401183,5,4,a woman holding an umbrella,1752,0.03491709183673469,0.040580998411498585,0.04912211477361938,0.18922746562522297,0,6749.02783203125,overall
2401183,6,6,a row of street lights,1100,0.021922831632653062,0.012754875863430215,0.014570968952022418,0.0928352147882635,0,7008.36962890625,overall
2401186,0,5,a small portion of road,693,0.013811383928571428,0.01617437356525791,0.0177834918183005,0.151646799855418,0,5909.482421875,overall|small
2401186,1,0,A white clouded sky,1190,0.023716517857142856,0.06504200440905575,0.06967766915308597,0.49434481067817754,0,8442.73828125,overall
2401186,2,1,the water has waves in it,15228,0.30349170918367346,0.18585974944054673,0.5525090233765695,0.2187955960032506,1,6030.34375,overall
2401186,3,2,many trees are in the background,5974,0.1190609056122449,0.108621918895916,0.2150112526330341,0.18000744927236775,1,5001.43359375,overall
2401186,4,3,shadow of person on ground,2280,0.04544005102040816,0.044876858536630364,0.06017489175555695,0.15003812020285087,0,5684.8779296875,overall
2401186,5,4,A small patch of grass,1696,0.03380102040816327,0.03161943640966766,0.03629670246442438,0.1970286099415905,0,9206.3603515625,overall
2401187,0,3,a typewriter on a small desk,609,0.012137276785714286,0.0225067441283102,0.02309243772002352,0.4701663363351806,0,12399.353515625,overall|small
2401187,1,4,a large clock on the wall,671,0.013372927295918368,0.03299478615853031,0.03624074819666061,0.2692102014396656,0,4984.44580078125,overall|small
2401187,2,6,a picture leaning against the wall on top of the fireplace,403,0.008031728316326531,0.003338896958825684,0.0036185967106466864,0.04140806079798242,0,4611.580078125,overall|small
2401187,3,0,flat screen TV,1768,0.035235969387755105,0.0012100002259005625,0.0017050843683792832,0.004149982292727648,0,4303.11181640625,overall
2401187,4,1,bay windows at the far end,5850,0.11658960459183673,0.1423753762709898,0.28009871173003376,0.22454166249332264,1,4689.66357421875,overall
2401187,5,2,picture on a wall,3636,0.07246492346938775,0.030027668869800336,0.1011242164455347,0.04096045667188789,0,1472.76513671875,overall
2401187,6,5,the floor is brown,5720,0.11399872448979592,0.24053362825241087,0.25650189782473687,0.7943971433839598,1,17715.080078125,overall
2401188,0,6,The number 8 on the boy's shirt.,156,0.0031090561224489796,0.005062765783493183,0.005209521041817007,0.15233991084954676,0,4561.8447265625,overall|small|text
2401188,1,0,black and grey sneaker cleats,289,0.0057597257653061226,0.005462875075982515,0.005601761753814392,0.18055350227751946,0,9314.919921875,overall|small
2401188,2,1,The red sneakers the player is wearing.,561,0.01118064413265306,0.009452992258794009,0.010259847083498388,0.10730454415986032,0,5867.32421875,overall|small
2401188,3,7,The black shorts worn by the player in red sneakers.,161,0.003208705357142857,0.006770824764902845,0.0068704350709279625,0.31833906943753637,0,7459.87548828125,overall|small
2401188,4,8,The ball is white,266,0.005301339285714286,0.003503065606462811,0.0036258321752144153,0.09376028964394018,0,6878.486328125,overall|small
2401188,5,2,The white and black shirt the player in red sneakers is wearing.,1248,0.024872448979591837,0.024383710933864745,0.02755986875732541,0.17463155893179086,0,7907.8818359375,overall|text
2401188,6,3,soccer player in black and white uniform,3636,0.07246492346938775,0.157013020268357,0.19598464840176547,0.44121706787377957,1,8185.66796875,overall
2401189,0,5,Nose on the face of a white cat. ,196,0.00390625,0.004429778212080336,0.004698536005987665,0.07187685674550581,0,2998.351806640625,overall|small|part
2401189,1,3,Two front paws on a white and tan cat. ,882,0.017578125,0.01366468016743161,0.01484073535665055,0.1470747621151325,0,8740.802734375,overall|small
2401189,2,4,Pink tongue of a cat. ,84,0.0016741071428571428,0.0036538916699102005,0.003707494596846181,0.20174001512073336,0,4570.78515625,overall|small
2401189,3,1,the pussy cat has blue eyes,1020,0.02032844387755102,0.006281369251954765,0.007242767875641705,0.04518304712632123,0,6363.134765625,overall|part
2401189,4,0,the cycle has a backrest for a passenger,3773,0.0751953125,0.09431954919054884,0.1115351495328945,0.37929468789342036,0,12830.7431640625,overall
2401189,5,2,copyright mark on side,6438,0.12830835459183673,0.10172847202886233,0.1737863801937226,0.19700944419972236,0,7298.3095703125,overall
2401189,6,6,A cat's left side whiskers. ,1334,0.02658641581632653,0.022563715143297018,0.026057735508409986,0.14403778716720742,0,7373.8720703125,overall
2401190,0,0,white snow on a hill,13392,0.2669005102040816,0.27111700092235974,0.5310346659360745,0.35646452727141203,1,8989.5693359375,overall
2401190,1,1,The rock the elephant is leaning on.,9880,0.19690688775510204,0.0812760978172544,0.17834179351856808,0.1299286877095458,0,7197.95068359375,overall
2401190,2,2,small rocks in a pile,2992,0.05963010204081633,0.03620096558500944,0.04909915895458066,0.12111486343138995,0,7380.486328125,overall
2401191,0,3,Handle of racket is white,384,0.007653061224489796,0.0017664322037725295,0.0018762250158443456,0.029301663239796955,0,5997.0625,overall|small|part
2401191,1,2,a tennis ball,864,0.01721938775510204,0.005262877810563115,0.006321723514569011,0.0304642120997111,0,4163.59228515625,overall|small
2401191,2,4,chains holding a banner in place,946,0.018853635204081634,0.02767868148167754,0.028996511204076075,0.3785038437954215,0,12348.5419921875,overall|small
2401191,3,5,a wristband,154,0.0030691964285714285,0.0010218159528315608,0.0010576430254147155,0.029281529513272373,0,4263.58935546875,overall|small
2401191,4,0,Man's face who is playing tennis,2597,0.0517578125,0.06023177262955059,0.07756295453523006,0.2123241285016365,0,7109.13818359375,overall|part
2401191,5,1,Socks are white,5069,0.10102439413265306,0.13697873364980573,0.20533423246228688,0.2915201373390955,0,7196.63525390625,overall
2401192,0,3,part of a doll's hair,15,0.00029894770408163266,0.00022746302404283813,0.00022774109103145687,0.15703983306884767,0,10343.3134765625,overall|small|part
2401192,1,5,The yellow ribbon in the doll's hair.,152,0.0030293367346938774,0.006908240921316776,0.006982410957983258,0.39406640906082957,0,8578.42578125,overall|small|part
2401192,2,9,tail of a doll,60,0.0011957908163265306,0.0017443066559745704,0.0017630953774584953,0.14065883954366049,0,4786.76904296875,overall|small|part
2401192,3,1,The cat's right ear.,364,0.007254464285714286,0.005701135714730899,0.0059080110011435726,0.14001787625826323,0,8626.677734375,overall|small
2401192,4,4,multi colored cloth on a doll,21,0.0004185267857142857,0.0004382859414248481,0.0004396859195221536,0.12099568049112956,0,5778.9189453125,overall|small
2401192,5,6,white patch of a doll,132,0.0026307397959183672,0.002989005716556772,0.003029035742772772,0.18445595827969638,0,8038.26318359375,overall|small
2401192,6,7,green and yellow behind toy,621,0.012376434948979591,0.015052155813339907,0.017117620299523063,0.11090985972332301,0,4023.633056640625,overall|small
2401193,0,0,The black phone on the table in front of the mirror.,120,0.0023915816326530613,0.0039015007052709866,0.004000645104037051,0.13601849873860677,0,4079.89697265625,overall|small
2401193,1,2,The lamp is white.,598,0.011918048469387755,0.010761742136478009,0.01155563786262399,0.1354295481806216,0,7008.42919921875,overall|small
2401193,2,1,large patterned headboard for bed,2842,0.056640625,0.15007830313056073,0.1594096789328431,0.7194019293466309,1,12825.697265625,overall
2401193,3,3,dark blanket on bed,14476,0.2885044642857143,0.30366997051261496,0.509705939004661,0.42897592351132907,1,12183.2119140625,overall
2401193,4,4,view of city from hotel room,2464,0.049107142857142856,0.2491951229159896,0.2715667767916384,0.7515496588372564,1,6819.0166015625,overall
2401193,5,5,wall made of brick,4200,0.08370535714285714,0.03753673945257989,0.20296543478731288,0.04402644929431734,0,911.0471801757812,overall
2401194,0,3,brown branches of a tree,931,0.0185546875,0.031619859301061336,0.03480424153295377,0.25683410185620303,0,6870.212890625,overall|small|part
2401194,1,2,bare branches of a tree,3800,0.07573341836734694,0.06612484207341958,0.1012713086470828,0.16003983347039474,0,6005.16943359375,overall|part
2401194,2,0,The church has a steeple,8778,0.17494419642857142,0.18710167650497897,0.3563324220158701,0.28262005777939164,1,6962.1474609375,overall
2401194,3,1,The tree is green.,1380,0.027503188775510203,0.01586564733196866,0.018873002142768436,0.09055085113083107,0,6621.107421875,overall
2401194,4,4,patch of brow grass,1144,0.022799744897959183,0.01334564426555043,0.014942324018143114,0.11102696398755053,0,8500.3408203125,overall
2401194,5,5,brownish green grass in a field,8778,0.17494419642857142,0.14870122091789695,0.23494966122429625,0.2882954790207052,0,10771.0634765625,overall
2401195,0,1,black and white square platform sign hanging from ceiling,720,0.014349489795918368,0.01696216812573434,0.018541153962504803,0.166094970703125,0,6449.888671875,overall|small|text
2401195,1,2,sign with light writing,500,0.009964923469387755,0.016936566862036075,0.017774637040910767,0.2642773132324219,0,7434.11279296875,overall|small|text
2401195,2,0,post on ground,972,0.019371811224489797,0.0023556124083916933,0.0027024822797845458,0.018021954430474177,0,6481.9443359375,overall|small
2401195,3,3,copper ring around pole,115,0.002291932397959184,0.00018863304916299364,0.00019700860377703852,0.004417399738145911,0,2578.572509765625,overall|small
2401195,4,4,metal ceiling vent,288,0.005739795918367347,0.007235050379738613,0.007383736550355116,0.26432273122999406,0,10309.8134765625,overall|small
2401195,5,7,person in black walking along train platform,180,0.003587372448979592,0.006573730737711776,0.006625508537025484,0.4568692525227865,0,12412.0986328125,overall|small
2401195,6,9,white rectangular ceiling light,308,0.006138392857142857,0.008826295402585834,0.009346628129195721,0.13684830108246246,0,4509.5703125,overall|small
2401196,0,5,an airplane cabin window,96,0.001913265306122449,0.0017029814497877044,0.0017296402672299061,0.09949700037638347,0,5522.369140625,overall|small|part
2401196,1,6,open door on front of plane,992,0.019770408163265307,0.006361938023378738,0.007165737611080706,0.05367158689806538,0,7430.109375,overall|small|part
2401196,2,8,an airplane cabin window,60,0.0011957908163265306,0.0010487984702557199,0.001059082798524856,0.09747743606567383,0,5522.369140625,overall|small|part
2401196,3,0,part  of a road,828,0.01650191326530612,0.008631510942598408,0.009622090807785876,0.07735714014025702,0,6656.7353515625,overall|small
2401196,4,2,gray words on plane,266,0.005301339285714286,0.010609569230658672,0.01084933492042168,0.32436095503039825,0,7952.5625,overall|small
2401196,5,4,Two rear airplane wheels,288,0.005739795918367347,0.004723672027751102,0.004800510144236374,0.22786744435628256,0,13670.59375,overall|small
2401196,6,9,edge of a wing,576,0.011479591836734694,0.0038270787361113397,0.004454354356633904,0.02645749184820387,0,3421.262451171875,overall|small
2401197,0,0,papayas on display at fruit stand,190,0.003786670918367347,0.00131578669560758,0.00135198438046448,0.046842600169934724,0,6582.98583984375,overall|small
2401197,1,2,pink fruit next to green bananas,504,0.010044642857142858,0.0012442822231797795,0.0012911568193691633,0.033137892919873436,0,12935.2978515625,overall|small
2401197,2,3,sunlight next to fruit stand.,140,0.0027901785714285715,0.0021942747663732734,0.0022319540337074955,0.11502794538225447,0,7215.1630859375,overall|small
2401197,3,4,orange round fruit by bananas,272,0.005420918367346939,0.010283557866668836,0.010584141886251426,0.2658415962668026,0,6831.81640625,overall|small
2401197,4,5,a banana beginning to ripen,228,0.004544005102040816,0.0031398176913581626,0.00326264129296905,0.07698411272283186,0,5379.80615234375,overall|small
2401197,5,6,sand on the ground.,80,0.0015943877551020409,0.0025963599831676995,0.002624821733651839,0.19318631887435914,0,5887.98291015625,overall|small
2401197,6,7,pole next to hanging bananas,590,0.01175860969387755,0.005076327534969871,0.005608415440659054,0.0507889472832114,0,5342.94921875,overall|small
2401198,0,2,colored part of obstacle bar.,156,0.0031090561224489796,0.002218464208092646,0.0022354125254961136,0.22636917309883314,0,15797.3486328125,overall|small
2401198,1,4,the woman's socks are black.,848,0.016900510204081634,0.036141542829134114,0.04324383169365623,0.1803652565434294,0,3536.91455078125,overall|small
2401198,2,5,saddle on horse's back.,160,0.0031887755102040817,0.002552083213453895,0.002607041313354688,0.10798938274383545,0,6627.5517578125,overall|small
2401198,3,7,green grass on the ground.,80,0.0015943877551020409,0.0002927868105914663,0.00029545644762153065,0.031386527419090274,0,8498.451171875,overall|small
2401198,4,8,black saddle used by young woman,192,0.003826530612244898,0.0029627515391460616,0.003042730080035145,0.1012980043888092,0,6392.0283203125,overall|small
2401198,5,6,brown tree with green leaves,4784,0.09534438775510204,0.07015300909900646,0.13070222814095797,0.1315170466700525,0,4813.82421875,overall|part
2401198,6,0,the trees are green,9345,0.18624441964285715,0.21537343007961,0.5444025033574282,0.2627277078317282,1,4509.880859375,overall
2401199,0,9,The word WHITE.,120,0.0023915816326530613,0.0005294124125483072,0.0005375734873402923,0.03369750181833903,0,7522.134765625,overall|small|text
2401199,1,3,rear wheel of a car,90,0.001793686224489796,0.0033886210386115485,0.003403355294654611,0.4390569474962023,0,11610.6376953125,overall|small|part
2401199,2,5,leaves of a palm tree,171,0.0034080038265306123,0.01294723995199692,0.01330916292045868,0.3225459717867667,0,4144.16455078125,overall|small|part
2401199,3,7,branches of a palm tree,126,0.0025111607142857145,0.006670739603884584,0.00679689368777632,0.2643836187937903,0,4901.11181640625,overall|small|part
2401199,4,1,leggings on a woman,264,0.0052614795918367345,0.018925797626914008,0.019112636638328295,0.6594015179258405,0,9108.21484375,overall|small
2401199,5,2,wind screen of a car,200,0.003985969387755102,0.0116110037770218,0.011726776222487464,0.5404616928100586,0,9217.56640625,overall|small
2401199,6,8,part of a palm tree,96,0.001913265306122449,0.0033883762935093143,0.0034652157465654186,0.13255062699317932,0,3672.169677734375,overall|small
2401200,0,2,Person has dark hair.,288,0.005739795918367347,0.016635450871061757,0.01726824802477532,0.31222354041205513,0,5207.26708984375,overall|small|part
2401200,1,1,A guy in red standing by a picnic table,490,0.009765625,0.0038996982224020994,0.004102289218470318,0.07318626715212452,0,8741.7705078125,overall|small
2401200,2,5,part of a floor,247,0.004922672193877551,0.009770279859681564,0.009925183397916567,0.3849992327361937,0,9581.1640625,overall|small
2401200,3,6,part of a bench,72,0.0014349489795918368,0.0009127192867059104,0.0009211257920146251,0.09091683228810628,0,7106.5341796875,overall|small
2401200,4,7,part of a wood,285,0.00568000637755102,0.0028960112816602897,0.003041587087030724,0.057055490058765077,0,5346.1611328125,overall|small
2401200,5,8,part of a line,702,0.013990752551020409,0.021871743107326973,0.023124911548803525,0.2875476630664619,0,8729.0478515625,overall|small
2401200,6,9,Someone in grey sitting at a picnic table,540,0.010762117346938776,0.004600956844274725,0.0050325044053436225,0.05092201232910156,0,5464.05615234375,overall|small
2401202,0,1,A street light hanging from a building,289,0.0057597257653061226,0.007915764460327282,0.008280983491242825,0.152170333070326,0,5310.62841796875,overall|small
2401202,1,0,A train is on the tracks.,41736,0.8317920918367347,0.3881280457373347,0.9440064469202711,0.39727398296734234,1,17564.103515625,overall
2401203,0,1,tusk on the elephant,504,0.010044642857142858,0.0023233039306426134,0.0024881186766444155,0.03388518000405932,0,6863.873046875,overall|small
2401203,1,0,man leaning over in water,14208,0.28316326530612246,0.1548030586247648,0.5004033448364957,0.18310213518572283,1,5198.83642578125,overall
2401203,2,2,brown lake water,3780,0.07533482142857142,0.16651829219896688,0.1959500023349447,0.5257613570601852,1,10142.2705078125,overall
2401203,3,3,overcast grey cloud sky,3100,0.06178252551020408,0.05701191047407894,0.0836133131257947,0.15196698588709678,0,5634.2421875,overall
2401204,0,2,Registration sticker on right front window,190,0.003786670918367347,0.0036091335656718323,0.0036686311680457226,0.18203066775673313,0,9427.447265625,overall|small|part
2401204,1,0,a rearview mirror in a car,120,0.0023915816326530613,0.004092536456745894,0.004212318809112676,0.12581294377644855,0,3584.14306640625,overall|small
2401204,2,4,the plant is green,703,0.014010682397959183,0.06468807435658265,0.06587966257066666,0.7814889313655761,0,8339.24609375,overall|small
2401204,3,7,white top of licence plate,913,0.01819595025510204,0.034376678406001684,0.03665518073788135,0.3560980204554012,0,8869.619140625,overall|small
2401204,4,1,Pavement on left side of car,5625,0.11210538903061225,0.271958095676938,0.3404358388613371,0.5748361979166666,1,9497.982421875,overall
2401204,5,3,grey cat on hood,4366,0.08701371173469388,0.14291634889449392,0.3360354638890451,0.19915463932053082,0,2587.5517578125,overall
2401204,6,5,the headlights are off,11948,0.2381218112244898,0.09605806552794396,0.22069120432893338,0.14536675937526156,0,7870.01025390625,overall
2401205,0,8,leaves of a tree,36,0.0007174744897959184,0.0008169456194242027,0.0008286121816348736,0.05484112766053942,0,2382.63525390625,overall|small|part
2401205,1,0,green tree near river,450,0.00896843112244898,0.010158249039870617,0.010347203960242779,0.3574369303385417,0,15544.935546875,overall|small
2401205,2,1,a wooden walkway,304,0.006058673469387755,0.01081229601753775,0.01092911606305375,0.5028699071783769,0,13987.6318359375,overall|small
2401205,3,4,plantations on the edge of the lake,660,0.013153698979591837,0.0024283212891594015,0.0026734974963807923,0.025796297824744022,0,6368.27099609375,overall|small
2401205,4,6,part of a hilly terrain,18,0.0003587372448979592,0.00019049005047734626,0.00019122709976804997,0.04709500074386597,0,4433.00146484375,overall|small
2401205,5,7,a section of a house,30,0.0005978954081632653,0.00033836462512660187,0.0003439923595702815,0.020263270537058512,0,1767.1849365234375,overall|small
2401205,6,5,brown branches and green leaves on tree,2160,0.043048469387755105,0.057053032487328695,0.07445437694626421,0.1962127685546875,0,5692.33935546875,overall|part
2401206,0,1,electrical poles visible in background,817,0.01628268494897959,0.005343990169555972,0.0060445224800482955,0.04407800513352729,0,5957.74609375,overall|small
2401206,1,4,side of railroad tracks and rocks,684,0.01363201530612245,0.013084294686978996,0.014001650109281743,0.166462703057897,0,8131.93359375,overall|small
2401206,2,5,red metal pane on second train car,169,0.0033681441326530613,0.004421177223950175,0.0044723468373821015,0.27871862106774686,0,10532.154296875,overall|small
2401206,3,6,front driver wheels and connecting rod,460,0.009167729591836735,0.007198141645473155,0.007814530322592037,0.08362600907035496,0,4922.6201171875,overall|small
2401206,4,9,cab for train conductor,200,0.003985969387755102,0.005774982795615854,0.005847109973406411,0.318874683380127,0,10907.0869140625,overall|small
2401206,5,0,The grass is green.,4440,0.08848852040816327,0.09538151386933964,0.15638749099131866,0.19646988602371904,0,5577.97998046875,overall
2401206,6,2,trees in photograph,3915,0.07802535076530612,0.0957987236960811,0.16996683580254285,0.18001632592991698,1,4146.47900390625,overall
2401207,0,3,Word that says photography.,434,0.008649553571428572,0.0018008473709037634,0.0019167304475592084,0.028924827751476093,0,6549.369140625,overall|small|text
2401207,1,1,back wheel of a truck,135,0.002690529336734694,0.002917088121707949,0.0029705715639107223,0.13943005314579718,0,6336.51025390625,overall|small|part
2401207,2,4,numbers 1105 on door,80,0.0015943877551020409,0.0003244735042956378,0.0003270824552659655,0.03908892869949341,0,9560.6298828125,overall|small|part
2401207,3,6,Small orange truck light.,56,0.0011160714285714285,0.000749461081129489,0.000758162476895858,0.061298515115465434,0,4527.6796875,overall|small
2401207,4,7,side of a truck,504,0.010044642857142858,0.0017441533089468005,0.0018282747787394527,0.0365225284818619,0,10068.1552734375,overall|small
2401207,5,9,steel diamond plate panel,320,0.006377551020408163,0.007447117454262873,0.00777271032246527,0.15094585418701173,0,6214.392578125,overall|small
2401207,6,8,door of the truck,1702,0.03392059948979592,0.0787522334247718,0.09096037006624677,0.3697877697883005,1,6919.263671875,overall|part
2401208,0,2,a blue base on the upper engine,56,0.0011160714285714285,0.00014943316064781225,0.00015048208615045126,0.020988194005829946,0,7810.490234375,overall|small
2401208,1,4,large flood light on front of boat,756,0.015066964285714286,0.003941330049084558,0.004367675473891208,0.03880975612256893,0,6717.572265625,overall|small
2401208,2,6,a tree on the shore,558,0.011120854591836735,0.020798085974792574,0.0243188774732284,0.12561191025600638,0,2882.1826171875,overall|small
2401208,3,7,white lettering on red boat,259,0.005161830357142857,0.007980771788884563,0.00806925315510787,0.42123737114276666,0,13520.517578125,overall|small
2401208,4,0,Blue Ocean Water,13608,0.27120535714285715,0.12437153737335274,0.3601115058346039,0.15965496155179856,0,6033.0888671875,overall
2401208,5,1,people are visible through the small windows,2058,0.041015625,0.04109851570735066,0.05326544824800969,0.15248824139030612,0,5891.63916015625,overall
2401208,6,3,Light Post in Background,1526,0.030412946428571428,0.026789003984057255,0.03152869531655466,0.1512490868724658,0,7320.50927734375,overall
2401210,0,4,a silver meter,430,0.008569834183673469,0.0016569869671164443,0.001811466286742213,0.01905993749929029,0,4524.38623046875,overall|small
2401210,1,6,two black windshield wipers,551,0.010981345663265306,0.04675902429334688,0.04809412442651414,0.6274764100782668,0,7188.8095703125,overall|small
2401210,2,8,two windows on a train engine,240,0.0047831632653061226,0.016538145353185346,0.016625822866923188,0.7582228978474935,0,10945.232421875,overall|small
2401210,3,0,two round black things on train nose,1680,0.033482142857142856,0.03213403432050055,0.0391234544447331,0.15244976225353424,0,6546.34423828125,overall
2401210,4,1,a luggage cart rack,1242,0.024752869897959183,0.00629614576199092,0.007560759210236734,0.03627726114122572,0,5959.2373046875,overall
2401210,5,2,two red lights seen,1045,0.02082669005102041,0.017099705025439886,0.020035583593235862,0.1045003936621561,0,5450.4482421875,overall
2401210,6,3,The ceiling is white.,12900,0.2570950255102041,0.275061701621541,0.5067695704839741,0.3756200793362403,0,9561.54296875,overall
2401211,0,3,Moist green leaf.,1058,0.02108577806122449,0.03775697078167672,0.05227953408360534,0.1196568494483068,1,2421.539306640625,overall|part
2401211,1,0,shadow on water ,2592,0.051658163265306124,0.05187150733048525,0.08243535580325313,0.12273418756178868,0,3859.10888671875,overall
2401211,2,1,A blue spare net,4088,0.08147321428571429,0.06132294695274806,0.10936450465014479,0.12249835736597588,0,4578.93798828125,overall
2401211,3,2,A net the man is holding out into the water,1950,0.03886320153061224,0.027924195044430652,0.03296570712232824,0.1543999774639423,0,9133.1259765625,overall
2401211,4,4,a red and white baseball cap,3120,0.062181122448979595,0.03103752314909345,0.03892831600796881,0.132787596873748,0,10642.5693359375,overall
2401213,0,2,the lowercase letter A,56,0.0011160714285714285,0.0011981757763705931,0.0012042341288063146,0.19235283987862722,0,8944.904296875,overall|small|text
2401213,1,5,the silver letter V,56,0.0011160714285714285,0.0012315239723235908,0.0012363607092162466,0.2394284180232457,0,10844.724609375,overall|small|text
2401213,2,6,The letter M on the building.,36,0.0007174744897959184,0.0017066755262322784,0.0017131623822420974,0.3106912506951226,0,6528.79443359375,overall|small|text
2401213,3,9,The letter I on the building.,28,0.0005580357142857143,0.00027715837017596335,0.00027899554831007956,0.04038954632622855,0,4053.495849609375,overall|small|text
2401213,4,1,part of a window,75,0.0014947385204081632,0.001167573637158685,0.0011736115203191924,0.18496869405110677,0,11820.48046875,overall|small|part
2401213,5,3,part of a wall,99,0.0019730548469387753,0.0038070924067018824,0.003863270028444337,0.20748724118627684,0,5317.0595703125,overall|small
2401213,6,4,a brick in the wall,28,0.0005580357142857143,0.0011320908545257506,0.0011426847478518424,0.10882197107587542,0,2666.54052734375,overall|small
2401214,0,2,white lines on grey pavement,944,0.01881377551020408,0.06909660333651833,0.07420809326288175,0.5007831444174556,0,6370.45458984375,overall|small
2401214,1,0,sign leaning against pole,2886,0.057517538265306124,0.06227455406155675,0.0722606564164404,0.3106425728801217,0,12406.6748046875,overall|text
2401214,2,1,the building is orange yellow and red,31584,0.6294642857142857,0.28182593311088605,0.7608116595517042,0.30922379730441046,1,12836.98046875,overall
2401214,3,3,cloudy blue sky in the background,4431,0.08830915178571429,0.14841604868706154,0.20595766148222885,0.34692721667125087,0,7463.83740234375,overall
2401215,0,1,a man wearing a light brown coat,658,0.013113839285714286,0.04302460420208701,0.04513033057078155,0.4797388326070954,1,6994.58984375,overall|small
2401215,1,0,A crowd of people.,4510,0.08988360969387756,0.06080529364142988,0.110204333341391,0.11944743830983232,0,4888.2646484375,overall
2401215,2,2,vehicles are parked by building,1188,0.023676658163265307,0.09467599395218035,0.09579750935333052,0.8899529967645202,1,11036.447265625,overall
2401215,3,3,The sky is overcast.,5451,0.10863759566326531,0.14080461340235517,0.2580264576795036,0.23660415484257474,1,4998.43798828125,overall
2401215,4,4,Flags are flying.,1058,0.02108577806122449,0.01720801542402528,0.02234822801551785,0.06960794200067935,0,3295.3486328125,overall
2401215,5,5,The snow is dirty.,3072,0.061224489795918366,0.04737005714980165,0.06099503849986241,0.1749595801035563,0,8811.7958984375,overall
2401216,0,0,helmet on man's head,483,0.009626116071428572,0.0018024673759304778,0.0018795207254207434,0.04211496072773114,0,10822.7197265625,overall|small|part
2401216,1,3,dark snow covered snowboard,875,0.017438616071428572,0.009699531064823094,0.010657850356155253,0.09736893136160714,0,7993.90234375,overall|small
2401216,2,6,black stone on top of the snow,255,0.005082110969387755,0.007463307899622122,0.007676028593228456,0.21217259425742954,0,7048.43798828125,overall|small
2401216,3,7,one black glove,40,0.0007971938775510204,0.0027654578525329707,0.00278599710971489,0.27278742790222166,0,3916.550048828125,overall|small
2401216,4,1,white snow dust from snow drift on hill ,1452,0.02893813775510204,0.027775206769121163,0.03423631915087798,0.12829419601062111,0,5441.09814453125,overall
2401216,5,2,Clear blue sky,3468,0.06911670918367346,0.10826035686865726,0.15559035730894408,0.26247697278015064,0,5850.427734375,overall
2401216,6,4,snowy mountains in the distance,8649,0.17237324617346939,0.22670778657686871,0.3604053583758201,0.3793179215082669,1,9102.86328125,overall
2401217,0,5,street sign with electric,228,0.004544005102040816,0.007890624928890578,0.008247224390344391,0.1543267233329907,0,4266.46484375,overall|small|text
2401217,1,9,The white street sign with one arrow on it.,476,0.009486607142857142,0.017995885345666547,0.018993180900127634,0.25524641085071725,0,6396.89013671875,overall|small|text
2401217,2,1,sewer drain opening on street corner,225,0.00448421556122449,0.007513141491991797,0.007748311900587107,0.19842271592881944,0,5761.91455078125,overall|small
2401217,3,2,cars parked on side of street,612,0.012197066326530613,0.02084746167627382,0.021697095985641866,0.3474208856719771,0,9799.541015625,overall|small
2401217,4,3,white line on asphalt street,156,0.0031090561224489796,0.012711680225364575,0.012777220927593098,0.7124911577273638,0,8698.966796875,overall|small
2401217,5,6,a red and silver fire hydrant,200,0.003985969387755102,0.0030304855975355136,0.0030841562709416374,0.14831659317016602,0,9617.96875,overall|small
2401217,6,8,electric avenue sign suspended,1450,0.02889827806122449,0.045398972591249954,0.05460364814759607,0.21217297784213363,0,5634.25390625,overall|text
2401218,0,2,The head of the zebra,391,0.007792570153061225,0.003011981273921115,0.0031899114183330424,0.051232008677919195,0,6279.708984375,overall|small|part
2401218,1,7,Thin tail of a giraffe. ,130,0.002590880102040816,0.001139207212748809,0.0011566154410735103,0.07036393238947941,0,7908.6884765625,overall|small|part
2401218,2,1,large brown boulder in animal enclsure,688,0.01371173469387755,0.03932198470705341,0.04015800527452516,0.6538379136906114,1,11201.763671875,overall|small
2401218,3,5,trees next to fence,990,0.019730548469387755,0.024028310019995756,0.028690590696196294,0.1288171325067077,0,4444.97509765625,overall|small
2401218,4,8,Silver long pole,273,0.005440848214285714,0.0019052861718680343,0.0020467625746180334,0.02682469266674894,0,3577.914306640625,overall|small
2401218,5,3,Two front legs of a giraffe. ,1508,0.03005420918367347,0.01998880998230462,0.02336769233994455,0.12144967036158716,0,7837.57763671875,overall|part
2401218,6,0,The zebra facing to the right,4680,0.09327168367346939,0.07546656595095462,0.1069650219156679,0.2039962638137687,0,8925.37109375,overall
2401219,0,1,player is wearing headband,255,0.005082110969387755,0.020361386889710273,0.02045955346123911,0.8092932607613358,0,10086.7197265625,overall|small
2401219,1,4,Man is wearing white socks.,238,0.004743303571428571,0.0055748889276554785,0.00586430852706994,0.10149519784109932,0,4119.13134765625,overall|small
2401219,2,0,Tennis court is green.,3168,0.06313775510204081,0.04680725095491235,0.06063352819183594,0.17030883557868726,0,8898.3505859375,overall
2401219,3,2,black and red long shorts,2542,0.050661670918367346,0.0904487157281115,0.12357868576280678,0.25227179478511014,1,5189.203125,overall
2401219,4,3,racket is yellow and black,1196,0.02383609693877551,0.006179058592322311,0.00714164845631201,0.04383416319371865,0,7340.83447265625,overall
2401220,0,3,partial label on wine bottle on counter,124,0.0024713010204081634,0.005416665911867208,0.005586190335717724,0.15145700208602414,0,3361.9814453125,overall|small|text
2401220,1,2,a removable tray for the toaster,551,0.010981345663265306,0.010206423418627803,0.010797370798473439,0.1571740013717956,0,8020.7373046875,overall|small
2401220,2,4,splotch of worn off paint,322,0.006417410714285714,0.008437501134494242,0.008913316426935375,0.13648492801263465,0,4930.61669921875,overall|small
2401220,3,0,The cabinet has a small lock,3640,0.07254464285714286,0.031540146387901986,0.052218118902544394,0.07377252264337225,0,5142.505859375,overall
2401220,4,1,old marble looking counter top,4116,0.08203125,0.08159831107610498,0.09842821903136578,0.3230529725841229,0,13509.1953125,overall
2401220,5,5,gray wall next to bottle,2679,0.053392059948979595,0.04440791372619999,0.060007075883803336,0.14590430179608763,0,6513.85888671875,overall
2401220,6,6,a faux wooden wall,8160,0.16262755102040816,0.033414980765139046,0.06267217646320378,0.06679735370710785,0,8697.103515625,overall
2401221,0,1,the man's left foot,780,0.015545280612244899,0.022145528273606854,0.026400263062316222,0.12081040602463942,0,3569.36279296875,overall|small
2401221,1,3,the man wears sneakers,598,0.011918048469387755,0.01246769801976413,0.013517265950567525,0.1383544768776782,0,6120.7626953125,overall|small
2401221,2,5,the man's left sock,682,0.013592155612244899,0.010322588626983317,0.011334919795001426,0.10360567870377795,0,6233.75146484375,overall|small
2401221,3,6,the man is wearing a green color baseball cap,741,0.014768016581632654,0.009236582022906519,0.0101865593293612,0.09011783162270158,0,6555.43359375,overall|small
2401221,4,7,section of green grass,851,0.01696029974489796,0.02215769497554154,0.0235680226798523,0.2702209795403845,0,9757.2060546875,overall|small
2401221,5,8,this is the white fence,88,0.001753826530612245,0.001120546772998618,0.0011290835312658077,0.12907544049349698,0,10060.0517578125,overall|small
2401221,6,0,the opponent is wearing a long sleeve white jersey,4836,0.09638073979591837,0.05522482194739491,0.08445503599630044,0.13760497138162997,0,7879.43115234375,overall|text
2401222,0,1,The door lock on the car is down.,714,0.014229910714285714,0.039749996545513366,0.04019283450047732,0.782976081057423,0,13909.0693359375,overall|small|part
2401222,1,6,shadow of the woman's hair,693,0.013811383928571428,0.0007345092146495216,0.0007851651330992979,0.01125671337177227,0,9935.365234375,overall|small|part
2401222,2,2,The lady has on a black bra.,378,0.007533482142857143,0.0129046889885288,0.01356238848742161,0.21017730551421956,0,5857.89306640625,overall|small
2401222,3,4,The girl nose is blemish red.,850,0.016940369897959183,0.020854127133493758,0.025380474869834625,0.1046926072064568,0,3506.18798828125,overall|small
2401222,4,3,green leaves outside car window,1575,0.03138950892857143,0.01716029722545984,0.02160595971385932,0.07697919573102678,0,5611.51806640625,overall|part
2401222,5,5,right eye of a woman looking down,1058,0.02108577806122449,0.002309432191015631,0.002826809561724624,0.01246087808014089,0,4663.77685546875,overall|part
2401222,6,0,brown and black baby kitten,11704,0.23325892857142858,0.09423007859298521,0.23672300783737577,0.13535506482492632,0,6692.19140625,overall
2401223,0,1,Left flip flop shoe on rock deck,989,0.01971061862244898,0.04566695424289177,0.049081938308157366,0.39626263656076216,0,7984.68359375,overall|small|part
2401223,1,3,bottom part of a door,44,0.0008769132653061224,0.001548808705821711,0.0015545783008465242,0.294441049749201,0,8333.7109375,overall|small|part
2401223,2,8,section of a door,156,0.0031090561224489796,0.004418769457370738,0.004666416967215755,0.07686295876136193,0,2569.556396484375,overall|small|part
2401223,3,4,foot of a man,102,0.002032844387755102,0.0062168931213064755,0.006350120002748791,0.22858655218984567,0,3671.714599609375,overall|small
2401223,4,5,a small brown bird,572,0.011399872448979591,0.013424540271058103,0.014531717761376652,0.14980246803977273,0,5896.55078125,overall|small
2401223,5,6,The yellow jug on the bottom of the cart.,850,0.016940369897959183,0.002420728094531691,0.0025388004730041874,0.0494754342471852,0,16564.5625,overall|small
2401223,6,9,Flip flops of left foot of person,980,0.01953125,0.008098392424250218,0.009560460459728049,0.05029213574467873,0,5155.2216796875,overall|small
2401224,0,4,tail of a zebra ,528,0.010522959183673469,0.011502710821805009,0.012425968811775696,0.13405892343232126,0,5696.3857421875,overall|small|part
2401224,1,2,a black mane goes down the back of the zebra,689,0.013731664540816327,0.02600854623130657,0.028599007164171783,0.22308225590189587,0,5374.44091796875,overall|small
2401224,2,5,the ears are up on the zebra,918,0.01829559948979592,0.011449533295622023,0.013909492130161773,0.060803382225285946,0,4012.907470703125,overall|small
2401224,3,3,legs of a zebra ,10374,0.20675223214285715,0.14912016357093885,0.31335773001032985,0.22149569951019377,0,7332.82177734375,overall|part
2401224,4,0,the zebra's nose is black,1216,0.02423469387755102,0.018109569962602403,0.023458066053314762,0.07358263668261077,0,3814.31640625,overall
2401224,5,1,dried grass on the ground ,7056,0.140625,0.13490099162305716,0.17933893122289052,0.3525086487231611,0,13869.275390625,overall
2401225,0,0,cingular logo of phone,798,0.015904017857142856,0.019608932918524932,0.020259018333545983,0.3793004545054041,0,14940.59375,overall|small|text
2401225,1,3,Small rectangular speaker on the top of a cell phone. ,300,0.005978954081632653,0.008124715909780752,0.008436968009349151,0.18001038869222005,0,6400.77294921875,overall|small
2401225,2,4,sony ericisson branding of phone,342,0.006816007653061225,0.005707692958168378,0.006193295849624932,0.06785540552864298,0,3747.04345703125,overall|small
2401225,3,6,Circle of green light on the far right. ,252,0.005022321428571429,0.005169962146668361,0.005431597894560597,0.09692618960425967,0,4496.90869140625,overall|small
2401225,4,7,silver edge of phone,280,0.005580357142857143,0.012766115875390761,0.013380046813474288,0.21766541344778878,0,4555.01513671875,overall|small
2401225,5,1,man in black shirt,16400,0.3268494897959184,0.1664273381973941,0.33517117842869587,0.2484423828125,0,12156.3408203125,overall|text
2401225,6,2,Man on cellphone.,2079,0.04143415178571429,0.025934671246838195,0.0388265735099717,0.07244872312926512,0,3879.324951171875,overall
2401226,0,2,brown pants worn by young woman,230,0.004583864795918368,0.0067543274577919,0.006875946965094899,0.27634101535962974,0,9243.58984375,overall|small
2401226,1,4,white spherical lamp in transportation center,416,0.008290816326530613,0.006143816027530809,0.006496357530862347,0.1016996457026555,0,6512.4267578125,overall|small
2401226,2,5,street light over shelter,255,0.005082110969387755,0.009299905419015911,0.009596464662943694,0.23132439407647826,0,6146.81787109375,overall|small
2401226,3,6,white spherical lamp in transportation center,208,0.004145408163265306,0.004155007602590809,0.004269972368687418,0.13369174186999983,0,6512.4267578125,overall|small
2401226,4,8,woman sitting on bench,624,0.012436224489795918,0.01980719000358016,0.02434621041478526,0.0960378341185741,0,2461.475830078125,overall|small
2401226,5,0,man standing on sidewalk while reading a paper,1098,0.02188297193877551,0.02426349332418842,0.026670610504004724,0.21187670765027322,0,8722.7333984375,overall
2401226,6,1,There is a white house,1656,0.03300382653061224,0.06173411294377,0.06724848954767453,0.4295021462555669,0,10576.5283203125,overall
2401227,0,1,The white laptop on the center table.,775,0.01544563137755102,0.02186056896347508,0.023375534386473294,0.25222634592363913,0,8362.3935546875,overall|small
2401227,1,5,The stuffed dog toy next to the orange bench.,225,0.00448421556122449,0.00683509815474663,0.006932647853722627,0.32694186740451386,0,10610.94140625,overall|small
2401227,2,6,The brown pillow against the wall.,532,0.010602678571428572,0.009719690944700746,0.011019576807860806,0.07612468604754685,0,3675.1259765625,overall|small
2401227,3,7,glass with a drink on a coaster,759,0.015126753826530613,0.007174668166429524,0.011918740922901705,0.01770607567587389,0,1127.5445556640625,overall|small
2401227,4,0,two brown and white decorative pillows,3400,0.06776147959183673,0.18750347496181086,0.19417509781113054,0.8451345645680147,0,14798.2802734375,overall
2401227,5,2,a standing lamp,3048,0.06074617346938776,0.1475249590301752,0.16949931476296062,0.5322588422479905,0,9571.27734375,overall
2401227,6,3,The frame hanging on the wall.,1050,0.020926339285714284,0.01660666928547095,0.02478291639357055,0.04792394728887649,0,2030.436767578125,overall
2401228,0,0,section of a lawn,48,0.0009566326530612245,0.0017144214534429404,0.001722569171757997,0.26603267590204877,0,7413.0947265625,overall|small
2401228,1,1,"red, white, and black baseball uniform",11543,0.23005022321428573,0.23105818453508256,0.41180927148517843,0.344874489341484,0,9666.8203125,overall
2401228,2,2,green grass on baseball field,10320,0.20567602040816327,0.11492840493754919,0.2793353462881807,0.16336818961210028,0,6035.61181640625,overall
2401228,3,3,brown baseball pitcher's mound,5656,0.11272321428571429,0.12149181111421146,0.16239312814764878,0.3254031082865541,0,11333.484375,overall
2401228,4,4,brown dirt on baseball field,2052,0.040896045918367346,0.016740857563326612,0.021268172905061864,0.07291030140183358,0,7034.5458984375,overall
2401229,0,0,a child bending over on the beach,63,0.0012555803571428572,0.0014950345261708316,0.0015006830327356155,0.2842815944126674,0,11934.392578125,overall|small
2401229,1,4,Person in red on a beach,80,0.0015943877551020409,0.0013794058322797009,0.0013889960895183229,0.16651731729507446,0,9590.6572265625,overall|small
2401229,2,5,Girl and boy on left behind flags,210,0.004185267857142857,0.0015664951736849785,0.0016375262379894559,0.03485472769964309,0,4469.84765625,overall|small
2401229,3,6,Belongings on sand near girl in red top,132,0.0026307397959183672,0.00294642080991926,0.0029874229489769153,0.17673569014578155,0,7809.10888671875,overall|small
2401229,4,7,Person a black outfit on a beach,682,0.013592155612244899,0.012207306254115776,0.013353390544152839,0.1245204891976723,0,6359.65625,overall|small
2401229,5,1,the foamy part of the wave,1246,0.024832589285714284,0.0047171431838629605,0.005464283714590127,0.033348769284366225,0,7604.39404296875,overall
2401229,6,2,a kite flying in the air,3431,0.06837930484693877,0.015262504393126123,0.03645318252597401,0.025583561291607083,0,2407.943359375,overall
2401230,0,0,the leaves are dry,462,0.009207589285714286,0.015383346420472632,0.020025247982826736,0.06223394137956363,0,1435.79150390625,overall|small|part
2401230,1,1,black bag on girl,851,0.01696029974489796,0.03811666317305059,0.040840476004381836,0.3636717745896372,0,7577.89111328125,overall|small
2401230,2,3,Pink and blue hat worn by young man,420,0.008370535714285714,0.03377258646959492,0.03553114981443568,0.40559801374162946,0,4794.41748046875,overall|small
2401230,3,4,the leaves are green,3239,0.06455277423469388,0.0022913639321428853,0.010844227440065225,0.0028968182711293575,0,865.2340087890625,overall|part
2401230,4,2,red pants on a woman,3848,0.07669005102040816,0.0427753300646287,0.059535173475542776,0.1319057995960767,0,8525.607421875,overall
2401230,5,5,grey cement sidewalk by bench,1836,0.03659119897959184,0.05899713356531438,0.06718255005755303,0.32624740434368193,0,8915.8603515625,overall
2401230,6,6,image of a bowling ball and pins,1224,0.024394132653061226,0.03765662081532101,0.038749422401031734,0.571781831629136,0,18061.197265625,overall
2401231,0,0,A Thomas the Tank Engine cake,35280,0.703125,0.16888849614659368,0.9222819132164831,0.17132677696729734,1,6553.75390625,overall
2401231,1,1,a red cake or baking sheet,1748,0.034837372448979595,0.02155732462297812,0.02315977842215322,0.2375500327662418,0,17929.25,overall
2401231,2,2,a wood table against the wall,2808,0.055963010204081634,0.0602466228034825,0.06807977953840855,0.3436672286769943,0,14174.8046875,overall
2401233,0,1,A man in a white shirt,12540,0.2499202806122449,0.3017530994630117,0.4188126192984138,0.5191393789872408,0,15543.962890625,overall|text
2401233,1,2,Man holding cellphone in right hand.,3936,0.0784438775510204,0.005473987308792086,0.010855398427074564,0.010921546114169485,0,3959.984130859375,overall|part
2401233,2,0,Brown wood liquor cabinet,16044,0.3197544642857143,0.12256046405266453,0.7188293569768373,0.1287318181884583,1,2873.24560546875,overall
2401233,3,3,A tall standing lamp,2695,0.0537109375,0.07209817698198842,0.133606399593394,0.135404025557311,1,2731.26025390625,overall
2401234,0,0,green flower leaf,621,0.012376434948979591,0.011471661901774087,0.012601171953695848,0.11346063291393041,0,5591.46826171875,overall|small|part
2401234,1,3,a large shiny leaf,855,0.017040019132653062,0.030721249037608093,0.03222776154766073,0.3965718230308845,0,10521.01953125,overall|small|part
2401234,2,2,shadow of leaves on wall,4757,0.0948062818877551,0.043394924939550876,0.12269167507335839,0.06291818127603072,0,2439.462890625,overall|part
2401234,3,1,two glass vases,3311,0.06598772321428571,0.17487635878455768,0.18823022564578729,0.7113980564312141,0,12513.6064453125,overall
2401234,4,4,white border between white and blue painted wall,1740,0.034677933673469385,0.04871741979755822,0.05996340542759782,0.20619829550556754,0,5983.39990234375,overall
2401234,5,5,blue painted wall,3999,0.07969945790816327,0.026324719006234572,0.04214286754600626,0.0655380901499789,0,6219.0078125,overall
2401234,6,6,white wall,7424,0.14795918367346939,0.03467048821138038,0.06952023586240971,0.06468860445351436,0,6908.03466796875,overall
2401235,0,0,3 different boats,15128,0.3014987244897959,0.27164921092803906,0.5081468564891201,0.36855719216849553,1,10972.287109375,overall
2401235,1,1,mountains in the distance,2952,0.05883290816326531,0.04014352785637833,0.05367783645774816,0.1373446601516186,0,7553.2373046875,overall
2401235,2,2,dark blue water with waves,1596,0.03180803571428571,0.07774133848577977,0.08975642605133098,0.3673896502731438,0,6532.72314453125,overall
2401236,0,2,a protective metal bar on a door,1656,0.03300382653061224,0.03090638169031119,0.0361703482184498,0.1751674891669969,0,8019.755859375,overall|part
2401236,1,0,a tan-colored horse,14664,0.2922512755102041,0.14636574245741002,0.4085381552691115,0.1857200576773902,1,6666.20458984375,overall
2401236,2,1,padding in the horse holder,2304,0.04591836734693878,0.009917833086820945,0.012328746175714679,0.0482690069410536,0,9020.52734375,overall
2401236,3,3,reflection of sun shining in,1050,0.020926339285714284,0.010586320382340473,0.013193349455102268,0.05084979102725074,0,4046.90869140625,overall
2401236,4,4,The strap attached to the horse's harness.,2728,0.054368622448979595,0.056286633269231466,0.07595060218869333,0.17857924654336968,0,6414.22412109375,overall
2401237,0,6,Blue and white toothbrush,390,0.007772640306122449,0.013046082366239912,0.013508967833718888,0.2757507911095252,0,7960.845703125,overall|small
2401237,1,5,window on batrhoom wall,6669,0.13291214923469388,0.1795649785849194,0.345987069009702,0.2718327027923039,1,5239.6533203125,overall|part
2401237,2,7,Bathroom window reflection mirrow,3960,0.07892219387755102,0.01708190619761781,0.048641274328089686,0.025652336351799244,0,2088.416748046875,overall|part
2401237,3,0,Silver hot cold water faucet,1230,0.02451371173469388,0.026895973223236787,0.028537319174611008,0.318628326664126,0,13733.3447265625,overall
2401237,4,1,The towel is pink.,3360,0.06696428571428571,0.03161879212517441,0.045224984483745304,0.09510142008463542,0,7065.58056640625,overall
2401237,5,2,The cabinet is white.,4953,0.0987125318877551,0.11288714944419372,0.2284118507364645,0.18247017570632698,0,3956.777099609375,overall
2401237,6,3,green tooth brush holder,1240,0.024713010204081634,0.024658769499224093,0.027010753179708472,0.22069054880449848,0,10131.3828125,overall
2401238,0,5,steel track on urinal area floor,441,0.0087890625,0.00864339064789582,0.008942628847285111,0.20527993200046946,0,10123.248046875,overall|small
2401238,1,6,Special button for disabled,483,0.009626116071428572,0.010285636404174339,0.010883382847147922,0.15773462015155926,0,7000.19677734375,overall|small
2401238,2,4,handle to a door,2812,0.05604272959183673,0.13299991805890393,0.2285063241578713,0.24139690806143316,1,2970.631591796875,overall|part
2401238,3,0,built-in floor white porcelain urinal,7068,0.1408641581632653,0.11806690991281983,0.15659035409401986,0.3242874188684918,0,14637.322265625,overall
2401238,4,1,a green shelf,3760,0.07493622448979592,0.003229914887317303,0.0068519373200589,0.006073062977892287,0,3332.5927734375,overall
2401238,5,2,plastic bag in trash can,1225,0.0244140625,0.02802443476042491,0.03240641723200405,0.17167203942123724,0,6489.4013671875,overall
2401238,6,3,A paper towel dispenser,3904,0.0778061224489796,0.027376059677350788,0.0451483610521523,0.06502344569221871,0,5622.60791015625,overall
2401239,0,3,The nose of the zebra,247,0.004922672193877551,0.012860369880722903,0.013390932894869461,0.24504608277849824,0,4519.95263671875,overall|small
2401239,1,4,Zebra has black and white mane.,348,0.0069355867346938774,0.0034843963385707737,0.0036533919671052797,0.07004997099953136,0,6672.5361328125,overall|small
2401239,2,5,Roof is made from tree branches.,3036,0.06050701530612245,0.0991991141938038,0.1328818622742398,0.28127388332201086,0,6426.3662109375,overall|part
2401239,3,0,The shadow of the tree the zebras are under,17171,0.3422154017857143,0.09277166944591311,0.3695047729704985,0.11021921954166909,0,5121.9208984375,overall
2401239,4,1,The lone zebra,1035,0.020627391581632654,0.0266421507913691,0.029592060325295044,0.2108966477251283,0,7376.236328125,overall
2401239,5,2,Tips of zebra's ears are black.,1763,0.03513632015306122,0.060937455179387104,0.07454535319039553,0.25027429469255175,0,5918.9951171875,overall
2401240,0,0,part of a short,299,0.0059590242346938774,0.0007541114072150278,0.0007837077365029375,0.01957784608056314,0,7469.33544921875,overall|small
2401240,1,1,part of a sock,32,0.0006377551020408163,0.0005615264923171174,0.000566258452410268,0.06296506524085999,0,3558.237548828125,overall|small
2401240,2,2,part of a white line,165,0.003288424744897959,0.0017026804447981378,0.001735340083280658,0.08296453880541252,0,7888.453125,overall|small
2401240,3,3,white baseball cap,270,0.005381058673469388,0.005802697377379826,0.0058983593788077045,0.263506175853588,0,12062.111328125,overall|small
2401240,4,4,Person wearing black shorts.,260,0.005181760204081632,0.0003726332424648497,0.0003895340214601661,0.008515423077803392,0,5683.73974609375,overall|small
2401240,5,5,edge of a racket,108,0.002152423469387755,0.0016962557967128563,0.0017208437550931546,0.10611831700360333,0,6659.97607421875,overall|small
2401240,6,6,part of a shade,135,0.002690529336734694,0.0034650907529846743,0.0035211384952152447,0.17877330073603878,0,6854.1455078125,overall|small
2401241,0,1,black nose of bear,572,0.011399872448979591,0.021699772950940534,0.026392259061289707,0.10877210443670099,0,2357.420166015625,overall|small
2401241,1,5,rock on ground,814,0.016222895408163265,0.005396022260032365,0.005804029765665879,0.07128797526441569,0,9997.9521484375,overall|small
2401241,2,2,Right arm of a black bear. ,2409,0.0480110012755102,0.04923484445797118,0.07553826035104888,0.1238774497165577,0,3950.591064453125,overall|part
2401241,3,6,Left side front arm of a black bear. ,3071,0.061204559948979595,0.024882199043073698,0.04432478325696219,0.05368080747822371,0,3719.22314453125,overall|part
2401241,4,0,Wooden barricade on ground,5720,0.11399872448979592,0.12622726618734564,0.18014183419217578,0.2966446029556381,0,9419.2841796875,overall
2401241,5,3,Bears ears pointing straight up,2144,0.04272959183673469,0.02176211615817132,0.0253325030144073,0.13375357727506268,0,11320.1474609375,overall
2401241,6,4,Part of a tree trunk to the right of a black bear. ,7104,0.14158163265306123,0.07869755963132526,0.12802557532443357,0.1696083824913781,0,9411.384765625,overall
2401242,0,5,Black handle on the bottom suitcase. ,851,0.01696029974489796,0.0031238005702696674,0.0034956299301002534,0.028529533628291165,0,6945.42431640625,overall|small|part
2401242,1,3,Bottom right latch on a brown suitcase. ,350,0.006975446428571429,0.007407570769199386,0.0079390096289433,0.09963407244001116,0,4392.47802734375,overall|small
2401242,2,4,There is a red ribbon on the suitcase,567,0.011300223214285714,0.009880935179672319,0.010520032405695476,0.1398943004574515,0,7539.9072265625,overall|small
2401242,3,1,The round handle is sticking out,2576,0.05133928571428571,0.011597801146392,0.020131291945527395,0.026631633687463605,0,3407.78369140625,overall|part
2401242,4,0,White tag on a bottom suitcase. ,1092,0.021763392857142856,0.022468440968279393,0.025894267609496903,0.14517401950263278,0,6122.20556640625,overall
2401242,5,2,stitches were on the seams of the case,14136,0.2817283163265306,0.049821991085302636,0.11992846122400538,0.07853513932457466,0,9256.9580078125,overall
2401244,0,3,the stop sign is red.,880,0.017538265306122448,0.03391854974356786,0.03636183140025485,0.33545480207963424,0,8118.4091796875,overall|small|text
2401244,1,5,and advertising sign,255,0.005082110969387755,0.0059774934963454235,0.006195288214078167,0.14532327090992647,0,5981.55126953125,overall|small|text
2401244,2,8,The green street sign.,133,0.002650669642857143,0.005354702573510178,0.005406490520076922,0.3585686360983024,0,8820.810546875,overall|small|text
2401244,3,1,The side view mirror of the black pickup truck.,84,0.0016741071428571428,0.004318250578830478,0.004430604187576125,0.145509401957194,0,2758.718505859375,overall|small
2401244,4,4,a billboard in the distance,285,0.00568000637755102,0.006660113519160093,0.00700968228832728,0.11781653688665022,0,4790.1904296875,overall|small
2401244,5,6,a set of traffic lights,630,0.012555803571428572,0.006432530880619183,0.006739000273717351,0.12391815185546876,0,11584.572265625,overall|small
2401244,6,9,The date is 9/19/2008.,312,0.006218112244897959,0.004151528699391574,0.004293187939854533,0.11175702168391301,0,8121.748046875,overall|small
2401245,0,0,black socks,210,0.004185267857142857,0.005066688079589001,0.005184743230788071,0.18201659066336495,0,7372.30029296875,overall|small
2401245,1,1,A HUB CAP ON A TIRE,630,0.012555803571428572,0.018948328587687403,0.020946384075872432,0.1657229711139013,0,4984.4150390625,overall|small
2401245,2,2,green tire on board,704,0.01403061224489796,0.02304993376744981,0.024505206082349785,0.2796094200827859,0,8032.7841796875,overall|small
2401245,3,3,the back right wheel,2200,0.043845663265306124,0.03231529587640755,0.03790023758212691,0.17985484730113635,0,10440.0576171875,overall|part
2401245,4,4,the right black shoelaces,1470,0.029296875,0.020670324906952135,0.026630992584976195,0.08454300757168101,0,4666.67626953125,overall
2401245,5,5,green and white sneakers on a black skateboard,2610,0.05201690051020408,0.06913548634163681,0.12158529477199083,0.13812778516747484,1,2965.10791015625,overall
2401245,6,6,cement under board,4895,0.09755660076530612,0.09285074447853556,0.1204635313557765,0.2882919981725613,0,11714.66015625,overall
2401246,0,1,section of a boys hair,105,0.0020926339285714285,0.00012413274675583097,0.0001255646768185437,0.01076788107554118,0,9004.34375,overall|small|part
2401246,1,2,string of wii controller,912,0.018176020408163265,0.037061890954732925,0.0372927699819151,0.8568653307462993,0,20954.763671875,overall|small
2401246,2,3,back of a boy,420,0.008370535714285714,0.01759096805508843,0.01842188291103128,0.28057676042829244,0,6396.86181640625,overall|small
2401246,3,6,the books are on the shelf,363,0.00723453443877551,0.001506434472937218,0.0015907534829952095,0.02763484397867166,0,6306.0986328125,overall|small
2401246,4,8,the boy looks down,108,0.002152423469387755,0.004131249535220486,0.004274759835033243,0.10957408834386755,0,2768.343017578125,overall|small
2401246,5,9,section of a remote,50,0.0009964923469387755,0.0011755669600056204,0.0012000765003199179,0.05442721366882324,0,2267.656005859375,overall|small
2401246,6,4,indians logo on tshirt,1560,0.031090561224489797,0.03373482224880513,0.05317882930951976,0.08447026961889022,0,2477.933837890625,overall|text
2401247,0,0,a green leaf laying on the ground ,475,0.009466677295918368,0.0041275954536712615,0.004349214877046363,0.07493303800884046,0,8183.8203125,overall|small|part
2401247,1,5,The cat has yellow eyes.,816,0.016262755102040817,0.005544530324308591,0.0064830515802332365,0.03688733016743379,0,4642.884765625,overall|small|part
2401247,2,7,green leaf next to cat,552,0.011001275510204082,0.02517354260233913,0.026672280279824417,0.30939268029254413,0,6403.08056640625,overall|small|part
2401247,3,8,dead brown leaf on the ground ,132,0.0026307397959183672,0.003230284440402623,0.003270170667676939,0.20938793818155924,0,8451.916015625,overall|small|part
2401247,4,2,a small pink nose of a cat,48,0.0009566326530612245,0.002380294441188587,0.002390347329774086,0.3614221016565959,0,7257.6318359375,overall|small
2401247,5,4,white paw of cat,405,0.008071588010204082,0.0036160442207839876,0.003795828755596756,0.07093098487383054,0,7568.05712890625,overall|small
2401247,6,6,leaves on the ground,4760,0.09486607142857142,0.033810587938328404,0.0530051000893774,0.08539399860285911,0,7668.60986328125,overall|part
2401248,0,8,yellow mustard container on door,504,0.010044642857142858,0.0003334283866479257,0.0003507059494769022,0.006722546286053128,0,9660.98046875,overall|small|part
2401248,1,0,jar of jam,506,0.010084502551020409,0.046474070749327134,0.048180365248360876,0.567526594923419,0,5960.27978515625,overall|small
2401248,2,1,five beers in fridge,343,0.0068359375,0.0045616805759439594,0.004709115370111039,0.12717235331632654,0,9262.9111328125,overall|small
2401248,3,4,jar of pickle relish,120,0.0023915816326530613,0.004498726383303745,0.004571793534893033,0.2196548302968343,0,5765.47900390625,overall|small
2401248,4,5,bottle of salad dressing,145,0.002889827806122449,0.0009331714947646074,0.000952886724387214,0.04315608123253132,0,6567.02587890625,overall|small
2401248,5,6,There is butter on the shelf,176,0.00350765306122449,0.004761796533488061,0.004910169363939214,0.13613202355124734,0,4879.51318359375,overall|small
2401248,6,7,carton of eggs at top,192,0.003826530612244898,0.0029573906513433584,0.003018739324264668,0.12703565756479898,0,8079.81201171875,overall|small
2401249,0,0,wake of a person sailing,25,0.0004982461734693878,0.00041516142072367784,0.0004168349621538915,0.09371506690979003,0,5620.6337890625,overall|small
2401249,1,1,hands holding camera to take a photo,224,0.004464285714285714,0.008703539397022205,0.009172878189276866,0.14537526879991805,0,3550.037353515625,overall|small
2401249,2,2,a person is skydiving,968,0.019292091836734693,0.01830596541155036,0.02098943677791607,0.12525067447630828,0,5776.365234375,overall|small
2401249,3,4,part of tree trunk to left of the woman,845,0.016840720663265307,0.020132712871493555,0.021187651474008255,0.28792702940088755,0,11483.025390625,overall|small
2401249,4,6,part of coat woman in red boots is wearing,162,0.0032286352040816328,0.0010224141845635365,0.001049532769000442,0.03806295512635031,0,5875.1845703125,overall|small
2401249,5,7,part of scarf woman is wearing,231,0.004603794642857143,0.00963064312601599,0.009875386029409022,0.27984856939935066,0,6546.0751953125,overall|small
2401249,6,8,grass by picnic bench,147,0.0029296875,0.00847212197151385,0.008509996617936904,0.6555985431281888,0,11324.6796875,overall|small
2401250,0,5,Red stop sign on the road,176,0.00350765306122449,0.002026963859301824,0.0020644565422966994,0.10040436007759788,0,8559.71875,overall|small|text
2401250,1,2,fire hydrant to the right of skateboarder,63,0.0012555803571428572,0.0005678397636043898,0.0005710875763602725,0.0907831040639726,0,10014.8134765625,overall|small
2401250,2,4,Dirty white skate shoes with black accents,510,0.01016422193877551,0.020529315948149583,0.02273918595892651,0.17440194522633273,0,3911.529296875,overall|small
2401250,3,7,mini van parked in drive way,575,0.011459661989795918,0.026763866769475834,0.027913435680402877,0.39389199961786686,0,8113.9384765625,overall|small
2401250,4,8,Black wheels on the skateboard,210,0.004185267857142857,0.006762373049775533,0.006928481516211287,0.22000685192289807,0,6668.33544921875,overall|small
2401250,5,9,Windows with white frames,182,0.003627232142857143,0.0029880220639851456,0.003044092166612408,0.1395793223119044,0,8345.16015625,overall|small
2401250,6,0,boy wearing a hooded sweatshirt,3388,0.06752232142857142,0.14765539057752075,0.22419666725563572,0.30191809283800364,0,4562.50537109375,overall
2401251,0,9,The design on the man's shirt,989,0.01971061862244898,0.04921153178741969,0.05416944112631054,0.34966899073401164,0,6384.0908203125,overall|small|text
2401251,1,5,black beard on man's face,816,0.016262755102040817,0.020035468289273533,0.024957228630629602,0.09222595364439722,0,3015.4140625,overall|small|part
2401251,2,0,cell phone in man's pocket,952,0.018973214285714284,0.05969485073889545,0.07520670575154323,0.2244579731917181,1,2841.2890625,overall|small
2401251,3,4,white wii remote control,360,0.007174744897959184,0.0006378051160033075,0.0006776635104687775,0.010727492968241374,0,5698.84228515625,overall|small
2401251,4,7,drawer in desk without cover,480,0.009566326530612245,0.0376969300304889,0.038433644895033925,0.6629148483276367,1,8279.181640625,overall|small
2401251,5,8,The man's glasses,420,0.008370535714285714,0.040574155968044985,0.044209391606480866,0.3304035005115327,0,3138.913818359375,overall|small
2401251,6,1,black office chairs,2448,0.04878826530612245,0.10160966903043744,0.10308356505559223,0.8766426634944342,0,20818.267578125,overall
2401252,0,0,Arm band is red and green.,846,0.01686065051020408,0.027751646915164678,0.03415778593669691,0.12889927893383846,0,3192.501708984375,overall|small|part
2401252,1,3,left hand of a girl,1386,0.027622767857142856,0.00308487674990719,0.0036359840598219765,0.019946801542031645,0,7603.51708984375,overall|part
2401252,2,1,a white wii remote,3956,0.07884247448979592,0.054329893957129095,0.0792280050195198,0.1473997172017189,0,7359.93896484375,overall
2401252,3,2,an asian young child,17667,0.3521006058673469,0.14210588214894918,0.44959747086107676,0.1720342918426657,1,6760.11328125,overall
2401253,0,0,empty white beach chairs,546,0.010881696428571428,0.004326546477016712,0.004586763968445091,0.07085867941161215,0,8434.8876953125,overall|small
2401253,1,1,blue beach chair in sand,630,0.012555803571428572,0.029983282339094742,0.03198714861783138,0.3236912560841394,0,6375.23193359375,overall|small
2401253,2,3,yellow umbrella on beach,342,0.006816007653061225,0.0072608663269737046,0.007500609378378807,0.18511280260587992,0,8440.4580078125,overall|small
2401253,3,4,yellow umbrella on beach,90,0.001793686224489796,0.0013013573273648437,0.0013135242430633983,0.12318606906467014,0,8440.4580078125,overall|small
2401253,4,7,blue beach chair in sand,738,0.014708227040816327,0.0146754099039472,0.016137419364721337,0.13940351119209435,0,6375.23193359375,overall|small
2401253,5,8,A person standing on the beach.,198,0.003946109693877551,0.0019221362190076547,0.002021971262038275,0.037470557472922585,0,3669.27587890625,overall|small
2401253,6,9,yellow umbrella on beach,418,0.008330676020408163,0.002532653482152491,0.0026513640537651787,0.05353762430437444,0,8440.4580078125,overall|small
2401254,0,5,A small gray logo over the man's chest on the left side,72,0.0014349489795918368,0.0006622637609677563,0.0006819251498811609,0.022453847858640883,0,2370.75439453125,overall|small|text
2401254,1,9,Man wearing yellow shirt.,660,0.013153698979591837,0.03478429080640591,0.035697343660045976,0.5762623180042613,1,10654.3818359375,overall|small|text
2401254,2,1,Man has dark hair.,783,0.015605070153061224,0.010425063255220274,0.014648994785775804,0.03489352795051585,0,1865.0858154296875,overall|small|part
2401254,3,2,The man's thick metal bracelet,84,0.0016741071428571428,0.00011638877043502539,0.00011895928711043316,0.005357424418131511,0,3783.005615234375,overall|small
2401254,4,4,metal railing along sidewalk.,420,0.008370535714285714,0.0042244482355574325,0.004423066969441795,0.08598571050734748,0,8164.92236328125,overall|small
2401254,5,6,grass on the ground.,230,0.004583864795918368,0.005195945985404447,0.005247194265866223,0.3472589244013247,0,15221.3828125,overall|small
2401254,6,7,metal pole on sidewalk.,272,0.005420918367346939,0.005535714330624963,0.0056897310989316545,0.16978132023530848,0,8116.4677734375,overall|small
2401255,0,1,hood of car is white.,264,0.0052614795918367345,0.006435667505429124,0.006697364268008572,0.14141136227232037,0,5574.22265625,overall|small
2401255,1,2,Statue on the right side of the stairs,945,0.018833705357142856,0.02780702453264831,0.030473632838324934,0.24114502598999668,0,7478.00732421875,overall|small
2401255,2,3,metal parking meter,1003,0.019989636479591837,0.053900036287277076,0.05817041139417252,0.42337130454340105,0,7299.95556640625,overall|small
2401255,3,4,Woman walking in the street,390,0.007772640306122449,0.010270890120000733,0.010910934625806609,0.14900092100485776,0,5325.8828125,overall|small
2401255,4,5,two people leaving building,154,0.0030691964285714285,0.006081480396291345,0.006137635359729145,0.3992892674037388,0,10018.60546875,overall|small
2401255,5,6,statue of religious figure,300,0.005978954081632653,0.004361976735524148,0.004469096043357366,0.1539654795328776,0,10335.34375,overall|small
2401255,6,7,the hub caps are circles.,99,0.0019730548469387753,0.0008114205864232634,0.0008301318844625491,0.03474800755279233,0,4143.9833984375,overall|small
2401256,0,5,logo on the arm of a baseball uniform ,210,0.004185267857142857,0.0030688651832887987,0.003109149989138944,0.1914962405250186,0,12934.1494140625,overall|small|text|part
2401256,1,2,left hand giving a signal ,364,0.007254464285714286,0.009051401238510365,0.009577552456355398,0.14145626864590488,0,5376.12109375,overall|small|part
2401256,2,3,The mitt is black.,1000,0.01992984693877551,0.016207775298634382,0.018839623829615005,0.10395911407470704,0,5518.10986328125,overall|small
2401256,3,4,baseball cap on player,744,0.01482780612244898,0.017352992309695052,0.018535980950223952,0.2137747323641213,0,8580.5224609375,overall|small
2401256,4,6,pocket on left side,324,0.0064572704081632655,0.00746479795555653,0.007861315497888441,0.12891705830891928,0,5313.2490234375,overall|small
2401256,5,0,name and number of baseball player,1375,0.027403539540816327,0.009232176976603486,0.01084402467980822,0.05847908713600852,0,7415.02783203125,overall|text
2401256,6,1,bright green grass of baseball field,7238,0.14425223214285715,0.06070538660574016,0.1394406770906819,0.09707329595375536,0,5038.8203125,overall
2401257,0,1,text reading'09,40,0.0007971938775510204,3.533635557011535e-05,3.567615868140501e-05,0.0036962747573852537,0,4144.251953125,overall|small|text
2401257,1,2,arm of a human in back,7315,0.14578683035714285,0.09714051422242637,0.19826961410923352,0.15998134652148838,0,5902.384765625,overall|part
2401257,2,0,The plate is white.,29104,0.5800382653061225,0.2877795407996347,0.6640046948425128,0.33682863341379193,1,14763.541015625,overall
2401258,0,8,man with grey hair,459,0.00914779974489796,0.028632122642378497,0.030050003144625605,0.3776519708903527,0,5768.46044921875,overall|small|part
2401258,1,4,black backpack on a woman,444,0.008848852040816327,0.005885814799751739,0.006198452763013931,0.10449945604478991,0,7485.37744140625,overall|small
2401258,2,6,dark purple backpack,468,0.00932716836734694,0.007640647382284609,0.008124481287184163,0.11371155274220002,0,6550.20361328125,overall|small
2401258,3,0,tan duffel bag in middle,1960,0.0390625,0.017770142495139033,0.022460611259467883,0.07842040548519212,0,6843.2685546875,overall
2401258,4,1,blue instrument case,1386,0.027622767857142856,0.01908590635629812,0.021452081231061623,0.1475109304012502,0,9530.55078125,overall
2401258,5,2,man wearing blue shorts,1520,0.030293367346938774,0.02106767550569816,0.026429519521459964,0.09407690951698705,0,5410.49951171875,overall
2401258,6,3,large round white column,2352,0.046875,0.08816984367388722,0.10321731989241442,0.376867878193758,1,8587.640625,overall
2401259,0,2,a green carrot leaf,432,0.00860969387755102,0.025909008330266096,0.028351226658026252,0.2312260733710395,0,3523.29248046875,overall|small|part
2401259,1,6,a green carrot leaf,256,0.00510204081632653,0.004217076776201498,0.004504490880427728,0.061994682997465134,0,3523.29248046875,overall|small|part
2401259,2,3,brown spots on carrots,338,0.0067362882653061226,0.011309122772178925,0.011609989040812759,0.30381630440435464,0,8844.9619140625,overall|small
2401259,3,5,an unpeeled orange carrot,910,0.018136160714285716,0.0134715942243091,0.015039759712508986,0.11441856635795845,0,6923.04248046875,overall|small
2401259,4,0,large carrots are toward the bottom,7208,0.14365433673469388,0.11290912825835014,0.15575109472342258,0.29102090884260545,0,13468.1474609375,overall
2401259,5,1,The umbrella is yellow and red,17280,0.34438775510204084,0.19028339393177485,0.5741697765566048,0.22154899879738135,1,6667.65625,overall
2401259,6,4,purple carrots on the table,1280,0.025510204081632654,0.007427242614574854,0.008678504386052346,0.04899021089076996,0,7225.60791015625,overall
2401260,0,1,red pasta on a white dish on a table,768,0.015306122448979591,0.013277142217186167,0.013587666693591658,0.36747690041859943,0,20770.47265625,overall|small
2401260,1,0,broccoli rabe,33790,0.6734295280612245,0.06603536637570122,0.5738095253731951,0.06944125249704054,0,4089.196533203125,overall
2401261,0,0,person is flying a kite,252,0.005022321428571429,0.009214592460587447,0.009400997022596346,0.31727672758556547,0,8504.814453125,overall|small
2401261,1,5,wave in the ocean,310,0.0061782525510204085,0.004850008603561157,0.005057951233547596,0.10552205731791835,0,6467.40869140625,overall|small
2401261,2,7,white wave in ocean,276,0.005500637755102041,0.002574092821949422,0.0026449027885373307,0.08771429891171663,0,9153.1328125,overall|small
2401261,3,8,bird next to bird,12,0.00023915816326530612,0.00025057840291959195,0.00025099043609568954,0.13242650032043457,0,6331.388671875,overall|small
2401261,4,1,white cloud in grey sky,2440,0.04862882653061224,0.03867314113749754,0.056985163759802254,0.10741932353035348,0,4599.498046875,overall
2401261,5,2,flock of birds flying above the ocean,1944,0.038743622448979595,0.026580336768420178,0.035082499254897065,0.09883810757609551,0,5476.84130859375,overall
2401261,6,3,huge kite in the air,2968,0.05915178571428571,0.0803297164779804,0.0972429556607642,0.31593859484896186,0,9642.9169921875,overall
2401262,0,1,the hand of the woman,40,0.0007971938775510204,0.0014850047846899353,0.001502177488251819,0.11496622562408447,0,3061.322021484375,overall|small|part
2401262,1,2,part of a building,21,0.0004185267857142857,0.001212765831427032,0.0012135228227512253,0.660345577058338,0,11427.2734375,overall|small
2401262,2,3,edge of a building ,70,0.0013950892857142857,0.003321064927647003,0.003344230123357729,0.3240702220371791,0,6783.2998046875,overall|small
2401262,3,4,a kite in the sky,448,0.008928571428571428,0.020220218929620844,0.02246381035830132,0.1683670793260847,0,3357.7763671875,overall|small
2401262,4,6,a lady pointing to something,304,0.006058673469387755,0.02751954705167657,0.028492095694437253,0.4463580282110917,0,4762.47314453125,overall|small
2401262,5,7,part of sea water,140,0.0027901785714285715,0.0019647863087503834,0.0019767892465236223,0.24447607312883649,0,17314.263671875,overall|small
2401262,6,8,A person's knee.,72,0.0014349489795918368,0.0003664740665283923,0.00037394199450186175,0.018019805351893108,0,3469.591552734375,overall|small
2401263,0,0,the color light brown,60,0.0011957908163265306,0.0001233724563561983,0.00012436594800733394,0.015208961566289265,0,7337.5205078125,overall|small
2401263,1,1,black arch design on bed,330,0.006576849489795918,0.004393022436195401,0.004624977103418138,0.08053848382198449,0,5746.55810546875,overall|small
2401263,2,3,brownish red carpeted floor,198,0.003946109693877551,0.0031023094551619413,0.0031789146697974507,0.11405455464064473,0,7103.9345703125,overall|small
2401263,3,5,pastel colored lamp with a white shade,575,0.011459661989795918,0.02051466261926083,0.021719214270448144,0.27001913319463317,0,7148.55517578125,overall|small
2401263,4,6,the white bed skirt,280,0.005580357142857143,0.01601903416387016,0.01627686029446051,0.5028091430664062,0,8649.4912109375,overall|small
2401263,5,8,vent above the bed,374,0.007453762755102041,0.014594255421664707,0.015983846278251845,0.14374122007645387,0,3363.3466796875,overall|small
2401263,6,9,small table on the headboard,186,0.003706951530612245,0.0015532358740252817,0.001577470156764593,0.09182058354859711,0,10826.59375,overall|small
2401264,0,0,shadow cast on white plate,648,0.012914540816326531,0.002110383876747662,0.002455461532925162,0.014794644014334973,0,3904.328857421875,overall|small
2401264,1,3,a splash of gravy on the side of the plate,378,0.007533482142857143,0.003370851242231341,0.0034784006155642805,0.0983040522015284,0,10682.763671875,overall|small
2401264,2,5,red plate with food,888,0.017697704081632654,0.012750787967645264,0.014096631518815714,0.11781903859731313,0,7421.86572265625,overall|small
2401264,3,8,a red bowl with food inside it,594,0.011838329081632654,0.004190718281247647,0.004483169962023497,0.060364154854206126,0,7997.98095703125,overall|small
2401264,4,1,Shiny light green piece of broccoli on the bottom left. ,5082,0.10128348214285714,0.10936393235863828,0.17523897394473129,0.22536281449078857,1,6535.611328125,overall
2401264,5,2,some cooked broccoli,4000,0.07971938775510204,0.018660654944280278,0.028725508668123963,0.05056526184082031,0,7041.1650390625,overall
2401264,6,4,Pile of thin sliced carrots on the top of the photo. ,5488,0.109375,0.11421710695446348,0.1878462521294719,0.22564432572345344,0,6592.28515625,overall
2401265,0,1,white sign on building,429,0.008549904336734694,0.012490165541506521,0.013056984259857941,0.2234324030664973,0,7341.09033203125,overall|small|text
2401265,1,7,red letter on sign.,144,0.0028698979591836736,0.020379060209423986,0.02046207311377285,0.8339777522616916,1,5869.04345703125,overall|small|text
2401265,2,2,street light on pole.,120,0.0023915816326530613,0.004209570560403407,0.0042465553632395035,0.3258449872334798,0,9207.7919921875,overall|small
2401265,3,3,a blue pickup truck,676,0.013472576530612245,0.020346879854008813,0.0217682602698403,0.23757817195012018,0,7377.8447265625,overall|small
2401265,4,4,wood beam of garden bed,917,0.018275669642857144,0.02447057796914905,0.027991703856766078,0.162852363212028,0,5334.99560546875,overall|small
2401265,5,5,stop lights over road,468,0.00932716836734694,0.017910348723994465,0.018408926901272153,0.39806215987246263,0,10119.71484375,overall|small
2401265,6,6,yellow paint on curb,400,0.007971938775510204,0.016484929351876544,0.017534609114264816,0.21591760635375976,0,4925.5185546875,overall|small
2401266,0,1,the eye of a giraffe,72,0.0014349489795918368,0.0032932252315124124,0.003317491439125529,0.310451693005032,0,6737.7783203125,overall|small|part
2401266,1,2,back leg of a giraffe,234,0.00466358418367347,0.001043705447570183,0.001068104178902444,0.04369394188253289,0,9572.4580078125,overall|small|part
2401266,2,3,front leg of a giraffe,60,0.0011957908163265306,0.0004859801009127427,0.0004890983624617128,0.07082698345184327,0,8688.6796875,overall|small|part
2401266,3,6,tail of a giraffe,40,0.0007971938775510204,0.00019245540520951358,0.00019326099400489378,0.04413250684738159,0,9134.28125,overall|small|part
2401266,4,9,branch of a tree,156,0.0031090561224489796,0.0019281477118459644,0.002029394323457958,0.03720984703455216,0,2860.329345703125,overall|small|part
2401266,5,4,neck of a giraffe,297,0.005919164540816327,0.009146933842648527,0.009342947062387523,0.3036151205249106,0,9651.525390625,overall|small
2401266,6,7,part of a grass,336,0.006696428571428571,0.02227214640771356,0.023860115959845853,0.2507405962262835,0,3530.948486328125,overall|small
2401267,0,0,a field of tall grass,30459,0.6070432079081632,0.12432138275000328,0.4564351354937169,0.1459262476813093,0,9738.0048828125,overall
2401267,1,1,the trees are green,16568,0.3301977040816326,0.14537128262148322,0.4588659018101303,0.17544931423715898,1,6334.8447265625,overall
2401268,0,2,Knob of cotton ball container top,117,0.002331792091836735,0.0034908694192480154,0.0036524947661837883,0.0731201660938752,0,2342.2509765625,overall|small
2401268,1,5,Silver fixtures on sink.,957,0.019072863520408163,0.043006426819003477,0.044594889634648006,0.5469727710496669,0,11737.9580078125,overall|small
2401268,2,7,Cotton balls inside of container.,540,0.010762117346938776,0.0021398510861897037,0.0023197068178422687,0.026857693990071613,0,6252.14990234375,overall|small
2401268,3,0,Black and white keyboard,7392,0.14732142857142858,0.23424398706673094,0.3955133153519772,0.3648712026092397,0,6819.31005859375,overall
2401268,4,1,a medical chart lying open,12740,0.25390625,0.01975111286642836,0.05838946527592516,0.028982414592940542,0,6323.67431640625,overall
2401268,5,3,Wooden tongue depressors in container.,2535,0.05052216198979592,0.023829198662186253,0.03175426864292208,0.08715741460375062,0,6957.93212890625,overall
2401268,6,4,Water bottle sitting on desktop,1127,0.0224609375,0.015125963539344214,0.016624218266757373,0.14371354408568796,0,9742.7236328125,overall
2401269,0,7,yellow shirt on boy's torso.,48,0.0009566326530612245,0.001195417036560077,0.0011988382410824446,0.2952242096265157,0,11820.412109375,overall|small|text
2401269,1,0,clear blue sky above.,714,0.014229910714285714,0.005945221159735039,0.007385268294171316,0.029587876562978708,0,2860.52490234375,overall|small
2401269,2,2,pattern on woman's dress.,289,0.0057597257653061226,0.030439597014231354,0.031117351021863037,0.5829087095689609,0,5413.7197265625,overall|small
2401269,3,3,The brown pants the boy is wearing.,180,0.003587372448979592,0.004533114611264025,0.004648371279517892,0.15456515418158637,0,5985.263671875,overall|small
2401269,4,4,umbrella behind the boy.,75,0.0014947385204081632,0.001420979588467036,0.0014311507237701033,0.16662630716959637,0,8732.115234375,overall|small
2401269,5,6,yellow bag near inflatable gym.,40,0.0007971938775510204,0.0009032443470937471,0.0009053367492528367,0.28099665641784666,0,12415.1220703125,overall|small
2401269,6,8,bracelet on woman's wrist.,32,0.0006377551020408163,0.0014443720523364093,0.0014579401575200812,0.13435113430023193,0,2948.8427734375,overall|small
2401270,0,1,herd of zebras walking behind other zebras,232,0.004623724489795918,0.004464165364388887,0.004568169222242749,0.16393543111866918,0,8325.6591796875,overall|small
2401270,1,0,large group of zebras walking,12627,0.2516541772959184,0.18295700648881133,0.347125460187767,0.278942970668013,1,10146.80078125,overall
2401270,2,2,herd of zebras in the lower field,3680,0.07334183673469388,0.0937713665462905,0.11163884191755932,0.3694426163383152,1,12178.0986328125,overall
2401270,3,3,bunch of low bushes in background,3393,0.06762197066326531,0.10619868217038075,0.13678575245001726,0.32199795534924847,0,7987.228515625,overall
2401270,4,4,tall brown grass covering the ground,2993,0.059650031887755105,0.1332796007850588,0.15579063309720492,0.4798113322361552,1,9217.982421875,overall
2401271,0,0,Dog's long furry pointy tail,854,0.017020089285714284,0.008620840155897987,0.00960770212425423,0.07743045708613876,0,6882.5625,overall|small|part
2401271,1,1,Dog's big red tongue,260,0.005181760204081632,0.012195628243585749,0.012423968606169568,0.3988804156963642,0,8347.486328125,overall|small
2401271,2,2,a dog collar ,800,0.01594387755102041,0.008038513127682475,0.00896052923751658,0.0724608039855957,0,6469.33251953125,overall|small
2401271,3,4,The dog's nose is black.,140,0.0027901785714285715,0.001496921222344515,0.001518147955062211,0.09670712607247489,0,8918.1015625,overall|small
2401271,4,7,Dog's brown back left paw,420,0.008370535714285714,0.01028560816057598,0.010794593679296091,0.17907478695824033,0,6967.50732421875,overall|small
2401271,5,5,Dog's brown left front leg,2254,0.044921875,0.04474194928518585,0.05886689299744526,0.15716073443219,0,6017.64892578125,overall|part
2401271,6,3,The circle designed curtain.,5896,0.1175063775510204,0.26199271602633334,0.39381210191910787,0.43905519565701323,1,6573.36181640625,overall
2401272,0,0,Tail of a smaller zebra. ,204,0.004065688775510204,0.003004597699747107,0.003101099148851621,0.08805181465896905,0,5792.32373046875,overall|small|part
2401272,1,1,Back two legs of a larger black and white zebra. ,612,0.012197066326530613,0.01621958462005464,0.01737363608188873,0.19625602672302644,0,6913.27294921875,overall|small|part
2401272,2,3,front leg of a zebra,87,0.0017338966836734694,0.0013749920961109569,0.0013855276278343235,0.15313459812909708,0,9615.6220703125,overall|small|part
2401272,3,5,head of a zebra,90,0.001793686224489796,0.002658388740316247,0.002683433373276416,0.2216904534233941,0,7435.30322265625,overall|small|part
2401272,4,4,Light colored rock in between two zebras. ,234,0.00466358418367347,0.0048293329192958465,0.004969181210753408,0.14646566016042334,0,6897.10498046875,overall|small
2401272,5,6,A dark grey rock beside the grazing deer,240,0.0047831632653061226,0.0033323156739697227,0.00342400965452365,0.1106639544169108,0,7756.79736328125,overall|small
2401272,6,7,The shadow of the little zebra,416,0.008290816326530613,0.010928529177319377,0.011590382849291453,0.16063754375164324,0,5765.57470703125,overall|small
2401273,0,1,the dog's eyes are black,3111,0.062001753826530615,0.17398225875456114,0.20438086000069497,0.5391165703602138,0,8206.20703125,overall|part
2401273,1,0,a black skateboard under the dog,15456,0.3080357142857143,0.18445459696752406,0.39095927816352466,0.2588274937979183,1,10232.3642578125,overall
2401274,0,1,cheese mixed with carrots,598,0.011918048469387755,0.012771962329792136,0.013817365434930996,0.14442921003769074,0,6250.7333984375,overall|small
2401274,1,6,A leaf of spinach.,2337,0.046576052295918366,0.014209023701679544,0.024656424376328694,0.03244600961184879,0,3075.317138671875,overall|part
2401274,2,0,the salad has spinach ,4736,0.09438775510204081,0.04929709139572461,0.06389418727944834,0.17748444789164775,0,13155.599609375,overall
2401274,3,2,Two pieces of broccoli. ,2337,0.046576052295918366,0.0209905490462429,0.027305038594353664,0.08321398570591637,0,7122.16845703125,overall
2401274,4,3,the table is made of metal,1144,0.022799744897959183,0.006936429475145432,0.0075376302822836765,0.08000832004146977,0,12143.009765625,overall
2401274,5,4,A sliver of carrots.,2448,0.04878826530612245,0.011861188288026908,0.02497219167871654,0.02209259170332765,0,2165.715576171875,overall
2401274,6,5,the rim of a table,1189,0.02369658801020408,0.05985632532012338,0.0671967779991155,0.3539815249816022,0,6263.45556640625,overall
2401275,0,5,an exit sign,200,0.003985969387755102,0.008122177318981391,0.00824202118237299,0.3583929824829102,0,8696.7255859375,overall|small|text
2401275,1,3,a tennis player's left shoe,551,0.010981345663265306,0.016517131546827414,0.017732488393028736,0.19419226672385437,0,6034.11865234375,overall|small|part
2401275,2,4,a tennis player's right shoe,320,0.006377551020408163,0.01953885375351872,0.020176106915811783,0.38219003677368163,0,6061.66552734375,overall|small|part
2401275,3,2,blue tennis shorts,855,0.017040019132653062,0.030608660131884412,0.03237046102049161,0.35995429858826755,1,9507.4619140625,overall|small
2401275,4,6,2 men are sitting in first row,864,0.01721938775510204,0.0317129269181058,0.03472846001106341,0.26751876760412147,0,6655.52734375,overall|small
2401275,5,8,a long black umbrella,312,0.006218112244897959,0.006336162111196137,0.006584613861390751,0.1437804026481433,0,6812.77392578125,overall|small
2401275,6,9,green plants behind the barrier fence,806,0.016063456632653062,0.010144528710062892,0.011305871831694915,0.08988206735615695,0,6407.7275390625,overall|small
2401276,0,0,surfer walking in the water,2907,0.057936065051020405,0.049181020013534006,0.060906371767872426,0.203483484436812,0,9712.0625,overall
2401276,1,1,the ship has a white sail,2397,0.047771843112244895,0.016335149251083172,0.021637892881812424,0.06249038129734108,0,6922.55224609375,overall
2401276,2,2,white wave moved by the wind,3568,0.07110969387755102,0.011888234137613078,0.019891206515755492,0.02869991336702766,0,5148.068359375,overall
2401277,0,7,round logo on surfboard,456,0.009088010204081632,0.010148571348765534,0.010645184860587,0.17867190377754077,0,7653.6376953125,overall|small|text
2401277,1,3,boy has brown curly hair,999,0.019909917091836735,0.014295724416318592,0.01683132161724921,0.08667055574861972,0,5144.2119140625,overall|small|part
2401277,2,1,ripple in ocean water,390,0.007772640306122449,0.0008944702264757808,0.000991508289194338,0.009056678185096154,0,3562.35498046875,overall|small
2401277,3,2,dirt spots on surfboard,882,0.017578125,0.03404415438807121,0.03534177632563508,0.4811178540426587,0,12006.921875,overall|small
2401277,4,0,wetsuit bottoms of kid,3204,0.06385522959183673,0.05361415894596678,0.06942865527577065,0.19053009833289442,0,8792.6005859375,overall
2401277,5,4,dark blue ocean water,4028,0.08027742346938775,0.06303494543354053,0.09599720354547189,0.1551049847115116,0,6508.13623046875,overall
2401277,6,5,dark blue ocean water,2968,0.05915178571428571,0.03634087982572851,0.051058431367047095,0.11195930830551928,0,6508.13623046875,overall
2401278,0,1,pencil holder on shelf,224,0.004464285714285714,0.00558206422221634,0.005717991838076488,0.19016379969460623,0,7449.58935546875,overall|small
2401278,1,3,section of a shelf,738,0.014708227040816327,0.0063140511352378715,0.007463787144905082,0.039375219887834254,0,3893.320068359375,overall|small
2401278,2,4,part of a drawer ,160,0.0031887755102040817,0.0053280029048451616,0.005362940620252227,0.44989919662475586,0,13422.462890625,overall|small
2401278,3,6,section of a brown surface,299,0.0059590242346938774,0.007688521772457366,0.00813282260238374,0.12337343349903324,0,4535.775390625,overall|small
2401278,4,7,red basket on top of dresser,900,0.01793686224489796,0.01968467270130243,0.021744809400331175,0.17202940199110242,0,7120.1572265625,overall|small
2401278,5,8,part of a wooden floor,180,0.003587372448979592,0.005248592754702989,0.005330188468883047,0.255321290757921,0,8622.177734375,overall|small
2401278,6,9,unsolved Rubik's cube,96,0.001913265306122449,0.002237428040035692,0.0022741891739097592,0.12158660093943278,0,5132.5166015625,overall|small
2401279,0,1,Flower centerpiece on table,512,0.01020408163265306,0.030708490436311096,0.031704259052697525,0.4943690598011017,0,7983.689453125,overall|small
2401279,1,0,Smiling couple,33166,0.6609933035714286,0.3210774687884683,0.8934660553843468,0.3338589995213472,1,12393.0478515625,overall
2401280,0,1,circular red sign with one flat white line,722,0.014389349489795918,0.0028521779746152687,0.0036209897489682947,0.013255273866521354,0,2643.0087890625,overall|small|text
2401280,1,3,red stop sign on a city street,476,0.009486607142857142,0.011973292300820164,0.012230336258538012,0.36293472161813944,0,14125.2802734375,overall|small|text
2401280,2,6,black and white sign with arrow pointing right,143,0.002849968112244898,0.01186300143931023,0.012594891454101248,0.16953667060478583,0,1924.8870849609375,overall|small|text
2401280,3,7,"red, white, and black caution sign",418,0.008330676020408163,0.014228413588691457,0.014806222031647897,0.26718460886101975,0,7542.98876953125,overall|small|text
2401280,4,0,metal divider on a pole,702,0.013990752551020409,0.021595223849844122,0.022316798730752072,0.4004418788812099,0,12596.349609375,overall|small
2401280,5,2,small black tire on a car,70,0.0013950892857142857,0.0007010564148136173,0.0007079769459981604,0.06691936765398299,0,6616.537109375,overall|small
2401280,6,4,person driving small white car,460,0.009167729591836735,0.004533441462671557,0.004952160007708047,0.050888285429581355,0,4726.94970703125,overall|small
2401281,0,1,steeple on top of church,330,0.006576849489795918,0.003931830893541063,0.004015578618995218,0.1586212851784446,0,13035.4873046875,overall|small
2401281,1,0,wintry day in front of the clock tower,26568,0.5294961734693877,0.2073961295613116,0.5480639791234765,0.25018224167701747,1,12127.857421875,overall
2401282,0,5,The text is white.,880,0.017538265306122448,0.0714145531908368,0.07735363054184297,0.4819029374556108,1,5482.2841796875,overall|small|text
2401282,1,7,the black face of the sheep,414,0.00825095663265306,0.011863899875968314,0.012082421598673619,0.3961259040279665,0,13573.1171875,overall|small|part
2401282,2,0,trough for the sheep.,279,0.005560427295918368,0.01832939780283542,0.018582219031284597,0.5739605537879424,0,8617.646484375,overall|small
2401282,3,1,hazy sky in the background.,372,0.00741390306122449,0.029800411459499233,0.031168662961622552,0.40435454665973625,0,4825.99755859375,overall|small
2401282,4,6,pasture in the distance.,126,0.0025111607142857145,0.0022925937402643332,0.0023389087085106132,0.10376286128210643,0,5589.837890625,overall|small
2401282,5,8,grass on the ground.,210,0.004185267857142857,0.0014582131149159562,0.0015496631834697034,0.024114222753615605,0,3267.79833984375,overall|small
2401282,6,3,a tree with green leaves,4264,0.08498086734693877,0.18605058859256057,0.23270769255300172,0.48131402393219397,0,8819.3173828125,overall|part
2401283,0,6,corner of street sign to exit,156,0.0031090561224489796,0.001514364429238494,0.0015309861341926477,0.12241021180764222,0,12473.001953125,overall|small|text
2401283,1,7,dust covered ford logo,357,0.007114955357142857,0.001582374818070143,0.0016794063742309186,0.02665740635548653,0,5666.701171875,overall|small|text
2401283,2,1,white house with dark roof,165,0.003288424744897959,0.006522353966772398,0.006719845142768268,0.18162248784845525,0,4459.58349609375,overall|small
2401283,3,3,clean spots on dirty SUV,777,0.015485491071428572,0.01833789142342128,0.020166556250652626,0.16821287098691884,0,6481.0966796875,overall|small
2401283,4,4,a fence alongside a road,912,0.018176020408163265,0.04253033758791268,0.04670392334439817,0.32246097765470805,0,6296.78173828125,overall|small
2401283,5,8,grass and dirt,440,0.008769132653061224,0.0011518697598317923,0.0012862678393392724,0.01090385913848877,0,3729.93701171875,overall|small
2401283,6,0,white line on road,1452,0.02893813775510204,0.011410596916341364,0.012761800732115459,0.09728585655695808,0,11068.8974609375,overall
2401284,0,0,A number sign,121,0.0024115114795918366,5.878112837620486e-05,5.974123947918199e-05,0.0036442242870646075,0,7381.017578125,overall|small|text
2401284,1,4,tracks in the snow,425,0.008470184948979591,0.02470727125677101,0.024960744916919433,0.7087130916819853,0,12067.0703125,overall|small
2401284,2,1,A man skiing on a road,11832,0.23580994897959184,0.19633950240380174,0.491960036282389,0.2462730794600976,1,5923.04833984375,overall
2401284,3,2,A clear blue sky,3750,0.07473692602040816,0.15127463121431367,0.24145263095214467,0.28827626953125,1,4477.2177734375,overall
2401284,4,3,group of evergreen trees,2522,0.05026307397959184,0.06352211666816131,0.08035567183881169,0.23267305814302885,0,7302.5517578125,overall
2401285,0,0,Both people are skiing.,27495,0.5479711415816326,0.28455764482033064,0.7093319211147329,0.32211833259456263,1,12485.89453125,overall
2401286,0,0,black and white ram face,1517,0.030233577806122448,0.029288468842050688,0.03323219081696362,0.19794827727165046,0,9036.0439453125,overall|part
2401286,1,1,sheep grazing on a dry grassy hillside,25415,0.5065170599489796,0.15886055826009826,0.5459115243866244,0.18304860026682077,1,8521.857421875,overall
2401286,2,2,A white sheep in the back eating grass,2700,0.053810586734693876,0.03331577753259698,0.04381134662217713,0.12209011501736111,0,7524.15380859375,overall
2401286,3,3,a black sheep eating grass,4108,0.08187181122448979,0.05218048368026797,0.07502634754053351,0.14629288982625366,0,8010.13525390625,overall
2401287,0,6,the surfer's hair is dark colored,264,0.0052614795918367345,0.0048531050252591384,0.005052709761202725,0.10940865314368045,0,5716.513671875,overall|small|part
2401287,1,7,legs of a man,45,0.000896843112244898,0.001421916307279344,0.0014303937894426081,0.19349502987331815,0,6087.328125,overall|small|part
2401287,2,0,green ocean water,820,0.01634247448979592,0.012876533584339413,0.01434031108621258,0.11201772922422827,0,6405.337890625,overall|small
2401287,3,2,back of person,110,0.002192283163265306,0.0007749249671212613,0.0007840667785732364,0.0623210300098766,0,8743.27734375,overall|small
2401287,4,4,back of surf board,20,0.0003985969387755102,0.0006326073248414673,0.0006335193963339908,0.3052686214447021,0,9637.23046875,overall|small
2401287,5,1,"a large, dark rock face",25606,0.5103236607142857,0.20279293616910887,0.8021876691156912,0.21346780600738108,1,6813.9375,overall|part
2401287,6,3,the shore is rocky,5740,0.11439732142857142,0.05874431514982469,0.10251170003609994,0.12094911581963197,0,6772.37744140625,overall
2401288,0,0,a glass cup is next to bowl,1584,0.031568877551020405,0.0968058162916796,0.10057590452126229,0.7208669643209438,1,11353.1494140625,overall
2401288,1,1,orange pasta,1972,0.03930165816326531,0.005261785160613501,0.008752240684866876,0.01302200108464301,0,2934.03564453125,overall
2401288,2,2,fork to the left of the plate,3925,0.07822464923469388,0.0889730004755485,0.1007097374967053,0.43293074492436306,0,16872.779296875,overall
2401288,3,3,The edge of a brown plate or tray,1020,0.02032844387755102,0.0008732063771891795,0.0010511927493561883,0.005130722475986855,0,4978.47509765625,overall
2401288,4,4,green broccoli,1320,0.026307397959183673,0.016038124606586084,0.02150868911704538,0.05931693568374172,0,3640.312744140625,overall
2401289,0,4,Short yellow pole,234,0.00466358418367347,0.004242057888867514,0.004320994958545038,0.18844946836813903,0,10205.3291015625,overall|small
2401289,1,5,'sherrif' is written on  trunk,256,0.00510204081632653,0.0008509731991314631,0.000914868458561733,0.012037775479257107,0,3368.43017578125,overall|small
2401289,2,6,part of a pole,180,0.003587372448979592,0.002894443939821731,0.0029498395679241037,0.1335467126634386,0,8149.05615234375,overall|small
2401289,3,7,back light of a car,88,0.001753826530612245,0.004798488625072009,0.004823112959377348,0.48450131849809125,0,8839.9580078125,overall|small
2401289,4,8,Short wooden post in the grass,168,0.0033482142857142855,0.005798954927144837,0.005866703863920356,0.33429159436907085,0,9572.8349609375,overall|small
2401289,5,9,License plate on a police car,130,0.002590880102040816,0.0088856055747801,0.009000190911859435,0.4110463655911959,0,5937.21044921875,overall|small
2401289,6,0,Back tire of the sheriff car.,1152,0.02295918367346939,0.02516872070217131,0.031443640145261756,0.11199559105767144,0,4103.18017578125,overall
2401290,0,0,leaves of a tree,245,0.0048828125,0.0075818239602625775,0.008042008950465914,0.1169953949597417,0,3564.267578125,overall|small|part
2401290,1,2,woman's hand holding string,380,0.007573341836734694,0.004712409446742195,0.005717125995603888,0.02611469971506219,0,1735.7647705078125,overall|small|part
2401290,2,5,top part of pole with string running through it,320,0.006377551020408163,0.006955678435477639,0.007110584191436924,0.2420131206512451,0,10891.3974609375,overall|small
2401290,3,6,sky over the colorful fabric,225,0.00448421556122449,0.007810483608597819,0.008056132758127705,0.20391482883029513,0,5695.14404296875,overall|small
2401290,4,7,tip of tree,91,0.0018136160714285715,0.0008883644719671892,0.0008944259906990369,0.11589341635232443,0,11791.138671875,overall|small
2401290,5,8,edge of a fence,10,0.0001992984693877551,4.401396229662505e-05,4.406616688791587e-05,0.03582155704498291,0,8129.03857421875,overall|small
2401290,6,9,part of a fence,56,0.0011160714285714285,0.0002546366969095348,0.0002562752553825155,0.038300556795937676,0,8369.248046875,overall|small
2401291,0,2,white sign with drwaing,168,0.0033482142857142855,0.001743383644978917,0.0018162591049877574,0.041640681879861016,0,3851.672119140625,overall|small|text
2401291,1,3,Business name visible through trees,468,0.00932716836734694,0.021846445625592553,0.02281072020207552,0.3407155224400708,0,6990.34765625,overall|small
2401291,2,6,The coin slot on the right meter.,66,0.0013153698979591836,0.0014369140262133824,0.0014684996711201723,0.06262236652952252,0,2814.489013671875,overall|small
2401291,3,1,a sign about Jesus taped to a parking meter,1225,0.0244140625,0.07318903981720529,0.08470400417426888,0.34996474908322706,1,5061.234375,overall|text
2401291,4,0,A row of shops on a city street,2323,0.04629703443877551,0.042523696113345597,0.05071887953248237,0.20834304605944629,0,9542.4208984375,overall
2401291,5,4,The pole of a parking meter,2139,0.04262994260204082,0.02249523876838893,0.027984387866320102,0.10288445756724082,0,7864.0224609375,overall
2401291,6,5,Mud guard on the back of bicycle tire,2303,0.0458984375,0.05169285009000943,0.057207736795019046,0.34905451958043854,0,14051.8154296875,overall
2401292,0,1,A guard rail along the road,510,0.01016422193877551,0.004185361251202732,0.004515743979093338,0.05411094590729358,0,6111.19287109375,overall|small|part
2401292,1,3,rear wheel of a vehicle ,280,0.005580357142857143,0.002722099931874489,0.0028509548539013365,0.056806026186261856,0,5579.07373046875,overall|small|part
2401292,2,5,licence plate on a vehicle ,96,0.001913265306122449,0.009035606755584076,0.009088776689370373,0.6070002714792887,0,6411.4267578125,overall|small
2401292,3,6,side rear view mirror on a vehicle ,63,0.0012555803571428572,0.003121993665540791,0.0031749387334263574,0.15769295465378536,0,3129.0859375,overall|small
2401292,4,8,Rock along the train track,841,0.016761001275510203,0.017652120477228275,0.018463455634156852,0.2865842259029429,0,13053.75,overall|small
2401292,5,9,windows on a train car ,345,0.006875797193877551,0.03434529865416605,0.035038809562075134,0.6344033946161685,1,6246.478515625,overall|small
2401292,6,0,train engine on tracks ,1353,0.026965082908163265,0.028386265518850828,0.031474839947876115,0.22437141457929138,0,9644.990234375,overall
2401293,0,7,part of a number plate,40,0.0007971938775510204,0.000585207929524404,0.0005936212170756578,0.03965352773666382,0,2671.97509765625,overall|small|text
2401293,1,4,Glasses on man on motorcycle,156,0.0031090561224489796,0.0027651070696595374,0.0028135450012205486,0.13838622508904871,0,7672.9716796875,overall|small
2401293,2,5,Round motorcycle headlight,840,0.016741071428571428,0.05295883747421903,0.054122816396558644,0.7111901419503348,0,11037.853515625,overall|small
2401293,3,6,engine of a bike,336,0.006696428571428571,0.013303945967000309,0.013371987337155502,0.7233433496384394,0,18175.560546875,overall|small
2401293,4,8,small circular orange indicator light,240,0.0047831632653061226,0.0016850801030462033,0.0017787613564822363,0.031003294388453166,0,4183.13037109375,overall|small
2401293,5,9,part of a jeans,88,0.001753826530612245,0.0002919818424906565,0.0002983825887998682,0.013428492979569868,0,3960.37646484375,overall|small
2401293,6,0,hand on a man,1204,0.023995535714285716,0.006730657682217885,0.009939136680036124,0.02042419807459429,0,2474.1318359375,overall|part
2401294,0,1,a man in a white shirt,345,0.006875797193877551,0.00870661271557964,0.008903965003861914,0.2820306971453238,0,10927.7822265625,overall|small|text
2401294,1,2,a white patch on a pony's head,484,0.009646045918367346,0.014291306720565661,0.01581090797076711,0.12944760598427008,0,3962.621337890625,overall|small|part
2401294,2,0,group of carotts,165,0.003288424744897959,0.006396940045936502,0.006480460601269683,0.331705497972893,0,8445.6044921875,overall|small
2401294,3,4,nose of a horse,54,0.0010762117346938774,0.0010210648476185087,0.0010310811471856242,0.09511167914779098,0,4981.208984375,overall|small
2401294,4,6,pieces of carrot ,208,0.004145408163265306,0.006078658076880477,0.006429021152912383,0.10034801409794734,0,3246.588623046875,overall|small
2401294,5,8,red lead attached to horse halter,935,0.0186344068877551,0.013093499808151098,0.01443159610449733,0.12374140285553142,0,8017.00732421875,overall|small
2401294,6,9,leg of a small horse ,2175,0.04334741709183673,0.02529947579698866,0.02974057774598105,0.14487680720186782,0,10595.189453125,overall|part
2401295,0,0,button is on shirt,28728,0.5725446428571429,0.2052482162147683,0.7881426325039311,0.2172334012929459,1,7918.212890625,overall|text
2401295,1,1,foliage in the background,1426,0.02841996173469388,0.02407763710058042,0.027419127375938993,0.16497773843259664,0,8580.078125,overall
2401296,0,0,An Airplane in a hanger,39537,0.7879663584183674,0.495155973449072,0.9250049958934464,0.5158653306554619,1,22049.359375,overall
2401297,0,0,The kite is blue and black,759,0.015126753826530613,0.01008824352972805,0.012369594824285303,0.0518621311514431,0,3182.267333984375,overall|small
2401297,1,1,upper part of a kite,176,0.00350765306122449,0.0034049714343877087,0.003453795859996586,0.1941103068265048,0,9891.5556640625,overall|small
2401297,2,3,ripples of ocean water,144,0.0028698979591836736,0.003151519757918235,0.003328091608792767,0.05607037411795722,0,2426.05517578125,overall|small
2401297,3,5,Man hovering over water,120,0.0023915816326530613,0.00234618598700687,0.002377522024339065,0.1511103312174479,0,7626.94921875,overall|small
2401297,4,6,part of a sandy beach,56,0.0011160714285714285,0.001271152792321011,0.0012761130761874935,0.24643445014953613,0,10814.3466796875,overall|small
2401297,5,7,yellow part of a kite,72,0.0014349489795918368,0.001287531420585008,0.0012978150761943693,0.13977657424079049,0,7754.5048828125,overall|small
2401297,6,2,Kite strings in the sand,10240,0.20408163265306123,0.13754853409461826,0.26692363029343324,0.2210545063018799,0,8480.3212890625,overall
2401298,0,5,a red rock in the dirt,42,0.0008370535714285714,0.0005339837495246305,0.0005375876801869325,0.07377629053025019,0,5763.90478515625,overall|small
2401298,1,0,some weeds hanging over the street,15184,0.3026147959183674,0.0367579296606178,0.165608698336539,0.04511274653315167,0,4136.20751953125,overall
2401298,2,1,the street is made of asphalt,6216,0.12388392857142858,0.08202873626704973,0.22020994206147324,0.11561056208273005,1,3263.40966796875,overall
2401298,3,2,the case has white lines,7750,0.1544563137755102,0.04084013126918514,0.09784358513323158,0.06550793850806452,0,5188.75634765625,overall
2401298,4,3,small brown wood pieces,1508,0.03005420918367347,0.014212677784580149,0.01596788365353005,0.11449493084409193,0,10812.8515625,overall
2401298,5,4,brown dirt next to a suitcase,3318,0.06612723214285714,0.10196531696541959,0.15517833525597352,0.22919705547863925,0,4900.6572265625,overall
2401299,0,0,black rimmed glasses on man's face,624,0.012436224489795918,0.012454447752084962,0.015233795837707802,0.06390152222070938,0,2617.505859375,overall|small|part
2401299,1,6,a golden door knob,36,0.0007174744897959184,0.0010880608416418008,0.0010918412324540168,0.2391100459628635,0,7883.89501953125,overall|small|part
2401299,2,7,part of a door,48,0.0009566326530612245,0.0029557167921770763,0.0029660411241639556,0.45920733610788983,0,7431.4384765625,overall|small|part
2401299,3,8,edge of a door,105,0.0020926339285714285,0.005022593425412136,0.005074090504000647,0.3310518900553385,0,6850.5771484375,overall|small|part
2401299,4,1,part of a silver bangle ,6,0.00011957908163265306,0.0003649024237467155,0.0003649753821882189,0.6460713545481364,0,10621.0673828125,overall|small
2401299,5,5,part of a beard,70,0.0013950892857142857,0.0016704515507977682,0.0017078313844596522,0.0709087576184954,0,2906.383544921875,overall|small
2401299,6,9,section of a wall a painting,120,0.0023915816326530613,0.00694681463880393,0.006968662401513561,0.6890342076619466,0,11865.1328125,overall|small
2401300,0,2,The word Travel on the wall behind the girl.,180,0.003587372448979592,0.0024983197459485856,0.0025768242513627476,0.07578951517740885,0,5294.1572265625,overall|small|text
2401300,1,1,the shoe is blue,632,0.012595663265306123,0.01217717403269596,0.013460936999130917,0.11322686642031127,0,5316.0771484375,overall|small|part
2401300,2,3,The pink design on the dress next to the girl's thigh.,253,0.005042251275510204,0.005257113909605873,0.005578396627389001,0.08364379641566823,0,3793.541748046875,overall|small
2401300,3,5,The design on the front of the girl's dress.,247,0.004922672193877551,0.003573186628200797,0.0037139054214506166,0.08617793403656376,0,5731.41943359375,overall|small
2401300,4,0,The woman is holding an umbrella.,5885,0.11728714923469388,0.09147291788187527,0.15899650150382186,0.17721852680942013,0,6559.458984375,overall
2401300,5,4,a dirty red carpet,1769,0.035255899234693876,0.038032028903074284,0.04169556985713189,0.3020906938948559,0,12816.671875,overall
2401300,6,6,pink and white patterned wallpaper,1887,0.037607621173469385,0.018272922675928498,0.021120193007233008,0.11936406477709327,0,10664.6748046875,overall
2401302,0,3,a triangular metal piece on the front of a bench leg,304,0.006058673469387755,0.004470604287861716,0.004861290449274505,0.052696171559785544,0,3295.346435546875,overall|small|part
2401302,1,6,woman has polka dotted scarf,960,0.01913265306122449,0.0575824173906861,0.05952836685292123,0.6378777821858724,0,10286.9052734375,overall|small
2401302,2,0,a pair of blue jeans on a woman,2775,0.05530532525510204,0.01905850113894469,0.030516385414917146,0.04830744562922297,0,4392.82568359375,overall
2401302,3,1,a grey and black speckled floor,2720,0.054209183673469385,0.05301383745957726,0.0818263712517715,0.13085578469669118,0,4349.79248046875,overall
2401302,4,2,bench is silver metal,1564,0.0311702806122449,0.02336015627826464,0.027116849544816614,0.14428988990881253,0,8322.109375,overall
2401302,5,4,a  white wall behind a bench,3783,0.07539461096938775,0.1719743187211059,0.1896375910301446,0.6486743480290114,0,12940.1298828125,overall
2401302,6,5,back of a laptop screen ,1596,0.03180803571428571,0.055161238939440166,0.06494052044279078,0.26809898892739664,0,6588.890625,overall
2401303,0,1,section of a snow,126,0.0025111607142857145,0.0010979399985434832,0.0011082504100333925,0.10555833483499194,0,12001.2138671875,overall|small
2401303,1,0,a striped cat,29744,0.5927933673469388,0.11487338139437708,0.7750003399116315,0.11883661476369184,1,4560.87060546875,overall
2401304,0,0,the eyes of the crow are yellow,60,0.0011957908163265306,0.004387877312174294,0.0044122298255458645,0.442897891998291,0,6022.7763671875,overall|small|part
2401304,1,4,the elongated beak is gray,400,0.007971938775510204,0.024577223172468764,0.028425392859703608,0.1536507511138916,0,2162.161865234375,overall|small
2401304,2,3,a bird's black tail,3604,0.07182716836734694,0.001627097883412353,0.003587905733587188,0.0029684420298789105,0,2981.757568359375,overall|part
2401304,3,1,bird's feet on top of the wood,3456,0.06887755102040816,0.036101454290149694,0.05457035787192901,0.09638788081981518,0,6104.34912109375,overall
2401304,4,2,the top of the wings have turquoise blue feathers,4453,0.08874760841836735,0.11801252413308284,0.20262515856577884,0.22033927158481642,0,4842.294921875,overall
2401304,5,5,wooden floor surface outdoors,3720,0.0741390306122449,0.06294369740792156,0.07222748267885062,0.32872366956485216,0,16930.564453125,overall
2401305,0,2,A silver toilet paper holder,216,0.00430484693877551,0.009177807742461257,0.00928204746958318,0.44971487257215714,0,10465.1923828125,overall|small
2401305,1,4,A white light switch on the white wall,72,0.0014349489795918368,0.0005428077838525862,0.0005484533734335139,0.05009086595641242,0,6575.84130859375,overall|small
2401305,2,0,rectangular mirror over sink,4680,0.09327168367346939,0.06991859449988648,0.1819517483010224,0.10197438297108707,0,2622.893798828125,overall
2401305,3,1,Toilet seat is up.,2275,0.04534040178571429,0.03892666078317218,0.04879201546782724,0.16144193209134616,0,7527.46923828125,overall
2401305,4,3,The white wall in the bathroom.,9000,0.17936862244897958,0.08214887823906925,0.1504831567573836,0.15319193522135416,0,9162.0048828125,overall
2401305,5,5,Black tile in the bathroom.,1656,0.03300382653061224,0.008604812828685401,0.010999355666750626,0.038023368172023606,0,5724.58056640625,overall
2401306,0,2,a black hand bag,400,0.007971938775510204,0.008691844646772128,0.00895164901593812,0.23046171188354492,0,10298.0673828125,overall|small|part
2401306,1,6,a man's right shoe,138,0.0027503188775510204,0.004048341639303169,0.004167907908721103,0.12366748201674309,0,4094.647216796875,overall|small|part
2401306,2,3,bonnet of a car,190,0.003786670918367347,0.004247426236186991,0.00430236910948899,0.24958722967850536,0,11022.2001953125,overall|small
2401306,3,4,a closed umbrella ,260,0.005181760204081632,0.008488471382604706,0.008848618782136252,0.17256692739633414,0,5070.55419921875,overall|small
2401306,4,5,part of a road,55,0.001096141581632653,0.0006638726448553711,0.0006668471713585191,0.12954991080544212,0,10684.974609375,overall|small
2401306,5,0,a woman's lace stockings ,6545,0.13044084821428573,0.0316362068833289,0.0942748943740925,0.045450260404232716,0,3155.36767578125,overall
2401306,6,1,the umbrella is open,8556,0.17051977040816327,0.13338394349281704,0.28980496248199883,0.19815487212920757,1,5850.1865234375,overall
2401307,0,1,lower part of a sculpture,132,0.0026307397959183672,0.0012121600911050468,0.0012286505397626141,0.08283316005359996,0,8899.17578125,overall|small
2401307,1,0,Shiny green and blue vase,42174,0.8405213647959183,0.06608738470086253,0.8350056475298887,0.06696181551244547,0,3382.070068359375,overall
2401308,0,3,face of a doll,216,0.00430484693877551,0.003417096979034499,0.0035686696210954676,0.07446237846657082,0,4506.96630859375,overall|small|part
2401308,1,0,This teddy bear is bright green.,806,0.016063456632653062,0.008972351717875558,0.011801114736488571,0.03608057812484855,0,2464.254150390625,overall|small
2401308,2,1,edge of a shelf,65,0.001295440051020408,0.000547559319098842,0.0005647633571059891,0.01765754039470966,0,2032.2496337890625,overall|small
2401308,3,2,floor of a shop,132,0.0026307397959183672,0.003066187257880182,0.0030824451593789316,0.36762457182913116,0,15742.8408203125,overall|small
2401308,4,4,hot pink shirts on display,180,0.003587372448979592,0.00352639558759669,0.0036106650274622836,0.13126145468817818,0,6543.68701171875,overall|small
2401308,5,7,light pink shirts on display,294,0.005859375,0.012990870062661301,0.013217615690304997,0.4309364370748299,0,9585.337890625,overall|small
2401308,6,8,tag on stuffed teddy bear,54,0.0010762117346938774,0.0021191409091691517,0.002126937437052979,0.3663321247807256,0,9300.666015625,overall|small
2401309,0,0,the girl is carrying a brown purse,1638,0.03264508928571429,0.06816969304368581,0.06891039315034418,0.8637993408501221,0,20532.509765625,overall
2401309,1,1,a sewage hole closed,10890,0.2170360331632653,0.21248092981619426,0.333267854845493,0.36958803679551194,1,12076.8134765625,overall
2401310,0,1,numbers on the plane,204,0.004065688775510204,0.0060288372967135,0.0061142588799936535,0.3014461105945064,0,10057.638671875,overall|small
2401310,1,3,the nose of the plane,988,0.019690688775510203,0.022704789045621523,0.025752923052324458,0.16095211631373355,0,6174.85986328125,overall|small
2401310,2,5,the afterburner of the plane,496,0.009885204081632654,0.004556830426352899,0.0048685532336206466,0.06644097451240785,0,6768.89453125,overall|small
2401310,3,0,one window on fighter jet,1410,0.02810108418367347,0.028546814251989187,0.03754580536195322,0.10642775948166001,0,3996.8017578125,overall|part
2401310,4,2,cloudy blue skies,4400,0.08769132653061225,0.10640598775695778,0.16465672413271276,0.23122851285067472,0,6178.94873046875,overall
2401310,5,4,the jet has a stinger on the left wing,3025,0.06028778698979592,0.027041474996560743,0.03969510392461339,0.07819704166128616,0,5959.07373046875,overall
2401311,0,2,The door opens in,1786,0.03559470663265306,0.07469316958900402,0.09472404735506626,0.2610200239055501,0,4921.47216796875,overall|part
2401311,1,0,white flowers in a pot,1824,0.03635204081632653,0.07435797428929806,0.07880534286165085,0.5685171830026727,1,13158.693359375,overall
2401311,2,1,white toilet bowl in a bathroom,2059,0.04103555484693878,0.06875683806558963,0.07682905669297548,0.39555411503232757,0,10600.75390625,overall
2401311,3,3,Wicker four legged vanity stool ,2275,0.04534040178571429,0.05968851658528968,0.07501191886796671,0.22612020303914834,0,6857.8896484375,overall
2401311,4,4,a dark brown stand to hold magazines and toiletries ,2376,0.047353316326530615,0.08578521718331812,0.10113606001666427,0.3610955697518808,0,8483.255859375,overall
2401311,5,5,The floor is made of tile,2100,0.04185267857142857,0.058650778213967025,0.08896127556674793,0.1468595668247768,1,3466.734130859375,overall
2401311,6,6,Brass three globe lighting,3195,0.06367586096938775,0.12400114203180894,0.24148961222460621,0.20310849471830986,1,2687.203125,overall
2401312,0,0,White writing on the side of bike.,132,0.0026307397959183672,0.00725500811080146,0.007271410649866721,0.7628206195253314,0,13847.701171875,overall|small|text
2401312,1,1,extended side view mirror,273,0.005440848214285714,0.005096163254066811,0.005718506921146862,0.044732257996723326,0,2135.506103515625,overall|small
2401312,2,4,round headlight turned off,170,0.0033880739795918366,0.0012099640852145435,0.0012380878017208645,0.05057234483606675,0,6944.013671875,overall|small
2401312,3,7,The black mark on a cross,77,0.0015345982142857143,0.005029170674134545,0.005092889580737703,0.28671735292905337,0,4334.91357421875,overall|small
2401312,4,2,The road the motorcycle is parked on,19401,0.3866589604591837,0.19108434260271676,0.4893361949159198,0.23868021058837174,0,9463.0947265625,overall
2401312,5,3,Multi colored sky beyond artwork.,1849,0.03685028698979592,0.024384493988215232,0.03131695114552641,0.09922525623542286,0,5858.40869140625,overall
2401312,6,5,concrete pillar on bridge,4888,0.09741709183673469,0.17477871881147777,0.2445584992163884,0.37986428218660495,1,7592.36181640625,overall
2401313,0,0,white spot on the floor,260,0.005181760204081632,0.011500842423621767,0.01188351812874305,0.26315871018629805,0,5757.66064453125,overall|small
2401313,1,3,gray edge of wall,648,0.012914540816326531,0.005509718856402011,0.005933403919473442,0.07163250299147618,0,7823.14208984375,overall|small
2401313,2,5,blue line on the dirty floor,609,0.012137276785714286,0.029357892515448243,0.03306480461746828,0.20752261307439193,0,3822.2294921875,overall|small
2401313,3,1,Two doors in the wall.,5590,0.1114078443877551,0.06685770101136186,0.10349727806550695,0.15885496736639088,0,8579.9287109375,overall
2401313,4,2,The wall has two colors.,7980,0.15904017857142858,0.06628834725488641,0.13435906424296787,0.11570238003455906,0,6871.921875,overall
2401313,5,4,small white spots on the wall,1558,0.031050701530612245,0.030817586043095212,0.037211186083545685,0.15208280316060255,0,6367.57470703125,overall
2401314,0,1,section of a hill,180,0.003587372448979592,0.0038353504866045344,0.003904609750107091,0.1777833514743381,0,8195.6982421875,overall|small
2401314,1,2,tip of a hill,60,0.0011957908163265306,0.001563813968595269,0.0015736753613789002,0.19971351623535155,0,7614.5380859375,overall|small
2401314,2,4,section of a white cap,12,0.00023915816326530612,7.125577981072623e-05,7.136904850861896e-05,0.04296813408533732,0,7224.6669921875,overall|small
2401314,3,5,a small patch of white snow,315,0.006277901785714286,0.009858848215588871,0.010075973081638523,0.31389986068483383,0,9813.291015625,overall|small
2401314,4,6,back of a man,96,0.001913265306122449,0.0011919091480888798,0.001213620166887004,0.06246452530225118,0,4941.080078125,overall|small
2401314,5,7,edge of an ocean shore,104,0.002072704081632653,0.0023622475718279483,0.0023993258000270337,0.1325924671613253,0,5747.2880859375,overall|small
2401314,6,8,section of a rocky landscape,162,0.0032286352040816328,0.0006513360690594082,0.0006667941412271872,0.027328008486900802,0,6639.4365234375,overall|small
2401315,0,7,sign hanging above the blue bus,460,0.009167729591836735,0.003609186476725717,0.0038044891188502004,0.06568848568460216,0,7942.38134765625,overall|small|text
2401315,1,3,steering wheel on the blue bus,272,0.005420918367346939,0.008563985306061134,0.008827378601967284,0.22300762288710652,0,6871.583984375,overall|small|part
2401315,2,6,bus interior window,228,0.004544005102040816,0.005223253262873576,0.005625905682297566,0.06801608570835047,0,2756.474853515625,overall|small|part
2401315,3,0,The license plate is white.,430,0.008569834183673469,0.0024738317110828668,0.002650004730611392,0.035876500329305956,0,5821.45947265625,overall|small
2401315,4,1,child in background of blue bus,147,0.0029296875,0.003892131329094099,0.003944382046513727,0.22709206821156197,0,8463.3115234375,overall|small
2401315,5,4,part of shadow of the blue bus,738,0.014708227040816327,0.009946030059924043,0.01158301076732692,0.06574929503567496,0,4189.15087890625,overall|small
2401315,6,5,man walking in convention building,384,0.007653061224489796,0.009522195034967509,0.009688684756707958,0.35655466715494794,0,14131.638671875,overall|small
2401316,0,0,Three blue containers full of mushrooms,13104,0.2611607142857143,0.06167313290490315,0.11989250123051005,0.11269242655808819,0,12317.046875,overall
2401316,1,1,The box is cardboard.,3420,0.06816007653061225,0.0659358355130933,0.11740193957435516,0.13074437191611843,0,3808.67431640625,overall
2401316,2,2,grey cement ground under the boxes,4750,0.09466677295918367,0.0520622181792717,0.1667631189992377,0.07036675061677632,0,2004.29248046875,overall
2401316,3,3,Three red apples on top of an onion ,2967,0.05913185586734694,0.011638948172317972,0.014498993285543911,0.055716169696084006,0,11401.47265625,overall
2401316,4,4,The table is blue.,3204,0.06385522959183673,0.020989932491851927,0.028039126731918,0.07705680856692806,0,8805.1962890625,overall
2401316,5,5,potato in a box,1462,0.029137436224489797,0.01973018452788822,0.022895602304224806,0.12488676976570516,0,7974.65185546875,overall
2401316,6,6,The sidewalk is dirty.,2800,0.05580357142857143,0.04118338522012625,0.06821206919435417,0.09414888654436383,0,3864.666259765625,overall
2401317,0,3,arrows on sign giving directions,782,0.01558514030612245,0.06014449268430427,0.06468383343979482,0.4615073435751678,1,5579.42724609375,overall|small|text
2401317,1,0,yellow traffic light on pole,400,0.007971938775510204,0.0042826644963751045,0.004501389368094562,0.08099879264831543,0,7197.67041015625,overall|small
2401317,2,5,a person crossing on the street,713,0.01420998086734694,0.006780799142390627,0.0072860838335999925,0.08906859067512929,0,8716.0546875,overall|small
2401317,3,6,yellow traffic light on pole,336,0.006696428571428571,0.004194117930310307,0.0043715718939552175,0.09364623115176246,0,7197.67041015625,overall|small
2401317,4,7,the front of a car,135,0.002690529336734694,0.0005491034204911924,0.0005660034348172962,0.018058095154938874,0,4307.11669921875,overall|small
2401317,5,1,vehicle driving on the street,7722,0.1538982780612245,0.11488643179156288,0.1903911998681108,0.22462296998429812,0,9110.392578125,overall
2401317,6,2,Buildings are in the background.,4746,0.09458705357142858,0.06387747785943394,0.09536337326917953,0.16210703441878688,0,8067.66748046875,overall
2401318,0,1,glass over the cockpit.,30,0.0005978954081632653,0.0004926778229686908,0.0004958910317456034,0.07066171169281006,0,4274.8330078125,overall|small
2401318,1,2,black stripe underneath wing.,260,0.005181760204081632,0.00138762409853956,0.0014829652386420843,0.021127522908724272,0,3704.17041015625,overall|small
2401318,2,4,blue circle with white star,528,0.010522959183673469,0.0028428502715970136,0.003119685053091382,0.03104195450291489,0,5253.7841796875,overall|small
2401318,3,5,pilot inside the plane.,42,0.0008370535714285714,0.0018202204927790194,0.0018296417829235538,0.26117040997459773,0,5995.24853515625,overall|small
2401318,4,0,yellow tail with red lion on airplane,1113,0.022181919642857144,0.010456134860804808,0.01102809713443937,0.1677807502026828,0,16933.109375,overall|part
2401318,5,3,propeller on the front of a plane,2387,0.047572544642857144,0.019292529945279226,0.027906333624713828,0.058825693821677315,0,5031.72265625,overall
2401318,6,6,clear blue sky,5724,0.11407844387755102,0.15225524863560838,0.21633349741399027,0.3395095281381027,0,8983.1328125,overall
2401319,0,1,designer tile border on counter,114,0.002272002551020408,0.0004120774048219744,0.0004163693457397048,0.03843972975747627,0,10524.6201171875,overall|small
2401319,1,6,beige wall phone ,200,0.003985969387755102,0.006518089927122693,0.006694111418297127,0.19864313125610353,0,5934.86181640625,overall|small
2401319,2,8,A kitchen sink is visible.,759,0.015126753826530613,0.012101223532686787,0.012809295972247853,0.1795987014871027,0,10641.9130859375,overall|small
2401319,3,9,metal fixture on wall,44,0.0008769132653061224,0.0015974624456751223,0.001603917822273434,0.2841338677839799,0,7794.59521484375,overall|small
2401319,4,5,two panel kitchen window,1176,0.0234375,0.1149758797958658,0.11817263877585939,0.8095326326331314,1,8056.09814453125,overall|part
2401319,5,0,Cabinets are on the wall.,6324,0.1260363520408163,0.08739543514377265,0.26510473595373313,0.11533824286077839,1,2751.36181640625,overall
2401319,6,2,white wall with grey floorboards,3013,0.060048628826530615,0.07320006281169307,0.11415614203482136,0.16945537031587082,0,4472.5498046875,overall
2401320,0,0,Two people are surfing,7107,0.14164142219387754,0.20774626655456677,0.258020796260136,0.5160204617806388,1,14213.41796875,overall
2401320,1,1,A cloud in the sky.,8307,0.16555723852040816,0.2790929954363532,0.49687998915327203,0.38903289864722523,1,6503.9775390625,overall
2401320,2,2,Water in the ocean.,3672,0.07318239795918367,0.01822996668284491,0.028753276615619595,0.047447129791858146,0,6059.33935546875,overall
2401320,3,3,Ripples in the water.,5031,0.1002670599489796,0.15071334237772518,0.26526752957101146,0.25870989028181524,0,4906.62939453125,overall
2401321,0,0,a pedestrian directional sign,319,0.006357621173469388,0.01771553757830638,0.01823539736387114,0.3832556267143417,0,6704.462890625,overall|small|text
2401321,1,2,train on the track pulling into the station,84,0.0016741071428571428,0.0007087821134814324,0.0007138517856341001,0.09074574425106957,0,10678.1865234375,overall|small
2401321,2,4,outside board posted with train schedules,96,0.001913265306122449,0.0009790626925665266,0.0010024380981531,0.04029460002978643,0,3858.873291015625,overall|small
2401321,3,5,the back of a parked van,224,0.004464285714285714,0.007973338759368745,0.00812715589864388,0.2964104243687221,0,8169.6396484375,overall|small
2401321,4,7,group of people waiting on platform for train,104,0.002072704081632653,0.002964688797740926,0.0029935051729990583,0.23546118002671462,0,8180.3642578125,overall|small
2401321,5,9,A bench sitting in the train station.,180,0.003587372448979592,0.004307372580381847,0.0044638735450438114,0.10941630469428168,0,4412.07275390625,overall|small
2401321,6,1,Yellow and white train.,4312,0.0859375,0.0845058423459977,0.11903451582994734,0.2256024135950545,0,8172.3994140625,overall
2401322,0,0,two metal handles to wooden cabinets,224,0.004464285714285714,0.015420733044810392,0.015524320288695553,0.6979819706508091,0,10071.1630859375,overall|small
2401322,1,6,Blue Moon beer on counter,264,0.0052614795918367345,0.0021419086221813816,0.0021916518534465254,0.08623308846444795,0,10387.38671875,overall|small
2401322,2,2,the door is white,2294,0.04571906887755102,0.12405215929710761,0.17259224612713833,0.30607976140202703,1,4068.24169921875,overall|part
2401322,3,5,white cabinet with glass door,1836,0.03659119897959184,0.06770480699863508,0.07709968988100432,0.35717101917807054,0,8505.4296875,overall|part
2401322,4,1,Oven,4554,0.09076052295918367,0.005622583841676359,0.012524809064958469,0.010099720944424287,0,3672.241943359375,overall
2401322,5,3,lady is wearing a jacket,8712,0.17362882653061223,0.48660610027486645,0.5878176248985396,0.7386384373744548,1,10947.3037109375,overall
2401322,6,4,the man is wearing eyeglasses,1715,0.0341796875,0.03774539630164597,0.0610845029773416,0.08990757889372267,0,2524.232666015625,overall
2401323,0,0,a toilet in the bathroom,20550,0.40955835459183676,0.1290043600732334,0.4041271722256496,0.15930650994145376,0,8100.78857421875,overall
2401323,1,1,another metal pipe on the wall,2520,0.05022321428571429,0.08252819024852742,0.11801244676128425,0.2153599330357143,1,4598.72705078125,overall
2401323,2,2,Brown tile wall in bathroom,2365,0.04713408801020408,0.01395942660775763,0.01587336885027139,0.10376047533611919,0,15459.4482421875,overall
2401324,0,1,white plates on top of table,840,0.016741071428571428,0.029023511474063863,0.03031844884230833,0.4045950753348214,0,11209.671875,overall|small
2401324,1,2,man wearing grey tie,780,0.015545280612244899,0.007986445653385518,0.009981798281639661,0.03841751049726437,0,3002.030029296875,overall|small
2401324,2,3,two champagne glasses ,171,0.0034080038265306123,0.0007940709683413854,0.0008154044741023985,0.02945676602815327,0,6177.43359375,overall|small
2401324,3,4,pearl earring on woman's ear,90,0.001793686224489796,0.0030595844729645696,0.0032226824942427693,0.05700843069288466,0,1592.0770263671875,overall|small
2401324,4,6,The red flower is a decoration on the cake.,220,0.004384566326530612,0.00013815660839607883,0.00014104929795195786,0.006691521948034113,0,10437.0234375,overall|small
2401324,5,8,pink and yellow ball decorations ,550,0.010961415816326531,0.002733324053442671,0.0029178318663194134,0.041434163180264556,0,7810.17919921875,overall|small
2401324,6,9,The yellow flower is a decoration on the cake.,117,0.002331792091836735,0.0018993545084353574,0.0019180509879885078,0.16307672679933727,0,9947.5859375,overall|small
2401325,0,0,The woman is wearing a white shirt with black sleeves,363,0.00723453443877551,0.012945655200901025,0.01409531147334381,0.13697847518710723,0,3527.64013671875,overall|small|text
2401325,1,5,The sign on the wall says Claro,504,0.010044642857142858,0.014243696817653412,0.015604876663569533,0.1403713377695235,0,4533.65673828125,overall|small|text
2401325,2,1,a red motorcycle between a blue and black motorcycle,989,0.01971061862244898,0.023818737006214254,0.02554868593217097,0.26022706065549167,0,10073.4951171875,overall|small
2401325,3,6,blue and black motor bike next to a building,912,0.018176020408163265,0.0023708042104703593,0.0026721325206468132,0.0205910184927154,0,7027.7236328125,overall|small
2401325,4,2,the building has a window,4620,0.09207589285714286,0.15349689888197876,0.18970016597227451,0.44576928605248917,0,10856.3642578125,overall|part
2401325,5,3,the motorcycle is red and black,3213,0.06403459821428571,0.04204782590651308,0.05627451072405835,0.14260436840751925,0,8142.013671875,overall
2401325,6,4,black bike next to a red building,1475,0.02939652423469388,0.013015021075891767,0.015998293359517406,0.06524165783898304,0,6015.10693359375,overall
2401326,0,3,roof of a house,117,0.002331792091836735,0.0010730094276965442,0.0010791836185344626,0.15793073279225928,0,17122.10546875,overall|small
2401326,1,6,lower chin of a man,12,0.00023915816326530612,0.0006023624152264802,0.0006039248839298105,0.18885481357574463,0,3752.549072265625,overall|small
2401326,2,7,a section of a wall.,161,0.003208705357142857,0.0008510674591045883,0.0009067044720444924,0.013679927920702821,0,2429.091796875,overall|small
2401326,3,9,ceramic vase near a wall,204,0.004065688775510204,0.0020030832560772598,0.002060345779356178,0.06722712516784668,0,6656.326171875,overall|small
2401326,4,1,Windows on the door,5320,0.10602678571428571,0.14326419594435721,0.19704079598728064,0.34423171882342574,0,9294.0791015625,overall|part
2401326,5,2,a door is open next to the man,7176,0.14301658163265307,0.04102790812432934,0.10334989078407945,0.06370325843360246,0,4423.17431640625,overall|part
2401326,6,5,mans head on a body,2304,0.04591836734693878,0.02549971017719691,0.03368135767955026,0.09500179025861952,0,6498.6728515625,overall|part
2401327,0,1,bicycle peddle ,324,0.0064572704081632655,0.009656352903747634,0.009900983313645625,0.28100166791751063,0,9195.5048828125,overall|small
2401327,1,0,the truck is yellow,36023,0.7179328762755102,0.19323737886455664,0.7698890654600798,0.20508219141243095,1,9595.7666015625,overall
2401328,0,0,The ball in mid air,84,0.0016741071428571428,0.004618036568618161,0.004657159931370889,0.35472256796700613,0,6398.0400390625,overall|small
2401328,1,1,Large field for playing baseball,33896,0.6755420918367347,0.10189378487870858,0.47489182904968624,0.11483167549729319,0,8196.2548828125,overall
2401328,2,2,telephone wires suspended on poles,1887,0.037607621173469385,0.05596721688404846,0.06490578178085277,0.28896265075392485,0,8400.9853515625,overall
2401329,0,3,BROWN CRUST OF A CAKE,209,0.004165338010204082,0.007158633083793471,0.007344692507463346,0.22032574375280353,0,6269.572265625,overall|small
2401329,1,4,CHOCOLTAE CAKE ICING,630,0.012555803571428572,0.0056251340695140685,0.0061077751963468496,0.0664548843625992,0,6854.63623046875,overall|small
2401329,2,6,AIR POCKET IN A YELLOW CAKE,110,0.002192283163265306,0.0007772195754055488,0.0007903030083953107,0.04484258131547408,0,6241.509765625,overall|small
2401329,3,5,SILVER HANDLE OF A FORK,5044,0.10052614795918367,0.045801319838789115,0.10426971440342106,0.07551205035337467,0,3652.861083984375,overall|part
2401329,4,0,the edge of a piece of cake ,1104,0.022002551020408163,0.003038490940472164,0.004601781900452748,0.008864964264026587,0,2126.767578125,overall
2401329,5,1,crumbly texture of vanilla cake ,1378,0.027463329081632654,0.054050001182109564,0.05692769081910917,0.5167308525007938,0,12508.0625,overall
2401329,6,2,prongs of a fork ,2600,0.05181760204081633,0.028676485997080458,0.03366503967868071,0.16214366032527044,0,12522.5908203125,overall
2401330,0,2,wheel of the plane,378,0.007533482142857143,0.013990065354063422,0.01419349223787369,0.4939563892505787,0,13155.0087890625,overall|small|part
2401330,1,1,specks of yellow on the side of the plane,702,0.013990752551020409,0.0049708511642099305,0.005517790139021699,0.047753630200682205,0,6075.4482421875,overall|small
2401330,2,3,the front landing gear of the jet,112,0.002232142857142857,0.00041358152452833233,0.00042125712917777093,0.02219464523451669,0,5900.90966796875,overall|small
2401330,3,4,green grass next to cement,783,0.015605070153061224,0.036505878666946365,0.03922886007452967,0.3446597979900024,0,6879.3388671875,overall|small
2401330,4,5,the tarmac marker cones,21,0.0004185267857142857,0.00043031143362014777,0.00043306251466190013,0.06344034558250791,0,3076.33935546875,overall|small
2401330,5,6,nondescript buildings,980,0.01953125,0.012026057527078634,0.013781743179839438,0.08625888435208068,0,6133.74560546875,overall|small
2401330,6,7,Pilot sitting in the back seat,187,0.0037268813775510204,0.009160874276933639,0.00926727257832082,0.4437987791663185,0,8955.2099609375,overall|small
2401331,0,0,black and white flower shaped knob,520,0.010363520408163265,0.01164069786977528,0.012707630663254407,0.12176372087918795,0,4982.607421875,overall|small
2401331,1,6,person wearing a floral shirt,2120,0.04225127551020408,0.04558130629856238,0.05478172380098089,0.21346743601673054,0,8260.984375,overall|text
2401331,2,7,number keys on cell phone,2242,0.04468271683673469,0.05815898063592705,0.06840978080545929,0.27960637932266114,0,9163.5654296875,overall|text
2401331,3,3,this is a hand,2756,0.05492665816326531,0.02929328115053667,0.04471616151020585,0.07828253204832922,0,4824.802734375,overall|part
2401331,4,1,display area on small cell phone,2592,0.051658163265306124,0.031031185183350032,0.03817085840708322,0.14229507210813921,0,9662.576171875,overall
2401331,5,2,this is a jacket,1333,0.026566485969387755,0.011122572308680224,0.014932556604585197,0.041771982454842226,0,3728.90283203125,overall
2401331,6,4,orange fall colored sweater,2378,0.04739317602040816,0.12969069420890716,0.1433805736804452,0.5759678769251998,1,9552.560546875,overall
2401332,0,0,A lot of meat is in the sandwich.,17286,0.34450733418367346,0.09793019394117347,0.2542148442538187,0.137406527161612,0,9343.314453125,overall
2401332,1,1,The bowl has cut tomatoes in it.,3854,0.07680963010204081,0.027483369371894953,0.0328796825957197,0.14343659223270466,0,16812.955078125,overall
2401332,2,2,White doily sitting on white surface.,1320,0.026307397959183673,0.023274593667258415,0.027432132818930244,0.13312558260830967,0,6405.8369140625,overall
2401333,0,0,black and white sign on front of train,88,0.001753826530612245,0.00863685842990258,0.008723996146448325,0.4637204950506037,0,4677.6044921875,overall|small|text
2401333,1,5,The text is red.,165,0.003288424744897959,0.00032269993457959727,0.0003332052865072894,0.010131590294115471,0,5017.064453125,overall|small|text
2401333,2,3,rock and gravel on ground on the side of train ,546,0.010881696428571428,0.013512443230466912,0.014077765453725206,0.2517711653377547,0,9764.8349609375,overall|small
2401333,3,6,trees next to a train track,648,0.012914540816326531,0.0016521068203315806,0.0017447669482403862,0.030170199311809774,0,11205.1005859375,overall|small
2401333,4,1,The tracks are brown.,2112,0.042091836734693876,0.013660504924937275,0.016380694042113467,0.07600943247477214,0,9800.068359375,overall
2401333,5,2,The sky is blue.,17640,0.3515625,0.07476660105570473,0.7931937206693841,0.07625304760576106,1,1695.807373046875,overall
2401333,6,4,Graffiti on the train car.,1221,0.0243343431122449,0.11781717226022594,0.12145474614829568,0.7973160927262489,1,8015.52001953125,overall
2401334,0,2,an american flag on the wall,4270,0.08510044642857142,0.1350058384730453,0.17101765446101572,0.3906650516411739,0,9754.1962890625,overall|text
2401334,1,0,Military men posing for picture with medals around their necks,27192,0.5419323979591837,0.45379648645611387,0.9006673394501377,0.4777047678315313,1,14422.359375,overall
2401334,2,1,beams on the ceiling of a building,4914,0.09793526785714286,0.19645659688940562,0.22422973433061857,0.6133197043841575,1,13440.916015625,overall
2401335,0,4,rectangular window ,936,0.01865433673469388,0.04461848130722211,0.048980641568489476,0.3337774358244024,0,6378.35009765625,overall|small|part
2401335,1,0,part of a lounge,35,0.0006975446428571429,0.0003261886158495959,0.000327636750931709,0.06872728892735072,0,7341.83544921875,overall|small
2401335,2,2,light blue pillows ,912,0.018176020408163265,0.06676979693207603,0.06790240462892932,0.8001199688827783,0,10746.4443359375,overall|small
2401335,3,3,silver part on a seat,204,0.004065688775510204,0.008155108870958426,0.008345582700533935,0.26325128592696845,0,6434.9326171875,overall|small
2401335,4,5,white part of a seat,56,0.0011160714285714285,0.0005157865601625074,0.0005200087410097459,0.05973050424030849,0,6432.40771484375,overall|small
2401335,5,6,part of a blue surface,104,0.002072704081632653,0.0014368537327891034,0.001475708272001392,0.05174817030246441,0,3646.933349609375,overall|small
2401335,6,8,a silver and white bench stool,660,0.013153698979591837,0.0194893325990746,0.020488910452568936,0.2854508371064157,0,9195.0986328125,overall|small
2401336,0,4,the helmet is closed,156,0.0031090561224489796,0.004037673073133131,0.004101971952262432,0.20482507118811974,0,7789.59765625,overall|small|part
2401336,1,0,this is knee cap,135,0.002690529336734694,0.001970725334902838,0.002055270217892183,0.04571771974916811,0,3002.958984375,overall|small
2401336,2,5,grass on side of the road.,510,0.01016422193877551,0.032503500987183256,0.03312646385471051,0.6334841859106924,1,9752.8349609375,overall|small
2401336,3,6,the bike has a white stripe,308,0.006138392857142857,0.009421278707675887,0.00959425383167113,0.34321207814402394,0,11017.982421875,overall|small
2401336,4,7,he is wearing gloves,143,0.002849968112244898,0.004486014993933909,0.004544332524368537,0.25902215917627297,0,8150.84912109375,overall|small
2401336,5,8,white barrier along the road.,250,0.0049824617346938774,0.007254972728257204,0.007574219668451551,0.1468495330810547,0,4847.0185546875,overall|small
2401336,6,9,shade on the road.,621,0.012376434948979591,0.011706249074355291,0.0128505446657434,0.11618792645981155,0,5614.75830078125,overall|small
2401337,0,3,the leaves are bright,4845,0.09656010841836735,0.1891574966397271,0.3717701587722554,0.2780275453108875,1,3623.3232421875,overall|part
2401337,1,0,a long elephant trunk,5310,0.10582748724489796,0.1073425522556589,0.13110406708660075,0.3719627021171728,0,15065.298828125,overall
2401337,2,1,Little green plants on the ground.,2385,0.047532684948979595,0.118467176712847,0.12846352071632736,0.6035565198342505,0,11205.3779296875,overall
2401337,3,2,Patterned hide of an elephant,7221,0.14391342474489796,0.1883987270612646,0.25342013198731433,0.42339241800174837,0,12064.2216796875,overall
2401338,0,0,the bread is toasted,19493,0.388492506377551,0.21518370304205028,0.6137029684673648,0.24889618829515722,1,7905.67041015625,overall
2401338,1,1,the cup has soup,5405,0.10772082270408163,0.052505080528029484,0.11138288061493483,0.09035271883672526,0,4384.48388671875,overall
2401338,2,2,Green chair next to table.,3456,0.06887755102040816,0.11154428720028069,0.12278460886256895,0.5492375691731771,0,15459.3076171875,overall
2401339,0,2,large door on a building ,759,0.015126753826530613,0.011927895251058392,0.01344787851597375,0.09545704435768178,0,5387.60791015625,overall|small|part
2401339,1,3,windshield of orange train engine,200,0.003985969387755102,0.009190271538171157,0.009625712640508315,0.1688532829284668,0,3508.3798828125,overall|small
2401339,2,4,top of tall green evergreen tree,744,0.01482780612244898,0.025266518408270225,0.027901665065096122,0.21106336450064053,0,5628.0205078125,overall|small
2401339,3,5,small windows on a building ,168,0.0033482142857142855,0.004058720077479452,0.004242714290430622,0.08558038870493571,0,3388.751708984375,overall|small
2401339,4,0,the tracks are dark,23192,0.4622130102040816,0.3275015498231296,0.6295485185769891,0.4056826825386987,1,14944.984375,overall
2401339,5,1,electrical wire above the ground ,2820,0.05620216836734694,0.06379021450893808,0.08106011165687058,0.23042208624224292,0,8016.1533203125,overall
2401339,6,6,black power line and electric tower,5037,0.10038663903061225,0.06268993770220006,0.09093521914620907,0.1679350273794235,0,9302.1025390625,overall
2401340,0,4,Person has dark hair.,264,0.0052614795918367345,0.017795594640026134,0.01845522309527871,0.3323937329378995,0,4754.85693359375,overall|small|part
2401340,1,9,shoe on man's foot.,180,0.003587372448979592,0.01819780430630662,0.018535432194890893,0.4997601826985677,0,4853.236328125,overall|small|part
2401340,2,1,bus tire in the water.,56,0.0011160714285714285,0.0012620459758161684,0.001265997683527671,0.2879106657845633,0,12735.408203125,overall|small
2401340,3,2,the trousers are folded,40,0.0007971938775510204,0.0003072212118137943,0.00031000796925050874,0.03304686844348907,0,4264.00244140625,overall|small
2401340,4,3,rocks on the shore.,576,0.011479591836734694,0.015555878472213992,0.017397132234868003,0.12814529736836752,0,4242.75048828125,overall|small
2401340,5,5,Person wearing big sweater.,540,0.010762117346938776,0.0015381373081100554,0.0016082515222686003,0.03407883114284939,0,11442.59375,overall|small
2401340,6,0,Large object on top of bus.,1722,0.03431919642857143,0.08857357203069366,0.09914041557066654,0.4538552597701619,0,7883.14990234375,overall
2401341,0,3,black letters on the bus,476,0.009486607142857142,0.0032264740262908913,0.0034869684375170903,0.04140135821174173,0,5651.62744140625,overall|small|text
2401341,1,0,Marquee display on the side of the bus.,234,0.00466358418367347,0.010843686892486165,0.011159697985273392,0.2769011473044371,0,5806.14892578125,overall|small
2401341,2,6,yellow step ,264,0.0052614795918367345,0.001315225740381196,0.0013651604539661967,0.03470881418748335,0,6712.12451171875,overall|small
2401341,3,7,J222 in blue on the front of a bus,143,0.002849968112244898,0.0005193459646678197,0.0005260942448249675,0.038912586398891634,0,10577.001953125,overall|small
2401341,4,8,Back tire on the side of the bus.,275,0.0054807079081632655,0.0051441492760624305,0.005385998015774806,0.1027855751731179,0,5248.05859375,overall|small
2401341,5,9,Front tire on the side of the bus.,816,0.016262755102040817,0.012190239547471103,0.013617352218757732,0.10419784807691387,0,6243.904296875,overall|small
2401341,6,2,Sign that reads Tesco Free Bus,1012,0.020169005102040817,0.00846101200533341,0.009244465801170365,0.09077421195893419,0,9937.134765625,overall|text
2401342,0,9,Window on a door,675,0.013452646683673469,0.012098247068337148,0.015719729342903162,0.04989453351056134,0,2142.454833984375,overall|small|part
2401342,1,0,spice rack with jars on it,448,0.008928571428571428,0.018693937889403562,0.01918789882536141,0.4206812722342355,0,9822.0869140625,overall|small
2401342,2,6,Iron skillet hanging from ceiling,560,0.011160714285714286,0.02388287713043577,0.025936841548928734,0.23170640127999442,0,5002.751953125,overall|small
2401342,3,8,metal cabinet hinge,100,0.001992984693877551,0.0007917117026767379,0.0007990306330260709,0.07955723285675048,0,9956.71875,overall|small
2401342,4,1,Stainless steel double door fridge,3807,0.07587292729591837,0.10837020720610904,0.14076806158705094,0.32012864101080246,0,8657.71484375,overall|part
2401342,5,2,cutting board on countertop,1344,0.026785714285714284,0.027420637903902444,0.03018203536204858,0.23059592928205216,0,10268.390625,overall
2401342,6,3,various items on shelf,1092,0.021763392857142856,0.03572398709222742,0.04319870681539895,0.17112870268769317,0,4325.8828125,overall
2401343,0,1,calm gray waters in the bay,500,0.009964923469387755,0.02004009151441244,0.021596087066624785,0.2176142578125,0,5038.27978515625,overall|small
2401343,1,2,white and blue building,924,0.018415178571428572,0.005719456769234058,0.006583699535119331,0.04175104826559752,0,5859.61865234375,overall|small
2401343,2,3,red thing in the water,650,0.012954400510204082,0.023598261832564714,0.02603883574929262,0.20113328200120192,0,5020.83251953125,overall|small
2401343,3,0,There are trees on the land,18020,0.3591358418367347,0.2828622509832333,0.749088437553612,0.31246740275561874,1,7516.68603515625,overall
2401343,4,4,large white boat in the water,3128,0.0623405612244898,0.061102363763540175,0.07588899458959697,0.23872970620079723,0,9839.984375,overall
2401343,5,5,The motor boat is black and white,2170,0.043247767857142856,0.12299562839996944,0.14782853417252742,0.42269422118015554,1,6204.7998046875,overall
2401343,6,6,large gray home on the shore,1672,0.033322704081632654,0.008986087210850821,0.01029827875666161,0.06587817452170631,0,10695.7978515625,overall
2401344,0,1,ripples in the water,475,0.009466677295918368,0.0037330586552207687,0.0038652852879469428,0.09838901720548932,0,12090.9013671875,overall|small
2401344,1,0,four birds standing,19323,0.38510443239795916,0.04367226959745492,0.21714246999940717,0.051833469181804065,0,4612.5390625,overall
2401344,2,2,Concrete on the side of the water,2610,0.05201690051020408,0.07417799773594813,0.08837747165381897,0.31585740129609674,0,9328.03125,overall
2401344,3,3,crack in concrete by water,1472,0.029336734693877552,0.01761087286266253,0.028051554764019063,0.045178434123163635,0,2370.729736328125,overall
2401345,0,0,Nut and bolt on top of fire hydrant,30,0.0005978954081632653,0.0010972973154961222,0.00109913349921721,0.3964408874511719,0,10820.5478515625,overall|small
2401345,1,3,car tire with hubcap,171,0.0034080038265306123,0.002804657459376446,0.0028939666819121778,0.08331042284156844,0,4922.68359375,overall|small
2401345,2,7,fresh gum on sidewalk,414,0.00825095663265306,0.010234147080203655,0.010887500716105093,0.1456949538078861,0,5540.087890625,overall|small
2401345,3,1,the road is wet,6900,0.13751594387755103,0.11467355649766575,0.19573662028869235,0.216849170629529,0,7644.248046875,overall
2401345,4,2,Grayish colored sidewalk,2928,0.05835459183673469,0.07814920416980349,0.0986578739750193,0.2732242521692495,0,8108.8369140625,overall
2401345,5,4,Red fire hydrant,6603,0.1315967793367347,0.08977136071582816,0.17843143789609234,0.15302180131781956,0,5662.69580078125,overall
2401345,6,5,dirty line in the sidewalk,5520,0.11001275510204081,0.05967365325658263,0.09788782104572846,0.1325901418492414,0,7476.9013671875,overall
2401346,0,0,part of a glass of wine,2484,0.049505739795918366,0.07575286598372574,0.09386638540208134,0.28189821596498843,0,7459.9140625,overall
2401346,1,1,salt shaker with finger puppet,8256,0.16454081632653061,0.05502268579292882,0.1323786476220802,0.08605679061061652,0,5367.0654296875,overall
2401346,2,2,Lights in the ceiling.,1740,0.034677933673469385,0.021143999581074158,0.03147239562951608,0.06052951593508665,0,3346.4677734375,overall
2401346,3,3,A horse shaker cover.,3060,0.06098533163265306,0.1332201206571002,0.14929790597664266,0.5529884487974878,0,11334.0146484375,overall
2401346,4,4,painting hanging on wall,1144,0.022799744897959183,0.05459748949516203,0.08711639268247107,0.1276004231059468,0,1675.6304931640625,overall
2401347,0,1,clear water bottle sitting in seat to chair,480,0.009566326530612245,0.0019796695258202366,0.0020924490777495413,0.0354284127553304,0,8127.1455078125,overall|small
2401347,1,3,a section of a wooden floor.,72,0.0014349489795918368,0.0023264564355259393,0.0023350289713848916,0.3878893322414822,0,11960.46484375,overall|small
2401347,2,4,coffee cup on desk,377,0.007513552295918368,0.012149694386826324,0.012610263173184656,0.24961865169616212,0,7462.669921875,overall|small
2401347,3,6,white cordless phone on chair,204,0.004065688775510204,0.0010473475837646262,0.0010799118232244817,0.03356680683061188,0,6340.91455078125,overall|small
2401347,4,2,mini blinds in a window.,2650,0.052814094387755105,0.2333440826959557,0.2450307180211702,0.8302917710790094,1,8979.5810546875,overall|part
2401347,5,5,a large door in a room.,3741,0.07455755739795919,0.009791057582139715,0.019475921338359653,0.01930928376867503,0,3708.99169921875,overall|part
2401347,6,0,black computer monitor screen,6171,0.12298708545918367,0.2010885412567533,0.454711443405504,0.26498932839212647,1,3596.23486328125,overall
2401348,0,6,Logo on front of white shirt,90,0.001793686224489796,0.0015454738118707715,0.00156526175444007,0.10893274943033854,0,6263.45556640625,overall|small|text
2401348,1,1,blue and white advertising wall sign,2080,0.04145408163265306,0.07625690641248715,0.0855043522149198,0.41352128248948317,0,10059.4208984375,overall|text
2401348,2,2,Man wearing a red bandana on his head,1224,0.024394132653061226,0.06419218142522426,0.06825521502978142,0.5188535802504596,1,9304.443359375,overall|part
2401348,3,0,the socks are white,4416,0.08801020408163265,0.042074061548993895,0.07377906784745068,0.0891771662062493,0,5337.6435546875,overall
2401348,4,3,the line is white,1500,0.029894770408163265,0.052094329353108974,0.06489412610191893,0.2089326171875,0,4829.38818359375,overall
2401348,5,4,green turf on tennis court,3481,0.06937579719387756,0.06199967057822137,0.08071530350787205,0.21097519766904266,0,9098.7041015625,overall
2401348,6,5,Concrete wall in between blue advertisement signs,4360,0.08689413265306123,0.05747454731664618,0.09920631032875184,0.12020672439435207,0,5282.943359375,overall
2401349,0,7,the acer computer logo,221,0.004404496173469388,0.005598114052455263,0.005955500924558181,0.0853271484375,0,3166.36669921875,overall|small|text
2401349,1,0,power display is green,130,0.002590880102040816,0.0019157123814181071,0.0019476464344712146,0.10461548291719877,0,6982.79345703125,overall|small
2401349,2,1,a blue duffle bag,980,0.01953125,0.00593992946978498,0.006431700936919754,0.07208609289052535,0,10983.77734375,overall|small
2401349,3,2,Wall outlets on wall,720,0.014349489795918368,0.08919275305195443,0.09054693795254128,0.856400892469618,0,6809.8232421875,overall|small
2401349,4,3,cat sleeping in photograph,7392,0.14732142857142858,0.3192027400958359,0.3948852400544734,0.6248344652580492,0,11696.5029296875,overall
2401349,5,4,bottom wheels of black office chair,2418,0.04819036989795918,0.0014956644197964416,0.00281464744826121,0.0031815227937658924,0,2733.17431640625,overall
2401349,6,5,purple and green graphs on a computer screen,6177,0.12310666454081633,0.10881964419295911,0.17582398639043065,0.22212295075228672,0,7803.5625,overall
2401350,0,5,orange t-shirt on boy's torso.,259,0.005161830357142857,0.010011383559334164,0.010123530065432632,0.47471636326616795,0,12145.125,overall|small|text
2401350,1,8,ID tag of man wearing red and black shirt,624,0.012436224489795918,0.0048600604425719065,0.0055362310364417055,0.038269516749259755,0,4313.43603515625,overall|small|text
2401350,2,9,Writing on black sweatshirt of man playing Wii,874,0.017418686224489797,0.01671652195953332,0.018056086557525178,0.18388878235282288,0,8901.0869140625,overall|small|text
2401350,3,0,black hair on girl's head.,162,0.0032286352040816328,0.007671283104073856,0.007895425246769007,0.2127357765480324,0,4364.95751953125,overall|small|part
2401350,4,6,shoe on boy's foot.,96,0.001913265306122449,0.003960794511123703,0.0041104888105319235,0.09809183080991109,0,2290.923583984375,overall|small|part
2401350,5,2,yellow paint on the wall.,54,0.0010762117346938774,0.007398950761804793,0.007409988483992975,0.8324161105685763,0,6066.19970703125,overall|small
2401350,6,4,white cord for the controller.,442,0.008808992346938776,0.016942422473182988,0.017269024937149435,0.47252554915069994,0,12094.2724609375,overall|small
2401351,0,9,"white sign reading, ""one car per green""",270,0.005381058673469388,0.016144383564603796,0.016515721069999597,0.4179422449182581,0,6832.544921875,overall|small|text
2401351,1,1,back wheel  of  truck,8,0.00015943877551020407,0.00034448259298135837,0.0003445903489314313,0.5241750478744507,0,12169.2333984375,overall|small|part
2401351,2,0,a taillight on a truck,54,0.0010762117346938774,0.001484305921720702,0.0015239821295172404,0.05393775304158529,0,1911.20263671875,overall|small
2401351,3,2,part of a bolt,40,0.0007971938775510204,0.001476825992900555,0.0014830830959886813,0.2592828989028931,0,6993.078125,overall|small
2401351,4,4,a section of a freeway.,630,0.012555803571428572,0.00310341720689052,0.003340319541721825,0.04192363799564422,0,7906.99560546875,overall|small
2401351,5,5,a patch of clear sky.,420,0.008370535714285714,0.011532869835822105,0.012109357262441563,0.1950108119419643,0,6763.73974609375,overall|small
2401351,6,6,part of the sky,784,0.015625,0.0308897757531456,0.03305555444895459,0.32040300174635283,0,7599.20556640625,overall|small
2401353,0,2,window in a yellow house,60,0.0011957908163265306,0.00235870407118834,0.0023731666846040873,0.27903982798258464,0,7054.873046875,overall|small|part
2401353,1,4,window in a white house,98,0.001953125,0.0031703481715722546,0.0031919116414332385,0.3193981014952368,0,9806.353515625,overall|small|part
2401353,2,1,pole holding up power lines ,540,0.010762117346938776,0.022539078131747103,0.029836712037579125,0.08437658239293981,0,1527.09033203125,overall|small
2401353,3,5,a wood electric pole,654,0.013034119897959183,0.006074784253186298,0.008911899465075796,0.018724706923925184,0,1374.1131591796875,overall|small
2401353,4,0,a yellow fire hydrant,13608,0.27120535714285715,0.0934569668333446,0.2844891713167417,0.1221741189121289,1,5843.96728515625,overall
2401353,5,3,a silver vehicle parked next to the grass,4266,0.08502072704081633,0.09142086815539247,0.12154413679426364,0.26947221787278774,0,9458.033203125,overall
2401354,0,2,French bread,805,0.016043526785714284,0.032672393520953316,0.035204363815800895,0.312372148407172,0,7142.8525390625,overall|small
2401354,1,4,Circular shape tomato on white plate,420,0.008370535714285714,0.0007826420933329082,0.0008193861834460564,0.017153394789922807,0,8792.466796875,overall|small
2401354,2,8,Spinach in the sandwich,324,0.0064572704081632655,0.010846138933191703,0.011694794130792718,0.13002926626323183,0,3602.413330078125,overall|small
2401354,3,0,a white ceramic plate with a cup on it,2080,0.04145408163265306,0.05834726324827498,0.06570976705897998,0.3424274444580078,0,10839.318359375,overall
2401354,4,1,A white plate with bread,1980,0.03946109693877551,0.004470801579149586,0.0055891409480319735,0.021855456419665405,0,7742.478515625,overall
2401354,5,3,a white ceramic dinner plate,5904,0.11766581632653061,0.06880942120805378,0.0981400385156704,0.18714772459614246,0,11258.607421875,overall
2401354,6,5,A piece of broccoli,2397,0.047771843112244895,0.004557079417282607,0.0181650396923418,0.006046388265636,0,797.8618774414062,overall
2401355,0,0,A white piece of paper in hand,775,0.01544563137755102,0.005090331065537037,0.005665790654615724,0.0477258546890751,0,6528.2216796875,overall|small|part
2401355,1,1,black glasses on a man's face,480,0.009566326530612245,0.038083290008936004,0.04168552688551995,0.3058951377868652,1,3522.317626953125,overall|small|part
2401355,2,4,a game controller is on the table,1000,0.01992984693877551,0.036184724396082064,0.038453232334526605,0.38017681884765625,0,9886.732421875,overall|small
2401355,3,5,A brown necklace on the man,576,0.011479591836734694,0.029238262178399987,0.030346233672564355,0.44469335344102645,0,8440.697265625,overall|small
2401355,4,6,a vent in a wall,480,0.009566326530612245,0.0038037215666488445,0.0039536763265648495,0.09114716053009034,0,11065.8115234375,overall|small
2401355,5,9,the remote is white in color,160,0.0031887755102040817,0.0020054683059143926,0.002062118971672601,0.06803379058837891,0,5278.748046875,overall|small
2401355,6,2,the man's shoe is brown,2201,0.043865593112244895,0.0344679354051483,0.04676709391531395,0.11587598593545903,0,5453.47216796875,overall|part
2401356,0,7,a folded dark red shirt,1056,0.021045918367346938,0.02598421889180553,0.028636761200893302,0.2190701744773171,0,8078.361328125,overall|text
2401356,1,0,a stack of khaki pants,3416,0.06808035714285714,0.02683148385544879,0.03653179502212321,0.09177482658582772,0,8581.642578125,overall
2401356,2,1,three bras in white grey and black,2090,0.04165338010204082,0.0339224608546309,0.04021400064978978,0.17818857585414175,0,9260.8076171875,overall
2401356,3,2,A brown wooden coffee table.,3944,0.07860331632653061,0.11658532041596452,0.21198059560821259,0.20576147423796431,0,3828.290283203125,overall
2401356,4,3,a pair of black mary janes with brown inner soles,2379,0.04741310586734694,0.029516731658962323,0.03646884626678859,0.13407656143271857,0,8746.318359375,overall
2401356,5,4,An empty black piece of luggage,4488,0.08944515306122448,0.028858036062201522,0.04671371623425742,0.07019807948148186,0,6744.25,overall
2401356,6,5,a pair of dark grey sneakers with white shoelaces,1681,0.033502072704081634,0.023646022940810616,0.030966133000540675,0.09093335098911083,0,4936.3271484375,overall
2401357,0,8,maroon shirt on woman.,798,0.015904017857142856,0.027295492774491607,0.030579823532344785,0.2026430861394208,0,5288.1005859375,overall|small|text
2401357,1,0,the left bare foot of a woman,224,0.004464285714285714,0.012752104196568628,0.01308874205156376,0.3314666748046875,0,5672.7021484375,overall|small
2401357,2,2,footrest on the carpet.,480,0.009566326530612245,0.0037182092980311125,0.003963713188405065,0.05663162072499593,0,6858.00830078125,overall|small
2401357,3,4,a white wii controller in a woman's hands,480,0.009566326530612245,0.003751560070480106,0.0039725102322704115,0.06318806012471517,0,7635.03857421875,overall|small
2401357,4,6,fan near the footrest.,224,0.004464285714285714,0.0005988994416616076,0.0006193964729651882,0.01777632853814534,0,6428.67333984375,overall|small
2401357,5,7,Vase of pink and white flowers on fireplace mantel,924,0.018415178571428572,0.038856715372687034,0.04264385505272215,0.3043639938552658,1,6594.90869140625,overall|small
2401357,6,9,white statue,189,0.0037667410714285715,0.0034088764163611235,0.003452181560135146,0.21368032788473462,0,11698.568359375,overall|small
2401358,0,1,a sign.,940,0.01873405612244898,0.03162023200051215,0.0397063632195049,0.13440063151907414,0,3181.77197265625,overall|small|text
2401358,1,5,a window in a building.,675,0.013452646683673469,0.007505092207552902,0.008457568133560148,0.06247825339988426,0,4986.400390625,overall|small|part
2401358,2,0,There are white stripes on the road,5117,0.10198102678571429,0.01707219639593007,0.03970845151564828,0.029077192570796488,0,3747.0107421875,overall
2401358,3,2,The awning is painted on the building,2916,0.058115433673469385,0.10741934580425065,0.12765043422643607,0.403972526309585,0,9228.201171875,overall
2401358,4,3,The sky is white.,2000,0.03985969387755102,0.020049348824525824,0.029732077899726983,0.05799379348754883,0,3901.092529296875,overall
2401358,5,4,a grey fire hydrant,5600,0.11160714285714286,0.1657897227665991,0.23405509126298704,0.3624188232421875,1,8671.2294921875,overall
2401359,0,2,the headband is white,600,0.011957908163265306,0.0026671107368198147,0.0029079443799754365,0.031199270884195964,0,6437.38671875,overall|small
2401359,1,3,woman is wearing wristband,550,0.010961415816326531,0.0013988916639458234,0.0015240111979170873,0.016753651012073864,0,6046.220703125,overall|small
2401359,2,4,plant behind woman,943,0.018793845663265307,0.018939856950766717,0.0211504756983777,0.15341073255650187,0,6839.861328125,overall|small
2401359,3,6,woman wears a watch,600,0.011957908163265306,0.028312486676216823,0.029205934525720366,0.4806563822428385,0,9874.494140625,overall|small
2401359,4,0,woman wearing black watch,20295,0.404476243622449,0.12584254495540179,0.5342892514640295,0.1413468959796132,1,5369.06787109375,overall
2401359,5,1,balcony railing,1656,0.03300382653061224,0.024740670129049958,0.029566162692388643,0.13163386911585712,0,7372.8095703125,overall
2401359,6,5,the floor is red,2478,0.04938616071428571,0.06709187719492866,0.08179023955669952,0.27184726077765586,0,8236.16015625,overall
2401360,0,1,white lamp on window sill,646,0.01287468112244898,0.057907909147128914,0.06073974382019529,0.5539818164364841,1,5891.89599609375,overall|small|part
2401360,1,0,this is a pillow ,135,0.002690529336734694,0.0024301642744791753,0.00249351902722196,0.08729686737060546,0,4726.283203125,overall|small
2401360,2,3,wooden baseboard of a bed frame,286,0.005699936224489796,0.003971859884002066,0.0041177077962575425,0.10083026485843258,0,7003.27880859375,overall|small
2401360,3,5,this is a bed cover ,462,0.009207589285714286,0.023150998900214156,0.023454152233363015,0.6417221795944941,0,12640.646484375,overall|small
2401360,4,2,white wall in a bedroom,6039,0.12035634566326531,0.1230646449359017,0.23022033324826305,0.2091111550960424,1,5485.27685546875,overall
2401360,5,4,the room has wooden floors,9348,0.18630420918367346,0.03250172626892781,0.06139767428698522,0.06459808676070417,0,9835.2734375,overall
2401361,0,4,a red sign with a white light through the middle,40,0.0007971938775510204,0.0017058725282990523,0.0017217484116618653,0.1561201572418213,0,3627.014404296875,overall|small|text
2401361,1,0,this is a tent,399,0.007952008928571428,0.025690245806174548,0.026188775129877363,0.5743887000215382,0,8751.119140625,overall|small
2401361,2,1,this is the roof ,300,0.005978954081632653,0.007956668924524936,0.008256785787726241,0.17959023793538412,0,6525.18701171875,overall|small
2401361,3,2,the wall is orange,399,0.007952008928571428,0.0017923671990692366,0.0018543647687739796,0.05088239206108533,0,10948.263671875,overall|small
2401361,4,3,an umbrella with rainbow colors in blocks,336,0.006696428571428571,0.020970327004326487,0.02225397234815331,0.26662181672595797,0,4025.5703125,overall|small
2401361,5,5,Street name signs corner building,360,0.007174744897959184,0.009588435258744966,0.009752003600826786,0.36373248630099825,0,13427.36328125,overall|small
2401361,6,6,dome in the background,396,0.007892219387755101,0.01270823017995189,0.014279331632796646,0.10354245311082011,0,2871.479736328125,overall|small
2401362,0,7,the left eye of a dog.,378,0.007533482142857143,0.01825990744219589,0.018935660921708165,0.3384803691238323,0,6756.8583984375,overall|small|part
2401362,1,2,another piece of luggage or furniture,588,0.01171875,0.020075779343447165,0.021704103832410452,0.21110269974689094,0,5719.12060546875,overall|small
2401362,2,4,gold zipper for closing/opening a suitcase,500,0.009964923469387755,0.004492382300184537,0.004684293234198947,0.09881748962402344,0,10547.748046875,overall|small
2401362,3,5,the black nose of a dog.,256,0.00510204081632653,0.009313700586597681,0.009545814294274788,0.2769506573677063,0,7427.27294921875,overall|small
2401362,4,8,silver zipper tab,416,0.008290816326530613,0.005079496383532675,0.005354315671921519,0.09005211866818942,0,6996.53955078125,overall|small
2401362,5,0,black suitcase handle,1025,0.0204280931122449,0.015621183037482887,0.020206287772463513,0.06440770591177591,0,3267.19580078125,overall|part
2401362,6,6,a door in a bedroom.,3024,0.060267857142857144,0.17781800699721867,0.19922604856521256,0.6233234708271329,0,9461.263671875,overall|part
2401363,0,3,lines in man's hand,864,0.01721938775510204,0.039171072091544405,0.044076995578554296,0.2603169017367893,0,5102.748046875,overall|small|part
2401363,1,6,this is a shoe ,378,0.007533482142857143,0.00018842982990025338,0.00020424074819818102,0.002428170234437973,0,4493.953125,overall|small|part
2401363,2,0,finger nail on man'shand,600,0.011957908163265306,0.03630238256817309,0.043552088362798946,0.1790385309855143,0,2466.54345703125,overall|small
2401363,3,1,red button on blue remote,224,0.004464285714285714,0.006851940361590481,0.006914491740827795,0.43098415647234234,0,13962.0458984375,overall|small
2401363,4,4,the man has a light skin ,168,0.0033482142857142855,0.00160685953716432,0.001628674284573515,0.10711658568609328,0,11049.2236328125,overall|small
2401363,5,8,a tan bench,380,0.007573341836734694,0.0015605268205196332,0.0016187087458359214,0.041609671241358705,0,9768.0791015625,overall|small
2401363,6,9,the floor is brown in color ,532,0.010602678571428572,0.031201004272047785,0.03508586009616779,0.21984108946377173,0,3333.4072265625,overall|small
2401364,0,0,A typical scene in India.,46221,0.9211774553571429,0.17432413716528747,0.9656821971861589,0.1754108107989334,1,8395.7880859375,overall
2401365,0,0,Ground has a serials of hills,22338,0.4451929209183674,0.04871092763576095,0.2226413955403563,0.05869320741281672,0,5888.7919921875,overall
2401365,1,1,The clouds are long in shape,13065,0.26038345025510207,0.1607587861091402,0.37299538157430207,0.22028850638633754,1,7716.09912109375,overall
2401366,0,1,a yellow sleeve on a man's shirt,819,0.016322544642857144,0.03197005528202654,0.034900700747252954,0.275744129595448,0,6470.77099609375,overall|small|text
2401366,1,9,a pony tail on a man,540,0.010762117346938776,0.013671710275072078,0.016011886310223343,0.08554221259223091,0,2884.906494140625,overall|small|part
2401366,2,0,part of a trouser,592,0.011798469387755101,0.013514839924870438,0.014379660394491645,0.18348402590365023,0,7553.90185546875,overall|small
2401366,3,3,a divider between urinals,900,0.01793686224489796,0.02571739403755268,0.027702264843197693,0.2641270277235243,0,8581.04296875,overall|small
2401366,4,4,part of  a wall,600,0.011957908163265306,0.005690327054615946,0.006027993999321845,0.09221556345621745,0,9178.7314453125,overall|small
2401366,5,6,a flushing device for a urinal,315,0.006277901785714286,0.0072935185667410765,0.007492311262211247,0.2156160869295635,0,9065.1689453125,overall|small
2401366,6,7,edge of a board,700,0.013950892857142858,0.02496269047390732,0.02700137659538083,0.24846969604492186,0,6441.478515625,overall|small
2401367,0,0,part of a surface,209,0.004165338010204082,0.007030588449937113,0.00720181382742062,0.2282221305883672,0,6623.11279296875,overall|small
2401367,1,1,two white metal canisters in grass,638,0.012715242346938776,0.013727384326726481,0.014531940692242258,0.19868248009756442,0,8722.814453125,overall|small
2401367,2,2,part of an edge,768,0.015306122448979591,0.0164942623637202,0.018484531070782278,0.1328399976094564,0,5519.27001953125,overall|small
2401367,3,3,green plant in white pot,440,0.008769132653061224,0.0060464079873421344,0.006451564484249426,0.08782494284889915,0,5989.7060546875,overall|small
2401367,4,6,part of a metal,70,0.0013950892857142857,0.0015766385352149316,0.0015817758610496898,0.326801027570452,0,14462.271484375,overall|small
2401367,5,7,part of a surface,36,0.0007174744897959184,0.00041705860692969833,0.0004191507230050055,0.07711340321434869,0,6623.11279296875,overall|small
2401367,6,9,a right hand.,1015,0.020228794642857144,0.0006091918839239244,0.0008852217676773096,0.001949855611829335,0,2235.71484375,overall|part
2401368,0,5,the word sicko stylized for graffiti,805,0.016043526785714284,0.032563736653009774,0.04016106388708454,0.1468586702524505,0,2943.677734375,overall|small|text
2401368,1,3,white graffiti on floor on bottom right,240,0.0047831632653061226,0.005482188846993545,0.005697017301139332,0.1269285996754964,0,5347.16015625,overall|small
2401368,2,4,red stylized graffiti on a wall,684,0.01363201530612245,0.018103339883100197,0.02127902958970886,0.10818059820877879,0,3477.39208984375,overall|small
2401368,3,6,potential hazard jutting up from the ground,156,0.0031090561224489796,0.007316449043156334,0.007449168463239348,0.2911078135172526,0,6096.36083984375,overall|small
2401368,4,0,large exclamation point in graffiti ,2211,0.044064891581632654,0.05311931018108133,0.08163217715964773,0.13200493669790253,0,3575.341552734375,overall
2401368,5,1,boy riding skateboard,5635,0.1123046875,0.14123643189834836,0.18756609418916195,0.36378556177905946,0,10929.1162109375,overall
2401368,6,2,metal gate at a skate park,5100,0.1016422193877551,0.1945421949972896,0.2095028999713617,0.7314917470894607,1,17806.951171875,overall
2401369,0,3,The eye glasses the man behind the girl in the white blouse is wearing.,104,0.002072704081632653,0.0013475321682267609,0.0013638062655398967,0.10146786616398738,0,7737.65185546875,overall|small|part
2401369,1,1,part of  a pocket,60,0.0011957908163265306,0.001745071594331178,0.0017570280547504855,0.2041018009185791,0,6969.78515625,overall|small
2401369,2,5,part of an edge,416,0.008290816326530613,0.014536967722356993,0.0152614014937029,0.23444705743056077,0,6390.63037109375,overall|small
2401369,3,6,The black sunglasses the lady is wearing.,143,0.002849968112244898,0.0002704447855758255,0.0002737649030710808,0.021813462664197376,0,11394.1748046875,overall|small
2401369,4,7,The black shirt the lady is wearing with the sunglasses.,2774,0.05528539540816327,0.03852547369429948,0.05366093750540365,0.12017321706935495,0,6212.349609375,overall|text
2401369,5,0,woman on cellphone,18837,0.3754185267857143,0.053955305476537235,0.3557583808534043,0.05979801896284573,1,3166.23681640625,overall
2401369,6,2,A black fence,2450,0.048828125,0.09118368998875165,0.10821514630970402,0.36683476662149234,0,8305.169921875,overall
2401370,0,0,man flying a huge red and white kite,16799,0.3348014987244898,0.2973664800954435,0.4883047099604081,0.4319743618481755,0,14861.083984375,overall
2401370,1,1,shadow on cut grass,7018,0.13986766581632654,0.26832340310980735,0.2778076537800461,0.8871279238431533,1,22410.69921875,overall
2401371,0,1,food bits on spoon,720,0.014349489795918368,0.005989086441072464,0.0072290186371842795,0.03373931778801812,0,3360.38818359375,overall|small
2401371,1,0,pan handle for holding dish ,7904,0.15752551020408162,0.0807162457386204,0.21053552814303192,0.11575028577796843,0,4345.53857421875,overall|part
2401371,2,2,onion is white,1560,0.031090561224489797,0.0037385995215397185,0.004438163978704475,0.02316882793719952,0,8143.7666015625,overall
2401371,3,3,broccoli and beef in stew,5640,0.11240433673469388,0.1478536406212941,0.21371375258609482,0.3242238146193484,1,8556.4091796875,overall
2401371,4,4,brown gravy,1596,0.03180803571428571,0.0633878103441566,0.07657701308321427,0.2690229678811286,0,5606.9130859375,overall
2401371,5,5,sliced cooked beef strips,1560,0.031090561224489797,0.0753117440447233,0.07836294236811057,0.6591924422826523,1,13122.787109375,overall
2401371,6,6,top of green broccoli floret,1715,0.0341796875,0.07838185061425823,0.09039076140952572,0.3710605454514395,1,7040.19775390625,overall
2401372,0,3,old paint on the sign post ,675,0.013452646683673469,0.009492174808401487,0.011664786976195291,0.04849228470413773,0,2806.0771484375,overall|small|text
2401372,1,9,torn white sign on wooden pole,494,0.009845344387755101,0.013684798733559673,0.014394003159745435,0.21737213752530365,0,7460.1787109375,overall|small|text
2401372,2,1,blue car moving on the street,902,0.01797672193877551,0.025150490883146553,0.028836769740606477,0.1644004771027491,0,5142.3662109375,overall|small
2401372,3,4,The blue box on the side of the street,208,0.004145408163265306,0.008491730342243483,0.00878983049096603,0.20024860822237456,0,4738.625,overall|small
2401372,4,5,cobblestone side walk in a city,299,0.0059590242346938774,0.0037888283418754656,0.0038691119859784783,0.15440205347577865,0,11931.9921875,overall|small
2401372,5,6,The red light over the road,42,0.0008370535714285714,0.0007938523610236332,0.0007984688636220516,0.12072797048659552,0,6350.37255859375,overall|small
2401372,6,7,curbing on a street corner,675,0.013452646683673469,0.01944803503816578,0.020173275496408388,0.35105649594907407,0,11746.388671875,overall|small
2401373,0,7,the t-shirt is white in color,312,0.006218112244897959,0.007060189941574889,0.007140053005284054,0.3869570463131636,0,16908.921875,overall|small|text
2401373,1,5,the hand is raised,496,0.009885204081632654,0.0256570321651558,0.027019872588074218,0.33716893965198147,0,6189.36279296875,overall|small|part
2401373,2,6,the handle is back in color,32,0.0006377551020408163,0.0002729674336498498,0.0002744335156493685,0.04861241579055786,0,5668.39404296875,overall|small|part
2401373,3,9,A man's head.,665,0.013253348214285714,0.008287436053795633,0.012216995481297767,0.02511843631142064,0,1367.2559814453125,overall|small|part
2401373,4,0,this is a tennis ball,187,0.0037268813775510204,0.0013944857256534685,0.0014293758032439229,0.05404188288724359,0,7070.1015625,overall|small
2401373,5,2,this is a short,646,0.01287468112244898,0.008113191651055552,0.009140051569024213,0.06735148592260969,0,4760.26416015625,overall|small
2401373,6,3,the short is black in color ,161,0.003208705357142857,0.0027648106557658786,0.002811245451926439,0.1433857272130362,0,8211.69921875,overall|small
2401374,0,0,part of a ceiling,780,0.015545280612244899,0.04059839805016558,0.04233559004118032,0.4973328810471755,0,9162.9677734375,overall|small
2401374,1,3,part of a sheet,468,0.00932716836734694,0.01509814343622772,0.015582772022362164,0.32681078788561696,0,9815.1630859375,overall|small
2401374,2,4,flat screen TV mounted to wall,760,0.015146683673469387,0.037047305055805016,0.038167202365703194,0.5580322667172081,0,11111.7529296875,overall|small
2401374,3,5,part of  a floor,612,0.012197066326530613,0.03054379652976456,0.03401619997881174,0.23030252394333384,0,4143.47119140625,overall|small
2401374,4,6,edge of a table,285,0.00568000637755102,0.0086914420407938,0.009005057007264424,0.1997207106205455,0,6320.9375,overall|small
2401374,5,7,part of a switch,153,0.003049266581632653,0.0007927542653774439,0.0008090087538233397,0.0379587746913137,0,7178.77587890625,overall|small
2401374,6,9,edge of a wall,576,0.011479591836734694,0.0105326358882728,0.012880382679246419,0.05462823973761664,0,2442.929443359375,overall|small
2401375,0,1,Person floating on the water,304,0.006058673469387755,0.0018746880432488663,0.001979141886438619,0.03430225974635074,0,5268.89306640625,overall|small
2401375,1,3,a small area of trees in the distance,228,0.004544005102040816,0.010644013705061975,0.010722259007635307,0.5932629233912418,0,12615.2470703125,overall|small
2401375,2,4,Person standing on a surfboard,429,0.008549904336734694,0.007555757742820119,0.00796251746626512,0.12884974090647308,0,6942.09326171875,overall|small
2401375,3,6,Two people on top of a wave,527,0.010503029336734694,0.0041925811876181015,0.004663416368725116,0.03987005041944008,0,4505.60595703125,overall|small
2401375,4,7,Underside of large wave,330,0.006576849489795918,0.01636039145634445,0.01740333903790896,0.21445448904326467,0,4066.4599609375,overall|small
2401375,5,0,Stretch of calm water,4004,0.07979910714285714,0.06970719196634599,0.08568593766213298,0.2720943607174076,0,12714.6396484375,overall
2401375,6,2,the area where the white waves meet the grey sky,1196,0.02383609693877551,0.01410936946632647,0.01800850856667167,0.061178609280283236,0,4063.05810546875,overall
2401376,0,4,yellow line on pink shirt,98,0.001953125,0.001985332740193769,0.0020446788367091883,0.06402236588147221,0,3068.54638671875,overall|small|text
2401376,1,8,white button on man's shirt,36,0.0007174744897959184,0.0006360657246744756,0.0006394744285718673,0.1066054039531284,0,6001.482421875,overall|small|text
2401376,2,9,This man's shirt is a light purple color,252,0.005022321428571429,0.0037009463248092083,0.0037621398144975743,0.18535729060097347,0,12415.81640625,overall|small|text
2401376,3,1,onyx stone ring on man's finger,66,0.0013153698979591836,0.0013177152331415663,0.0013268269282596258,0.16099152420506332,0,8008.15869140625,overall|small
2401376,4,2,The lights seen in the black background,300,0.005978954081632653,0.013700766102802712,0.013856399716222824,0.5495108032226562,0,11897.263671875,overall|small
2401376,5,5,"This man has a very, very large nose",650,0.012954400510204082,0.0162587918118447,0.01810156400654404,0.13771563016451321,0,4945.16162109375,overall|small
2401376,6,6,This man is wearing very dark black slacks,15,0.00029894770408163266,0.0003519575952637301,0.00035320826958232324,0.09041117032368978,0,3839.569091796875,overall|small
2401377,0,1,Pet food dishes floor corner,286,0.005699936224489796,0.011913927806743529,0.012626851898533327,0.17424422044020432,0,3946.656494140625,overall|small
2401377,1,2,yellow and silver stripe on floor,520,0.010363520408163265,0.0161508388876416,0.017028351084598648,0.23862382448636568,0,7286.92919921875,overall|small
2401377,2,3,wooden molding on wall,500,0.009964923469387755,0.03449574191603445,0.03644643836007071,0.39191680908203125,0,5376.61328125,overall|small
2401377,3,0,this is a chair,32376,0.6452487244897959,0.29326427316132586,0.7098489601168371,0.33320634642559305,1,15197.4423828125,overall
2401379,0,2,Cup sitting on table,336,0.006696428571428571,0.00892532030587329,0.009192813274256102,0.23473246892293295,0,8579.5400390625,overall|small
2401379,1,8,pizza slice on a paper plate,528,0.010522959183673469,0.019072394859131626,0.019882000186069074,0.31897417704264325,0,8470.896484375,overall|small
2401379,2,6,woman wearing a blue T-shirt,1938,0.03862404336734694,0.02282019394665751,0.027220877819627662,0.12369610576806792,0,8806.587890625,overall|text
2401379,3,7,man wearing black and white striped shirt,1118,0.02228156887755102,0.018797751429215307,0.0223442085808857,0.10589265226251537,0,5298.37451171875,overall|text
2401379,4,0,Napkins in blue and gray napkin holder,1560,0.031090561224489797,0.02106294497028337,0.025859982091212336,0.10196845225798779,0,6151.2333984375,overall
2401379,5,1,the little boy is drinking from his cup,6204,0.12364477040816327,0.11348488220601141,0.19611951304623115,0.21218742208277924,1,6712.28857421875,overall
2401379,6,3,the little girl is smiling,1680,0.033482142857142856,0.012923013857620881,0.016239284238097413,0.059515798659551714,0,6157.078125,overall
2401380,0,4,the leaves are green,925,0.018435108418367346,0.008904426536528705,0.01027173243068603,0.06269932927312077,0,5646.2607421875,overall|small|part
2401380,1,2,the grass is green,255,0.005082110969387755,0.0014688110082114228,0.001538202455978599,0.03153250825171377,0,5227.3935546875,overall|small
2401380,2,0,person running in photo,11324,0.22568558673469388,0.16471127450398226,0.37771934721401057,0.2260519692688096,1,6777.0224609375,overall
2401380,3,1,a  tall tree trunk.,1125,0.022421077806122448,0.015364890030659877,0.017372801711881478,0.11734049479166667,0,7598.54736328125,overall
2401380,4,3,a net for a sporting game.,2244,0.04472257653061224,0.01457440926588063,0.019352827724748903,0.05573707213376295,0,6462.82763671875,overall
2401380,5,5,a log on the ground ,1140,0.02272002551020408,0.04103574541150149,0.046149684810601464,0.2702426843475877,0,6675.59619140625,overall
2401381,0,3,A plastic wall mounted door bell,132,0.0026307397959183672,0.0036794244734074575,0.00388403945467654,0.06528386202725497,0,2218.6875,overall|small|part
2401381,1,4,A closed silver laptop,285,0.00568000637755102,0.02723956836763405,0.029746547732932182,0.2442625882332785,0,2340.26611328125,overall|small
2401381,2,8,A brown table book.,418,0.008330676020408163,0.005196727792718143,0.0054136275982688805,0.11481373618093975,0,8865.0615234375,overall|small
2401381,3,9,white phone in the corner,180,0.003587372448979592,0.003974878482581858,0.004031841181777273,0.21956907908121745,0,9802.5771484375,overall|small
2401381,4,0,purple orchid sitting on table,2730,0.054408482142857144,0.02722217925960121,0.03412927486127897,0.11856217716203067,0,9483.7861328125,overall
2401381,5,1,brown tile on the floor,3276,0.06529017857142858,0.0650114933053394,0.08603015596268648,0.21016949291485423,0,8003.18505859375,overall
2401381,6,2,orange pillow on a sofa,2310,0.04603794642857143,0.12526415581975903,0.13849551206579963,0.5673182367762446,0,9462.4375,overall
2401382,0,4,United States of America flag,192,0.003826530612244898,0.004168472128685425,0.0042982251068396085,0.12133155266443889,0,5419.83203125,overall|small|text
2401382,1,0,row of three benches,368,0.007334183673469388,0.012480158542408313,0.012767499316147747,0.3567206755928371,0,10281.826171875,overall|small
2401382,2,3,black trash can next to bench,120,0.0023915816326530613,0.0004277204985199939,0.0004340730438971953,0.028396459420522054,0,7850.234375,overall|small
2401382,3,6,wood chips around the base of a tree,396,0.007892219387755101,0.00805294041360953,0.008355360351909997,0.18199697166982323,0,8625.6962890625,overall|small
2401382,4,1,Wood carved eagle,1040,0.02072704081632653,0.05669174104919893,0.06364038322078033,0.3417681180513822,0,5585.11474609375,overall
2401382,5,2,Large white building with trees in front of it,5160,0.10283801020408163,0.1828609261755362,0.22817827008619201,0.4793637297874273,1,10840.2822265625,overall
2401382,6,5,black clock with Roman numeral numbers,2800,0.05580357142857143,0.03201386739258131,0.08623849798973578,0.04844793592180525,0,1573.0123291015625,overall
2401383,0,2,a peeling price tag label,208,0.004145408163265306,0.0031492404007966214,0.003371283011570406,0.04563310971626869,0,2815.452392578125,overall|small|text
2401383,1,1,a section of porcelain.,950,0.018933354591836735,0.027668746201446364,0.030997765840605606,0.2048562300832648,0,6278.3046875,overall|small
2401383,2,6,a grey countertop in a bathroom,285,0.00568000637755102,0.008805636587848782,0.009220228381313552,0.16376152707819353,0,5061.91748046875,overall|small
2401383,3,0,green spray bottle visible in photo,4956,0.09877232142857142,0.21311614019333727,0.25624227540699235,0.5587464610446933,1,10806.7548828125,overall
2401383,4,3,the slug's antenna are protruding,1596,0.03180803571428571,0.04099756185368004,0.05140185705170424,0.16843114102394657,0,5229.6962890625,overall
2401383,5,4,filth inside of a toilet.,4641,0.09249441964285714,0.15833771988542894,0.1760401412394441,0.6115864164175285,0,16123.439453125,overall
2401383,6,5,a section of the inside of a toilet bowl.,3360,0.06696428571428571,0.04227528200142291,0.07586321680343645,0.08716218130929129,0,3860.433837890625,overall
2401384,0,1,Man has ring on finger.,345,0.006875797193877551,0.01030174541804391,0.010737896667201508,0.20231360836305481,0,6500.173828125,overall|small
2401384,1,2,The phone in the man's hand.,4620,0.09207589285714286,0.22598659802394325,0.2884882059313377,0.5105440214082793,1,8176.1171875,overall|part
2401384,2,3,hair stubble on the face of a man,7134,0.1421795280612245,0.13577957642335284,0.3342367422654765,0.18611622845922693,1,3972.4931640625,overall|part
2401384,3,4,Man has short hair on his head.,4368,0.08705357142857142,0.1899956794414562,0.24042117440972197,0.47530546642485116,1,8635.4052734375,overall|part
2401384,4,0,Man has brown eyebrows.,2436,0.048549107142857144,0.03430165390616778,0.0633447744648956,0.06960641770135789,0,2676.799072265625,overall
2401385,0,2,HAND HOLDING FOOD UP TO MOUTH,30,0.0005978954081632653,0.00022642780459328248,0.00022721030479833665,0.06169065237045288,0,8145.4033203125,overall|small|part
2401385,1,1,MULTI COLORED DESIGN ON THE FLOOR,140,0.0027901785714285715,0.0057540504792646064,0.005795792516476564,0.4441163471766881,0,10727.83203125,overall|small
2401385,2,4,a doorway in a wall,837,0.0166812818877551,0.014943097590962892,0.018088520001792195,0.07913366611713149,0,3661.7080078125,overall|small
2401385,3,0,man looking up to ceiling,29808,0.5940688775510204,0.0887017168497078,0.428685171161481,0.10059325156260483,0,6994.60546875,overall
2401385,4,3,lighting recessed into ceiling,1870,0.0372688137755102,0.07500421975133142,0.08790457299958414,0.33822511071189837,0,7195.0859375,overall
2401386,0,8,arched window on building.,216,0.00430484693877551,0.008935132650538436,0.009078358624474038,0.3615739610460069,0,8602.8740234375,overall|small|part
2401386,1,0,edge of a road,336,0.006696428571428571,0.0037407404821061573,0.0038684591740247884,0.10177187692551386,0,8839.52734375,overall|small
2401386,2,2,part of a road,255,0.005082110969387755,0.009803067964764822,0.009954827767834391,0.39137265074486827,0,10025.2890625,overall|small
2401386,3,6,stoplight on the corner.,155,0.0030891262755102043,0.002239820247883712,0.00226916966889353,0.14761091662991432,0,10082.84765625,overall|small
2401386,4,7,electronic billboard on building.,420,0.008370535714285714,0.018917400756383235,0.020305629140623706,0.21673369634719122,0,4482.90234375,overall|small
2401386,5,9,a billboard,405,0.008071588010204082,0.0057009948087472576,0.006215995290999218,0.06438030666775174,0,4194.666015625,overall|small
2401386,6,1,Evergreen tree,2430,0.04842952806122449,0.05178630294883199,0.07954249673156294,0.12922853069540896,0,3947.893798828125,overall
2401387,0,4,flashlight next to knives,598,0.011918048469387755,0.00233136688663657,0.0024945120991326365,0.03441994644726399,0,8251.3642578125,overall|small
2401387,1,6,hand towel on counter,1386,0.027622767857142856,0.007355652447669653,0.00808929739743921,0.07502021624412371,0,12853.7763671875,overall|part
2401387,2,0,black stove top by counter,4410,0.087890625,0.10413803918363261,0.2315790574088872,0.15912267983365222,0,3030.20068359375,overall
2401387,3,1,a bag of croutons,3234,0.064453125,0.11526005534979292,0.18056230969266898,0.24167558980268244,0,4328.58251953125,overall
2401387,4,2,brightly colored container holding kitchen utensils,1736,0.03459821428571429,0.025599166489844075,0.03124184858703297,0.12413997913835235,0,6898.0234375,overall
2401387,5,3,stack of two blue plates,7826,0.15597098214285715,0.0483964178036808,0.089472678905845,0.09536442901665922,0,8341.33984375,overall
2401387,6,5,tiled floor is white,2405,0.047931281887755105,0.08293358965134659,0.10503726166850079,0.2826927391258446,0,6472.712890625,overall
2401388,0,0,This is at a beach.,41748,0.83203125,0.28838167802459547,0.7689131105721791,0.3157473018917074,1,17143.443359375,overall
2401389,0,2,The shoe lace of a tennis player.,27,0.0005381058673469387,0.0004035134927587805,0.0004064412739960456,0.0530452463361952,0,3523.8095703125,overall|small|part
2401389,1,3,Strings on a tennis racket,240,0.0047831632653061226,0.0010983374819640939,0.0011333288093144849,0.03435185750325521,0,7274.5400390625,overall|small
2401389,2,0,Shadow of tennis player holding a racket,25098,0.5001992984693877,0.16082268904274527,0.5804858595024135,0.1819725854338493,1,7867.80224609375,overall
2401389,3,1,Black shorts worn by a tennis player,3403,0.06782126913265306,0.08351322622624968,0.09099574616524682,0.5038731407145349,0,18843.521484375,overall
2401390,0,3,fence outside of window,432,0.00860969387755102,0.026352484076642008,0.027577359736365884,0.37237605342158564,0,5833.27978515625,overall|small|part
2401390,1,2,a light color wooden floor,784,0.015625,0.02627159359006755,0.027509439701870884,0.36862719788843273,0,10505.6201171875,overall|small
2401390,2,0,black stand with tv,4000,0.07971938775510204,0.11005235417796906,0.1768974049861428,0.22555084228515626,0,5100.150390625,overall
2401390,3,1,lights in the ceiling,1045,0.02082669005102041,0.07852233286414939,0.09471370021019555,0.314752868944378,1,3472.747314453125,overall
2401390,4,4,a wooden table between the chairs,1932,0.03850446428571429,0.04687268205003581,0.052282359360309325,0.31177143231188537,0,11520.94921875,overall
2401391,0,4,blue sign on a train,432,0.00860969387755102,0.010664551882837428,0.01113618042699084,0.2011588767722801,0,7803.45068359375,overall|small|text
2401391,1,3,silver door to cargo compartment,720,0.014349489795918368,0.01155860367328583,0.012488865754773756,0.1343306435479058,0,7744.34326171875,overall|small|part
2401391,2,1,tall building in the background.,462,0.009207589285714286,0.045778435659920964,0.04805550498101383,0.4913821860309287,0,4724.0908203125,overall|small
2401391,3,2,Front windshield of passenger train,465,0.009267378826530613,0.019984769038431785,0.020547807120313635,0.421742921234459,0,9544.1064453125,overall|small
2401391,4,6,white building behind the train.,210,0.004185267857142857,0.0029444190169130922,0.003072697791208646,0.06588194710867745,0,4502.6259765625,overall|small
2401391,5,7,train wheels on cargo train carrier,800,0.01594387755102041,0.007016240877009035,0.0075472574657611214,0.09067825317382812,0,9611.783203125,overall|small
2401391,6,8,vent on side of train.,112,0.002232142857142857,0.0005991964443289449,0.0006095763564143027,0.033992580005100796,0,6245.59814453125,overall|small
2401393,0,3,red tomato sauce on pizza,828,0.01650191326530612,0.030056090999081315,0.031530372648222275,0.39128606676479466,0,10275.326171875,overall|small
2401393,1,5,melted cheese on  pizza,475,0.009466677295918368,0.015275348728707961,0.016426002306381565,0.17902319657175164,0,5176.9150390625,overall|small
2401393,2,0,spinach on the pizza,2520,0.05022321428571429,0.05896533643483165,0.08667479054710765,0.15572112552703374,0,4527.466796875,overall
2401393,3,1,fork and a knife,2652,0.052853954081632654,0.06410072584196735,0.07768868497102582,0.26820005298919447,0,9155.3427734375,overall
2401393,4,2,the pinky is curled,2050,0.0408561862244898,0.03701185240378895,0.1161881838416764,0.05151546943478468,1,908.9281616210938,overall
2401393,5,4,burnt crust of pizza,1596,0.03180803571428571,0.012112680716284034,0.0143880402007594,0.07114430477744654,0,7891.71484375,overall
2401393,6,6,wooden pizza board,3649,0.07272401147959184,0.09761712408699075,0.11544836622540813,0.3872631655290833,1,12240.3056640625,overall
2401394,0,2,window air conditioning unit in apartment building,224,0.004464285714285714,0.001304666868704197,0.0013568516229312709,0.032809555530548096,0,5416.4658203125,overall|small|part
2401394,1,0,Street sign says Cumming St,1554,0.030970982142857144,0.030956805326914878,0.03611036237579746,0.17824698783255913,0,7670.8125,overall|text
2401394,2,5,NO PARKING SIGN IN PICTURE,1833,0.03653140943877551,0.055970713310768694,0.06406122900120355,0.30708561890514185,0,8786.7177734375,overall|text
2401394,3,1,apartment building fire escape,12654,0.2521922831632653,0.13734867765278366,0.3470437435274623,0.1852106076574107,0,6753.19775390625,overall
2401394,4,3,apartment building light,1204,0.023995535714285716,0.019476900571920416,0.02295421798577,0.11392255003666164,0,5975.4921875,overall
2401394,5,4,Building exterior is brick,2838,0.056560905612244895,0.043894944571616155,0.05962654703920486,0.1426408699148553,0,6789.17041015625,overall
2401394,6,6,There is a black ladder on the building,1105,0.022022480867346938,0.007470445825124054,0.00834782732315549,0.06636065314797794,0,8784.14453125,overall
2401395,0,9,front wheel of a motor cycle,90,0.001793686224489796,0.002490680648438297,0.0025067477829308774,0.27984439002143013,0,10047.279296875,overall|small|part
2401395,1,0,black tire on bike,988,0.019690688775510203,0.04354192193610312,0.04774055687477984,0.3311453753637399,0,6853.1171875,overall|small
2401395,2,1,part of a name,272,0.005420918367346939,0.00036796010615735734,0.0003937783748318754,0.005580781137242037,0,3854.890380859375,overall|small
2401395,3,3,edge of a seat,180,0.003587372448979592,0.0017512773405729425,0.001920195328907568,0.01951926681730482,0,1829.7451171875,overall|small
2401395,4,5,part of a building,33,0.0006576849489795918,0.0023277092389563025,0.0023322713780944086,0.5433746106696852,0,7688.36865234375,overall|small
2401395,5,8,engine of a motor cycle,544,0.010841836734693877,0.016413477132056643,0.01673095135031489,0.46380505842321057,0,15080.4306640625,overall|small
2401395,6,2,The awning is black with Pub on the side,2070,0.04125478316326531,0.12327945408748262,0.15686152975805395,0.3654166253868508,0,4822.16650390625,overall
2401396,0,6,part of  a hair,420,0.008370535714285714,0.004689318762889025,0.005017171399299272,0.06695637930007207,0,5605.08642578125,overall|small|part
2401396,1,1,Pair of sunglasses,410,0.00817123724489796,0.013373772493725882,0.014564280225676051,0.14060577764743712,0,3958.202392578125,overall|small
2401396,2,2,orange life preserver on a large boat,25,0.0004982461734693878,0.00048719776296729034,0.000488118231550143,0.2053133773803711,0,10515.5556640625,overall|small
2401396,3,4,Small watercraft operate water,481,0.00958625637755102,0.009995815553602789,0.010276549469507125,0.267885711733368,0,12538.5498046875,overall|small
2401396,4,5,part of a chin,48,0.0009566326530612245,0.0016810617298213953,0.0016972715779692306,0.14967257777849832,0,4232.8427734375,overall|small
2401396,5,7,part of a water,736,0.014668367346938776,0.009148675001074687,0.01044913454781906,0.0684756092403246,0,4823.17919921875,overall|small
2401396,6,8,woman wearing glasses,372,0.00741390306122449,0.011645535106957318,0.012015121121267593,0.2746225172473538,0,8502.583984375,overall|small
2401397,0,4,a top of a table.,837,0.0166812818877551,0.010777920056641105,0.012069044041774418,0.09152751270873002,0,6347.5224609375,overall|small
2401397,1,7,a section of a table.,456,0.009088010204081632,0.004464093477927448,0.004616889644265447,0.11885505810118559,0,11739.0517578125,overall|small
2401397,2,0,the dressing is white,2912,0.05803571428571429,0.06687706385368043,0.0846709140374959,0.24140720577030392,0,8302.470703125,overall
2401397,3,1,the pickle is green,2046,0.04077646683673469,0.014766254257819631,0.021948710846402857,0.043175619951324615,0,4024.715576171875,overall
2401397,4,2,lettuce and slices of carrots ,1650,0.032884247448979595,0.05212613491888995,0.0579406615284627,0.341857207327178,0,9735.2080078125,overall
2401397,5,3,a piece of wheat bread ,7353,0.1465441645408163,0.05387982742774111,0.14154573079926075,0.08003222204691113,0,4157.50390625,overall
2401397,6,5,the lettuce is green,1015,0.020228794642857144,0.0023999115415827233,0.0028081817915518205,0.016239111764090403,0,5869.52685546875,overall
2401398,0,5,a distant flag kite ,42,0.0008370535714285714,0.0011514928573439066,0.0011586818777326537,0.15653845242091588,0,5674.21923828125,overall|small|text
2401398,1,8,a streamer flag kite,440,0.008769132653061224,0.028119117373508074,0.029283718052635053,0.41419448852539065,0,6223.44384765625,overall|small|text
2401398,2,0,Buildings in the distance.,456,0.009088010204081632,0.000789672796057745,0.0008396966758382809,0.013081975150526616,0,7104.208984375,overall|small
2401398,3,3,man wearing white walking on the sand,45,0.000896843112244898,0.0012110492015018413,0.0012195498125102862,0.14802586237589518,0,5461.98583984375,overall|small
2401398,4,9,a vehicle on the far end of the beach,24,0.00047831632653061223,0.0008445407737876341,0.000845487667420177,0.42990581194559735,0,12203.2998046875,overall|small
2401398,5,2,green and red legs to kite,2610,0.05201690051020408,0.07624964271062074,0.08697990691876155,0.3819844797653257,0,11462.181640625,overall|part
2401398,6,6,The eyes and the mouth on the cat are black.,1560,0.031090561224489797,0.034945251480804664,0.05950183809945121,0.078064087109688,0,2046.6590576171875,overall|part
2401399,0,6,left arm of a surfer,306,0.006098533163265306,0.012993413736769106,0.013226547945186403,0.42434891844107436,0,9817.4345703125,overall|small|part
2401399,1,3,white crashing water from a wave,805,0.016043526785714284,0.014079277495329995,0.015207706766591132,0.1594835743400621,0,8442.0537109375,overall|small
2401399,2,7,white foam from the ocean water,196,0.00390625,0.005808584144754348,0.005910697614268753,0.2516213047261141,0,8343.81640625,overall|small
2401399,3,0,The birds are white.,2600,0.05181760204081633,0.010857062057283269,0.01686959560945262,0.029561568040114183,0,4556.13037109375,overall
2401399,4,1,Foamy and motionless water ,7616,0.15178571428571427,0.09443609271980499,0.16531289663209733,0.1805042138620585,0,8315.8671875,overall
2401399,5,2,Rock in the ocean.,1128,0.022480867346938774,0.07365995535554923,0.07866867915405185,0.5363776024351729,1,7690.91259765625,overall
2401399,6,4,Dark blue clear ocean water,3618,0.07210618622448979,0.03830628236421042,0.08124143114325888,0.06758406150400342,0,3009.78369140625,overall
2401400,0,4,Giraffe has black hair on the end of tail.,408,0.008131377551020409,0.01028952307162735,0.010535757633192621,0.3056822758094937,0,11837.626953125,overall|small|part
2401400,1,9,green leaves on the trees.,414,0.00825095663265306,0.004535591269505487,0.004804796193197004,0.07488927057975732,0,6452.751953125,overall|small|part
2401400,2,2,A small rock on the ground.,16,0.00031887755102040814,0.00013549325948739241,0.00013626553799754362,0.02334904670715332,0,2741.59375,overall|small
2401400,3,7,Two of the feet of the tallest giraffe. ,413,0.008231026785714286,0.01110940553149364,0.011631253280748058,0.19846942522912567,0,7047.208984375,overall|small
2401400,4,8,rocks in the ditch.,198,0.003946109693877551,0.00095748832201571,0.0010006672463416292,0.02170800199412336,0,4295.318359375,overall|small
2401400,5,0,Housing structure in the background.,1320,0.026307397959183673,0.03864397643362166,0.04199522006539798,0.32626210992986504,0,10255.119140625,overall
2401400,6,1,Wires in the sky over giraffes area.,13056,0.2602040816326531,0.05239095643389154,0.13591204482488695,0.07855728560802984,0,7546.3798828125,overall
2401401,0,2,tail of plane number two,192,0.003826530612244898,0.005988078245203642,0.006074142293677867,0.297071894009908,0,9390.2646484375,overall|small|text|part
2401401,1,3,Tail end of black airplane,231,0.004603794642857143,0.006295631155143909,0.006428807856644779,0.2330744524538775,0,8374.833984375,overall|small|part
2401401,2,1,back wings of a jet.,156,0.0031090561224489796,0.002591530412753414,0.00263683520460041,0.13106387700790015,0,7753.97900390625,overall|small
2401401,3,6,Lights on bottom of airplane,64,0.0012755102040816326,0.0014763551219268837,0.0014899912446310838,0.13890963792800903,0,5966.62353515625,overall|small
2401401,4,0,the left outer plane,2640,0.052614795918367346,0.03861799426082329,0.05911390219701875,0.10021877866802793,0,4475.72509765625,overall
2401401,5,4,a section of clear blue sky.,1908,0.03802614795918367,0.04366951586291709,0.0537268539348874,0.1891573859960528,0,6717.5400390625,overall
2401401,6,5,Clear blue sky,12900,0.2570950255102041,0.12165513943691648,0.29508602555463664,0.1714937999636628,1,7497.0341796875,overall
2401402,0,0,Identifying number of airplane.,117,0.002331792091836735,0.0026326781146010624,0.002659403244438485,0.2075921409150474,0,9132.9814453125,overall|small|text
2401402,1,3,the grass is green,504,0.010044642857142858,0.010053860606091867,0.01070422369326374,0.14198067074730283,0,6685.048828125,overall|small
2401402,2,6,open windows,220,0.004384566326530612,0.0028714964546390854,0.002978657972137019,0.07391631386496804,0,5459.36767578125,overall|small
2401402,3,1,the roof is gray,2379,0.04741310586734694,0.0363706743466139,0.06138359275530131,0.08194249374819383,0,3175.78662109375,overall
2401402,4,2,brown hotel,16472,0.3282844387755102,0.25601187138073783,0.47488517748923753,0.3571050198347954,1,12386.64453125,overall
2401402,5,4,the water ,1680,0.033482142857142856,0.06476950580529645,0.07516070667043181,0.3190260750906808,0,7130.904296875,overall
2401402,6,5,Water movement from the airplane.,1080,0.021524234693877552,0.015572941457730652,0.018002986011045937,0.10343825022379557,0,6205.265625,overall
2401403,0,5,Head of a man walking in the water. ,200,0.003985969387755102,0.007391863718549566,0.007618775252615019,0.19883928298950196,0,5219.7177734375,overall|small|part
2401403,1,3,decal on surf board,144,0.0028698979591836736,0.0029420091672219583,0.0030381218452900614,0.08508433236016168,0,4032.802001953125,overall|small
2401403,2,4,Top black tip of a surfboard. ,72,0.0014349489795918368,0.0004475121488732409,0.0004566698060988596,0.021829181247287326,0,3441.657470703125,overall|small
2401403,3,0,The foam is white.,14381,0.2866111288265306,0.18208050016499172,0.47097755451768786,0.22889408456144392,0,6989.13525390625,overall
2401403,4,1,The waves are white.,9768,0.1946747448979592,0.02493110893924557,0.04791677171187489,0.04940464728977913,0,10071.30859375,overall
2401403,5,2,small wave crashing down,5112,0.1018813775510204,0.03971668967075384,0.08670845177281696,0.06828068119819175,0,4025.56884765625,overall
2401404,0,1,neck of a sheep,464,0.009247448979591837,0.027579387431896335,0.029299948154518928,0.3195694561662345,0,5060.767578125,overall|small
2401404,1,3,part of the sky,238,0.004743303571428571,0.007399644745810261,0.007818466370210738,0.12136951414476924,0,3694.579345703125,overall|small
2401404,2,4,stomach of a sheep,648,0.012914540816326531,0.02039315152897244,0.021352006697104523,0.3122985510178554,0,9477.7724609375,overall|small
2401404,3,5,part of a tree,187,0.0037268813775510204,0.008057418553923341,0.008134626288401066,0.45914712181703293,0,10554.9423828125,overall|small
2401404,4,7,part of a cloth,125,0.0024912308673469387,0.00019848232603195804,0.0002006582666209368,0.017974411010742188,0,11197.1533203125,overall|small
2401404,5,0,Man wearing white shirt.,1463,0.029157366071428572,0.10539031987059491,0.11620861048329167,0.5309763221975393,1,6684.6884765625,overall|text
2401404,6,2,The sky is bright.,5472,0.1090561224489796,0.15561126829528962,0.34481780514701965,0.22093649077833744,1,3506.096435546875,overall
2401405,0,0,The plane in the sky,11745,0.23407605229591838,0.10433854047690455,0.4302167706399899,0.12106864997405811,1,3305.197265625,overall
2401405,1,1,clouds in the sky,13244,0.26395089285714285,0.03132174799691725,0.13611199985623187,0.039093335565574504,0,3803.868408203125,overall
2401406,0,0,Yellow and red left boot,320,0.006377551020408163,0.012475963521234586,0.013292565148459959,0.1688018560409546,0,4063.669677734375,overall|small
2401406,1,1,Yellow and red right boot,360,0.007174744897959184,0.007059092117034373,0.007604143406985491,0.0896537356906467,0,4244.44189453125,overall|small
2401406,2,2,red hat with a white patterned stripe,342,0.006816007653061225,0.0036554794494532525,0.0037632599301373423,0.11318791261193348,0,10286.365234375,overall|small
2401406,3,3,person wearing white hat ,714,0.014229910714285714,0.01416769006145152,0.015219304161287629,0.17015165441176472,0,7982.51220703125,overall|small
2401406,4,5,light blue jacket,925,0.018435108418367346,0.019529674696111065,0.021878808504634743,0.15389819995777027,0,6506.5625,overall|small
2401406,5,7,bright yellow hat,154,0.0030691964285714285,0.002078714548790239,0.002107623297181136,0.1316059162090351,0,9616.1923828125,overall|small
2401406,6,8,"black ski boot with small areas of yellow, pink and blue on the side",210,0.004185267857142857,0.009008737599561103,0.009179091308200035,0.32678687686011904,0,7476.2568359375,overall|small
2401407,0,3,green leaves on the plate,550,0.010961415816326531,0.03614489239728714,0.03771336505767417,0.4649805797230114,0,6781.13232421875,overall|small|part
2401407,1,1,side of a plate,60,0.0011957908163265306,0.005558124964874682,0.005571168154035565,0.703620719909668,0,7577.80810546875,overall|small
2401407,2,2,cutting edge of a knife,12,0.00023915816326530612,3.4362589100700615e-05,3.445349614739465e-05,0.0128558911383152,0,4477.64990234375,overall|small
2401407,3,4,part of a dinner table,42,0.0008370535714285714,0.002025947291688226,0.0020314441295499887,0.42815353756859187,0,8852.0517578125,overall|small
2401407,4,5,front part of a fork,270,0.005381058673469388,0.0010749741560548464,0.0011271370314805994,0.022700779526321976,0,5437.857421875,overall|small
2401407,5,7,napkin for meal,416,0.008290816326530613,0.014956446803249365,0.015346214651477657,0.3706241754385141,0,10046.7548828125,overall|small
2401407,6,8,part of a silver knife,60,0.0011957908163265306,0.0013689840602072586,0.0013788260185981754,0.16092611948649088,0,7002.7451171875,overall|small
2401408,0,7,Japan airline logo on side of plane.,513,0.010224011479591837,0.019077365474595487,0.019871252645957047,0.32318683349133465,0,8343.4521484375,overall|small|text
2401408,1,1,Luggage transport vehicles.,725,0.014449139030612245,0.015733341981821188,0.016517193910211732,0.2489844170932112,0,10928.8359375,overall|small
2401408,2,3,an orange and white cone,117,0.002331792091836735,0.0012417062439058113,0.001269532272949597,0.0536141721611349,0,4941.078125,overall|small
2401408,3,4,One person at the luggage carrier.,364,0.007254464285714286,0.0025254087684405744,0.0026440592930913427,0.05327890207479288,0,7334.75244140625,overall|small
2401408,4,5,Landing gear on JAL airline.,270,0.005381058673469388,0.006293717416146437,0.006406499962649954,0.2633562723795573,0,11099.0703125,overall|small
2401408,5,8,this is the propeller,399,0.007952008928571428,0.001874953841837872,0.0021019976481498706,0.017062360481510785,0,3238.767578125,overall|small
2401408,6,0,The lines are white.,6695,0.13343032525510204,0.05096967257019406,0.12418287709665707,0.07957430918595967,0,4290.0439453125,overall
2401409,0,3,shadow in the snow.,285,0.00568000637755102,0.008779440122941696,0.009163459647241648,0.1732084307754249,0,5387.09228515625,overall|small
2401409,1,4,trunk of a tree.,605,0.012057557397959183,0.011604537793916061,0.012629362617617006,0.1251153110472624,0,5993.5537109375,overall|small
2401409,2,5,a shed in the background,132,0.0026307397959183672,0.00221337499239242,0.0022491592486724964,0.12212779305197975,0,7167.5087890625,overall|small
2401409,3,6,ski trail in the snow.,448,0.008928571428571428,0.005266644523700971,0.005466350369598938,0.125995329448155,0,10326.068359375,overall|small
2401409,4,7,a round barrel in the snow,56,0.0011160714285714285,0.00019860018478550355,0.0001999580429218195,0.02841482630797795,0,7957.82080078125,overall|small
2401409,5,0,a black bench in snow,9100,0.18136160714285715,0.07448028781543625,0.14541741022540683,0.13245707417582417,0,8288.9619140625,overall
2401409,6,1,a person walking in the snow,2880,0.05739795918367347,0.12213576963056687,0.17085332544097262,0.29988280402289497,1,5054.99365234375,overall
2401410,0,3,front wheel of a bicycle,25,0.0004982461734693878,0.0008647850558644559,0.000868225065738294,0.1791594123840332,0,5158.78369140625,overall|small|part
2401410,1,0,yellow bananas in cart,648,0.012914540816326531,0.019591573950647274,0.01995754412600796,0.5165327095691069,0,16771.26171875,overall|small
2401410,2,1,section of tomatoes,40,0.0007971938775510204,0.00018479937561981762,0.00018594355154578983,0.029156672954559325,0,6272.15576171875,overall|small
2401410,3,2,a boot on a man,234,0.00466358418367347,0.02072478322466149,0.020984633864882224,0.6259810618865185,0,6980.3251953125,overall|small
2401410,4,4,part of a path,75,0.0014947385204081632,0.00210596757805476,0.0021444384777927765,0.1050577163696289,0,3674.30859375,overall|small
2401410,5,6,pedal of a bicycle,21,0.0004185267857142857,0.0005262037198814024,0.000529380186949054,0.08062503451392763,0,3198.317138671875,overall|small
2401410,6,7,inside of a shop,558,0.011120854591836735,0.00262370823519775,0.0027966510029105024,0.040701028693961416,0,8120.8466796875,overall|small
2401411,0,0,Lightly brown bread toasted,19890,0.3964046556122449,0.10762823757255495,0.45354813058254273,0.12366435807095275,0,5423.2041015625,overall
2401411,1,1,black hinged box sitting on desk behind plate,2256,0.04496173469387755,0.11497940345597543,0.13944140631640123,0.3959237497749058,1,6405.58642578125,overall
2401411,2,2,The plate is covered in toast crumbs ,5238,0.10439253826530612,0.23661947856779095,0.25881705253293624,0.7339655820446735,1,14854.1669921875,overall
2401411,3,3,white wall in the background,1015,0.020228794642857144,0.05346114928942731,0.06797443106247122,0.2002499885746998,0,2990.14990234375,overall
2401412,0,0,a section of night sky.,931,0.0185546875,0.00453288609068879,0.005564312860744396,0.023870171076757183,0,3993.86767578125,overall|small
2401412,1,1,the front lights are on,126,0.0025111607142857145,0.0018742426092293355,0.0019260977703429692,0.06508547162252759,0,4257.7119140625,overall|small
2401412,2,2,Top of clock tower,200,0.003985969387755102,0.010176308429926489,0.010264574430791375,0.5420022583007813,0,10560.6376953125,overall|small
2401412,3,5,Small part of the street,540,0.010762117346938776,0.013881843247944522,0.01447522842053904,0.25297212953920717,0,9437.1533203125,overall|small
2401412,4,6,clock on a side of a building,189,0.0037667410714285715,0.004015629361229954,0.0041045041701182105,0.15644115871853298,0,7203.64208984375,overall|small
2401412,5,7,green light on side of street pole,60,0.0011957908163265306,0.00016580705539375682,0.00016674721780467845,0.028567443291346233,0,10279.3115234375,overall|small
2401412,6,8,a tall light.,621,0.012376434948979591,0.013650003178510164,0.015348077846299128,0.10982593284520933,0,4443.67724609375,overall|small
2401413,0,6,a tennis player wearing an orange shirt,270,0.005381058673469388,0.007556984255845657,0.007701116406384968,0.2876360292787905,0,10084.4765625,overall|small|text
2401413,1,1,blue surface on the court.,323,0.00643734056122449,0.008753006631178584,0.009137582321356549,0.17216685386634095,0,6085.84326171875,overall|small
2401413,2,3,an advertisement on the wall,644,0.012834821428571428,0.03290760798310555,0.03771068378008445,0.20532086769246166,0,3506.34423828125,overall|small
2401413,3,4,green floor next to court,529,0.010542889030612245,0.002557390455089366,0.002758170805773088,0.03393918850471482,0,6509.3251953125,overall|small
2401413,4,5,ball boy near the net.,207,0.00412547831632653,0.00439067481378227,0.004473543201058804,0.19160885281032985,0,8866.1337890625,overall|small
2401413,5,7,green surface on the court.,196,0.00390625,0.0071475950209315105,0.00731547508006422,0.23749149088956872,0,6362.9951171875,overall|small
2401413,6,9,scoreboard on the court.,220,0.004384566326530612,0.007939537444634513,0.008074801935795479,0.3215563340620561,0,8760.8828125,overall|small
2401415,0,0,The eyes of the man holding the phone.,299,0.0059590242346938774,0.009354739331007302,0.009931957687660736,0.13864620553211224,0,4173.921875,overall|small|part
2401415,1,5,The ear of the man holding the phone.,612,0.012197066326530613,0.005908421738806399,0.00650259649464947,0.06073410682428896,0,5716.06640625,overall|small
2401415,2,6,Bicycle tire in the background,987,0.019670758928571428,0.02456490920930785,0.02644764704442341,0.2565465306800912,0,9574.0625,overall|small
2401415,3,2,person with sunglasses in hand,1512,0.030133928571428572,0.07888338188113665,0.08264245337378154,0.6342670904896247,0,11604.3486328125,overall|part
2401415,4,1,There is a drink with a straw,1287,0.02564971301020408,0.03620268909997033,0.040129719284172555,0.27004620745465474,0,8660.650390625,overall
2401415,5,3,Man looking at something,3504,0.06983418367346939,0.07048197288873803,0.12673820672203262,0.13702863754202785,1,3788.505126953125,overall
2401415,6,4,The phone is black,2010,0.04005899234693878,0.0649900755825647,0.07944559886269921,0.2631762452386505,1,6658.4462890625,overall
2401416,0,1,the gold letter G,60,0.0011957908163265306,0.0005973320787608425,0.0006122094005236192,0.023990813891092935,0,2351.236083984375,overall|small|text
2401416,1,9,the gold letter E,85,0.0016940369897959183,0.000612133511893302,0.0006276482931319973,0.02416534984813017,0,3272.62060546875,overall|small|text
2401416,2,2,string hanging from case,848,0.016900510204081634,0.014043286728995977,0.01570693852503914,0.11706488987184921,0,6320.2021484375,overall|small
2401416,3,8,tan stitching on leather,935,0.0186344068877551,0.04274039421759159,0.04535133257996397,0.42607558959308156,0,8784.3212890625,overall|small
2401416,4,0,cream leather handle of suitcase,1584,0.031568877551020405,0.05481291072740386,0.05949148381576277,0.41072005454940025,0,10935.6923828125,overall|part
2401416,5,3,closed pink storage chest,4278,0.08525988520408163,0.07828423725748775,0.09772240574875561,0.28241440468494333,0,12363.2734375,overall
2401416,6,4,books on blue bookshelf,1725,0.03437898596938776,0.05446148485394867,0.06613860619727294,0.23574687570765399,0,6148.6533203125,overall
2401417,0,0,toilets in bathroom,24948,0.49720982142857145,0.19072798767478827,0.6651792099722312,0.2109831613819244,1,7913.0673828125,overall
2401417,1,1,geometrically patterned lavendar and burgundy wallpaper,5332,0.10626594387755102,0.1062328621674528,0.14767653826526164,0.2745950159414854,0,9914.5107421875,overall
2401418,0,0,This is a baseball game.,32308,0.6438934948979592,0.3088630850484469,0.8353651462893812,0.328882540218367,1,12719.6318359375,overall
2401418,1,1,The ground is brown.,7242,0.14433195153061223,0.15849729719902345,0.2076969505326137,0.4008741191789216,1,13977.72265625,overall
2401419,0,3,the letters Slazerx,240,0.0047831632653061226,0.003651755220072467,0.003847218273409099,0.06705625057220459,0,4183.15234375,overall|small|text
2401419,1,1,a greenish yellow tennis ball flying through the air,45,0.000896843112244898,0.001193366680897984,0.0012125542627137828,0.07012598249647352,0,2602.497314453125,overall|small
2401419,2,5,The dark blue jacket the person behind the player has on.,675,0.013452646683673469,0.018385700983210143,0.019787349292687245,0.20606856734664353,0,7029.55615234375,overall|small
2401419,3,0,tennis player lunging for tennis ball,10614,0.21153539540816327,0.24115120883304167,0.36499712273028523,0.41545005785401357,1,12081.1552734375,overall
2401419,4,2,green tennis court grass with spray painted white lines,1696,0.03380102040816327,0.054000711700955085,0.06527034590485344,0.23824378679383476,0,6190.58251953125,overall
2401419,5,4,the green back fence of a tennis court,3024,0.060267857142857144,0.023842280007700906,0.036302178564959965,0.06495302694815176,0,5410.63818359375,overall
2401419,6,6,a long green metal bar at the top of the court wall,1106,0.022042410714285716,0.04949376091763204,0.05127361796852735,0.5877652435578662,0,12678.41796875,overall
2401420,0,1,part of a forest,120,0.0023915816326530613,0.008583606328531956,0.008639041804011533,0.5722228368123372,0,7948.4208984375,overall|small
2401420,1,2,white rocks by trees,161,0.003208705357142857,0.007245560451277292,0.00733536138956343,0.3718006299889606,0,8160.45703125,overall|small
2401420,2,3,part of a lake,63,0.0012555803571428572,0.001836827142397417,0.0018501533360747236,0.20319832695855033,0,6919.1533203125,overall|small
2401420,3,4,part of a sea,672,0.013392857142857142,0.02001863989495728,0.021324644560494484,0.24634520212809244,0,7763.03564453125,overall|small
2401420,4,5,ripples of water,270,0.005381058673469388,0.011816312308672154,0.012174213014356727,0.28670227615921584,0,6358.490234375,overall|small
2401420,5,0,surfer in the middle is woman,14868,0.2963169642857143,0.2160592831555746,0.7094196895795508,0.23703667140629203,1,4967.80859375,overall
2401421,0,1,Blue solution in Windex bottle,912,0.018176020408163265,0.009993308921147451,0.012426244865377276,0.04856226318760922,0,3564.132568359375,overall|small
2401421,1,2,reflection of faucet in mirror,837,0.0166812818877551,0.016610027708034016,0.021121606497310243,0.07215157147661617,0,2859.198486328125,overall|small
2401421,2,0,The sink has just been cleaned.,39894,0.7950813137755102,0.16590567933171582,0.7996444850228899,0.17310125984248884,1,8635.96484375,overall
2401422,0,4,If that were a wedding ring it would be on his other hand. ,256,0.00510204081632653,0.0029848641669119103,0.0033408658448018133,0.027247942984104156,0,2087.923828125,overall|small|part
2401422,1,1,squirt of red ketchup,435,0.008669483418367346,0.0012366824560273743,0.0012769475082504565,0.03773945775525323,0,12856.177734375,overall|small
2401422,2,2,the boat is white in color,80,0.0015943877551020409,0.0009534978219114464,0.0009612429344539774,0.10581614971160888,0,8806.6103515625,overall|small
2401422,3,7,A narrow ladder in the wall.,190,0.003786670918367347,0.010461226844889706,0.010503978601682411,0.7199108726099918,0,13022.0244140625,overall|small
2401422,4,8,He needs to wash his hands. Dirt on fingernail. ,546,0.010881696428571428,0.00255519101339141,0.003039850148530132,0.015773719047015404,0,2833.1826171875,overall|small
2401422,5,9,this is some meat,286,0.005699936224489796,0.0032768141219555722,0.003386675524995916,0.09174608350633741,0,7747.828125,overall|small
2401422,6,0,The thumb of a man holding a hotdog.,2352,0.046875,0.04756343734421988,0.0832423925722183,0.09988570051128362,0,2822.25390625,overall
2401423,0,2,this is a writing,672,0.013392857142857142,0.007127995314849515,0.007957916610780292,0.06397596995035808,0,5402.400390625,overall|small|text
2401423,1,9,single front landing wheel,99,0.0019730548469387753,0.0015664539745417106,0.001584001268686812,0.12388634922528508,0,7742.890625,overall|small|part
2401423,2,1,part of an engine,308,0.006138392857142857,0.004990178207204502,0.005198840622555124,0.11058195535238687,0,6551.31494140625,overall|small
2401423,3,4,the clouds are white in color ,110,0.002192283163265306,0.00022800162516760359,0.00023165891843687027,0.014236392758109354,0,6759.9521484375,overall|small
2401423,4,5,front windows on airplane ,55,0.001096141581632653,0.0006239300381047914,0.0006310242164336556,0.05258020487698642,0,4582.884765625,overall|small
2401423,5,6,six landing wheels,280,0.005580357142857143,0.004020783520853418,0.004089924856215056,0.19214235033307756,0,13154.2412109375,overall|small
2401423,6,8,wheels on airplane,196,0.00390625,0.004424876220297513,0.004549717514608485,0.13886658026247609,0,5982.31640625,overall|small
2401424,0,5,Left hand arrow on traffic sign.,500,0.009964923469387755,0.004242562593849085,0.004574902716765046,0.05517936706542969,0,6030.66015625,overall|small|text|part
2401424,1,9,section of a sign post,224,0.004464285714285714,0.0009640291924700301,0.0009943493305156455,0.030646451881953647,0,6903.81640625,overall|small|text
2401424,2,1,Traffic Lights in Background,1000,0.01992984693877551,0.026221332757010336,0.027071549335856652,0.45501336669921877,0,16807.806640625,overall|small
2401424,3,3,Lady with Yellow Bag,171,0.0034080038265306123,0.0001759233206576204,0.00018108548419440383,0.0061334294882434155,0,5791.83056640625,overall|small
2401424,4,4,Exclamation point.,720,0.014349489795918368,0.05966282365814939,0.06447653436177525,0.44418038262261283,1,4960.09716796875,overall|small
2401424,5,7,part of a road,300,0.005978954081632653,0.00533794221709276,0.0055604729292476115,0.11768456776936849,0,6349.3466796875,overall|small
2401424,6,0,Green leaves on the tree.,2205,0.0439453125,0.03556963820580082,0.057075107134364006,0.08625826673442814,0,3332.44189453125,overall|part
2401425,0,6,The eye of the elephant.,198,0.003946109693877551,0.01734816258746136,0.017570771458128666,0.5779362302837949,0,6512.59814453125,overall|small|part
2401425,1,0,the back left leg of an elephant.,2349,0.04681521045918367,0.0464285537675219,0.05787105333692056,0.19016201884861245,0,7718.72216796875,overall|part
2401425,2,2,Elephant's right front leg,2727,0.05434869260204082,0.044290234803169994,0.05667195590136753,0.16855082216392211,0,8110.50341796875,overall|part
2401425,3,3,the tail on an elephant.,1672,0.033322704081632654,0.055454507856416035,0.06534559367416005,0.26812897458601226,0,6860.62548828125,overall|part
2401425,4,5,The elephant's front right leg.,2790,0.05560427295918367,0.05926515189762965,0.07620382116009264,0.21049881254900313,1,7706.853515625,overall|part
2401425,5,1,The trunk of an elephant.,4760,0.09486607142857142,0.0325248521316027,0.05351486648680138,0.07657364276276916,0,6811.0146484375,overall
2401425,6,4,Left ear of elephant,4081,0.08133370535714286,0.08564796693861625,0.1287626112443185,0.20368794125980152,1,6455.68212890625,overall
2401426,0,5,legs of a chair,920,0.01833545918367347,0.009393384161977809,0.010241381352770166,0.1018866663393767,0,9152.6455078125,overall|small|part
2401426,1,8,metal handle on oven door,330,0.006576849489795918,0.008766387303326706,0.009127736491713813,0.18129441232392282,0,6554.43505859375,overall|small|part
2401426,2,2,steel pan for cooking pizza,639,0.01273517219387755,0.003930402377560956,0.004292097527990653,0.04456217113608299,0,6634.33837890625,overall|small
2401426,3,6,the table is of glass,999,0.019909917091836735,0.029401508550612215,0.03381063138858925,0.18398030598958334,0,5436.05126953125,overall|small
2401426,4,7,burn marks on a pizza crust,476,0.009486607142857142,0.02034150760439437,0.020956372184785674,0.4094363941865809,0,9299.87890625,overall|small
2401426,5,1,a pizza oven door,3162,0.06301817602040816,0.09200061955533727,0.1297406601145436,0.24028018032124646,0,5856.03564453125,overall|part
2401426,6,0,the pizza is spicy,5184,0.10331632653061225,0.10204173319543869,0.1588682863075046,0.22195639433684172,0,7242.61572265625,overall
2401427,0,2,2 blue garbage cans,570,0.01136001275510204,0.013305545653066122,0.0159854756481415,0.07353025068316543,0,2621.895263671875,overall|small
2401427,1,3,banner on side of building,238,0.004743303571428571,0.019781030532294876,0.019969767037617416,0.6766876733603597,0,8064.7744140625,overall|small
2401427,2,1,man in black shirt,27777,0.5535913584183674,0.040492926483849445,0.18194851662822795,0.049505903743429815,0,7557.7724609375,overall|text
2401427,3,0,white line on road,1800,0.03587372448979592,0.03436879076949645,0.0651415274792432,0.06781971825493707,0,1874.004150390625,overall
2401428,0,0,the glass is shinny ,690,0.013751594387755101,0.014738193061884631,0.01722598137640017,0.0926004990287449,0,3709.1845703125,overall|small
2401428,1,2,the table is brown in color ,156,0.0031090561224489796,0.006485009961854102,0.006510032799104898,0.6278604360727164,0,15045.427734375,overall|small
2401428,2,4,round red pepperoni slice,792,0.015784438775510203,0.005160465054956784,0.005562893922766389,0.06658483755708945,0,9479.8125,overall|small
2401428,3,5,patch of green spice,550,0.010961415816326531,0.0006292410199912559,0.0008707218364897736,0.0022637557983398436,0,1429.923583984375,overall|small
2401428,4,6,round red pepperoni slice,704,0.01403061224489796,0.029551128823911962,0.030834492380395512,0.41520625894719904,0,9479.8125,overall|small
2401428,5,7,this is a knife,16,0.00031887755102040814,0.00016315329695410904,0.00016359254450663382,0.05728369578719139,0,5602.57275390625,overall|small
2401428,6,8,corner of a white napkin,336,0.006696428571428571,0.009804001007116646,0.010309663421076346,0.16658902168273926,0,5429.2666015625,overall|small
2401429,0,0,bare feet in water and sand,90,0.001793686224489796,0.002696436453529253,0.0027145741952165534,0.2875262790256076,0,9532.7529296875,overall|small
2401429,1,1,the sky is blue in color,294,0.005859375,0.0015083396777507759,0.0015749291305754967,0.03444542528009739,0,6430.10205078125,overall|small
2401429,2,3,the grass is green in color,225,0.00448421556122449,0.0038722021929456607,0.0040684644792718366,0.07430525037977431,0,4109.33447265625,overall|small
2401429,3,5,Boogie board in a man's hands,256,0.00510204081632653,0.00268856272192211,0.002850945211597641,0.04507533460855484,0,4047.52978515625,overall|small
2401429,4,6,man's blue floral swimming trunk,180,0.003587372448979592,0.0013538344296667021,0.001368336538016627,0.11327088673909505,0,14900.3984375,overall|small
2401429,5,7,this is the sky,464,0.009247448979591837,0.020783560910688215,0.021993744185594966,0.27416219382450496,0,5783.974609375,overall|small
2401429,6,2,white cloud in the sky at the beach,9048,0.1803252551020408,0.11110430956843177,0.26841698004338976,0.15936244219198994,1,5371.908203125,overall
2401431,0,5,A blue and gold sign.,288,0.005739795918367347,0.0026442439539728084,0.0027683232819647424,0.05570892492930094,0,5795.62744140625,overall|small|text
2401431,1,0,this is the roof ,500,0.009964923469387755,0.007562916110178277,0.008411785718157108,0.06971892547607422,0,4144.12158203125,overall|small
2401431,2,1,the carpet is brown,729,0.014528858418367346,0.002085284782192692,0.0024910697389981637,0.012639533672149617,0,3698.90087890625,overall|small
2401431,3,3,part of a metal,104,0.002072704081632653,0.002241777802558749,0.0022747998582456066,0.1337716396038349,0,6115.81298828125,overall|small
2401431,4,4,A central vendor kiosk,720,0.014349489795918368,0.010570478056213198,0.010972307932931436,0.22398562961154514,0,14697.87890625,overall|small
2401431,5,6,part of a metal,65,0.001295440051020408,0.0015460236672983287,0.0015600432311478833,0.14678357931283803,0,6115.81298828125,overall|small
2401431,6,7,part of  a castle,208,0.004145408163265306,0.0031359658424206824,0.0031938405238253415,0.14752846497755784,0,9607.84375,overall|small
2401432,0,3,Company logo truck cab,336,0.006696428571428571,0.023105056081739593,0.02320617175868922,0.8413362957182384,1,12181.6298828125,overall|small|text
2401432,1,6,the logo on the side of the truck,396,0.007892219387755101,0.029790663147621084,0.030426686495592437,0.587655038544626,0,7648.26611328125,overall|small|text
2401432,2,7,the freeway sign on the side of the road,195,0.0038863201530612247,0.004078787778586743,0.0041786819961853955,0.14575186509352464,0,6801.57373046875,overall|small|text
2401432,3,0,the light is off,70,0.0013950892857142857,0.0001357458712515675,0.00013920328040500696,0.005435733710016523,0,2733.42236328125,overall|small
2401432,4,1,the front screen is clear,660,0.013153698979591837,0.009666315562889211,0.01094823476994308,0.07625957257819899,0,4597.20849609375,overall|small
2401432,5,4,part of the sky,624,0.012436224489795918,0.05635121526816354,0.06184666605145114,0.38807433690780246,1,3915.4638671875,overall|small
2401432,6,5,part of a road,504,0.010044642857142858,0.019216467981168106,0.019626816607677695,0.4789268251449343,0,12298.4345703125,overall|small
2401433,0,9,There is a yield sign.,420,0.008370535714285714,0.004265548777833891,0.004379665801768683,0.1406766619001116,0,13490.572265625,overall|small|text
2401433,1,8,a clock face that says 1:55 ,384,0.007653061224489796,0.024523234856429234,0.02914391830636872,0.13395527005195618,0,1764.993408203125,overall|small|part
2401433,2,0,a street light over the public street,75,0.0014947385204081632,0.0029226840930861894,0.0029293953950195774,0.5605773417154948,0,14352.2109375,overall|small
2401433,3,4,part of gutter on red brick building,20,0.0003985969387755102,0.00015417417839617636,0.000154943239233632,0.030125826597213745,0,3888.62744140625,overall|small
2401433,4,5,chimney top on red brick building,60,0.0011957908163265306,0.002381786043907518,0.0023948113278558776,0.30454715092976886,0,7630.1748046875,overall|small
2401433,5,7,part of roof on red brick building,36,0.0007174744897959184,0.000268105858963273,0.00026976538212568585,0.0417621201939053,0,5573.12548828125,overall|small
2401433,6,1,a grey decorative brick triangle,1764,0.03515625,0.03702813380264061,0.05382454795505694,0.10607143756754003,0,3476.295166015625,overall
2401434,0,1,Utility pole in park.,504,0.010044642857142858,0.02061867830132732,0.0213039241434057,0.3906242431156219,0,9241.2373046875,overall|small
2401434,1,3,part of a bench,225,0.00448421556122449,0.011156015485997088,0.011341358032780201,0.40569986979166667,0,8048.63671875,overall|small
2401434,2,5,tattoo on a shoulder,432,0.00860969387755102,0.02776278308624432,0.02850783015203189,0.5151023511533384,0,7805.72265625,overall|small
2401434,3,6,Green garbage can.,576,0.011479591836734694,0.01667711718342454,0.017720243752251424,0.2207617892159356,0,7175.9052734375,overall|small
2401434,4,7,a blue bench,42,0.0008370535714285714,0.001249622889829096,0.0012546887039440531,0.23635185332525344,0,7911.74560546875,overall|small
2401434,5,0,brown mulch on ground,2550,0.05082110969387755,0.011564756071714677,0.01807059461998577,0.03112250234566483,0,4391.796875,overall
2401434,6,2,brown belt of a man,1007,0.020069355867346938,0.04294002255603361,0.04857445328150531,0.27017214944606505,0,5600.95556640625,overall
2401435,0,4,this is a t shirt,338,0.0067362882653061226,0.005523272784739026,0.005928013397837658,0.07484190562773033,0,4267.2919921875,overall|small|text
2401435,1,2,right arm of a boy,80,0.0015943877551020409,0.0008397899418507573,0.0008525852979399078,0.052991938591003415,0,4972.35302734375,overall|small|part
2401435,2,7,wheel of a skate board,66,0.0013153698979591836,0.002506451672583946,0.00251275100807786,0.4999505245324337,0,13131.716796875,overall|small|part
2401435,3,8,part of a shoe,20,0.0003985969387755102,0.0007763138713480774,0.0007792689689752093,0.16992920637130737,0,4361.24658203125,overall|small|part
2401435,4,0,the lady is light skinned,35,0.0006975446428571429,0.0002679943720605228,0.0002725074283195532,0.01592435155596052,0,2045.2738037109375,overall|small
2401435,5,3,ram of a skating court,252,0.005022321428571429,0.0075557108446741815,0.007609266963005929,0.5177276853531126,0,17145.853515625,overall|small
2401435,6,5,black and silver wrist watch,60,0.0011957908163265306,0.0013467819291289062,0.0013639482585160294,0.09666446050008139,0,4252.263671875,overall|small
2401436,0,8,woman wearing red shirt,396,0.007892219387755101,0.008074265440754425,0.008490228867572861,0.14148633166997118,0,6599.1845703125,overall|small|text
2401436,1,0,Lights are giving an orange glow.,832,0.016581632653061226,0.02729343024238323,0.029825839455928968,0.2432569907261775,0,6785.720703125,overall|small
2401436,2,1,Pictures are hanging on the wall.,799,0.015923947704081634,0.027530601905731214,0.030503705462591846,0.22024910441029802,0,5769.103515625,overall|small
2401436,3,5,the walls are brick,868,0.017299107142857144,0.031082854042551355,0.033353056593940396,0.3134974818075857,0,8158.64697265625,overall|small
2401436,4,4,woman in white shirt,1085,0.021623883928571428,0.062274700790321644,0.06868816365629776,0.40010623492403513,1,6320.08837890625,overall|text
2401436,5,7,A window.,1598,0.03184789540816327,0.06083435690902448,0.07286518440193174,0.269243930248504,0,5904.76513671875,overall|part
2401436,6,2,large white and gray clock,2430,0.04842952806122449,0.052459631561516534,0.06123013367953593,0.26806427127539867,0,10638.490234375,overall
2401437,0,2,a wooden support beam.,714,0.014229910714285714,0.024733682294274244,0.025716960857953598,0.39279568028383227,0,10905.4921875,overall|small
2401437,1,6,red and gold Griffindor scarf ,315,0.006277901785714286,0.010313032090765683,0.011199056290919688,0.11532088991195437,0,3243.67333984375,overall|small
2401437,2,9,Blue bath robe,455,0.009068080357142858,0.011298127641503694,0.011862697932593431,0.19185075026292067,0,7358.5361328125,overall|small
2401437,3,7,There is one window,1062,0.02116549744897959,0.033724870120943023,0.04506101102609011,0.1182092641482021,0,2785.96142578125,overall|part
2401437,4,0,The trunk has the initials HP,1804,0.03595344387755102,0.03390815900053035,0.045718099095041785,0.11603281397512906,0,4578.56298828125,overall
2401437,5,1,Dark wooden coat rack,1311,0.026128029336734693,0.026267964524138522,0.028806129879856732,0.22965532036613273,0,10451.876953125,overall
2401437,6,3,a large wooden support beam.,1152,0.02295918367346939,0.01889581207966447,0.02051409563094879,0.19324382146199545,0,10851.8984375,overall
2401438,0,1,The back left leg of the sheep.,144,0.0028698979591836736,0.00031738139242660964,0.0003231277020753407,0.017534125182363722,0,7813.98193359375,overall|small|part
2401438,1,5,The back right leg of the sheep.,216,0.00430484693877551,0.001081904095056724,0.0011064834777234122,0.04644189057526765,0,9066.0625,overall|small|part
2401438,2,7,the eye is closed,60,0.0011957908163265306,0.002677104181004394,0.002688855494073842,0.3798667907714844,0,8476.4716796875,overall|small|part
2401438,3,2,The mouth of the sheep.,121,0.0024115114795918366,0.005119562773596593,0.005210093675919818,0.22758039364144822,0,5285.361328125,overall|small
2401438,4,3,a sheep's hoof,153,0.003049266581632653,0.0019219588614573435,0.0020153754529618753,0.03981361202165192,0,3022.505126953125,overall|small
2401438,5,6,The right ear of the sheep.,120,0.0023915816326530613,0.0005843772320876241,0.0005912733758838761,0.04771367311477661,0,9683.576171875,overall|small
2401438,6,9,sheep has black nose,70,0.0013950892857142857,0.0037847453938757935,0.0038091294274542604,0.3715555463518415,0,6828.0400390625,overall|small
2401439,0,2,"Black, brown and white cat's left eye",176,0.00350765306122449,0.010786458336051585,0.011371330033167561,0.17335902560840954,0,2683.16796875,overall|small|part
2401439,1,6,"Right eye of black, brown and white cat",288,0.005739795918367347,0.034387760111326965,0.0367059350378889,0.3525392214457194,0,2766.072998046875,overall|small|part
2401439,2,3,part of a wall,437,0.008709343112244899,0.04899533688017525,0.05166582350604869,0.48662959956468105,0,4116.01171875,overall|small
2401439,3,4,"Tail of black, brown and white cat",1596,0.03180803571428571,0.018824803181285373,0.02747833135353424,0.056404462733065576,0,3276.09130859375,overall|part
2401439,4,0,White wall in the background,1081,0.021544164540816327,0.01107506285298268,0.014938717882060557,0.041063052873496764,0,2971.4169921875,overall
2401439,5,1,white blanket on bed,28458,0.5671635841836735,0.5540395266996128,0.7121003454871152,0.7139649878768711,1,28532.517578125,overall
2401439,6,5,Painting or poster against the wall,1638,0.03264508928571429,0.12178836143538181,0.13906531179679565,0.495025150359623,0,5830.72216796875,overall
2401440,0,0,shadow of a man on the water ,190,0.003786670918367347,0.004436382616796684,0.004683127329040224,0.07766177528782894,0,3150.829833984375,overall|small
2401440,1,1,slopes of a mountain,196,0.00390625,0.0068950966015306715,0.006973054412323752,0.38147225671884966,0,10722.498046875,overall|small
2401440,2,2,section of the sea water,80,0.0015943877551020409,0.0019330887640914873,0.0019467687602446795,0.2157437324523926,0,8865.7158203125,overall|small
2401440,3,3,peak of a mountain,3,5.978954081632653e-05,4.6062189671403075e-05,4.607901608427005e-05,0.11201172073682149,0,7292.58544921875,overall|small
2401440,4,4,small birds on the water in the distance,440,0.008769132653061224,0.0013401681458395165,0.0014945064706257023,0.012811017036437989,0,3771.711669921875,overall|small
2401440,5,6,group of people on boat,910,0.018136160714285716,0.01581935787948967,0.01694883343958302,0.19184357360169127,0,10300.275390625,overall|small
2401440,6,8,ripples of water,98,0.001953125,0.002317454903091403,0.0023494108108051606,0.14557678845463967,0,6072.38427734375,overall|small
2401441,0,0,BMW logo on bike,198,0.003946109693877551,0.005075307969673345,0.005101146802203854,0.5004935216422033,0,19426.556640625,overall|small|text
2401441,1,5,the letters BIA on the side of a bucket,84,0.0016741071428571428,0.0005986716742554191,0.0006222187482109498,0.015573214916955857,0,2102.395751953125,overall|small|text
2401441,2,6,There is a green leaf on the bike,408,0.008131377551020409,0.010741920542929582,0.011452311840182389,0.1476100098853018,0,5258.75341796875,overall|small|part
2401441,3,8,small purple flowers with green leaves,550,0.010961415816326531,0.03509592636337284,0.04510405090316332,0.13656766024502842,0,1665.3096923828125,overall|small|part
2401441,4,9,leaf on ground near bike,625,0.012456154336734694,0.02948760080857446,0.03255274997512611,0.23848203125,0,4578.76123046875,overall|small|part
2401441,5,4,Red and orange brake light,350,0.006975446428571429,0.016521473776342898,0.016900357809548492,0.4242783900669643,0,8786.64453125,overall|small
2401441,6,7,the road is grey in color,187,0.0037268813775510204,0.008389950975543101,0.00850630778767775,0.38017187271526154,0,8357.5791015625,overall|small
2401442,0,4,a black motorcycle helmet,288,0.005739795918367347,0.01317035993714954,0.013684773057564617,0.25946058167351616,0,5460.4228515625,overall|small|part
2401442,1,8,white van parked on road,288,0.005739795918367347,0.011440340670126331,0.011845159611839432,0.2507953643798828,0,6097.7705078125,overall|small
2401442,2,0,an American flag,5883,0.11724728954081633,0.14971929957170457,0.26394251498455373,0.2570388900287375,1,5729.12548828125,overall|text
2401442,3,1,The motorcycle's front tire.,1350,0.026905293367346938,0.042501828750384905,0.045762126640220904,0.37365464952256944,0,11022.953125,overall
2401442,4,2,The motorcycle's back tire.,1833,0.03653140943877551,0.04860024196021651,0.05313842786977778,0.36267935611872615,0,12510.5556640625,overall
2401442,5,3,tall buildings in city,2925,0.058294802295918366,0.19301182812841486,0.28093300309395036,0.3814665130876068,1,3971.728271484375,overall
2401442,6,5,white painted lines on the street,6237,0.12430245535714286,0.11402389532438832,0.22093469270473742,0.19069895852122415,1,5383.443359375,overall
2401443,0,5,the floor is brown in color ,252,0.005022321428571429,0.008252385943004875,0.0087416952629783,0.128488646613227,0,3703.988525390625,overall|small
2401443,1,6,some children are not wearing shoes,986,0.019650829081632654,0.008431779629684468,0.009585645525330626,0.06546100980128043,0,6733.45947265625,overall|small
2401443,2,3,a boy wearing a white striped shirt,4214,0.083984375,0.140041510571309,0.16072173752271698,0.5211573864647603,1,13664.3447265625,overall|text
2401443,3,0,wooden stool in the garden,1617,0.0322265625,0.02905077537838505,0.03705041103928694,0.11859251646326144,0,5175.76171875,overall
2401443,4,1,solid blue plates,8036,0.16015625,0.17037506829574747,0.33057411060288233,0.26012111149242473,1,6323.34228515625,overall
2401443,5,2,this is a child ,5586,0.111328125,0.07531016927373699,0.12003627295192727,0.16813493039588367,0,7824.31591796875,overall
2401443,6,4,plants in garden,2698,0.05377072704081633,0.18392317019959933,0.2174375693052553,0.5440602793880884,0,6750.78662109375,overall
2401444,0,5,baseball players number on back of uniform shirt,400,0.007971938775510204,0.0034871789078467505,0.0036987394837152718,0.05746341705322266,0,6214.37841796875,overall|small|text
2401444,1,1,a human arm.,493,0.009825414540816327,0.0017258845243361281,0.0019040636599885344,0.018109211331690543,0,4688.83544921875,overall|small|part
2401444,2,3,baseball hat on players head,195,0.0038863201530612247,0.0048881248260405855,0.004943744131961968,0.3028846936348157,0,11946.919921875,overall|small|part
2401444,3,4,the trouser is white in color ,155,0.0030891262755102043,0.00039026692185490313,0.0004026273765515083,0.012552910466347971,0,4832.5107421875,overall|small
2401444,4,7,The black belt on the player's pants.,209,0.004165338010204082,0.0011767132222212495,0.0012093926652293613,0.04173026016454377,0,7211.57373046875,overall|small
2401444,5,8,The patch on the player's left sleeve.,60,0.0011957908163265306,0.0022218628505242363,0.002243260861081188,0.18892331123352052,0,5053.08984375,overall|small
2401444,6,9,The player's right foot.,264,0.0052614795918367345,0.0033161634787899586,0.0033905093480578576,0.13136544372096207,0,10228.6923828125,overall|small
2401445,0,5,Tarp covering a fence,868,0.017299107142857144,0.010640554643716356,0.011435004017023968,0.13281473256475915,0,10081.6044921875,overall|small
2401445,1,6,A fence,918,0.01829559948979592,0.010242775489565778,0.011083229470599023,0.11899975546045241,0,9856.4931640625,overall|small
2401445,2,0,a wire fence in front of a planter filled with surfboards,4784,0.09534438775510204,0.1240531789413494,0.18765019193117125,0.2679532411505147,1,6831.265625,overall
2401445,3,1,metal building enclosure,1443,0.028758769132653062,0.008692063581356019,0.017359605454038776,0.01711084044648803,0,1422.3216552734375,overall
2401445,4,2,wooded area in the background,5994,0.1194595025510204,0.18885333723756556,0.29292285626007825,0.3470720476335711,1,7102.0400390625,overall
2401445,5,3,a length of barbed wire in front of a row of surfboards,2268,0.045200892857142856,0.05849714063499974,0.06898094025061823,0.2779248757337136,0,9137.7939453125,overall
2401445,6,4,a small white surfboard sticking out of a planter,1680,0.033482142857142856,0.01765024007818431,0.022416476833238417,0.0766494387672061,0,5744.482421875,overall
2401447,0,1,the big button on the microwave,759,0.015126753826530613,0.013534211020363195,0.015001054632409484,0.12158270472751462,0,6151.65234375,overall|small
2401447,1,2,A metal screw in the microwave casing.,60,0.0011957908163265306,0.0014994164962698379,0.001515033890921351,0.12698636054992676,0,5029.05029296875,overall|small
2401447,2,3,clock on panel of microwave,899,0.017916932397959183,0.014777731509581619,0.01617907510112964,0.14574806629219098,0,8098.57861328125,overall|small
2401447,3,5,Three cooling air vents.,407,0.008111447704081632,0.0074816979060316835,0.007903940678276825,0.12284511781734682,0,6325.70068359375,overall|small
2401447,4,0,door of the microwave oven,25284,0.50390625,0.20255843613210886,0.5467039677254218,0.2434450308557289,0,11258.861328125,overall|part
2401447,5,4,the smaller buttons on the microwave,2508,0.04998405612244898,0.03480797511381052,0.04859512103647197,0.10927945613100579,0,5639.92578125,overall
2401448,0,9,There is a Canadian flag on the plane,99,0.0019730548469387753,0.0008022993412355405,0.0008100303807221451,0.07754355729228318,0,9477.1904296875,overall|small|text
2401448,1,2,part of a  tail wing,855,0.017040019132653062,0.016215346601693346,0.01807806506839044,0.13597451371756214,0,6430.89892578125,overall|small|part
2401448,2,7,A rear passenger door.,200,0.003985969387755102,0.0017571200955126805,0.0017997638438726235,0.06903879165649414,0,7671.9833984375,overall|small|part
2401448,3,0,A left horizontal stabilizer. ,546,0.010881696428571428,0.008219936083169515,0.008924165282794286,0.09433829478728466,0,5771.82373046875,overall|small
2401448,4,3,first class passengers' windows,231,0.004603794642857143,0.006338340417156521,0.006412055224384458,0.3553952303799716,0,12803.4296875,overall|small
2401448,5,4,Engine mounted under wing.,864,0.01721938775510204,0.008299172423120773,0.00953141746077472,0.060321807861328125,0,5468.0263671875,overall|small
2401448,6,5,part of a sky,896,0.017857142857142856,0.028421016219416496,0.037335899634685345,0.1063676221030099,0,2552.6474609375,overall|small
2401449,0,1,the leaves are green in color,195,0.0038863201530612247,0.0010005038979140968,0.001038555105052127,0.026581500126765325,0,4990.96533203125,overall|small|part
2401449,1,7,branches of a tree,66,0.0013153698979591836,0.0008501674279807049,0.0008565313757911013,0.1026763121287028,0,7911.72021484375,overall|small|part
2401449,2,2,part of a grass vegetation,242,0.004823022959183673,0.0031465775206046035,0.003237918943771168,0.10034851200324445,0,7499.98388671875,overall|small
2401449,3,4,edge of a lake,28,0.0005580357142857143,0.00127775000286636,0.0012803208673654518,0.38887803895132883,0,8504.5751953125,overall|small
2401449,4,5,part of a tree,48,0.0009566326530612245,0.0007328988075327371,0.0007372658859893408,0.11010700464248657,0,7168.56201171875,overall|small
2401449,5,6,part of a leafy tree,30,0.0005978954081632653,0.0009254752886753775,0.0009300223206218832,0.15916296641031902,0,5134.166015625,overall|small
2401449,6,8,stem of a tall tree,30,0.0005978954081632653,0.0007647393633884887,0.0007667118186574931,0.22914530436197916,0,8966.02734375,overall|small
2401450,0,0,Black suitcase in a man's hand,756,0.015066964285714286,0.010855916016578461,0.011361729684977569,0.1960436704928282,0,13044.58203125,overall|small|part
2401450,1,2,A large sectioned window.,646,0.01287468112244898,0.004497285218793689,0.004861613734097236,0.05661440633767899,0,7522.79150390625,overall|small|part
2401450,2,3,part of  a walking path,360,0.007174744897959184,0.013272847356345189,0.013969534959869188,0.21019708845350477,0,5416.85546875,overall|small
2401450,3,6,part of a top,247,0.004922672193877551,0.002334733911889683,0.0024759750911916498,0.03931891869919503,0,3922.4033203125,overall|small
2401450,4,9,Flags mounted to wall at train station,304,0.006058673469387755,0.0011315723860935054,0.0011904196116511304,0.02237830820836519,0,5714.79638671875,overall|small
2401450,5,1,Woman carrying a backpack  ,1152,0.02295918367346939,0.05912401762297547,0.06882100409728885,0.29558229446411133,0,4947.7744140625,overall
2401450,6,4,part of a roof,1536,0.030612244897959183,0.05661668291485812,0.06215020467889759,0.388713796933492,0,9606.796875,overall
2401451,0,1,part of a leg,42,0.0008370535714285714,0.0007176495889322708,0.0007201802006400648,0.16959662664504277,0,9890.6611328125,overall|small|part
2401451,1,2,black hair on tip of tail,165,0.003288424744897959,0.0028870426491435105,0.0029601703857591905,0.10463735407049006,0,5832.48974609375,overall|small|part
2401451,2,3,head of giraffe,135,0.002690529336734694,0.002145170160110263,0.0022040045908845586,0.0743830504240813,0,4556.12109375,overall|small|part
2401451,3,5,part of a knee,72,0.0014349489795918368,0.0009375249170741314,0.0009476096265052313,0.08096219433678521,0,6151.560546875,overall|small
2401451,4,6,edge of a swamp,299,0.0059590242346938774,0.0038137483694474015,0.003959431829408675,0.09391669206395994,0,7092.2021484375,overall|small
2401451,5,7,neck of a giraffe,320,0.006377551020408163,0.003070499326369877,0.0031892250529344827,0.07619551420211793,0,7645.29443359375,overall|small
2401451,6,8,mane on giraffe neck,72,0.0014349489795918368,0.0018887696718115873,0.0019002777760386276,0.237737152311537,0,9007.669921875,overall|small
2401452,0,3,upper level dormer window,308,0.006138392857142857,0.012301507535576494,0.012790016926874603,0.24361305732231636,0,5866.5146484375,overall|small|part
2401452,1,4,upstairs window of house,216,0.00430484693877551,0.014051918264590374,0.014206542840746152,0.5635202902334707,1,8567.91015625,overall|small|part
2401452,2,0,flock of animals on a ranch,10481,0.20888472576530612,0.20950670757573964,0.33454046343070065,0.3592029065988455,1,11253.6630859375,overall
2401452,3,1,green rolling hill sides,3900,0.07772640306122448,0.057832822430340734,0.08104249667192664,0.16801036345653045,0,8085.14599609375,overall
2401452,4,2,the grass is green,12371,0.24655213647959184,0.07034750266419307,0.2873766725413044,0.08521232083855387,0,3668.22265625,overall
2401453,0,2,part of a sandy beach,315,0.006277901785714286,0.007633835873449891,0.007787467233766675,0.2789954775855655,0,11285.2578125,overall|small
2401453,1,3,this is an umbrella ,182,0.003627232142857143,0.00505745451552746,0.005195538736178511,0.15986939314957505,0,5600.2333984375,overall|small
2401453,2,4,a section of a sandy shore,143,0.002849968112244898,0.003298838326278562,0.003360581082032033,0.15222025251055096,0,6477.30126953125,overall|small
2401453,3,5,the bag is green in color ,4,7.971938775510203e-05,5.3363769124137065e-06,5.339760669755e-06,0.008350782096385956,0,6255.5478515625,overall|small
2401453,4,6,the sky is blue in color ,748,0.014907525510204082,0.008158635688584341,0.008933456411445278,0.08597893128420579,0,7199.0322265625,overall|small
2401453,5,0,no big waves in water,5208,0.10379464285714286,0.09563492849422946,0.15742633165783718,0.19591504637546803,1,6481.2890625,overall
2401453,6,1,a green tree near the seashore,16426,0.32736766581632654,0.11480246248533231,0.3489402042912958,0.14609643426865182,1,6877.3388671875,overall
2401454,0,1,there are some leaves on the ground,261,0.0052016900510204085,0.004695641468810181,0.004820091899286296,0.15388108761374522,0,8332.40625,overall|small|part
2401454,1,2,the tree has green leaves ,170,0.0033880739795918366,0.004254177503815233,0.004349430380082242,0.16265716552734374,0,6357.54931640625,overall|small|part
2401454,2,6,part of  a leg,720,0.014349489795918368,0.010198380929472093,0.011096389280304294,0.11191471947564019,0,7261.6953125,overall|small|part
2401454,3,5,this is a tree,960,0.01913265306122449,0.015101243223891865,0.017131919967645,0.11300533612569173,0,6332.3388671875,overall|small
2401454,4,7,part of a jaw,666,0.01327327806122449,0.004632134891948732,0.00505282279803162,0.05270369704421218,0,6946.7431640625,overall|small
2401454,5,9,this is the ground ,750,0.014947385204081632,0.03538626410940641,0.039485888635170045,0.25419099934895834,0,4828.13623046875,overall|small
2401454,6,8,tail of an elephant,1947,0.03880341198979592,0.023437824098130725,0.027308290395504222,0.14190112693406523,0,10117.12890625,overall|part
2401455,0,6,The text says Toma 4.,432,0.00860969387755102,0.02635387553596157,0.02672178540357705,0.6568429028546369,0,10618.90625,overall|small|text
2401455,1,5,curtain inside of window,132,0.0026307397959183672,0.0023242906210011057,0.002431320762925429,0.0501511711062807,0,2722.78125,overall|small|part
2401455,2,0,Another building in the distance.,360,0.007174744897959184,0.012776442365686747,0.01311639407000703,0.3301873948838976,0,9062.5107421875,overall|small
2401455,3,1,balconies on tall building.,102,0.002032844387755102,0.007913647744192478,0.007946691202925352,0.6555489184809666,0,8414.318359375,overall|small
2401455,4,3,person standing on sidewalk.,105,0.0020926339285714285,0.0008130483172780556,0.0008256167504096753,0.05070102328345889,0,6448.037109375,overall|small
2401455,5,4,A shadow under the truck.,994,0.019810267857142856,0.03649060434604049,0.03921796375937331,0.34413985131492075,0,8722.40625,overall|small
2401455,6,7,windshield of the truck.,156,0.0031090561224489796,0.004748991661492182,0.004902646089356809,0.13158705295660558,0,4187.041015625,overall|small
2401456,0,3,Bear has dark eyes.,470,0.00936702806122449,0.020068401599336646,0.022011450876912718,0.18523046615275932,0,3955.1376953125,overall|small|part
2401456,1,1,Bear has pink tongue.,286,0.005699936224489796,0.005727531158967631,0.006132591726365722,0.0797950771305111,0,3721.3291015625,overall|small
2401456,2,6,the ground is rocky,810,0.016143176020408163,0.01589947666503973,0.016246136415264956,0.4269753538532022,0,21288.140625,overall|small
2401456,3,0,the bear`s ears are bent back,2033,0.040517378826530615,0.051197005590546504,0.075579690081793,0.13696144955884162,0,3684.09326171875,overall
2401456,4,2,the paws have nails,4408,0.08785076530612244,0.051362511876044036,0.12200814407336533,0.0814778211977867,0,2943.690673828125,overall
2401456,5,4,Some green foliage.,2640,0.052614795918367346,0.0120605927549812,0.020019313852396442,0.029443891120679452,0,3882.843994140625,overall
2401456,6,5,the ground is muddy,1932,0.03850446428571429,0.024787092886978244,0.028554565652269936,0.15815507403071621,0,10700.76171875,overall
2401457,0,2,a man in black on the sidewalk,210,0.004185267857142857,0.004993502150937979,0.005179010725601695,0.12235134669712612,0,4961.13720703125,overall|small
2401457,1,4,a line painted on the road.,500,0.009964923469387755,0.009735941620316598,0.010476266571554652,0.12108956909179687,0,5779.23291015625,overall|small
2401457,2,5,a section of clear blue sky.,189,0.0037667410714285715,0.004552636145960063,0.004734009265143876,0.10620764071348483,0,4240.220703125,overall|small
2401457,3,0,a small black fence on the corner,1519,0.0302734375,0.0421424850099603,0.04762829177150143,0.26787395866549746,0,8543.2529296875,overall
2401457,4,1,a nice shopping complex,6254,0.12464126275510204,0.18529533326469066,0.2480231640640563,0.4228493373615886,1,10662.3095703125,overall
2401457,5,3,a white cloud in a blue sky.,1274,0.025390625,0.05670910302060084,0.07417283093353173,0.1941058699339862,0,3333.98193359375,overall
2401458,0,0,the plate is round,46420,0.9251434948979592,0.21545658850845645,0.8931343334811053,0.22115801967767126,1,11494.525390625,overall
2401459,0,6,part of a hair,348,0.0069355867346938774,0.0008249774378305239,0.0008654716304643636,0.017326522147518463,0,6966.87158203125,overall|small|part
2401459,1,9,part of a door,240,0.0047831632653061226,0.02420644236303319,0.024377424618887828,0.7753405253092448,0,7633.36279296875,overall|small|part
2401459,2,1,part of a top,840,0.016741071428571428,0.008681987349317912,0.009934046478869326,0.0644450823465983,0,5449.3271484375,overall|small
2401459,3,2,part of a top,460,0.009167729591836735,0.0045888376949605155,0.004953469591599522,0.05868060070535411,0,5449.3271484375,overall|small
2401459,4,4,edge of a bus,196,0.00390625,0.004085448142722755,0.004136695805931394,0.24799372225391622,0,11750.1435546875,overall|small
2401459,5,7,part of a shade,288,0.005739795918367347,0.011691831911969135,0.011911681591852226,0.3878083758884006,0,9376.41015625,overall|small
2401459,6,0,Ponytail in hair,1012,0.020169005102040817,0.002699008075083091,0.0034589585371815755,0.012135609336521315,0,3550.55908203125,overall|part
2401460,0,3,The word MICHIGAN on the player's shirt.,459,0.00914779974489796,0.03200600744553611,0.0338875547749004,0.3656606570308245,0,4952.798828125,overall|small|text
2401460,1,7,The face of the tennis player,392,0.0078125,0.015019359055267186,0.015757864449202255,0.24269715133978395,0,6037.44775390625,overall|small|part
2401460,2,0,The yellow tennis ball.,234,0.00466358418367347,0.002678308154544924,0.0028040630428848674,0.056354954711392395,0,4702.83984375,overall|small
2401460,3,2,The player's left foot.,816,0.016262755102040817,0.011378639344712732,0.013137183599062142,0.07834440119126264,0,4866.26611328125,overall|small
2401460,4,5,the shoes are blue in color,480,0.009566326530612245,0.007159407194827552,0.007622028261743565,0.10551088651021322,0,6644.58642578125,overall|small
2401460,5,1,Blue shorts with a yellow M,4095,0.08161272321428571,0.04453060075021376,0.06061543044037264,0.14369842939178876,0,9707.8427734375,overall
2401460,6,4,"Blue, white and green tennis court",3876,0.07724808673469388,0.09578314395877835,0.11295336452824277,0.3865422897417602,0,13264.216796875,overall
2401461,0,9,a sticker on the window,384,0.007653061224489796,0.0014116170629130762,0.001809069305910158,0.00638418768843015,0,1355.1322021484375,overall|small|part
2401461,1,3,license plate on front of bus,182,0.003627232142857143,0.005510377701657396,0.005598766011795335,0.25873374938964844,0,8410.7001953125,overall|small
2401461,2,4,the ground is gray,729,0.014528858418367346,0.07621683275959477,0.08614540484784776,0.39806048860275206,0,3368.5615234375,overall|small
2401461,3,7,back side tire of bus,816,0.016262755102040817,0.039863470375714846,0.043905954670007775,0.30214498557296454,1,5615.41845703125,overall|small
2401461,4,8,another tree off to the side,671,0.013372927295918368,0.02947617369592314,0.03039699467539482,0.49316551788375557,0,10886.4072265625,overall|small
2401461,5,6,a wheel of the bus,1056,0.021045918367346938,0.035951172248906996,0.03803833989040775,0.3958452687118993,0,10989.244140625,overall|part
2401461,6,0,The building is a school.,6448,0.1285076530612245,0.16032982545917177,0.23146501510417086,0.34283731238126164,1,9550.5361328125,overall
2401462,0,7,the door is opened ,203,0.004045758928571429,0.009722157142162263,0.010703697480540477,0.09585731957346348,0,1817.9732666015625,overall|small|part
2401462,1,5,the wall is cream in color ,294,0.005859375,0.005845942880125341,0.006051435875357412,0.14686945182125585,0,7135.43359375,overall|small
2401462,2,9,The back of a wooden chair,238,0.004743303571428571,0.009487490695839521,0.009773005342903077,0.24514142204733455,0,5969.87890625,overall|small
2401462,3,0,two window are over the sink,7084,0.14118303571428573,0.0731385431240718,0.21054594825747,0.10077471224215662,1,3390.652099609375,overall|part
2401462,4,4,the door is wooden ,2650,0.052814094387755105,0.051082132688988216,0.06573824971971547,0.1864116164873231,0,7514.5107421875,overall|part
2401462,5,1,A granite counter top,2014,0.040138711734693876,0.07450556957588536,0.07797375652945512,0.6261789422286185,0,16173.703125,overall
2401462,6,2,A white toaster,1287,0.02564971301020408,0.015963901742238423,0.01818713436842837,0.11550806100366648,0,8173.84814453125,overall
2401463,0,0,leg of a white bird,130,0.002590880102040816,0.006458416535042498,0.0065233194031599235,0.3936191852276142,0,7844.24169921875,overall|small|part
2401463,1,2,The right eye of the bird,24,0.00047831632653061223,0.00014693393633983767,0.00014816202396217734,0.017418007055918377,0,2821.452880859375,overall|small|part
2401463,2,6,left leg of a bird,161,0.003208705357142857,0.0018188983300834786,0.0018425891921606192,0.12393460954938616,0,10829.0400390625,overall|small|part
2401463,3,7,The leaves are green.,682,0.013592155612244899,0.021938140839274586,0.023766686087322703,0.22187648560644244,0,6366.88525390625,overall|small|part
2401463,4,8,Brown leaves on bush,464,0.009247448979591837,0.016418333890465615,0.017693907724451664,0.18549805674059638,0,4864.4482421875,overall|small|part
2401463,5,1,neck of a bird,32,0.0006377551020408163,0.0008597296132480654,0.0008617630127499369,0.2670539617538452,0,9916.5625,overall|small
2401463,6,5,The beak is brown.,256,0.00510204081632653,0.012898613840628742,0.013167098896031874,0.3874712586402893,0,7533.37109375,overall|small
2401464,0,4,over spray of wave,338,0.0067362882653061226,0.009839268063087984,0.010104466099941905,0.2726700009678948,0,9120.962890625,overall|small
2401464,1,5,name of photographer,528,0.010522959183673469,0.007752911725293745,0.00903605273649588,0.05177053538235751,0,3025.086669921875,overall|small
2401464,2,0,a black wet suit,3021,0.06020806760204082,0.10484986015511523,0.1259681646887729,0.38477322156363786,1,9227.7275390625,overall
2401464,3,1,white surf board or body board,2184,0.04352678571428571,0.058593737782937014,0.0671890609641404,0.31413990062671704,1,10211.208984375,overall
2401464,4,2,small waves in ocean,5720,0.11399872448979592,0.07102836464535976,0.10751540335177613,0.17307357254561845,0,9207.8046875,overall
2401464,5,3,spray of water droplets ,2394,0.04771205357142857,0.02850819570680192,0.04088762277444814,0.0860559053986692,0,5038.6357421875,overall
2401465,0,5,part of a tail,528,0.010522959183673469,0.017236597676720637,0.01813293730117426,0.25854313012325403,0,7528.33203125,overall|small|part
2401465,1,8,head of a dog,45,0.000896843112244898,0.0030154603902453584,0.003077459483668045,0.13019193013509114,0,1903.72509765625,overall|small|part
2401465,2,4,A person standing in the background. ,260,0.005181760204081632,0.004621562684701918,0.0048230196177749315,0.09962102449857271,0,5370.3837890625,overall|small
2401465,3,7,bright clear blue sky,462,0.009207589285714286,0.024698290728542602,0.025500850492017186,0.43970472988112147,0,7966.1494140625,overall|small
2401465,4,0,part of a snow,1025,0.0204280931122449,0.029588355520171094,0.03198282637796571,0.28326210580221034,0,9078.111328125,overall
2401465,5,1,woman wearing a purple vest,2640,0.052614795918367346,0.008914562914784156,0.011995194313969382,0.03354660091978131,0,7383.208984375,overall
2401465,6,2,white snow covering ground,1755,0.03497688137755102,0.035321049037988335,0.03958590107143542,0.24690073562143874,0,10946.0888671875,overall
2401466,0,0,Number 767 on plane.,270,0.005381058673469388,0.006742111872697869,0.006818661777364446,0.37521545975296583,0,14857.486328125,overall|small|text
2401466,1,2,flag has red white and blue,308,0.006138392857142857,0.0021651245761643654,0.002366717034330939,0.024788695496398134,0,3225.953125,overall|small|text
2401466,2,3,The left wing on the plane with the American flag.,703,0.014010682397959183,0.01811795802995836,0.01912548157879984,0.2559120319306766,0,9406.62109375,overall|small|text
2401466,3,4,The right wing on the plane with the American flag.,506,0.010084502551020409,0.012001095170552178,0.012504523741826689,0.22963851808088098,0,9292.404296875,overall|small|text
2401466,4,1,blue and white skies,14337,0.28573421556122447,0.05675538657563749,0.4568270443664003,0.06086256601009408,0,1910.102783203125,overall
2401466,5,5,The ground is grey.,8446,0.16832748724489796,0.03703084150792152,0.14634129658690964,0.04723403139360533,0,2726.083740234375,overall
2401468,0,1,white edge along platform,860,0.017139668367346938,0.007032934847846395,0.008170751404219941,0.048076030819915065,0,5060.16943359375,overall|small
2401468,1,2,Bright yellow light hanging from red pole,240,0.0047831632653061226,0.002907204697495126,0.003001608487640009,0.08461440404256185,0,6765.52490234375,overall|small
2401468,2,3,person walking in train station,396,0.007892219387755101,0.020464237342129588,0.020980457866283685,0.4540639549794823,0,8570.32421875,overall|small
2401468,3,5,black numbers on train,459,0.00914779974489796,0.028651584288166516,0.029829640009147226,0.42045413746553306,0,6469.6875,overall|small
2401468,4,7,red metal pole inside train station,693,0.013811383928571428,0.009324159345123298,0.009914018845072342,0.13548288716898335,0,9470.3916015625,overall|small
2401468,5,0,yellow line on platform,1428,0.028459821428571428,0.025050036581611257,0.029339147494285008,0.1462854871562883,0,7120.0322265625,overall
2401468,6,4,white train with blue paint on the side,1848,0.036830357142857144,0.07973771296184438,0.09415806247970905,0.3423862870121415,0,6719.869140625,overall
2401469,0,3,There is a half circle window at the top ,486,0.009685905612244899,0.004242430522189339,0.005070868923799554,0.0253106399818703,0,2425.811279296875,overall|small|part
2401469,1,2,Two people are standing and talking,342,0.006816007653061225,0.00974502636111937,0.009981691107307407,0.2912883647004066,0,9980.3349609375,overall|small
2401469,2,4,arches over windows on left,476,0.009486607142857142,0.0077158810635460685,0.007929418399017675,0.22270856584821427,0,13369.111328125,overall|small
2401469,3,6,Tan paint on a building,572,0.011399872448979591,0.0024033151219253076,0.00256511974932602,0.03670186596316891,0,8184.20556640625,overall|small
2401469,4,7,A person is dressed all in black,240,0.0047831632653061226,0.008583282021127953,0.008954520372569965,0.17152331670125326,0,4597.18603515625,overall|small
2401469,5,8,a dome on top of a building,663,0.013213488520408163,0.0099580204986452,0.010820024710227603,0.11110698763241775,0,6808.111328125,overall|small
2401469,6,9,clock on front of building,552,0.011001275510204082,0.0164213093725316,0.018009606931868014,0.15697198674298715,0,4811.23974609375,overall|small
2401470,0,7,head of a horse,480,0.009566326530612245,0.04414371940011896,0.045464413599640145,0.6031165440877279,1,6367.5283203125,overall|small|part
2401470,1,0,a black triangle on a lighthouse,210,0.004185267857142857,0.0017987773406517504,0.002045314442765406,0.014703547386896042,0,1509.6676025390625,overall|small
2401470,2,1,back of a horse,240,0.0047831632653061226,0.004942621935652503,0.005037542361374633,0.20780216852823893,0,9900.1689453125,overall|small
2401470,3,2,a small white house on the side of the beach,196,0.00390625,0.005718346426387539,0.005821739222117698,0.24356061585095465,0,8199.9345703125,overall|small
2401470,4,5,a multi story house on the side of the beach,483,0.009626116071428572,0.009412507331917501,0.0096265031270893,0.29746535401907026,0,14925.021484375,overall|small
2401470,5,8,a burning light atop a lighthouse,16,0.00031887755102040814,0.00016897198405350504,0.00016967275591600552,0.03930394724011421,0,3706.32958984375,overall|small
2401470,6,9,part of some water,336,0.006696428571428571,0.0056171813904817925,0.005922918752753371,0.0981397515251523,0,5567.34912109375,overall|small
2401472,0,0,part of some cards,130,0.002590880102040816,0.001279320000714835,0.0012931799098820388,0.10663651686448317,0,10719.890625,overall|small
2401472,1,1,black background in top left,930,0.018534757653061226,0.03845653227032693,0.04381164698137818,0.23932583716607864,0,5080.22509765625,overall|small
2401472,2,5,9 of spades,870,0.017338966836734693,0.06426314635566197,0.07249799782733862,0.3613325097095007,1,4336.10986328125,overall|small
2401472,3,7,edge of a plate,817,0.01628268494897959,0.010104975488198708,0.0111654462317594,0.09616195323855378,0,7036.37939453125,overall|small
2401472,4,8,part of a blade,341,0.006796077806122449,0.007507184978775247,0.007785770294446826,0.1734220443233367,0,7595.5126953125,overall|small
2401472,5,9,edge of a cake,588,0.01171875,0.016848508396492084,0.017761065988719894,0.24694357112962373,0,8175.34375,overall|small
2401472,6,2,Barbeque sauce? ,3430,0.068359375,0.10243828207379051,0.13698652182340268,0.2888514393620171,1,7232.53955078125,overall
2401473,0,9,white writing ,665,0.013253348214285714,0.004897741597681935,0.005774865737031865,0.031238736604389392,0,3597.271484375,overall|small|text
2401473,1,2,silver handle of a spoon in a bowl,315,0.006277901785714286,0.007063270382730888,0.007470712623082845,0.11465999058314733,0,4834.5986328125,overall|small|part
2401473,2,7,the table is wooden,588,0.01171875,0.023455171566978926,0.023671617301923957,0.7195090988055378,0,17872.515625,overall|small
2401473,3,0,plates stacked on top of each other,1426,0.02841996173469388,0.08700646980266859,0.12360188527814524,0.2271226880259467,0,2620.32373046875,overall
2401473,4,1,Case filled with bottles of wine.,4095,0.08161272321428571,0.2200685712016526,0.271042097441025,0.5392072554181929,0,8146.5341796875,overall
2401473,5,3,these are bowls arranged  upright,1122,0.02236128826530612,0.044752040067715784,0.05192241192513756,0.24474746785699364,0,5288.78857421875,overall
2401473,6,4,small containers with red and blue lids,2750,0.054807079081632654,0.00160188228108316,0.002162031456324472,0.0061448600075461645,0,7815.96630859375,overall
2401474,0,8,collar on man's shirt,448,0.008928571428571428,0.03357158597718551,0.034204259956778636,0.6447578157697406,1,8444.8984375,overall|small|text
2401474,1,0,clear glass of water,390,0.007772640306122449,0.003055311480417197,0.0034855250549082786,0.024155726799598105,0,2702.816162109375,overall|small
2401474,2,1,A white plate with food,880,0.017538265306122448,0.024565318738157788,0.026462964262013503,0.2551583376797763,0,8485.041015625,overall|small
2401474,3,3,person walking in white pants,714,0.014229910714285714,0.027604626497453662,0.030397814548464314,0.23101571561241685,0,5426.2197265625,overall|small
2401474,4,4,salt and pepper shakers,475,0.009466677295918368,0.006803790334006941,0.007243480891784682,0.10078891151829769,0,6609.3544921875,overall|small
2401474,5,5,person wearing a chefs uniform,533,0.010622608418367346,0.01757725265690234,0.018882570616795085,0.2027237482410882,0,5722.30126953125,overall|small
2401474,6,7,breakfast food served on white china plate,782,0.01558514030612245,0.03359434217233442,0.03449041230138298,0.5639036915186421,0,12785.3701171875,overall|small
2401475,0,2,the table is brown,360,0.007174744897959184,0.0072592506904507696,0.007381266734778713,0.3051419152153863,0,14882.4169921875,overall|small
2401475,1,5,a silver knife,873,0.01739875637755102,0.02820436224450239,0.03222161155548991,0.1844869572135864,1,4998.4189453125,overall|small
2401475,2,0,White sauce on a plate,4690,0.09347098214285714,0.030767870268681035,0.06981820271955763,0.05214165400848714,0,3502.58740234375,overall
2401475,3,1,Spoon on a table,1870,0.0372688137755102,0.032198267499625365,0.03922711765479182,0.15232286096256684,0,7261.39892578125,overall
2401475,4,3,Small plate on a table,4284,0.08537946428571429,0.016673549075746096,0.02746877234200954,0.040699614196264444,0,6347.4677734375,overall
2401475,5,4,White pile of mashed potatoes under a pile of meat. ,8181,0.16304607780612246,0.25101327908243715,0.42541025639311336,0.3797688145550666,1,7303.2763671875,overall
2401476,0,0,the water has wave,18221,0.36314174107142855,0.19091795143013132,0.30088365379355436,0.3431345903679134,0,20779.64453125,overall
2401477,0,2,this is a bowl,234,0.00466358418367347,0.004105934851006965,0.00416031582265218,0.23903272905920306,0,13444.5703125,overall|small
2401477,1,3,part of  a lid,300,0.005978954081632653,0.004531739711908462,0.004911266728712243,0.05539445241292318,0,3383.716796875,overall|small
2401477,2,4,this is a seat,392,0.0078125,0.014525547567013557,0.015043801457632447,0.29658979299117105,0,7728.3125,overall|small
2401477,3,5,white painted brick on wall,576,0.011479591836734694,0.06163609770762416,0.07558576254702735,0.2503596411810981,0,1907.861328125,overall|small
2401477,4,6,part of a collar,221,0.004404496173469388,0.0013764605102874695,0.0014241150027435564,0.03950919500842893,0,6131.19873046875,overall|small
2401477,5,7,the sweater is yellow in color,130,0.002590880102040816,0.005702994752364458,0.005767188130603984,0.3387826185960036,0,7636.60546875,overall|small
2401477,6,8,stainless steel tongs,825,0.016442123724489797,0.0027843523328918546,0.003006988692811398,0.03624326532537287,0,9943.7333984375,overall|small
2401478,0,1,the leaves are green in color,160,0.0031887755102040817,0.0028502949339986494,0.0030124656960283953,0.05028436183929443,0,2670.735107421875,overall|small|part
2401478,1,8,the leaves are green in color,208,0.004145408163265306,0.0055725073871925115,0.005973215049668028,0.07669651508331299,0,2670.735107421875,overall|small|part
2401478,2,3,the duck is brown,104,0.002072704081632653,0.0021931930129237363,0.0022133212822027827,0.1943055666410006,0,9130.0703125,overall|small
2401478,3,4,the trees are tall,260,0.005181760204081632,0.002654690990159757,0.0027180227897474645,0.10227903219369741,0,9783.7841796875,overall|small
2401478,4,5,this is a bridge,312,0.006218112244897959,0.008762147843266236,0.009020504885605804,0.23426178174141127,0,8102.61474609375,overall|small
2401478,5,7,the sky is white in color,70,0.0013950892857142857,0.001981909964623382,0.0020015675552594384,0.16791567121233258,0,5872.44580078125,overall|small
2401478,6,0,dirt on the water,4240,0.08450255102040816,0.11611543099330167,0.1409618256895059,0.3971405029296875,0,11945.615234375,overall
2401479,0,6,the tree has green leaves ,42,0.0008370535714285714,0.003340970878069342,0.003355134975538738,0.4417760939825149,0,5530.20849609375,overall|small|part
2401479,1,3,this is a spectacle ,780,0.015545280612244899,0.0031038827053515854,0.0034691206273110443,0.028637184240879156,0,6438.80859375,overall|small
2401479,2,5,white porcelain cup,187,0.0037268813775510204,0.005575902239447785,0.00574372337879786,0.16025433055857286,0,5217.44482421875,overall|small
2401479,3,8,this is a table mat ,54,0.0010762117346938774,0.0024982228599557126,0.0025556254904666783,0.10009103351169163,0,2114.9091796875,overall|small
2401479,4,9,plate with sandwiches on it,896,0.017857142857142856,0.010428927220447257,0.011348723959633024,0.11400550603866577,0,9000.91796875,overall|small
2401479,5,7,little girl in shirt with peace logo,2769,0.055185746173469385,0.020005674574073214,0.025194501457858492,0.08853774864607315,0,9730.7353515625,overall|text
2401479,6,4,girl's hair in a bun,1170,0.023317920918367346,0.06130549000483923,0.0633299250482894,0.6572766426282052,0,12142.974609375,overall|part
2401480,0,9,Telephone number on store window.,256,0.00510204081632653,0.0038633796238942354,0.003985041386075933,0.11233043670654297,0,7216.1337890625,overall|small|text|part
2401480,1,3,right arm of a woman,15,0.00029894770408163266,0.0003932809753995606,0.0003951431798423343,0.07702308495839437,0,2923.867431640625,overall|small|part
2401480,2,8,The jean pant leg the person sitting next to the child is wearing.,858,0.01709980867346939,0.009975577707381124,0.010675721785084896,0.13202471610827324,0,10610.73046875,overall|small|part
2401480,3,0,part of a shade,195,0.0038863201530612247,0.005908077519583758,0.006077140789553811,0.1751703115609976,0,5620.77001953125,overall|small
2401480,4,6,part of a woman's elbow,30,0.0005978954081632653,0.0005192159792223627,0.0005238509994119009,0.05542921225229899,0,3174.330810546875,overall|small
2401480,5,5,a blue shirt on a man,1908,0.03802614795918367,0.015263338323726295,0.017861643524252433,0.09496155424937762,0,10143.8955078125,overall|text
2401480,6,1,The black rolling suitcase the lady is holding.,3744,0.07461734693877552,0.06322337141558532,0.08069474166416075,0.22601145556849292,0,10486.2705078125,overall
2401481,0,1,people on the beach.,21,0.0004185267857142857,0.00021831312821621692,0.00021897173476418525,0.06767222994849795,0,6489.95556640625,overall|small
2401481,1,6,house on the beach.,374,0.007453762755102041,0.005702571226988375,0.006050063636463812,0.09031811882467831,0,5583.2431640625,overall|small
2401481,2,7,boat in the water.,658,0.013113839285714286,0.026933320246731413,0.028727106234232053,0.30134981381494585,0,6902.4765625,overall|small
2401481,3,8,buoy in water.,176,0.00350765306122449,0.009833605410472684,0.009963056285901236,0.43079410899769177,0,7610.0908203125,overall|small
2401481,4,9,stairway to the beach.,100,0.001992984693877551,0.0027194929750549704,0.00275283611569922,0.18335580825805664,0,6660.61474609375,overall|small
2401481,5,0,White and brown building,1782,0.03551498724489796,0.06334853896005059,0.07469064045950369,0.29436653043016975,0,7023.11767578125,overall
2401481,6,2,clear water at the beach.,1248,0.024872448979591837,0.037619841810709036,0.04082334253985704,0.3240516369159405,0,9906.5,overall
2401482,0,5,platform number sign hanging from the rafters,77,0.0015345982142857143,0.0009045055149739849,0.0009126740452529855,0.09178499122718711,0,7743.66748046875,overall|small|text
2401482,1,7,electronic sign telling the direction of train travel,198,0.003946109693877551,0.007506848874036259,0.007636506189409284,0.306583866928563,0,7949.13330078125,overall|small|text
2401482,2,1,part of a window,228,0.004544005102040816,0.013562406430416925,0.014908157213503265,0.13061896541662382,0,1997.6395263671875,overall|small|part
2401482,3,2,Houses near the train station,364,0.007254464285714286,0.018393028567738633,0.018648064782759186,0.5735398596459693,0,11195.18359375,overall|small
2401482,4,4,Passenger taking a picture.,945,0.018833705357142856,0.003560489563936776,0.003869407852128001,0.04269348628937252,0,10426.7490234375,overall|small
2401482,5,6,map of train routes displayed on train station wall,308,0.006138392857142857,0.008625275304185958,0.008985498875934243,0.1770568946739296,0,6069.05908203125,overall|small
2401482,6,8,part of a headlight,392,0.0078125,0.004216292050272537,0.004541862830569178,0.055551713826705,0,4794.568359375,overall|small
2401484,0,0,the tail is wavy,360,0.007174744897959184,0.0046745995171523815,0.005149921173611459,0.04820592138502333,0,3369.785888671875,overall|small|part
2401484,1,3,Back two legs of a pony. ,350,0.006975446428571429,0.005371473701016211,0.005677984013096049,0.0904993656703404,0,5578.525390625,overall|small|part
2401484,2,7,the horse hair is light brown,132,0.0026307397959183672,0.0025863689763740354,0.0026237473829081558,0.15365274024732184,0,7730.2265625,overall|small|part
2401484,3,9,Brown ponies left leg. ,196,0.00390625,0.004963580077793272,0.005046216285479816,0.23260106845777861,0,9034.4541015625,overall|small|part
2401484,4,4,the bridge is wooden,608,0.01211734693877551,0.025670717881769906,0.026201967239811903,0.5587163222463507,0,12964.6572265625,overall|small
2401484,5,5,this is the nose,16,0.00031887755102040814,0.00030704834101061247,0.000309229728893539,0.04171109199523926,0,2158.193115234375,overall|small
2401484,6,1,Section of fence that is white in color. ,1188,0.023676658163265307,0.018248602835350066,0.020201050821892986,0.15882241605508207,0,9340.1591796875,overall
2401485,0,4,part of a tail,476,0.009486607142857142,0.01752842173229448,0.017733223278777608,0.6028183368073792,0,16181.013671875,overall|small|part
2401485,1,0,part of a knee,299,0.0059590242346938774,0.002808344080992915,0.003117681100501214,0.027525075701965537,0,2639.78173828125,overall|small
2401485,2,3,part of a ground,308,0.006138392857142857,0.01506180045104135,0.015533607464974019,0.3315013786415001,0,6573.00146484375,overall|small
2401485,3,5,part of a stomach,435,0.008669483418367346,0.0033163696867495257,0.0035754538229118855,0.04376413191872081,0,5324.47021484375,overall|small
2401485,4,6,part of a hoof,100,0.001992984693877551,0.0009375954044142365,0.0009459499995295489,0.09597111701965332,0,10145.474609375,overall|small
2401485,5,8,edge of a wall,980,0.01953125,0.0256316222210369,0.030377175509195997,0.1409472095723055,0,4547.10693359375,overall|small
2401485,6,9,part of an edge,700,0.013950892857142858,0.013086284330340911,0.014814787157615783,0.10084956577845983,0,4765.15087890625,overall|small
2401486,0,7,letters on top of building.,168,0.0033482142857142855,0.0040691520986609175,0.004144717654536351,0.18246561005001977,0,7395.9736328125,overall|small|text
2401486,1,3,green leaves on the trees.,429,0.008549904336734694,0.019459722299627738,0.020738911334375047,0.23982793634588068,0,4961.021484375,overall|small|part
2401486,2,0,The woman's hands are in her pockets. ,352,0.00701530612244898,0.03586862790048248,0.039233623245244716,0.2948830777948553,0,2645.660400390625,overall|small
2401486,3,1,A clock is on the building. ,450,0.00896843112244898,0.006744921913464412,0.007056943332545764,0.13235787285698786,0,8440.0625,overall|small
2401486,4,2,man sitting on motorcycle.,880,0.017538265306122448,0.039434759828711814,0.041254177823936464,0.4720611572265625,0,10069.6181640625,overall|small
2401486,5,4,bricks on the sidewalk.,36,0.0007174744897959184,0.0005376906423386072,0.0005405960030079577,0.09094815784030491,0,6056.52587890625,overall|small
2401486,6,5,the motorcycle is red in color,48,0.0009566326530612245,0.0010410217846514398,0.0010446451754526085,0.23084779580434164,0,10607.13671875,overall|small
2401487,0,3,this is a plate,294,0.005859375,0.0022661305022352086,0.002386486995468762,0.043001700420768896,0,5297.53564453125,overall|small
2401487,1,4,the table is wooden,299,0.0059590242346938774,0.014064006537780152,0.014369304704880095,0.39829465936258884,0,8287.8125,overall|small
2401487,2,5,lemon wedge on white plate,357,0.007114955357142857,0.03119773040083095,0.03447378864790473,0.24715353060169382,1,2559.4462890625,overall|small
2401487,3,0,woman holding a fork,13340,0.2658641581632653,0.3274603602861406,0.6606072212293241,0.39369366830256747,1,7950.06982421875,overall
2401487,4,1,The bowl that has the tomato in it.,4320,0.08609693877551021,0.10955997809602792,0.15719609439700374,0.26553799664532696,0,7297.40869140625,overall
2401487,5,2,oysters on the half shell,3600,0.07174744897959184,0.0608376365670909,0.09901273836081094,0.1362865193684896,0,4955.23583984375,overall
2401488,0,2,filing cabinet in an office,936,0.01865433673469388,0.005431523116056973,0.00618280560420203,0.042787066891662076,0,6477.4306640625,overall|small
2401488,1,4,icons on a computer screen,215,0.0042849170918367345,0.0018575178312373727,0.0019240778193141757,0.05095972016800281,0,5694.3330078125,overall|small
2401488,2,5,small blue piece of paper,56,0.0011160714285714285,0.00014308247870002306,0.0001484194939197112,0.003963275945612362,0,1495.37939453125,overall|small
2401488,3,0,a brown wooden table,19888,0.3963647959183674,0.10617351183812375,0.300745275926297,0.14097468774355137,0,9322.5224609375,overall
2401488,4,1,a manila envelope,1053,0.02098612882653061,0.016159214251066666,0.019023562864811924,0.0969198069341502,0,5364.74462890625,overall
2401488,5,3,The red and white snack bag,1624,0.03236607142857143,0.040067321162946486,0.04950245560612689,0.17370227757345866,0,5698.5556640625,overall
2401489,0,1,tail of a cat,50,0.0009964923469387755,0.0009588564021264272,0.0009646310487257857,0.13805960655212401,0,7156.08349609375,overall|small|part
2401489,1,4,paws of a cat,120,0.0023915816326530613,0.0009634953407319641,0.0009783792810457812,0.0595619797706604,0,7305.38525390625,overall|small
2401489,2,5,white flower on a carpet,70,0.0013950892857142857,0.0013740011991937597,0.0013800766971230503,0.23786909920828683,0,12065.1533203125,overall|small
2401489,3,9,The cat has a black nose.,143,0.002849968112244898,0.0009664117586532831,0.0010094298059794107,0.022174258332152467,0,3141.297119140625,overall|small
2401489,4,0,The cat has two eyes.,1081,0.021544164540816327,0.021514244905393772,0.028507165975086506,0.08063259354131735,0,3057.611328125,overall|part
2401489,5,2,Tan figures on the rug. ,1584,0.031568877551020405,0.05045501169403023,0.05349387636755551,0.47038719870827417,0,13928.572265625,overall
2401489,6,3,collar on a cat,1148,0.022879464285714284,0.02727416595620783,0.03520430772987957,0.10800164917204853,0,3521.8955078125,overall
2401490,0,1,edge of an apple,357,0.007114955357142857,0.006016465747077064,0.006702098352526517,0.05554464751598882,0,2958.691162109375,overall|small
2401490,1,3,green peel of an apple,294,0.005859375,0.004655780162964991,0.004760114537358463,0.17519900263572225,0,10820.8544921875,overall|small
2401490,2,4,part of an orange,576,0.011479591836734694,0.012224419893452059,0.013175927306808943,0.14477046330769858,0,6328.79833984375,overall|small
2401490,3,5,part of an orange,910,0.018136160714285716,0.01446571023744767,0.01630976148448402,0.1134298806662088,0,6328.79833984375,overall|small
2401490,4,7,lower part of an apple,36,0.0007174744897959184,0.0008119786152575416,0.0008163868250404798,0.13071894645690918,0,5764.27978515625,overall|small
2401490,5,8,a green apple,49,0.0009765625,0.0008432214129682774,0.0008455756556781367,0.2324582119377292,0,13470.6484375,overall|small
2401490,6,0,An apple stem.,1715,0.0341796875,0.03773635565300573,0.050210777126099705,0.13186347449833727,0,4503.9306640625,overall
2401491,0,6,branch sticking off the tree.,30,0.0005978954081632653,0.0008048770743633361,0.000809511603143684,0.1232589324315389,0,4567.89990234375,overall|small|part
2401491,1,1,plants behind the bench.,840,0.016741071428571428,0.017930744672033632,0.01880952181963428,0.2773486909412202,0,12385.90234375,overall|small
2401491,2,3,sticks on the ground.,210,0.004185267857142857,0.00027580934092576046,0.0002908434411570122,0.005307374114081973,0,3832.12548828125,overall|small
2401491,3,9,dirt on the forest floor.,585,0.011658960459183673,0.01488445230991513,0.01591507986521931,0.186891109107906,0,6869.6669921875,overall|small
2401491,4,7,rotting branches on the ground,1326,0.026426977040816327,0.013719331441181298,0.015943375144851203,0.08954256728044283,0,7447.1962890625,overall|part
2401491,5,0,seat on brown bench,1917,0.038205516581632654,0.062116254255111414,0.06951616348895762,0.36850028120109546,0,10161.8818359375,overall
2401491,6,2,a patch of wild flowers.,3956,0.07884247448979592,0.08648569118415601,0.14371897058368832,0.17842541763105094,0,4911.32763671875,overall
2401492,0,4,white buttons on blue shirt,1357,0.027044802295918366,0.08607634955074987,0.0923004359002091,0.5607241783057756,1,8243.7607421875,overall|text
2401492,1,0,Comic book being read by young man,1554,0.030970982142857144,0.028571419521488253,0.03230014572023168,0.1983970141318774,0,9545.1259765625,overall
2401492,2,1,Left racks deep comic titles,4779,0.09524473852040816,0.16021689725901814,0.26524836927269746,0.2880609563814344,1,5190.01611328125,overall
2401492,3,2,Blue trimmed white sneakers,5696,0.11352040816326531,0.17941922964857707,0.25275519186739376,0.3820963227347042,1,8610.78515625,overall
2401492,4,3,Rack of comic books,1056,0.021045918367346938,0.031307711235711945,0.03360147747347095,0.3144242257782907,0,9881.4697265625,overall
2401493,0,4,large black screw on sign,250,0.0049824617346938774,0.005821712012737892,0.006161822541276749,0.0954095458984375,0,3870.995361328125,overall|small|text
2401493,1,6,the back of a street sign,546,0.010881696428571428,0.0013215708716432103,0.001388600878730171,0.02664823497171367,0,10478.126953125,overall|small|text
2401493,2,2,Two dormer windows in building.,384,0.007653061224489796,0.017919290052108117,0.018190161419111256,0.5461469491322836,0,11529.3330078125,overall|small
2401493,3,9,clear white skies overhead,280,0.005580357142857143,0.004885097647044208,0.005050207256692421,0.12999635423932757,0,7207.4228515625,overall|small
2401493,4,0,blue circle on red round sign,3124,0.06226084183673469,0.030858310865024045,0.05144020864007,0.07160176998827125,0,4348.42578125,overall|text
2401493,5,3,Information sign near traffic light.,1360,0.027104591836734693,0.02661382731080863,0.030014153697754443,0.1902284061207491,0,8619.62109375,overall|text
2401493,6,7,the branches are green,6600,0.13153698979591838,0.012709456261559787,0.03264412115263518,0.0203881142356179,0,4122.076171875,overall|part
2401494,0,3,red arrow sign pointing right,160,0.0031887755102040817,0.000510803845464724,0.000527571990212281,0.015817093849182128,0,4796.947265625,overall|small|text
2401494,1,5,this is a door,480,0.009566326530612245,0.03122721837996419,0.0320957363337193,0.5357451756795247,0,8012.20703125,overall|small|part
2401494,2,1,the road is grey in color,840,0.016741071428571428,0.04536458566953291,0.05375760278981546,0.22514374142601376,0,3518.02783203125,overall|small
2401494,3,4,There is a red and white pole on the corner,418,0.008330676020408163,0.001653527310098407,0.0017193168029294738,0.041422652285635186,0,10070.66796875,overall|small
2401494,4,6,the building is grey in color,120,0.0023915816326530613,0.002289371250504875,0.0023122123678816823,0.188149356842041,0,9764.640625,overall|small
2401494,5,8,the car is black in color,42,0.0008370535714285714,0.0010601535970979747,0.0010666198611636196,0.1488448324657622,0,5861.0224609375,overall|small
2401494,6,9,tall green metal pole,412,0.00821109693877551,0.013919943653531606,0.014422649533782767,0.285389483553692,0,8152.4873046875,overall|small
2401495,0,1,the handle of a piece of silverware,242,0.004823022959183673,0.004341453660337265,0.0045343661884402415,0.09259595949787738,0,4941.8642578125,overall|small|part
2401495,1,5,the top of a brown table,434,0.008649553571428572,0.003989696659323753,0.004249975637551498,0.061161498320267495,0,6245.7041015625,overall|small
2401495,2,6,the sauce is white,572,0.011399872448979591,0.014146592668632134,0.014997875973573275,0.19950953396883878,0,7609.041015625,overall|small
2401495,3,8,There is a white vase with flowers in the background,513,0.010224011479591837,0.032296598298805344,0.03333396048613396,0.5092744883040936,0,7837.5869140625,overall|small
2401495,4,9,slice of lime on plate,238,0.004743303571428571,0.0033494171759150962,0.003514542603778929,0.06654529411251806,0,4506.35595703125,overall|small
2401495,5,0,fried cheese stick on plate,3248,0.06473214285714286,0.14489158270185012,0.17273379004456121,0.47338243305976757,0,8901.2470703125,overall
2401495,6,2,the meat is chicken,6960,0.13871173469387754,0.15000994833468623,0.2200278913175265,0.3203745874865302,1,10134.2021484375,overall
2401496,0,2,Rear right eye of stove,96,0.001913265306122449,0.0035965831467911743,0.003622281966523141,0.3364049196243286,0,8915.615234375,overall|small|part
2401496,1,0,black burner of oven,320,0.006377551020408163,0.004470201894645159,0.00460739241298235,0.13053065538406372,0,9065.82421875,overall|small
2401496,2,3,the outlet is on wall,90,0.001793686224489796,2.563152693051466e-05,2.6022647574642594e-05,0.0017024533616171943,0,5887.97900390625,overall|small
2401496,3,1,window with white blinds,3182,0.06341677295918367,0.1468221960870831,0.18148307195404675,0.434630772214802,0,7620.5185546875,overall|part
2401496,4,9,window in far room,1120,0.022321428571428572,0.007048630373466633,0.008495495716201382,0.03974231311253139,0,5239.41064453125,overall|part
2401496,5,4,white doors on a cupboard,4690,0.09347098214285714,0.11209248677300855,0.20701493742554383,0.196439138709355,1,4450.4013671875,overall
2401496,6,5,a refrigerator ,3762,0.07497608418367346,0.15973214428182334,0.1953278660674732,0.46709689150966904,0,8996.2509765625,overall
2401497,0,0,the number is 190,234,0.00466358418367347,0.0021228735996717306,0.002297154996519769,0.02721938516339685,0,2772.706298828125,overall|small|text
2401497,1,5,left cap on water hydrant,527,0.010503029336734694,0.0035803970191017947,0.003839525748035861,0.05037833617353349,0,6914.755859375,overall|small
2401497,2,1,brick with black numbers,1089,0.02170360331632653,0.06901946616191668,0.08211739830825229,0.3020254928546832,1,4005.3115234375,overall
2401497,3,2,The poles are metal.,15481,0.3085339604591837,0.08783022474791326,0.2582352908546346,0.11746512894081858,0,7041.94091796875,overall
2401497,4,3,pipe on the ground,2584,0.05149872448979592,0.07043175058574898,0.09218822416172034,0.22984439153051228,0,6442.44873046875,overall
2401497,5,4,brick sidewalk in pink,5005,0.09974888392857142,0.03477935949504192,0.088719945996572,0.05410885501217533,0,3052.46826171875,overall
2401498,0,4,the shirt is striped,4332,0.08633609693877552,0.2354616828673643,0.27273357528378134,0.6327537755006348,0,10050.4287109375,overall|text
2401498,1,5,Woman has red hair. ,2900,0.05779655612244898,0.14802904932072616,0.1959650174110395,0.3770057836072198,0,5579.142578125,overall|part
2401498,2,0,Smoke coming from the pot. ,1950,0.03886320153061224,0.07283110144141623,0.09972388445821675,0.21264335436698717,0,4158.0263671875,overall
2401498,3,1,Knobs on the stove. ,2400,0.04783163265306122,0.08926214084687978,0.12488589432676667,0.2383421834309896,1,4580.35107421875,overall
2401498,4,2,Yellow Curtains in Kitchen,10450,0.20826690051020408,0.3408058469864409,0.4086949176151605,0.6723100142045455,1,17190.42578125,overall
2401498,5,3,White Tile on Wall,5063,0.1009048150510204,0.11372644739489081,0.23295647666120775,0.18180555132286316,1,3951.302490234375,overall
2401498,6,6,A whisk in a mixing bowl. ,1406,0.028021364795918366,0.03145428294454934,0.039683489793631246,0.1317041323839516,0,4666.32373046875,overall
2401499,0,0,fried chicken and a biscuit,2808,0.055963010204081634,0.01651078934393555,0.031543564746250474,0.03348483115519554,0,2980.81103515625,overall
2401499,1,1,tan and brown wooden table,1488,0.02965561224489796,0.03258144863927269,0.038153594973124635,0.18239979077410953,0,7113.638671875,overall
2401499,2,2,Peaches in bowl are yellow,11817,0.2355110012755102,0.09126900274318271,0.32009320874192787,0.11321781310492827,0,4179.7041015625,overall
2401499,3,3,the table is wood,1155,0.023018973214285716,0.022127724872230175,0.02575679917517979,0.13573172433035716,0,6086.5537109375,overall
2401499,4,4,Red onions in a dish. ,1479,0.02947624362244898,0.04091734717642663,0.04444499407050892,0.34016031570898836,0,11319.544921875,overall
2401499,5,5,tan and brown wooden table,2806,0.05592315051020408,0.043940420805276756,0.05869384343126087,0.14879785974112394,0,7113.638671875,overall
2401500,0,8,black and orange line on shirt,864,0.01721938775510204,0.041526664738538006,0.04312216748228184,0.5288251947473597,0,10595.59375,overall|small|text
2401500,1,5,clear glasses on man's face,475,0.009466677295918368,0.011030889735175157,0.01458503296308019,0.04330676430150082,0,1410.3988037109375,overall|small|part
2401500,2,2,ventilation the the wall,945,0.018833705357142856,0.00247736600950829,0.0034678180388607446,0.008599283329393498,0,2343.353271484375,overall|small
2401500,3,7,Projector mounted on ceiling.,667,0.013293207908163265,0.023139894265671243,0.025159366552804166,0.2237746940738615,0,5932.4912109375,overall|small
2401500,4,9,Cords plugged into wall outlets,560,0.011160714285714286,0.007965399975548177,0.009820489393540023,0.04046116897038051,0,2307.242919921875,overall|small
2401500,5,0,black chairs for sitting,1504,0.029974489795918366,0.04508963308060187,0.04807698446440453,0.42050844557741857,0,13154.8330078125,overall
2401500,6,1,Computer tower sitting under desk in corner.,1110,0.022122130102040817,0.04215785487489356,0.04356374407448248,0.5664105389569257,0,14432.0859375,overall
2401501,0,0,stomach of a zebra,247,0.004922672193877551,0.004527812426951588,0.0046544850273449855,0.14263979336510785,0,7569.4794921875,overall|small
2401501,1,2,part of a zebra,288,0.005739795918367347,0.005372918635880297,0.005552920195813082,0.14218367470635307,0,7374.2998046875,overall|small
2401501,2,4,back of a zebra,819,0.016322544642857144,0.013439651408662153,0.014363655105903518,0.1728151575258509,0,9853.732421875,overall|small
2401501,3,5,rock beside tree,680,0.013552295918367346,0.00510912604221599,0.005497547478246637,0.0674358928904814,0,8341.248046875,overall|small
2401501,4,6,part of the ground,735,0.0146484375,0.0049418217424713,0.006172862275116016,0.024180800249787415,0,2879.197265625,overall|small
2401501,5,7,blue sky above the land,630,0.012555803571428572,0.04835774674001669,0.049470459975628614,0.6825348384796627,0,8691.994140625,overall|small
2401501,6,8,the zebra has 4 hooves,704,0.01403061224489796,0.01960213461608584,0.02170139889197047,0.1684955900365656,0,5466.04833984375,overall|small
2401502,0,0,white table full of food,27824,0.5545280612244898,0.23408461262311328,0.6370454181045462,0.2701087324286138,1,11797.4404296875,overall
2401502,1,1,tulips in a glass vase,1904,0.03794642857142857,0.02529318989986168,0.033454425318034844,0.09394150421399028,0,5346.51611328125,overall
2401502,2,2,wall mounted light fixture,1102,0.02196269132653061,0.05508733097713036,0.06168583214968736,0.3399260533050703,0,6072.68310546875,overall
2401502,3,3,black bowel with silver spoon,1394,0.027782206632653062,0.024323782882627844,0.028183673269011743,0.15081839650399032,0,7459.66796875,overall
2401503,0,0,section of a man's arm,276,0.005500637755102041,0.006283413736673923,0.006763345414700615,0.08134489474089249,0,3319.539306640625,overall|small|part
2401503,1,3,green and red patch on a cloth,143,0.002849968112244898,0.0013151843019289379,0.0013338679742665564,0.08583452985003277,0,9202.0634765625,overall|small
2401503,2,4,a yellow item ,63,0.0012555803571428572,0.001998128696066544,0.0020092453352927703,0.2653250013078962,0,8319.2802734375,overall|small
2401503,3,7,red part on a cloth,48,0.0009566326530612245,0.0008877450955013495,0.000894369928569607,0.10702160994211833,0,5743.75,overall|small
2401503,4,8,part of a finger,30,0.0005978954081632653,0.00023666855675654534,0.00023828527606330682,0.033706390857696535,0,4243.6181640625,overall|small
2401503,5,9,yellow part on the cloth,65,0.001295440051020408,0.0015127466903828823,0.0015210284927075321,0.2174231162438026,0,9291.412109375,overall|small
2401503,6,1,red shirt of man,4704,0.09375,0.04827439389226331,0.06759246441750874,0.1445010049002511,0,10056.3388671875,overall|text
2401504,0,0,clouds in the sky.,770,0.015345982142857142,0.06497576525880017,0.0686957258079137,0.5454325886515828,0,6113.67138671875,overall|small
2401504,1,3,footprints in the sand.,207,0.00412547831632653,0.004115320417923,0.004248268761811778,0.1162190552494952,0,5662.8583984375,overall|small
2401504,2,4,sand on the ground.,360,0.007174744897959184,0.01359296186546918,0.013967936087121047,0.33614063262939453,0,8663.4580078125,overall|small
2401504,3,5,pond on the beach.,310,0.0061782525510204085,0.007602501737127651,0.007814279477773576,0.2190677765877016,0,8690.6298828125,overall|small
2401504,4,7,water in the ocean.,406,0.008091517857142858,0.009220279124595379,0.01011231481817051,0.09463190914962093,0,3799.3828125,overall|small
2401504,5,1,three horses running on the beach,2968,0.05915178571428571,0.06405649844723703,0.07125922106778068,0.3879055629843329,0,16156.5576171875,overall
2401504,6,2,light blue sky,1080,0.021524234693877552,0.016753738284224218,0.032812536415740924,0.03309941468415437,0,1089.4423828125,overall
2401505,0,0,round red train traffic light,851,0.01696029974489796,0.014306599843384813,0.015207849063911807,0.19446582547646152,0,10881.908203125,overall|small
2401505,1,1,lights around a building in the background,576,0.011479591836734694,0.034793035040303004,0.037156207533529585,0.3536091380649143,0,5481.69140625,overall|small
2401505,2,3,lights near the tracks.,119,0.0023716517857142855,0.0011993092948684634,0.001220407087142671,0.06487377150719907,0,6325.74072265625,overall|small
2401505,3,5,grey gravel and rock in between train tracks,87,0.0017338966836734694,0.001372085630843827,0.0013883174583955145,0.10502950076399178,0,6581.755859375,overall|small
2401505,4,7,curve in the railroad track on the right,364,0.007254464285714286,0.0022265004327778853,0.0023084298950895796,0.05903030227828812,0,9308.0712890625,overall|small
2401505,5,9,dark storm clouds in the sky,585,0.011658960459183673,0.014398674235019171,0.01573973154907675,0.14456395858373397,0,5373.021484375,overall|small
2401505,6,2,electrical wires running above the railroad tracks,9021,0.17978714923469388,0.07203107984277649,0.1645804313621962,0.1135481105069075,0,6223.81103515625,overall
2401506,0,2,The girl is wearing rings. ,375,0.007473692602040816,0.002785399378649208,0.0028616269479548517,0.09466663614908855,0,12405.5263671875,overall|small
2401506,1,3,bag over woman's shoulder.,351,0.006995376275510204,0.009752667131309154,0.010073413879708247,0.23447526893724405,0,8170.10205078125,overall|small
2401506,2,0,Red shirt on a man,9919,0.19768415178571427,0.19973603680593008,0.3315898251813288,0.3343549302081233,1,10001.7138671875,overall|text
2401506,3,4,Brown eyes on a woman,3968,0.07908163265306123,0.058829369925392345,0.11580119815756124,0.10680539377274052,1,3659.753173828125,overall|part
2401506,4,1,Picture on a wall,2016,0.04017857142857143,0.051176514478786427,0.06621990823976996,0.18385684300982763,0,5597.3408203125,overall
2401506,5,5,a wooden chair under the table,1403,0.02796157525510204,0.03215633630673945,0.03724569025906587,0.1905006414129321,0,7175.92822265625,overall
2401506,6,6,a round mirror above,3002,0.05982940051020408,0.03800526838530556,0.07133489693356922,0.07522327847515718,0,3165.635498046875,overall
2401507,0,1,white sign with orange and pink writing ,720,0.014349489795918368,0.008251997297380484,0.00875007065178013,0.12661446465386283,0,10418.4775390625,overall|small|text
2401507,1,7,white window in brown building,437,0.008709343112244899,0.012909919152163446,0.014063015839306144,0.1360300618396471,0,4227.0546875,overall|small|part
2401507,2,6,small soft white cloud,160,0.0031887755102040817,0.001324191905732387,0.00139291563677716,0.02613765299320221,0,3002.35302734375,overall|small
2401507,3,0,multi level building on main street,4896,0.0975765306122449,0.10205794686994499,0.13354225098967723,0.3021067451028263,0,11076.0048828125,overall
2401507,4,2,Two traffic lights facing the other way,6050,0.12057557397959184,0.06096569203468967,0.10468803861766575,0.12738077463197314,0,7361.43017578125,overall
2401507,5,3,large grey house with many windows,3850,0.07672991071428571,0.09779799815046024,0.14189297665324746,0.23937228908786526,0,6494.91845703125,overall
2401507,6,4,bare tall tree in the distance,1296,0.025829081632653062,0.02572869751903862,0.029363091784011166,0.17209493378062307,0,7595.76123046875,overall
2401508,0,4,blue neon sign in photo,272,0.005420918367346939,0.00380239303434342,0.004052967074032295,0.05793925593881046,0,3888.38037109375,overall|small|text
2401508,1,8,a small red neon sign,88,0.001753826530612245,0.0005523007783520322,0.0005564223765752694,0.06938783147118309,0,10973.91015625,overall|small|text
2401508,2,0,window of a building,253,0.005042251275510204,0.013434932462302936,0.013604156037484837,0.5192436851531621,0,9656.5087890625,overall|small|part
2401508,3,7,a glass door with a white frame,220,0.004384566326530612,0.0040525056957168605,0.004267338797566373,0.07449995387684215,0,3840.798828125,overall|small|part
2401508,4,6,yellow flowers in rectangular planter,810,0.016143176020408163,0.013445659780057006,0.014522546326435097,0.15349207748601465,0,8561.0732421875,overall|small
2401508,5,9,blue cloudy sky in the background,738,0.014708227040816327,0.009693115590872967,0.011517534730825776,0.05766391495702066,0,3694.88525390625,overall|small
2401508,6,1,bus lights are on,1230,0.02451371173469388,0.011977359323220334,0.013358310653057122,0.10383038404511243,0,9560.443359375,overall
2401509,0,0,sign with arrows pointing forward and left,572,0.011399872448979591,0.012225769578616763,0.012850245996527898,0.20100825649875026,0,8947.43359375,overall|small|text
2401509,1,7,white signs with black writing,407,0.008111447704081632,0.010086082442417333,0.0112355222507597,0.08974168107316301,0,3250.838134765625,overall|small|text
2401509,2,1,a round-edged traffic light,760,0.015146683673469387,0.001959646696109572,0.002105587419625914,0.02749578074405068,0,9924.4482421875,overall|small
2401509,3,3,city street light above roadway,989,0.01971061862244898,0.01913320437062401,0.02215158655484249,0.12312742721202762,0,5497.259765625,overall|small
2401509,4,4,"some circular black+white+red all over signs, indecipherable at this distance",210,0.004185267857142857,0.006011749657322775,0.006147450890719036,0.21404684157598586,0,7311.947265625,overall|small
2401509,5,5,the post is yellow in color,180,0.003587372448979592,0.002016769551240719,0.0020529277199025893,0.102740478515625,0,9008.25,overall|small
2401509,6,8,the car is grey in color,896,0.017857142857142856,0.019546288523438378,0.021926239039295626,0.15259834698268346,0,6235.82177734375,overall|small
2401510,0,2,goblet filled with beer,988,0.019690688775510203,0.06167270323151662,0.07277645848165523,0.28785909428770245,0,3907.9228515625,overall|small
2401510,1,4,the woman's headband is blue.,928,0.018494897959183673,0.031569114945944866,0.03488502809337848,0.24931830373303643,0,6632.283203125,overall|small
2401510,2,5,the table is wooden ,924,0.018415178571428572,0.021388333220021868,0.022667627552481435,0.27482459658668157,0,11202.6689453125,overall|small
2401510,3,6,cloth napkin in silver holder,891,0.01775749362244898,0.016651951743146126,0.01818485566946159,0.16495641500727765,0,8082.3388671875,overall|small
2401510,4,7,small lutice salt and pepper shakers,392,0.0078125,0.0021584272455697474,0.002265725291390089,0.04359096896891691,0,7541.8056640625,overall|small
2401510,5,9,this is a plate ,119,0.0023716517857142855,0.00756149691361639,0.0075967138304474146,0.6199317098665638,0,9711.0244140625,overall|small
2401510,6,0,green houseplant in pot,2128,0.04241071428571429,0.05732002729306949,0.09145142107170287,0.13313554462633634,0,3097.95556640625,overall
2401511,0,2,large blue table,480,0.009566326530612245,0.0028503736033657166,0.0029446014777198626,0.08178839683532715,0,13332.3408203125,overall|small
2401511,1,5,sliced red peppers,675,0.013452646683673469,0.029341014444204474,0.03393773005420202,0.17805461742259837,0,3541.393798828125,overall|small
2401511,2,0,Large knife with a black handle,4191,0.08352598852040816,0.2044317002488821,0.22039451789781578,0.738393562842997,0,14041.2177734375,overall|part
2401511,3,4,Bottle of bay leaves with black cover,2464,0.049107142857142856,0.023834195154466897,0.049390085976724285,0.04403434480939593,0,2196.809814453125,overall|part
2401511,4,1,fried potatoes for food,3224,0.06425382653061225,0.004435012496424694,0.006295865834137811,0.014783251078489696,0,7570.23779296875,overall
2401511,5,3,cup for drinking liquids,3196,0.06369579081632654,0.12751574826446463,0.1981536919496444,0.2634642867182611,1,4249.3876953125,overall
2401511,6,6,canned food in the kitchen,1734,0.03455835459183673,0.016934640088377993,0.0221584129871235,0.06701974747777673,0,5244.6103515625,overall
2401512,0,2,the door is brown,988,0.019690688775510203,0.04773800761710418,0.05073505733810492,0.4469408660765119,0,8703.5986328125,overall|small|part
2401512,1,3,she is wearing goggles,16,0.00031887755102040814,0.0008109699394838695,0.0008145801534396751,0.15467777848243713,0,3038.18408203125,overall|small|part
2401512,2,5,Emblem on carriage.,418,0.008330676020408163,0.021437317503149686,0.021727133990563405,0.6164358038651315,0,11859.3720703125,overall|small
2401512,3,7,the pail is blue,425,0.008470184948979591,0.012180378293736924,0.012784651257115408,0.20489860983455882,0,6811.44189453125,overall|small
2401512,4,6,Green door on a building,1508,0.03005420918367347,0.017385569808064688,0.021964297394701154,0.07697912362905648,0,5285.14599609375,overall|part
2401512,5,0,Mailboxes on the side of the street. ,5876,0.1171077806122449,0.07901915988577773,0.18889028001374852,0.11960177489735789,0,3720.57275390625,overall
2401512,6,1,Blue umbrella.,3080,0.06138392857142857,0.03553930217583855,0.044145549819991504,0.15418957796963778,0,10757.6845703125,overall
2401513,0,9,flat face on rock,962,0.01917251275510204,0.022083038045566005,0.02590573255082792,0.13017223778484766,0,4833.89892578125,overall|small|part
2401513,1,2,the pack is green,648,0.012914540816326531,0.001277304281945094,0.0014794742749466771,0.009260714054107666,0,4056.1318359375,overall|small
2401513,2,3,rocks on water's bottom,567,0.011300223214285714,0.02638490104288948,0.027873921881392524,0.33061815695787866,0,6725.30029296875,overall|small
2401513,3,4,rock on water's edge,729,0.014528858418367346,0.014687587404460268,0.016218717346926426,0.13463399962960285,0,6051.5380859375,overall|small
2401513,4,6,Blue clothing item in bottom of canoe.,462,0.009207589285714286,0.014071093733308882,0.014320834591634307,0.4465584693016944,0,14406.2841796875,overall|small
2401513,5,7,green leaves on tree,1428,0.028459821428571428,0.017800555694921262,0.02382387574296288,0.06577509391207655,0,3942.550537109375,overall|part
2401513,6,8,a branch overhanging water,8352,0.16645408163265307,0.09111334778728532,0.1521479352023516,0.1850895644147734,0,10160.2958984375,overall|part
2401514,0,6,A sign above a street.,260,0.005181760204081632,0.01405115640343574,0.014412152896634285,0.3593718015230619,1,6483.18603515625,overall|small|text
2401514,1,0,this is an umbrella ,832,0.016581632653061226,0.0206714376768802,0.022322046664160645,0.2184756352351262,0,8143.14794921875,overall|small
2401514,2,4,this is a vehicle ,480,0.009566326530612245,0.018011683003258006,0.01847919653762113,0.4158672650655111,0,10802.216796875,overall|small
2401514,3,5,blue and white directional light,432,0.00860969387755102,0.011272857737144785,0.012336328732081096,0.11564360724555121,0,4049.668212890625,overall|small
2401514,4,1,rain on city street,12876,0.25661670918367346,0.1467502430507547,0.31681475534729236,0.21468993913094128,1,8725.4384765625,overall
2401514,5,2,A traffic signal.,1710,0.034080038265306124,0.02713188480136828,0.03185184343366966,0.15475929661800986,0,8308.4169921875,overall
2401514,6,3,this is a man ,3168,0.06313775510204081,0.10505409998182501,0.17726622322427363,0.20501581827799478,1,3663.9248046875,overall
2401515,0,2,nose on boy's face.,315,0.006277901785714286,0.012327446924442795,0.013249434152745664,0.15049189007471478,0,3577.884521484375,overall|small|part
2401515,1,4,brown iris of boy's eye.,110,0.002192283163265306,6.29173615627605e-05,6.402814053863825e-05,0.0036136120557785033,0,6208.166015625,overall|small|part
2401515,2,1,ear of a human being,546,0.010881696428571428,0.020833894006551442,0.026122144418879504,0.09330959110469608,0,1950.3389892578125,overall|small
2401515,3,5,brown and black teddy bear ears,600,0.011957908163265306,0.0021226309313876735,0.0023756872002331344,0.019537881215413413,0,4934.4580078125,overall|small
2401515,4,7,toy on the table.,704,0.01403061224489796,0.020277696882717782,0.02137835537743539,0.28256711092862213,0,9305.0771484375,overall|small
2401515,5,8,a human being's pink lips,532,0.010602678571428572,0.031212502261616037,0.031790030324440215,0.6320948780031133,0,10577.9853515625,overall|small
2401515,6,9,plastic container on the table.,144,0.0028698979591836736,0.005022017468634728,0.005049745628205736,0.47769509421454537,0,13622.0908203125,overall|small
2401517,0,3,the left eye of a zebra.,561,0.01118064413265306,0.005634294108018939,0.0059308887785407835,0.10125834419128092,0,9577.9794921875,overall|small|part
2401517,1,9,the back leg of the zebra closest to the wall,861,0.017159598214285716,0.020500239112302008,0.021878145186349132,0.24556720658323353,0,9664.1357421875,overall|small|part
2401517,2,1,a hole in the stall wall,984,0.0196109693877551,0.04337000931996745,0.0598866980266275,0.13588416867139863,0,2232.716552734375,overall|small
2401517,3,4,white underbelly on zebra,896,0.017857142857142856,0.010523387922522809,0.011341236650749776,0.1273459451539176,0,10060.8046875,overall|small
2401517,4,5,hay hanging out of zebra's mouth as he eats it,735,0.0146484375,0.018489477394014516,0.019713605473609324,0.22944047369924533,0,8554.4345703125,overall|small
2401517,5,7,small brown spot on wood,315,0.006277901785714286,0.029634592417496435,0.03358364719212011,0.20129021538628472,0,1888.0146484375,overall|small
2401517,6,0,Second zebra behind main zebra,4012,0.07995854591836735,0.04891388685674834,0.06945469401213604,0.14192012585291003,0,8197.9130859375,overall
2401518,0,2,a red sweatshirt,391,0.007792570153061225,0.015923570172524406,0.016104848913819303,0.5858619865554068,0,14223.79296875,overall|small
2401518,1,4,White frisbee,578,0.011519451530612245,0.0016289107273639923,0.0017594869124641051,0.02147781147676356,0,7055.5654296875,overall|small
2401518,2,6,blue nike sneaker on foot of unseen player,280,0.005580357142857143,0.00849301765830921,0.008990038647271333,0.1331637246268136,0,4147.4619140625,overall|small
2401518,3,7,white sneakers on man walking,63,0.0012555803571428572,0.0014843083113541592,0.0014981161406144696,0.13870610131157768,0,5832.98193359375,overall|small
2401518,4,8,this is a cap,50,0.0009964923469387755,8.106353412508262e-05,8.156209108814481e-05,0.013088126182556153,0,8023.41259765625,overall|small
2401518,5,9,the man is light skinned,130,0.002590880102040816,0.0010645987610953607,0.0010953053806872694,0.036584960497342625,0,4342.208984375,overall|small
2401518,6,1,the t shirt is muddy,1073,0.02138472576530612,0.01766805595642958,0.02020514032603438,0.12335069981670113,0,6550.57568359375,overall|text
2401519,0,0,A lot of fluorescent lights.,2772,0.05524553571428571,0.1911511356574149,0.24983462836845388,0.448668949187748,0,4978.13427734375,overall
2401519,1,1,woman lying down on mattress,27566,0.5493861607142857,0.3917489643785974,0.7443978402131541,0.45263462859591524,1,16761.63671875,overall
2401519,2,2,the cup board is wooden,1184,0.023596938775510203,0.0022353076143840456,0.002453146769886521,0.02455432350571091,0,11851.03125,overall
2401519,3,3,Plants in the mall.,1872,0.03730867346938776,0.08061205127443093,0.09251332383012972,0.3852318657769097,0,7795.13720703125,overall
2401519,4,4,white and red shopping bag on the floor,1204,0.023995535714285716,0.029490388388899356,0.03782079663763615,0.11807945479586275,0,3758.981201171875,overall
2401520,0,0,the cpu is black,476,0.009486607142857142,0.017335449828963918,0.0178763331985468,0.3642482597286962,0,9698.978515625,overall|small
2401520,1,1,the keyboard is back in color,840,0.016741071428571428,0.025222576283500848,0.02659466495481193,0.3283539544968378,0,10371.15234375,overall|small
2401520,2,3,White telephone on a desk,483,0.009626116071428572,0.005407895890966659,0.005665407100306355,0.10632664619272046,0,9064.7978515625,overall|small
2401520,3,6,the fan is white,644,0.012834821428571428,0.00889120480196183,0.009754203610436817,0.09131757368952591,0,6029.04345703125,overall|small
2401520,4,7,the lamp is white,660,0.013153698979591837,0.010679225784065284,0.012696118368391057,0.06299007878159031,0,3274.5009765625,overall|small
2401520,5,8,the blinds are white,504,0.010044642857142858,0.02064544427018435,0.02187250294251049,0.2690101805187407,0,6198.7021484375,overall|small
2401520,6,2,the wall is white in color,2806,0.05592315051020408,0.13742123116223467,0.1820254398240263,0.3593040243354085,0,5538.8251953125,overall
2401521,0,3,The roof of a house.,943,0.018793845663265307,0.04913521230486733,0.059070002523662804,0.22609412151834238,0,3609.391357421875,overall|small
2401521,1,6,Plant with red flowers,400,0.007971938775510204,0.006375044092675147,0.0067248218097189965,0.10918418884277344,0,6494.39892578125,overall|small
2401521,2,0,Plant with small yellow flowers,2744,0.0546875,0.03782771936393271,0.04487476939599356,0.19412184734733737,0,11870.15234375,overall
2401521,3,1,the horses are brown,1450,0.02889827806122449,0.03080487285290609,0.03328574037654795,0.2924402697332974,0,12739.3408203125,overall
2401521,4,2,green grass,5600,0.11160714285714286,0.015247540034174485,0.03965695866461819,0.024173218863351005,0,3413.525146484375,overall
2401521,5,4,Gray house with a brick chimney,3060,0.06098533163265306,0.0942331704793333,0.12625560360859117,0.2708901000178717,0,6565.44091796875,overall
2401521,6,5,bright green medium sized bush,1292,0.02574936224489796,0.04647881121003215,0.05487876111237748,0.2329267850232198,0,5483.75,overall
2401522,0,0,this is the road,1800,0.03587372448979592,0.002082559105361313,0.003459522187573612,0.005205047925313314,0,2708.202392578125,overall
2401522,1,1,man riding on motorbike,28665,0.5712890625,0.48164374061986004,0.9407789830196998,0.4967032626351823,1,15134.265625,overall
2401523,0,6,the flag is white and blue in color,180,0.003587372448979592,0.002684065210048974,0.002748608441217567,0.10257751676771376,0,6717.56396484375,overall|small|text
2401523,1,9,the flag on the building,627,0.012496014030612245,0.012685114742550714,0.013441286278325673,0.18399558911483255,0,8582.9013671875,overall|small|text
2401523,2,1,part of a building,56,0.0011160714285714285,0.0018247530656815046,0.0018357290804152282,0.2338270800454276,0,7133.033203125,overall|small
2401523,3,3,fence along the balcony.,78,0.0015545280612244898,0.002871755258826488,0.0028806139085791704,0.4828898111979167,0,13075.478515625,overall|small
2401523,4,8,part of  a wall,99,0.0019730548469387753,0.0014979517436804401,0.001597832825170527,0.023402462101945975,0,1449.9913330078125,overall|small
2401523,5,0,Large clock tower ,4326,0.08621651785714286,0.0712195328107712,0.0948427129353881,0.22235468610039585,0,10142.1220703125,overall
2401523,6,2,Overlapping power-line cables ,2736,0.0545280612244898,0.028283013726217585,0.051978638365938135,0.05841722544173748,0,3074.907958984375,overall
2401524,0,2,this is a plate,289,0.0057597257653061226,0.00863322178948844,0.00881752446133585,0.29230396310350887,0,9580.44921875,overall|small
2401524,1,5,the orange is tasty,441,0.0087890625,0.0059084958016686695,0.006917787544837095,0.03892121779945702,0,2481.17724609375,overall|small
2401524,2,0,Orange vegetable on a plate,6237,0.12430245535714286,0.056518226796088325,0.12208378967541167,0.09521713366928211,0,4864.43994140625,overall
2401524,3,1,Cooked potatoes on a plate,5780,0.11519451530612244,0.060192279221746185,0.12680468432514666,0.10280363617471346,0,4685.986328125,overall
2401524,4,3,A knife on top of a fork,6764,0.13480548469387754,0.025847488385166095,0.07221963346315113,0.03869695229194772,0,3624.307861328125,overall
2401524,5,4,two eggs fried to order,7564,0.15074936224489796,0.10998566838006833,0.15301972207957135,0.2811367089378966,0,13897.01953125,overall
2401525,0,0,crack in the street,552,0.011001275510204082,0.020811463314459103,0.024418711854436226,0.12348361637281335,0,2791.423095703125,overall|small
2401525,1,6,black street below man,600,0.011957908163265306,0.004924140199386377,0.00516953236472396,0.09398457209269205,0,10908.287109375,overall|small
2401525,2,1,yellow line on street,1326,0.026426977040816327,0.08103163670746072,0.09583962688230714,0.344025463719893,0,4759.80322265625,overall
2401525,3,2,hole in the center of the donut,3220,0.06417410714285714,0.027833091320282645,0.10713689303315614,0.036238970075334824,1,1089.1624755859375,overall
2401525,4,3,thumb of person,1914,0.03814572704081633,0.01080708019853908,0.021406855417232407,0.02135934102248747,0,1909.751708984375,overall
2401525,5,4,long sleeve of clothing,2349,0.04681521045918367,0.042699974229373605,0.04610510757163551,0.36634774043642243,0,18664.978515625,overall
2401525,6,5,white paper around donut,1176,0.0234375,0.005024382907058623,0.005584102333712459,0.04773359882588289,0,10052.59375,overall
2401526,0,4,Part of a cats tail. ,175,0.0034877232142857145,0.003411214157684946,0.0035072643769805747,0.11076344081333706,0,5526.701171875,overall|small|part
2401526,1,3,Tiny triangle shaped tip of a cats nose. ,20,0.0003985969387755102,0.0014969387944410834,0.0015066900196079795,0.18784782886505128,0,2493.5166015625,overall|small
2401526,2,6,buttons on front of television,646,0.01287468112244898,0.032993541098044206,0.03532569850630405,0.33322682100183826,0,6093.708984375,overall|small
2401526,3,7,striped line on cat's foot,520,0.010363520408163265,0.03075164515611948,0.03213846273428078,0.4161083221435547,0,6732.62841796875,overall|small
2401526,4,8,white spots on the ground,504,0.010044642857142858,0.030175649701348242,0.03124291137102724,0.46903377109103733,0,7566.29296875,overall|small
2401526,5,9,stripes on cat thigh,459,0.00914779974489796,0.018973632350821616,0.019399245966818926,0.46375183238442946,0,10972.69921875,overall|small
2401526,6,0,black top of television set,7182,0.14313616071428573,0.25608309544050106,0.33957071785558396,0.5101812283530005,0,10790.4521484375,overall
2401527,0,0,The word Scenic on the blue and white sign.,464,0.009247448979591837,0.024635627180407453,0.02700190805554606,0.21943301167981377,0,3770.73046875,overall|small|text
2401527,1,1,this is a vehicle ,35,0.0006975446428571429,0.0007257171934055872,0.0007269069807569918,0.30718214852469305,0,14790.5791015625,overall|small
2401527,2,3,red double sided arrow,216,0.00430484693877551,0.00035971332248955134,0.0003699237887334843,0.012864706692872223,0,7511.75439453125,overall|small
2401527,3,6,part of  a post,60,0.0011957908163265306,0.0023416288458270643,0.0023540156396766546,0.3079626401265462,0,7849.462890625,overall|small
2401527,4,7,part of a board,270,0.005381058673469388,0.014621365365383516,0.01733801069479868,0.08535101855242694,0,1329.1475830078125,overall|small
2401527,5,8,part of the sky,476,0.009486607142857142,0.006704162663250164,0.0077542409254802375,0.04717121204408277,0,2895.640869140625,overall|small
2401527,6,9,A street light overhang,323,0.00643734056122449,0.004892436052762957,0.00499935109433246,0.18617836683527234,0,12028.68359375,overall|small
2401528,0,2,the phone is gray,532,0.010602678571428572,0.010766776743431876,0.011739323387726168,0.11501494386142358,0,5212.22119140625,overall|small
2401528,1,1,man in a black t-shirt,6204,0.12364477040816327,0.17407678444190874,0.2415349760845381,0.38396496652865086,1,9862.4169921875,overall|text
2401528,2,0,person wearing socks with polka dots,21063,0.41978236607142855,0.26783598038622825,0.6496347587483517,0.313057456165729,1,10150.2099609375,overall
2401529,0,4,wood framed round clock on wall,304,0.006058673469387755,0.014925043140436989,0.01535273044754785,0.3488589838931435,0,6907.77001953125,overall|small
2401529,1,6,decorative mugs sitting on shelf,420,0.008370535714285714,0.00843650568099709,0.00877864126659454,0.17794727143787203,0,8513.6015625,overall|small
2401529,2,5,a decorative sign above the TV,1426,0.02841996173469388,0.041425152518163054,0.053596909796742795,0.1542702523722388,0,4104.51611328125,overall|text
2401529,3,0,paid of blue denim jeans,8142,0.1622688137755102,0.07766516508612818,0.13015518009765945,0.16148178186793785,0,10101.669921875,overall
2401529,4,1,A television that is on,6300,0.12555803571428573,0.12091469603052112,0.2971599328500844,0.16934508308531745,1,3590.235107421875,overall
2401529,5,2,Fireplace tools in rack,1848,0.036830357142857144,0.04616423503624199,0.053434670676623344,0.25333454082538553,0,8761.39453125,overall
2401529,6,3,wooden shelf attached to wall,1872,0.03730867346938776,0.05732121548371083,0.0665950113277646,0.29159552419287527,0,8196.8125,overall
2401531,0,2,The mouth on the blue striped kite.,165,0.003288424744897959,0.011841198029235403,0.011949348161824894,0.5667838356711647,0,7826.3125,overall|small
2401531,1,3,clear blue sky.,672,0.013392857142857142,0.01961075263580034,0.021449454770198842,0.18617807115827287,0,5832.85986328125,overall|small
2401531,2,4,The blue hat on the adult walking with the child in the yellow coat.,21,0.0004185267857142857,0.0007241438738472638,0.0007253905148998181,0.29644943418956937,0,8582.1884765625,overall|small
2401531,3,5,black coat on man.,42,0.0008370535714285714,0.0015128615838920089,0.0015265802012307988,0.1440907773517427,0,3964.2939453125,overall|small
2401531,4,6,trees in the distance.,209,0.004165338010204082,0.004633567238306979,0.004732608830038017,0.18127452357534016,0,8005.38916015625,overall|small
2401531,5,7,The hood on the adult's coat standing next to the child in the red coat.,888,0.017697704081632654,0.027669142306579044,0.029121664759913336,0.35680540617521816,0,10879.982421875,overall|small
2401531,6,0,the people are in a field,12369,0.24651227678571427,0.13204512347453573,0.4003725264727135,0.16459564596344692,0,5084.97314453125,overall
2401532,0,3,this is a t shirt,280,0.005580357142857143,0.0029043283893563877,0.0030256994692314035,0.06751469203404017,0,6247.84912109375,overall|small|text
2401532,1,2,the ground is green in color ,420,0.008370535714285714,0.03354058556515158,0.034423130179285055,0.5667677379789806,1,6915.18896484375,overall|small
2401532,2,0,Man wearing white tennis shoe on foot.,1292,0.02574936224489796,0.023639150650779366,0.027340507855771128,0.14865602428329988,0,7024.87255859375,overall|part
2401532,3,4,A door.,5880,0.1171875,0.011574912973981975,0.04318699672378748,0.015566959510855124,0,2119.47412109375,overall|part
2401532,4,1,Batting net behind man and little boy.,23875,0.4758250956632653,0.1526501992221651,0.5880715276731123,0.1709269776668848,1,6939.4306640625,overall
2401533,0,3,White shirt on a woman,884,0.017617984693877552,0.10794908352892536,0.11083580989490838,0.8056253286508414,1,6425.4755859375,overall|small|text
2401533,1,5,kite with a long yellow tail,644,0.012834821428571428,0.016861234901433302,0.018471638368604656,0.16205912050993546,0,5650.0712890625,overall|small|part
2401533,2,0,boy holding a string,784,0.015625,0.016311039801209,0.020359573905519412,0.07580795093458526,0,2919.1884765625,overall|small
2401533,3,2,Child sitting on grass,375,0.007473692602040816,0.003341752178920092,0.003489006545365517,0.07336932373046876,0,7885.76806640625,overall|small
2401533,4,6,white clouds in sky,495,0.009865274234693877,0.01626039835486258,0.01676371958911414,0.3513115776909722,0,10373.546875,overall|small
2401533,5,1,blue cloudy sky,7062,0.14074457908163265,0.07125526363147157,0.11294636255314351,0.16180468321319208,0,10116.87890625,overall
2401533,6,4,Long green grass on a hill,2322,0.04627710459183673,0.05953349903920424,0.07536080062378814,0.22085939287420597,0,6805.06982421875,overall
2401534,0,0,the shirt is black in color,63,0.0012555803571428572,0.0012612829189462883,0.0012718312789146491,0.1320007566421751,0,6538.640625,overall|small|text
2401534,1,5,the black shirt button,162,0.0032286352040816328,0.005240370358277815,0.005327392590391394,0.24288822692117573,0,7385.95703125,overall|small|text
2401534,2,2,He has red dots on his neck,294,0.005859375,0.0035771902683323963,0.0037472646704863983,0.07305834893466664,0,5731.95556640625,overall|small
2401534,3,4,smiling red lips,517,0.01030373086734694,0.013958419024895533,0.014610732063925864,0.23817967722909364,0,8427.9755859375,overall|small
2401534,4,7,light on storefront,351,0.006995376275510204,0.0014923266991646925,0.001526165659489756,0.06306086917888065,0,14503.251953125,overall|small
2401534,5,3,The man has white hair,7125,0.1420001594387755,0.03074275174903389,0.0854142728797072,0.04582878460800439,0,3822.8984375,overall|part
2401534,6,6,the man's left arm,5187,0.10337611607142858,0.045475479123269304,0.10341820303240147,0.07507284799476155,0,3765.322265625,overall|part
2401535,0,5,part of  a leaf,297,0.005919164540816327,0.009060586964235437,0.009556778969927354,0.14858046766082045,0,4617.4970703125,overall|small|part
2401535,1,6,part of a leaf,280,0.005580357142857143,0.0016771527858134116,0.001775875092686256,0.029286064420427596,0,4617.4970703125,overall|small|part
2401535,2,1,There is a white band on the tree,441,0.0087890625,0.013116509085624454,0.01356598638969392,0.28360525118250424,0,9219.375,overall|small
2401535,3,3,the fruits are green in color,945,0.018833705357142856,0.010439065666270573,0.011164314493027894,0.138448402364418,0,11718.9228515625,overall|small
2401535,4,4,it is brown in color,296,0.005899234693877551,0.005801381882516764,0.0060677935821360175,0.11671099791655669,0,5693.4130859375,overall|small
2401535,5,7,part of a fruit,140,0.0027901785714285715,0.0012779011807648095,0.0013043075777107787,0.05937256131853376,0,6372.8515625,overall|small
2401535,6,0,these are some leaves,2625,0.05231584821428571,0.030399929591176413,0.03926125071544663,0.11870271809895834,0,7936.44189453125,overall|part
2401536,0,1,Face on a kite,891,0.01775749362244898,0.011637291284720415,0.013819413903884564,0.06864039531326722,0,4425.55615234375,overall|small|part
2401536,1,2,the kite is on air,255,0.005082110969387755,0.0033372307966415002,0.003425400863568143,0.11477098651960785,0,8543.9931640625,overall|small
2401536,2,6,the car is parked,36,0.0007174744897959184,0.00020717844261132845,0.00020811727225502483,0.04391011926862928,0,7595.5458984375,overall|small
2401536,3,8,the car is red,312,0.006218112244897959,0.004947172196245002,0.005062673562512583,0.17820278803507486,0,10982.1953125,overall|small
2401536,4,9,the sky is blue in color,897,0.017877072704081634,0.02074187522269453,0.024382963733012127,0.12196003925574397,0,4486.66357421875,overall|small
2401536,5,0,this is a man,2520,0.05022321428571429,0.14310261704888505,0.17008462064553626,0.47425595238095236,1,7026.6494140625,overall
2401536,6,3,Blue and purple kite,1840,0.03667091836734694,0.022668088516254733,0.02789753881241407,0.10788157089896824,0,7115.39794921875,overall
2401537,0,1,corner of a toilet,96,0.001913265306122449,0.0018293029157304128,0.0018440766405096508,0.18589057524998984,0,9677.1982421875,overall|small
2401537,1,2,outer part of a toilet,72,0.0014349489795918368,0.000527219806699454,0.0005314161153050245,0.06258779101901585,0,8479.8349609375,overall|small
2401537,2,4,edge of the toilet wall,143,0.002849968112244898,0.0009503796679528717,0.0009897567289730322,0.023330808519483447,0,3370.833984375,overall|small
2401537,3,5,the hinge of the lid of a toilet,72,0.0014349489795918368,0.004259769758356033,0.00427970223625378,0.4777018229166667,0,8036.66455078125,overall|small
2401537,4,6,black tile in the toilet,20,0.0003985969387755102,0.0007165875016819246,0.000718496462206209,0.212418532371521,0,5912.8623046875,overall|small
2401537,5,7,part of the toilet cover,117,0.002331792091836735,0.0022611017328171778,0.0022956673944690515,0.1305635729406634,0,6654.2470703125,overall|small
2401537,6,8,the toilet seat cover,96,0.001913265306122449,0.001403970737261904,0.0014187336238985178,0.1188833514849345,0,8044.3583984375,overall|small
2401538,0,0,logo on woman's jacket,171,0.0034080038265306123,0.011199204981560214,0.011285133954700403,0.5952731573093705,0,9019.982421875,overall|small|text
2401538,1,8,a silver pen inside the pocket of a man's shirt,99,0.0019730548469387753,0.000389694935599734,0.00039652666796575304,0.02211834445144191,0,5522.24169921875,overall|small|text
2401538,2,5,a train window secured by many screws,520,0.010363520408163265,0.011690953656767944,0.012188104075353772,0.22276646540715145,0,9504.2314453125,overall|small|part
2401538,3,7,sunglasses on mans face,406,0.008091517857142858,0.0008260285073222887,0.001057985116765227,0.0037534847635353726,0,1440.3934326171875,overall|small|part
2401538,4,6,zipper pull on a sweater ,72,0.0014349489795918368,0.0010979470263091252,0.0011074019312685363,0.11394381523132324,0,7408.2900390625,overall|small
2401538,5,9,phone numbers on woman's shopping bag,804,0.01602359693877551,0.009434206345334938,0.009986952447160087,0.1456322361580768,0,11724.12890625,overall|small
2401538,6,2,woman with brown hair,2832,0.05644132653061224,0.002823844957303791,0.004251019326485525,0.008341021456960904,0,5556.7314453125,overall|part
2401539,0,6,There is a package in the window,475,0.009466677295918368,0.008086238415446506,0.008526842261034515,0.13531458804481908,0,7537.8935546875,overall|small|part
2401539,1,7,reflection on window pane,315,0.006277901785714286,0.006042284904269568,0.006524802018889801,0.07553468734499008,0,3646.61279296875,overall|small|part
2401539,2,2,two gold hands on clock,986,0.019650829081632654,0.05361347119446876,0.06525986348317188,0.2310176021428911,0,3490.405029296875,overall|small
2401539,3,3,gold ball on clock,399,0.007952008928571428,0.008196750471396709,0.008664034111448457,0.13192801606983767,0,6075.6083984375,overall|small
2401539,4,1,white curtain on window,1980,0.03946109693877551,0.05972541752223277,0.06702106909518951,0.3542821402501578,0,10466.5390625,overall|part
2401539,5,4,white wood window frame,1232,0.024553571428571428,0.014966554167124297,0.016959072378489787,0.11299233622365183,0,8208.3828125,overall|part
2401539,6,0,Name of building in gold lettering,1472,0.029336734693877552,0.02377804026818847,0.026405922584691276,0.19285218612007474,0,10750.55859375,overall
2401540,0,3,a blue street sign,513,0.010224011479591837,0.00889736163696506,0.009334257780577934,0.15972851312648484,0,8778.494140625,overall|small|text
2401540,1,4,a metal sign post,504,0.010044642857142858,0.018385426867892466,0.018879675677358012,0.4125594487265935,0,11013.4287109375,overall|small|text
2401540,2,7,part of a stop sign,170,0.0033880739795918366,0.003221551003470177,0.0032943401865590345,0.12724966161391316,0,6566.5478515625,overall|small|text
2401540,3,9,skylight window on roof,342,0.006816007653061225,0.006985142789151026,0.007391013055706911,0.11284712183545208,0,5221.70849609375,overall|small|part
2401540,4,0,corner of a vehicle,48,0.0009566326530612245,0.00041729943912426147,0.0004212427184437383,0.042675803105036415,0,4862.84619140625,overall|small
2401540,5,1,part of a shade,192,0.003826530612244898,0.0014085434824556535,0.0014634216061553294,0.03620151182015737,0,4749.61572265625,overall|small
2401540,6,5,purple flowers on top of fence,672,0.013392857142857142,0.01822928759615511,0.019242158216798422,0.25723098573230563,0,8983.359375,overall|small
2401541,0,2,blue eyes behind glasses,897,0.017877072704081634,0.02897031437941897,0.033331381202109815,0.18127975548921754,0,4878.52392578125,overall|small|part
2401541,1,1,a man's right ear,490,0.009765625,0.009884184917264057,0.010273727319905923,0.2067797291035555,0,9862.25,overall|small
2401541,2,3,reflection on man's nose,108,0.002152423469387755,0.0029844052912248844,0.003032453209640274,0.15850067138671875,0,5644.95849609375,overall|small
2401541,3,5,the man is light skinned,72,0.0014349489795918368,0.0016733100000294206,0.00168611301991821,0.1805757681528727,0,7710.90380859375,overall|small
2401541,4,6,A crooked smile,406,0.008091517857142858,0.010636431187849339,0.011164982898155831,0.18346089330212823,0,6671.3154296875,overall|small
2401541,5,7,a man's left ear,210,0.004185267857142857,0.0025041648031183745,0.002555940813576207,0.11001858484177363,0,9039.294921875,overall|small
2401541,6,4,the hair is coiled,2028,0.04041772959183673,0.03222159066419521,0.04115579569503114,0.12924611168735362,0,6368.75341796875,overall|part
2401542,0,7,the number 311 on a person's chest,54,0.0010762117346938774,0.0022993025183435747,0.0023206063421704753,0.2002949008235225,0,4660.818359375,overall|small|text
2401542,1,1,group of people on the mountainside,240,0.0047831632653061226,0.008702849590750092,0.008981523798740794,0.21904791196187337,0,5853.2939453125,overall|small
2401542,2,2,a red ski,168,0.0033482142857142855,0.004297395793550358,0.0043571582989879575,0.23856751124064127,0,9198.5048828125,overall|small
2401542,3,5,Dead plants sticking out of the snow,403,0.008031728316326531,0.00701429744790361,0.007484183972023883,0.10049391147812306,0,5411.2841796875,overall|small
2401542,4,6,a group of evergreen trees in front of a mountain ,525,0.010463169642857142,0.01816575522218225,0.018750398219482236,0.3681298537481399,0,10307.4169921875,overall|small
2401542,5,0,Patch of snow with ski prints in it,8410,0.16761001275510204,0.1209199722441574,0.2686439704905235,0.18026028700022295,0,5643.11572265625,overall
2401542,6,3,a yellow snowmobile,1380,0.027503188775510203,0.04771375564578338,0.052445834256526686,0.34589803944463315,1,9101.5673828125,overall
2401543,0,1,the cow's feet are tied,858,0.01709980867346939,0.017357031760414955,0.01907627649300368,0.16148812176186444,0,7263.3046875,overall|small
2401543,1,4,the grass is green in color,572,0.011399872448979591,0.013388076287290551,0.014152504450034924,0.1986311132257635,0,8028.048828125,overall|small
2401543,2,5,a license plate on a motorcycle,350,0.006975446428571429,0.02149798610343901,0.0218456881907988,0.5745932878766741,0,9205.828125,overall|small
2401543,3,0,these are two people,12489,0.24890385841836735,0.24892334780016465,0.7561044578983187,0.27065559880194573,1,4470.56982421875,overall
2401543,4,2,this is the road,1768,0.035235969387755105,0.03616623563981697,0.05567831945807296,0.09354723416841947,0,2970.483154296875,overall
2401543,5,3,the cow is brown in color,3069,0.06116470025510204,0.06677890412320196,0.08828292212023921,0.2151662081373208,0,7479.87353515625,overall
2401544,0,0,scissor blades over woman's left eye,39565,0.7885243941326531,0.2568053019849318,0.9264578641994532,0.26214926189498294,1,11195.2587890625,overall|part
2401545,0,4,Goggles on a woman,784,0.015625,0.00807083466599661,0.009346261117347716,0.055840137053509147,0,4684.08349609375,overall|small|part
2401545,1,8,ticket window for people to buy ski tickets,256,0.00510204081632653,0.016416716996577287,0.01661126150978,0.5836365818977356,0,8994.55859375,overall|small|part
2401545,2,2,small child at ski slope,312,0.006218112244897959,0.0038580341259377374,0.003943119532957147,0.1516747596936348,0,12001.291015625,overall|small
2401545,3,5,light on side of building,108,0.002152423469387755,0.0067456807166417325,0.0069128872398213975,0.2180715666876899,0,3406.930908203125,overall|small
2401545,4,6,child in red jacket,780,0.015545280612244899,0.01390799595738132,0.014762646299738618,0.193702639066256,0,10234.4833984375,overall|small
2401545,5,9,"woman in fuschia colored jacket, black pants and white shoes with her back to the camera",728,0.014508928571428572,0.029181360421838425,0.031825836407855454,0.2599132244403546,0,5945.38427734375,overall|small
2401545,6,0,A shaped cabin with a wreath hanging in front,1368,0.0272640306122449,0.05366060056899968,0.06511914618025154,0.23368962605794272,0,4909.26904296875,overall
2401546,0,0,Red and white stop sign,266,0.005301339285714286,0.006899081213560966,0.007158455284212215,0.1599515183527667,0,5943.615234375,overall|small|text
2401546,1,5,a red and white pole,540,0.010762117346938776,0.00528883242084705,0.005665310527303626,0.07372011961760344,0,7026.775390625,overall|small
2401546,2,6,the grass are dry,414,0.00825095663265306,0.00614363702504184,0.00647461254591338,0.10728881209368867,0,6860.2666015625,overall|small
2401546,3,7,Orange and white post in ground,180,0.003587372448979592,0.00404705376585905,0.0041330976603573015,0.16275901794433595,0,7088.296875,overall|small
2401546,4,1,White teddy bear laying on ground,3869,0.07710857780612244,0.056225521980078345,0.07428344263748128,0.18784396757479324,0,9783.71875,overall
2401546,5,2,the dusty mountains and hills,3990,0.07952008928571429,0.13243272819207697,0.17361247168781538,0.35828826827811716,0,8234.259765625,overall
2401546,6,3,rocks and gravel mixed,8820,0.17578125,0.09130545068601781,0.22451886195709017,0.13336392011231576,0,5239.06884765625,overall
2401547,0,1,face of a bear,650,0.012954400510204082,0.011218754488189644,0.011935507027929448,0.15741007878230168,0,8572.451171875,overall|small|part
2401547,1,2,black bear eyes,200,0.003985969387755102,0.0028235873221081707,0.002877291542216639,0.13140029907226564,0,9133.6103515625,overall|small|part
2401547,2,3,tree leaves and brown stem,742,0.014787946428571428,0.011804346383766668,0.013414019424449725,0.08956008458715886,0,4954.03955078125,overall|small|part
2401547,3,8,The eyes of the bear in the middle.,147,0.0029296875,0.0023528994818460807,0.0023948375678942905,0.11844584406638632,0,7270.44677734375,overall|small|part
2401547,4,0,this is the ear,165,0.003288424744897959,0.006374157681089812,0.00659117860599466,0.16219179558031488,0,4060.2216796875,overall|small
2401547,5,5,The nose of the bear in the middle.,55,0.001096141581632653,0.001408955601390794,0.001417162719206344,0.1956831845370206,0,7594.45263671875,overall|small
2401547,6,7,The nose of the bear on the left side.,180,0.003587372448979592,0.003358290805900156,0.0034171801805300403,0.16309020784166123,0,8590.7783203125,overall|small
2401548,0,2,hand of person operating vehicle,798,0.015904017857142856,0.009640342036337492,0.012213665729006867,0.043753607231273986,0,2858.714111328125,overall|small|part
2401548,1,5,handle of door,336,0.006696428571428571,0.00809945212681272,0.009681858922798442,0.04721615711847941,0,1638.59326171875,overall|small|part
2401548,2,0,light on red vehicle,520,0.010363520408163265,0.0315395470474077,0.03415077345540069,0.29202945415790266,0,4446.6142578125,overall|small
2401548,3,3,light on top of vehicle,504,0.010044642857142858,0.02010492930301772,0.022820028711978767,0.14455271524096291,0,3192.5712890625,overall|small
2401548,4,8,orange reflector on side of tractor,252,0.005022321428571429,0.013139638972789563,0.013403166151929548,0.4005840846470424,0,7531.5927734375,overall|small
2401548,5,1,A lot of sheep.,19240,0.38345025510204084,0.5311354757768499,0.6459897120776958,0.7492059085076663,1,22314.166015625,overall
2401548,6,4,grey skies are overehead,3655,0.07284359056122448,0.3497885114568485,0.3747396726591516,0.8400882246067032,1,8193.748046875,overall
2401549,0,4,Rubber bands on the man's arm. ,360,0.007174744897959184,0.0022653893051280253,0.0023377299539566253,0.06821362707349989,0,10504.5947265625,overall|small|part
2401549,1,8,part of some leaves,56,0.0011160714285714285,0.0002789882109650501,0.0002822778031053671,0.023380085825920105,0,4638.28466796875,overall|small|part
2401549,2,0,part of a pocket,204,0.004065688775510204,0.008163450665079054,0.008395004036775837,0.2283755283729703,0,5549.5634765625,overall|small
2401549,3,1,Crack in the wall. ,700,0.013950892857142858,0.0036212000431283665,0.0039886271879852825,0.03782331194196428,0,6637.95263671875,overall|small
2401549,4,5,part of a belt,231,0.004603794642857143,0.0059482112239442695,0.0061741368871169105,0.1398247392662676,0,5231.421875,overall|small
2401549,5,6,part of a wall,360,0.007174744897959184,0.007255499598205316,0.007416663518658579,0.2503150092230903,0,12150.126953125,overall|small
2401549,6,9,part of a surface,225,0.00448421556122449,0.011473812659740784,0.011810769233725066,0.28682081434461804,0,5464.05419921875,overall|small
2401550,0,2,yellow sign with red lettering,240,0.0047831632653061226,0.011391735461833875,0.011569217862493163,0.42613563537597654,0,8840.0576171875,overall|small|text
2401550,1,3,motorcyclist wearing white helmet,168,0.0033482142857142855,0.002232118878611267,0.0022614772550209714,0.1467141650971912,0,10899.0615234375,overall|small|part
2401550,2,4,teal car parked on a sidewalk,680,0.013552295918367346,0.013994254043082867,0.015061081613785299,0.16497278774485868,0,7448.435546875,overall|small
2401550,3,6,A brick sidewalk,986,0.019650829081632654,0.010595586502367667,0.012966330085083825,0.05477622846560836,0,4165.3544921875,overall|small
2401550,4,7,bridge with advertisement,612,0.012197066326530613,0.0309972585205902,0.03253464238418972,0.3961259929183262,1,7451.41455078125,overall|small
2401550,5,8,small white line on street,777,0.015485491071428572,0.04364140117943294,0.046298385370006294,0.43196618510949564,0,7249.44775390625,overall|small
2401550,6,9,an air conditioner unit,615,0.01225685586734694,0.004810568125725131,0.005501795454747359,0.03687749723108803,0,4122.22900390625,overall|small
2401551,0,2,the sky is clear,650,0.012954400510204082,0.00429480623758274,0.0048630446769240155,0.035452340932992786,0,4738.599609375,overall|small
2401551,1,5,the water is blue,396,0.007892219387755101,0.004621226488590994,0.004980874718132582,0.060151023094100184,0,4782.25341796875,overall|small
2401551,2,7,the back pair of wheels on a skateboard,56,0.0011160714285714285,0.0009328112258425444,0.0009379572389848143,0.14531544276646205,0,8675.9443359375,overall|small
2401551,3,8,horizon on blue water,615,0.01225685586734694,0.026119129845385017,0.02957202606876805,0.18280289812785824,0,3801.693603515625,overall|small
2401551,4,0,the dark grey ground,3874,0.07720822704081633,0.10759099726022037,0.1903472949660395,0.19837716121801593,1,4037.426025390625,overall
2401551,5,1,airborne skateboarder over board,3068,0.06114477040816327,0.08194609265666428,0.09480089711373993,0.3766874191503015,1,12190.5703125,overall
2401551,6,3,a concrete railing down a flight of stairs,2948,0.0587531887755102,0.07650143297095913,0.08859690447225133,0.3591212941639459,0,11949.509765625,overall
2401552,0,1,power outlet near eating table,264,0.0052614795918367345,0.0004828007828704576,0.0005023024261449747,0.012282723730260675,0,6455.55126953125,overall|small
2401552,1,2,glass container on table,768,0.015306122448979591,0.010814623804063847,0.01288257789253516,0.06311867634455363,0,3762.844970703125,overall|small
2401552,2,3,Napkin on the table,850,0.016940369897959183,0.03630748405190323,0.039096118129919206,0.3373200180951287,0,7333.77197265625,overall|small
2401552,3,6,empty glass on table,294,0.005859375,0.019037479832084255,0.01930976653920881,0.5744828723725819,0,8746.763671875,overall|small
2401552,4,7,meat on top of pizza,414,0.00825095663265306,0.000964965184254073,0.0010127247852144477,0.02005144478618235,0,8196.9931640625,overall|small
2401552,5,0,white stripes on shirt,2964,0.059072066326530615,0.1931489546468292,0.21863996814447823,0.623588284017586,1,8453.6953125,overall|text
2401552,6,4,yellow wall paper with pink pattern,3212,0.06401466836734694,0.08418721757531696,0.11216418403602686,0.252347725266092,0,7226.37890625,overall
2401553,0,1,the tree is brown,936,0.01865433673469388,0.014139908430041244,0.015717022793223758,0.12350963527320796,0,7355.40185546875,overall|small
2401553,1,0,There is a baby elephant,17940,0.3575414540816326,0.3250204940192525,0.8358807501838619,0.34717567129145765,1,7451.22021484375,overall
2401553,2,2,a wooden fence,2430,0.04842952806122449,0.1070941867525248,0.11495139309496782,0.6104089807581019,0,12903.6611328125,overall
2401553,3,3,green grass and brown dirt,3550,0.07075095663265306,0.06950680048861588,0.08224121722501566,0.3098154159330986,0,13373.400390625,overall
2401554,0,7,edge of a window,30,0.0005978954081632653,0.00018918058951421148,0.00018977526771867537,0.05693456331888835,0,9000.3134765625,overall|small|part
2401554,1,0,neck of a flower vase,130,0.002590880102040816,0.0078026576324820235,0.007939699977153979,0.3113211411696214,1,5097.39013671875,overall|small
2401554,2,1,part of a building,36,0.0007174744897959184,0.001353784772962229,0.0013633869702118465,0.16122849782307944,0,4257.2109375,overall|small
2401554,3,2,cement court ,736,0.014668367346938776,0.009880487842292264,0.01035952516357597,0.17605458135190216,0,12507.92578125,overall|small
2401554,4,4,top of a building,15,0.00029894770408163266,0.0006794940160507099,0.000681092495664949,0.2245200792948405,0,4944.70458984375,overall|small
2401554,5,5,lights reflected on vase,352,0.00701530612244898,0.010759143127278738,0.011212572286411432,0.21014569022438742,0,6597.17333984375,overall|small
2401554,6,6,bottom of a vase,104,0.002072704081632653,0.0019418862497645084,0.001964059765652047,0.14676214181459868,0,7771.2822265625,overall|small
2401555,0,0,white pourcelain sink,22272,0.44387755102040816,0.11309244825444538,0.5461585361876248,0.12482285773617098,0,5090.197265625,overall
2401555,1,1,tile on bathroom wall,13800,0.27503188775510207,0.24361209818293267,0.3826251547394855,0.4013867895153985,0,14476.6689453125,overall
2401556,0,2,dirt on toilet base,150,0.0029894770408163264,0.005884379395064261,0.005984155919488425,0.2608575185139974,0,6538.70458984375,overall|small
2401556,1,3,the lid is closed,518,0.010323660714285714,0.011110640782642347,0.011887376396984135,0.14532859537131998,0,6332.7861328125,overall|small
2401556,2,5,the toilet sink is broken,990,0.019730548469387755,0.013368765570235176,0.015353985785964934,0.09370706731622869,0,6042.0791015625,overall|small
2401556,3,8,this is a container,825,0.016442123724489797,0.006074589140135243,0.008063930097505204,0.024032005541252368,0,2458.65283203125,overall|small
2401556,4,0,the trees are green,17301,0.3448062818877551,0.2913911881835506,0.7222302623087548,0.328168745213427,1,7861.2705078125,overall
2401556,5,1,the grass are green in color,1044,0.020806760204081634,0.01779200256451549,0.018795695977776087,0.24991514125546277,0,13881.4443359375,overall
2401556,6,4,a lid for a toilet,1908,0.03802614795918367,0.018130840358070006,0.022619933125229624,0.08371110832166372,0,7061.06396484375,overall
2401557,0,3,The man has long hair.,630,0.012555803571428572,0.031128919462986477,0.034340827162530806,0.24971214173332093,0,4581.0966796875,overall|small|part
2401557,1,5,a hand hanging down,117,0.002331792091836735,0.0007563512577226593,0.0007842254726513825,0.020836137298844818,0,3108.58056640625,overall|small|part
2401557,2,0,bare feet with no shoes,546,0.010881696428571428,0.0075974984817474105,0.008123583369934493,0.10499917194520161,0,7057.1748046875,overall|small
2401557,3,6,a foot in the water,231,0.004603794642857143,0.003907573642288002,0.003985224841263157,0.16704496573576164,0,9682.6123046875,overall|small
2401557,4,1,open ocean with waves,18063,0.35999282525510207,0.2232975116634708,0.48192185900990175,0.29383202086966453,1,11013.1708984375,overall
2401557,5,2,a human rear end.,1312,0.02614795918367347,0.01432278789935134,0.017826511705263882,0.06792285384201421,0,4999.0029296875,overall
2401557,6,4,There is white on top of the waves.,2597,0.0517578125,0.016143355336414335,0.020125301465140646,0.07543586316731143,0,9734.3603515625,overall
2401558,0,3,The bottle cap is orange,120,0.0023915816326530613,0.0019865627551740217,0.0020717843489764364,0.04606954256693522,0,2668.39794921875,overall|small
2401558,1,5,part of a sheet,192,0.003826530612244898,0.0031473906956936424,0.003229864428745442,0.10973352193832397,0,6523.13330078125,overall|small
2401558,2,0,orange drink lable on bottle,3105,0.06188217474489796,0.01349525712765721,0.02305271151672075,0.03152459677482765,0,4246.08935546875,overall
2401558,3,1,The box is white,10692,0.21308992346938777,0.028171531965996397,0.08823964517292235,0.03973922700949746,0,4815.203125,overall
2401558,4,2,sheets are beige and white,3496,0.06967474489795919,0.0402855870746647,0.05581283910241268,0.12649022850892092,0,7923.08447265625,overall
2401558,5,4,The sheets are white,1980,0.03946109693877551,0.06002485637396399,0.06673164627958543,0.373919677734375,0,11094.6005859375,overall
2401558,6,6,grease spot on box,1512,0.030133928571428572,0.05124066809094831,0.05445374909678028,0.46478332035125247,0,12905.4912109375,overall
2401559,0,0,number 14 on back of skier,238,0.004743303571428571,0.005536995914972521,0.005627196040359928,0.25674278195164785,0,10858.8330078125,overall|small|text
2401559,1,1,white words on red flag,989,0.01971061862244898,0.041349236594960787,0.04490004901743354,0.3433414223943851,0,7562.67919921875,overall|small|text
2401559,2,2,the left shoe of a skier.,286,0.005699936224489796,0.010562595199210508,0.010982785851394264,0.21635078216766143,0,5633.93701171875,overall|small|part
2401559,3,7,the right shoe of a skier.,240,0.0047831632653061226,0.007944663025417471,0.008257038139800863,0.173555056254069,0,5044.57080078125,overall|small|part
2401559,4,3,red net of fence,713,0.01420998086734694,0.037034718741722907,0.03743036082058794,0.7779618058599228,0,14819.1669921875,overall|small
2401559,5,6,"red, white, and black glove",429,0.008549904336734694,0.01400302889105935,0.01526634076894318,0.14472744459316725,0,4066.9912109375,overall|small
2401559,6,8,small holes in the snow,658,0.013113839285714286,0.021492013826247245,0.027361892182787163,0.09106032536747245,0,2189.82275390625,overall|small
2401560,0,2,blue ski stick of the man climbing up the hill left hand,150,0.0029894770408163264,0.001573725153977832,0.001596818204776848,0.09813920974731445,0,9218.8837890625,overall|small|part
2401560,1,4,a pile of snow on a branch,324,0.0064572704081632655,0.009671966717425118,0.010239037713399297,0.14867323416250725,0,4704.55615234375,overall|small|part
2401560,2,0,orange backpack,198,0.003946109693877551,0.01141474171335345,0.011588104376587915,0.4327841094045928,0,7394.76025390625,overall|small
2401560,3,1,man facing the camera looking down and to his left,2380,0.04743303571428571,0.0011162409618745116,0.0014418571899209105,0.004918501557422285,0,8118.71923828125,overall
2401560,4,3,This person is keeping on.,7344,0.14636479591836735,0.01590848154437394,0.03417881626727848,0.028900345945669936,0,6209.8154296875,overall
2401561,0,6,brown edge of large door,660,0.013153698979591837,0.010207510584871016,0.010832305528660867,0.1503617257782907,0,9161.3681640625,overall|small|part
2401561,1,2,Shadow of man on floor.,400,0.007971938775510204,0.01748492527805977,0.018847891848325003,0.19471195220947266,0,4132.28076171875,overall|small
2401561,2,4,tow tone pink paint on wall,464,0.009247448979591837,0.00955459399951924,0.010085780076878235,0.15355794183139143,0,7064.4892578125,overall|small
2401561,3,5,ground with white snow scattered,644,0.012834821428571428,0.009617321114105076,0.010223345412259001,0.13959228326074824,0,8793.34765625,overall|small
2401561,4,7,indent in pink paint,297,0.005919164540816327,0.0011096818918636777,0.001148600060684757,0.031711706810126,0,8199.875,overall|small
2401561,5,8,Plug plugged in to outlet.,630,0.012555803571428572,0.018115567219372145,0.02003751373987326,0.1588625226702009,0,4994.80078125,overall|small
2401561,6,9,tags are hanging off the suitcase,187,0.0037268813775510204,0.010803411601435931,0.010943205502126905,0.4582006689061456,0,7829.837890625,overall|small
2401563,0,3,metal faucet above white sink,950,0.018933354591836735,0.02742472729625685,0.028805596326497866,0.3639053505345395,0,12001.490234375,overall|small
2401563,1,4,white plastic outlet in metal wall,560,0.011160714285714286,0.009920536767512584,0.010673858659420212,0.12324126107352121,0,6465.806640625,overall|small
2401563,2,6,part of a surface,943,0.018793845663265307,0.0027194184920185448,0.0036262204847170728,0.010757725413252667,0,2797.550537109375,overall|small
2401563,3,7,edge of a sink,493,0.009825414540816327,0.014169777090953949,0.01547192770605164,0.14410149688411195,0,4591.67333984375,overall|small
2401563,4,1,white door jamb,4840,0.09646045918367346,0.1934672229527838,0.2717531289313798,0.40176394123676396,1,7155.529296875,overall|part
2401563,5,0,kitchen drawers for storage,3024,0.060267857142857144,0.038563826063651926,0.05568014334769009,0.11146640272998305,0,6053.76318359375,overall
2401563,6,2,White microwave sitting on a shelf,7138,0.14225924744897958,0.2874860639974722,0.36675209759623767,0.5708440137731157,1,11110.1875,overall
2401564,0,2,a name tag on a woman's shirt.,377,0.007513552295918368,0.023484307649000453,0.027293239378955895,0.14404000401180683,0,1989.6165771484375,overall|small|text
2401564,1,6,number 1 on fence in the background,243,0.004842952806122449,0.0032328074322421304,0.0033529562492860725,0.08275138792187098,0,5997.27099609375,overall|small|text
2401564,2,3,white grip on handle,561,0.01118064413265306,0.00650159297265056,0.0076722948043259145,0.04086743659089168,0,2988.236572265625,overall|small|part
2401564,3,1,a section of a tennis court.,600,0.011957908163265306,0.011105687818454037,0.011368843607161956,0.3242272440592448,0,17111.357421875,overall|small
2401564,4,4,strip on player's skirt,615,0.01225685586734694,0.018194737920488802,0.018900717514070457,0.3275572738027185,0,10658.205078125,overall|small
2401564,5,5,edge of a racket,208,0.004145408163265306,0.002744825455957102,0.0028696855381111193,0.0593413573044997,0,4301.1689453125,overall|small
2401564,6,7,part of a vest,322,0.006417410714285714,0.0076631225324417405,0.007948283349549695,0.17600127036527077,0,7130.14453125,overall|small
2401565,0,2,black eye in rat,204,0.004065688775510204,0.0005774228705378504,0.0005856074284816744,0.03967558168897442,0,13821.236328125,overall|small|part
2401565,1,8,he eye of a puppy,90,0.001793686224489796,0.005092051486791376,0.0051446610314366086,0.3324206034342448,1,5815.32080078125,overall|small|part
2401565,2,0,nose of a mouse,156,0.0031090561224489796,0.0018519670521115854,0.001896763412038762,0.07271390083508614,0,5980.38134765625,overall|small
2401565,3,3,he ear of a cat,714,0.014229910714285714,0.010956584994338478,0.011924369873208484,0.1189422607421875,0,7121.95068359375,overall|small
2401565,4,4,part of  a button,160,0.0031887755102040817,0.009674352313482312,0.010284017170027995,0.14029521942138673,0,2182.730224609375,overall|small
2401565,5,5,small white square line,128,0.002551020408163265,0.0009388054959732924,0.000970175425654079,0.028215156868100166,0,3722.56396484375,overall|small
2401565,6,6,gray buttons on the remote,384,0.007653061224489796,0.007720031037053958,0.007915990031189186,0.23772329092025757,0,11531.81640625,overall|small
2401566,0,7,gold metal sign plate on fire hydrant,500,0.009964923469387755,0.020453287739784377,0.021506416132854745,0.2946251525878906,0,6849.70361328125,overall|small|text
2401566,1,0,part of a stocking,496,0.009885204081632654,0.013204228721804392,0.013984989237314798,0.19127499672674364,0,6783.87353515625,overall|small
2401566,2,2,grey uggs on person,680,0.013552295918367346,0.02762646991424333,0.031244249405636037,0.19263074538286995,0,4192.41650390625,overall|small
2401566,3,4,metal grate in curb of sidewalk,561,0.01118064413265306,0.03515425834168364,0.03647936369063409,0.49181204131155304,0,7563.35986328125,overall|small
2401566,4,5,part of a line,330,0.006576849489795918,0.01045585049154833,0.010988532330785726,0.17742226340553977,0,5328.22265625,overall|small
2401566,5,8,top of a tank,624,0.012436224489795918,0.021073036729370605,0.022444572204761343,0.2564231676933093,0,7129.03125,overall|small
2401566,6,1,a woman in a black jacket,3276,0.06529017857142858,0.07733256665717676,0.09085433343004391,0.34193493071056547,0,12329.3935546875,overall
2401567,0,6,leaves of a tree,432,0.00860969387755102,0.0023260138488343744,0.002720664302920037,0.015782139919422292,0,2505.963134765625,overall|small|part
2401567,1,7,Head of a giraffe on the back right. ,198,0.003946109693877551,0.008222420582635809,0.008281967787458001,0.5334937355735085,0,12754.427734375,overall|small|part
2401567,2,8,branches of a tree,180,0.003587372448979592,0.0029741042470521955,0.003097902371176045,0.06926827430725098,0,4024.752197265625,overall|small|part
2401567,3,9,Two front legs of a giraffe on the left. ,338,0.0067362882653061226,0.002638909634540988,0.002690179051518131,0.12162609213202663,0,15281.369140625,overall|small|part
2401567,4,1,The giraffe has two horns.,70,0.0013950892857142857,0.001460318683091607,0.00148332107588035,0.0860647337777274,0,4061.515380859375,overall|small
2401567,5,2,part of a small twig,36,0.0007174744897959184,0.0017638791185390999,0.0017736222577635005,0.24305110507541233,0,4933.31640625,overall|small
2401567,6,4,section of a forest,592,0.011798469387755101,0.009098539947942033,0.009823464072437992,0.10976153451043207,0,6614.6552734375,overall|small
2401568,0,0,part of some stands,918,0.01829559948979592,0.012037534197836127,0.013277921732449453,0.11414872379344533,0,7891.9375,overall|small
2401568,1,3,part of a  metal,176,0.00350765306122449,0.0037391080212510804,0.003838208864448976,0.1264978755604137,0,5800.52490234375,overall|small
2401568,2,4,part of  a mesh,540,0.010762117346938776,0.015698667625937135,0.0174180640117044,0.13721163714373552,0,4253.8759765625,overall|small
2401568,3,5,toilet paper on roll,276,0.005500637755102041,0.007701282362141007,0.007914031605953255,0.2226845561594203,0,7766.07177734375,overall|small
2401568,4,6,bucket with toilet brush,600,0.011957908163265306,0.012591591159416635,0.013173530693124625,0.22181376139322917,0,10102.7021484375,overall|small
2401568,5,7,part of a surface,484,0.009646045918367346,0.002057389289626013,0.0022203169614312636,0.027272673677807013,0,5945.08544921875,overall|small
2401568,6,8,drain in bathroom florr,342,0.006816007653061225,0.005756784306369895,0.005956437682471588,0.1465736634550039,0,8415.80078125,overall|small
2401569,0,6,One window from the building,312,0.006218112244897959,0.015227115030786841,0.01588872916377818,0.267764409383138,0,5257.97216796875,overall|small|part
2401569,1,1,part of an edge,108,0.002152423469387755,0.0028729147053469318,0.003030966611875535,0.05221713030779803,0,1860.611083984375,overall|small
2401569,2,5,Roof of the building,110,0.002192283163265306,0.0002853868699228758,0.00028899345527468804,0.02235662503675981,0,8509.634765625,overall|small
2401569,3,7,Gray awning on a building,651,0.012974330357142858,0.0171873839812192,0.017919222240393308,0.296189456125192,0,10760.474609375,overall|small
2401569,4,8,part of a tree,506,0.010084502551020409,0.020167144274747643,0.02062658746229214,0.4751755182922122,0,11656.7421875,overall|small
2401569,5,9,Top of a tree,368,0.007334183673469388,0.01797229706047868,0.018530464790148384,0.37369164176609204,0,7421.212890625,overall|small
2401569,6,0,Captain Misa's Edifice sign,1176,0.0234375,0.022745465351094115,0.027793198868193127,0.11129930716793553,0,4709.35302734375,overall|text
2401570,0,4,white light switch cover attached to wall,304,0.006058673469387755,8.565150360203121e-05,8.902079654918188e-05,0.002257906684750005,0,7710.5986328125,overall|small
2401570,1,6,closed window with white frame,1250,0.02491230867346939,0.029490650683797293,0.04350490028467515,0.083870556640625,0,2409.802001953125,overall|part
2401570,2,0,Cabinets are in the island.,7446,0.14839764030612246,0.09605634784729211,0.19098188663838,0.16195754943405016,0,6314.3994140625,overall
2401570,3,1,Outside can be seen through the doors.,2744,0.0546875,0.14072273815806488,0.2071629738079449,0.3049659395356915,1,4039.4599609375,overall
2401570,4,2,three hanging lights over island,2044,0.040736607142857144,0.08350038569034024,0.09537494711812361,0.40143571767788344,0,8603.2509765625,overall
2401570,5,3,empty white kitchen sink,3224,0.06425382653061225,0.042026994095159954,0.04904437954110536,0.22703874081595068,0,14924.705078125,overall
2401570,6,5,two hanging lights over sink,2310,0.04603794642857143,0.05043225628322057,0.06597487034664207,0.17632662950656114,0,6173.78271484375,overall
2401571,0,4,The writing on the bus is in kanji.,792,0.015784438775510203,0.041240749961987906,0.042743529098528875,0.5398088705660117,0,10002.18359375,overall|small|text
2401571,1,3,a moped rider's white helmet,90,0.001793686224489796,0.0030954962218897224,0.003120481587918344,0.2788134892781576,0,8041.45556640625,overall|small|part
2401571,2,0,pink pants on cyclist,330,0.006576849489795918,0.0020812440756855385,0.00214996457232852,0.06113252350778291,0,9383.2861328125,overall|small
2401571,3,2,street lights blinking red,975,0.01943160076530612,0.027814269752238024,0.03075130345502214,0.225539065630008,0,7150.935546875,overall|small
2401571,4,9,storm grate on side of road,275,0.0054807079081632655,0.008037207191218374,0.008399473775457907,0.15707830255681818,0,5142.7666015625,overall|small
2401571,5,6,black sign with white characters,1519,0.0302734375,0.01646059304022895,0.029250112573213083,0.03628019190996081,0,1884.08203125,overall|text
2401571,6,1,a woman crossing the street,3075,0.06128427933673469,0.11362940657464186,0.1386409160802479,0.386449401359248,0,8571.29296875,overall
2401572,0,1,part of a logo,476,0.009486607142857142,0.026696047744639767,0.02865532051267289,0.2808046100520286,0,4664.5087890625,overall|small|text
2401572,1,0,Person has hat on head.,910,0.018136160714285716,0.029936590654541566,0.03371213256563979,0.210924806699648,0,5693.5458984375,overall|small|part
2401572,2,3,edge of a laptop,672,0.013392857142857142,0.025072378856049307,0.027128818133814854,0.24854864392961776,0,6156.7255859375,overall|small
2401572,3,4,Man is wearing a baseball cap. ,756,0.015066964285714286,0.020390241171706354,0.02174972959694053,0.2459730723547557,0,8549.791015625,overall|small
2401572,4,6,nose of a man,165,0.003288424744897959,0.008519128891888824,0.009060274048863826,0.12482904376405658,0,2273.307861328125,overall|small
2401572,5,7,Man has earbuds in ear.,665,0.013253348214285714,0.016186499105910166,0.016703669270245733,0.34331274964755637,0,13667.833984375,overall|small
2401572,6,8,part of a table,288,0.005739795918367347,0.009489434122828697,0.009695452790756494,0.3087156083848741,0,9170.2880859375,overall|small
2401573,0,1,a woman walking next to a road,688,0.01371173469387755,0.01595363156413446,0.016736198987569815,0.25439275697220204,0,10457.7041015625,overall|small
2401573,1,2,this is electric wires,874,0.017418686224489797,0.02695259589949089,0.03192605106773287,0.14749709419582202,0,4037.845458984375,overall|small
2401573,2,3,the bus is green in color,540,0.010762117346938776,0.023589966931284352,0.023811475567326136,0.7171823007089121,0,16264.361328125,overall|small
2401573,3,5,the front light is off,180,0.003587372448979592,0.002187711242285204,0.002291386347712213,0.04612185160319011,0,3623.10498046875,overall|small
2401573,4,8,a white stripe on a road,285,0.00568000637755102,0.01823540261473214,0.018837322030537996,0.36333495022957785,0,5497.09033203125,overall|small
2401573,5,0,the door is closed,1376,0.0274234693877551,0.05229092798316116,0.07167703530668813,0.16201399647912315,0,3110.21875,overall|part
2401573,6,4,these are some buildings,3819,0.07611208545918367,0.12085745593961995,0.1651325809273377,0.31070663080567557,1,7185.67236328125,overall
2401574,0,1,small branch off the tree,270,0.005381058673469388,0.00107941844260174,0.0012665708583725402,0.007252084767376935,0,1545.9560546875,overall|small|part
2401574,1,3,twigs on the branch,513,0.010224011479591837,0.010207433377497396,0.011842695888402371,0.06883455391748142,0,2981.76416015625,overall|small|part
2401574,2,5,The eye of a bear,204,0.004065688775510204,0.005250321552951432,0.005329939311091934,0.2600693796195236,0,9953.98828125,overall|small|part
2401574,3,6,green leaves in horizon,338,0.0067362882653061226,0.04685486033450386,0.057165305897694536,0.2062121284078564,0,1219.2657470703125,overall|small|part
2401574,4,0,The nose of a bear,840,0.016741071428571428,0.018221917265998377,0.019115579702852575,0.280456306820824,0,12324.1513671875,overall|small
2401574,5,2,brown tree trunk,952,0.018973214285714284,0.00989118401204867,0.010572647967785603,0.13304159020175452,0,11979.552734375,overall|small
2401574,6,8,lines in bear's foot,504,0.010044642857142858,0.0022331312149661314,0.002338562949183111,0.047194999361795095,0,10171.3232421875,overall|small
2401575,0,1,part of  a water,513,0.010224011479591837,0.028316384803641056,0.030442514497619262,0.2884799890350877,0,4861.30126953125,overall|small
2401575,1,3,part of a bird,176,0.00350765306122449,0.00025840698020016136,0.00026838254124835457,0.006904183463616805,0,4527.6279296875,overall|small
2401575,2,4,part of a metal,168,0.0033482142857142855,0.003267816037028024,0.0033200091929204323,0.17209355036417642,0,8708.32421875,overall|small
2401575,3,5,sailboat with white sail in distance,12,0.00023915816326530612,0.0005032491740117816,0.0005037084517909506,0.35564255714416504,0,8472.5810546875,overall|small
2401575,4,7,part of a bench,324,0.0064572704081632655,0.01898406988527374,0.019226842122734008,0.6005563618224344,0,10120.240234375,overall|small
2401575,5,8,part of a wood,594,0.011838329081632654,0.011775761362042,0.012912660132403234,0.11796872944944234,0,5426.72265625,overall|small
2401575,6,9,seagull shown closest to beach,56,0.0011160714285714285,0.0012107604328125627,0.001217699153425374,0.1752443824495588,0,8059.20361328125,overall|small
2401576,0,1,a telephone cord hanging down,220,0.004384566326530612,0.002586219171982776,0.0027228401046124357,0.049016597054221414,0,3960.4423828125,overall|small
2401576,1,0,sunlight creating glare on a computer monitor,3822,0.076171875,0.017705436407316227,0.04614243578685978,0.027926873686674188,0,2313.1962890625,overall
2401576,2,2,a grey keyboard in front of a monitor,5040,0.10044642857142858,0.0713254435952442,0.1787486147890015,0.10609186566065228,1,2991.36865234375,overall
2401576,3,3,laptop computer on a desk,11716,0.23349808673469388,0.10474184704717807,0.19915476457376477,0.1809606946096684,0,10645.66796875,overall
2401576,4,4,Power cords hanging from computers.,2494,0.049705038265306124,0.02222775194509399,0.02650615024430683,0.12104028917448752,0,11388.8466796875,overall
2401576,5,5,"Red, white, and blue wall paper on wall.",2160,0.043048469387755105,0.09155323242347846,0.13942149669414813,0.2105213447853371,0,3261.520751953125,overall
2401577,0,0,part of the sky,88,0.001753826530612245,0.0011098300654389167,0.0011320275096386447,0.053567355329340156,0,4164.1455078125,overall|small
2401577,1,1,part of a green light,320,0.006377551020408163,0.003690415227418338,0.004026178439954734,0.04237695336341858,0,3368.11328125,overall|small
2401577,2,3,part of a traffic,198,0.003946109693877551,0.00320694438692715,0.0032414716437635274,0.23140352422540839,0,14134.90625,overall|small
2401577,3,4,the red light is the one on top,266,0.005301339285714286,0.007374107651828515,0.007522648758520772,0.27190703198425753,0,9614.6015625,overall|small
2401577,4,7,edge of a board,672,0.013392857142857142,0.033316443399392326,0.0363125151292699,0.2876461346944173,0,5323.18408203125,overall|small
2401577,5,8,the frame of the light is black in color ,198,0.003946109693877551,0.00449954243485193,0.004626724433999057,0.1406629928434738,0,6019.65234375,overall|small
2401577,6,9,the post is black in color,200,0.003985969387755102,0.002716630706315185,0.002781026109068073,0.10500314712524414,0,7551.39599609375,overall|small
2401578,0,9,part of a door,444,0.008848852040816327,0.002327479347040882,0.0024624383268375145,0.04073682561651006,0,7345.2197265625,overall|small|part
2401578,1,0,The windshield of an airplane,783,0.015605070153061224,0.03336989907379285,0.037696452781202254,0.22525404422219228,0,4678.79345703125,overall|small
2401578,2,1,part of a runway,209,0.004165338010204082,0.00655591276838996,0.006605043971802865,0.46846855200078497,0,14823.5087890625,overall|small
2401578,3,3,very tall light,516,0.010283801020408163,0.0031099499725156495,0.0036151906630448585,0.021768471991368967,0,3107.037109375,overall|small
2401578,4,5,tip of  a wing,945,0.018833705357142856,0.017054390199388807,0.019232793975276264,0.1308660275090939,0,6430.07958984375,overall|small
2401578,5,7,passenger windows on body,676,0.013472576530612245,0.02964083896882755,0.03270169168889483,0.24051302847777598,0,4971.81640625,overall|small
2401578,6,8,tip of  a plane,336,0.006696428571428571,0.001423348764390302,0.001475474251837931,0.038729205017998106,0,8819.5458984375,overall|small
2401579,0,0,the waves are white,854,0.017020089285714284,0.045646236278217435,0.04667738156483058,0.6738731509349385,1,12329.0478515625,overall|small
2401579,1,1,part of the sky,384,0.007653061224489796,0.01087429222232827,0.01214556275346927,0.09411399563153584,0,2975.5537109375,overall|small
2401579,2,2,part of a person,80,0.0015943877551020409,0.0007779115231789943,0.0007986229397228158,0.02912236750125885,0,2917.25830078125,overall|small
2401579,3,4,part of the sky,104,0.002072704081632653,0.0017964471982334146,0.001855901653595198,0.05309937550471379,0,2975.5537109375,overall|small
2401579,4,5,someone carrying a red surfboard,180,0.003587372448979592,0.003197866118355733,0.0032282311325003976,0.253719351026747,0,14146.90625,overall|small
2401579,5,7,blue sailboard on right side,84,0.0016741071428571428,0.0018623054900347902,0.0018800868666264232,0.1645139285496303,0,7350.28271484375,overall|small
2401579,6,8,the kite is pink in color,36,0.0007174744897959184,0.000713594484758251,0.0007165169533244542,0.14890408515930176,0,7481.39599609375,overall|small
2401580,0,3,part of a wheel,406,0.008091517857142858,0.009936101073474883,0.01033980365447169,0.2028618422635083,0,7965.51953125,overall|small|part
2401580,1,9,steering wheel of fire truck,272,0.005420918367346939,0.016086081863955475,0.0162391670679142,0.6305054496316349,0,10560.7314453125,overall|small|part
2401580,2,2,numbers on white stripe on side of fire truck,117,0.002331792091836735,0.002624235861480766,0.0026542892856394346,0.1881601056482038,0,8294.021484375,overall|small
2401580,3,6,part of a yellow line,320,0.006377551020408163,0.00866925437238984,0.009050474696218289,0.1706853985786438,0,6034.96826171875,overall|small
2401580,4,7,part of  a lamp,300,0.005978954081632653,0.0003949249880918621,0.00042521849708646687,0.005512852271397909,0,3889.425537109375,overall|small
2401580,5,8,woman wearing red scarf,170,0.0033880739795918366,0.006326806185480205,0.006407294282882509,0.33495095196892233,0,8887.005859375,overall|small
2401580,6,1,An American flag,5325,0.1061264349489796,0.030609077239376836,0.06450214837907488,0.05504580788769073,0,4544.328125,overall|text
2401581,0,6,number 12 on clock,48,0.0009566326530612245,0.0009663539396110461,0.0009722885729917626,0.13668117920557657,0,6747.6845703125,overall|small|text
2401581,1,7,the number 9 on a clock.,32,0.0006377551020408163,0.0013399241366914545,0.0013451180593040232,0.25761640071868896,0,6128.62548828125,overall|small|text
2401581,2,9,number 2 on clock,35,0.0006975446428571429,0.0005461367992426921,0.0005490536382991582,0.09321933473859514,0,5942.3642578125,overall|small|text
2401581,3,5,Black rectangle on the door. ,170,0.0033880739795918366,0.0018489656034100066,0.0018680283401653723,0.1533940034754136,0,13959.6279296875,overall|small|part
2401581,4,0,Hands of the clock are black. ,323,0.00643734056122449,0.005693114609928754,0.006000626306617601,0.0999849514326444,0,5381.96142578125,overall|small
2401581,5,4,a light embedded in a  ceiling.,390,0.007772640306122449,0.0020898400333175292,0.0022396527860692027,0.030295922205998346,0,5275.55419921875,overall|small
2401581,6,3,a window on the side of a hallway.,1456,0.029017857142857144,0.04104919424265148,0.04794831595321088,0.22196453220241671,0,6740.181640625,overall|part
2401582,0,1,red clay heart,744,0.01482780612244898,0.032775167756321846,0.0347588084962372,0.3648013043147261,0,7808.44287109375,overall|small
2401582,1,2,small black bow-tie,392,0.0078125,0.002266577834004628,0.002577673931619261,0.01843416569184284,0,2803.37744140625,overall|small
2401582,2,4,small black tophat,792,0.015784438775510203,0.008404052618636668,0.013586052581479706,0.021558547260785342,0,1256.7572021484375,overall|small
2401582,3,5,The face of a groom bear,1334,0.02658641581632653,0.07194800535393682,0.08676320222338801,0.29644539760149224,0,4557.90185546875,overall|part
2401582,4,0,the bear has two flowers,5103,0.10170200892857142,0.03393981354739705,0.0779430783072176,0.05670848370252486,0,3712.7529296875,overall
2401582,5,3,stone engraved with words HAPPY 2012,6099,0.12155213647959184,0.007317436081603969,0.02640001434605554,0.010021935879040749,0,2315.293701171875,overall
2401583,0,9,ear on cows head,209,0.004165338010204082,0.004691917055115747,0.004736205630646816,0.33411111786034686,0,14743.7060546875,overall|small|part
2401583,1,0,two cows grazing on grass,357,0.007114955357142857,0.002311054813149303,0.0024371757084597854,0.04274993383583902,0,6262.05419921875,overall|small
2401583,2,1,hills on top of mountain,527,0.010503029336734694,0.00963744082468525,0.010881207144741781,0.07775797111033489,0,3765.98388671875,overall|small
2401583,3,2,rocky terrain on mountain,374,0.007453762755102041,0.001441373379434984,0.0015413230583735888,0.021744090605547085,0,5276.1748046875,overall|small
2401583,4,3,animal sitting in back ground,220,0.004384566326530612,0.0029790644257051704,0.003029447738220305,0.15191362554376775,0,11032.04296875,overall|small
2401583,5,4,a road going up a green hillside.,2214,0.04412468112244898,0.05738209475435486,0.07971283676534852,0.17000996797280798,0,4721.9755859375,overall
2401583,6,5,tall green grass of pasture,1036,0.020647321428571428,0.011687429369548474,0.014288608719725655,0.060327478357263514,0,4374.0625,overall
2401584,0,0,a weathervane on a clock tower,345,0.006875797193877551,0.003989249432061058,0.004337509380173199,0.047333537668421646,0,3764.849609375,overall|small
2401584,1,2,spotty blue areas between clouds,780,0.015545280612244899,0.015642035141947133,0.016675163065610697,0.2015774849133614,0,9429.01953125,overall|small
2401584,2,6,a building between two clock towers,175,0.0034877232142857145,0.0027637154986339023,0.002789797849148717,0.22816288539341517,0,14312.3291015625,overall|small
2401584,3,7,black hands on clock,81,0.0016143176020408164,0.0007581754492541227,0.000779990142488752,0.026393275202056508,0,2740.874755859375,overall|small
2401584,4,8,a multi storied building behind the clock towers,616,0.012276785714285714,0.014667250343303828,0.01512491423442019,0.32647437553901176,0,13296.486328125,overall|small
2401584,5,9,clock face reading 10:55,1008,0.020089285714285716,0.05154064445980657,0.06889984397772492,0.16982708280048672,0,2484.55859375,overall|part
2401584,6,1,angry black clouds in sky,3538,0.07051179846938775,0.009965216719374049,0.018283012352884532,0.021434635142945784,0,4147.8798828125,overall
2401585,0,0,part of the ocean water,420,0.008370535714285714,0.009920979273886268,0.010382683204472457,0.18240570794968378,0,7378.67041015625,overall|small
2401585,1,1,section of a water wave,705,0.014050542091836735,0.010634416474571336,0.011380482127464543,0.13957573640431073,0,8646.4609375,overall|small
2401585,2,4,ripples of water on a wave,273,0.005440848214285714,0.001919772414485878,0.0019908036507614276,0.0510585212008857,0,7001.68310546875,overall|small
2401585,3,5,section of a surf board,32,0.0006377551020408163,0.0005714206363346123,0.0005733095288647774,0.14780142903327942,0,8249.724609375,overall|small
2401585,4,7,upper part of a wave,55,0.001096141581632653,0.0016047062758073884,0.0016125248555915964,0.24866201227361506,0,8481.3642578125,overall|small
2401585,5,8,the foot of a man,70,0.0013950892857142857,0.00037158955650750216,0.0003889470985205021,0.008257804598127092,0,1486.182373046875,overall|small
2401585,6,9,lower part of a wave,180,0.003587372448979592,0.005124736017712326,0.0052013564531153645,0.25810038248697914,0,8931.9140625,overall|small
