sample_id,slot_idx,source_idx,phrase,gt_area,area_frac,soft_iou,mass_in_gt,gt_coverage,peak_in_gt,pred_sum,slices
2401156,0,0,The person is wearing goggles.,180,0.003587372448979592,0.04014421201798437,0.04401249952639967,0.31354124281141493,0,1282.304443359375,overall|small|part
2401156,1,3,The person is wearing a shoe.,792,0.015784438775510203,0.00622876297532526,0.009113032976810424,0.019300335585468946,0,1677.3631591796875,overall|small|part
2401156,2,7,a camera on a helmet,130,0.002590880102040816,0.0012749440685964188,0.0013179266019200055,0.037621512779822716,0,3710.97802734375,overall|small|part
2401156,3,1,The flag has the word forum on it.,4590,0.0914779974489796,0.06567369813648465,0.07938819816131752,0.2754467933006536,0,15925.55078125,overall|text
2401156,4,5,the hoodie has yellow letters,1120,0.022321428571428572,0.04774735164021397,0.05094859631500989,0.4317893981933594,0,9492.0009765625,overall|text
2401156,5,6,a black metal rail,2556,0.0509406887755102,0.01965374298477827,0.02247692687878115,0.13530288242584848,0,15386.185546875,overall|part
2401156,6,2,the sky is gray,2610,0.05201690051020408,0.0009775531757333993,0.001920078438450957,0.0019874781027607535,0,2701.61767578125,overall
2401157,0,2,Sign in the window.,986,0.019650829081632654,0.0001958060084603133,0.0006174685649568456,0.0002866495876718486,0,457.7342224121094,overall|small|text|part
2401157,1,3,England's flag shirt on man.,198,0.003946109693877551,0.022926989772205492,0.023043686772379144,0.8190798518633602,0,7037.84130859375,overall|small|text
2401157,2,4,There is an X on the building,180,0.003587372448979592,0.0007441587281180789,0.0008035747494684748,0.009964126348495483,0,2231.955078125,overall|small
2401157,3,1,Advertising on the building.,1826,0.03639190051020408,0.031315552795718536,0.04008095817764241,0.12525817102304815,0,5706.48583984375,overall|text
2401157,4,0,Motorcycles lined up,15914,0.31716358418367346,0.21567452157603956,0.31855972205093863,0.40040240707867286,0,20002.541015625,overall
2401157,5,5,Brookes Bros store front,1540,0.030691964285714284,0.007387898545042638,0.00875475434485921,0.04518173515022575,0,7947.6669921875,overall
2401158,0,0,Power pole on the street,697,0.013891103316326531,0.006500905284245407,0.007075026089947353,0.07417024806719086,0,7306.921875,overall|small
2401158,1,1,Yellow garbage can on the street,15,0.00029894770408163266,6.932738098603265e-05,6.93846750165909e-05,0.07745451927185058,0,16744.587890625,overall|small
2401158,2,7,license plate on the bus,85,0.0016940369897959183,0.009820779331830457,0.00984867644928833,0.776140370088465,0,6698.55810546875,overall|small
2401158,3,8,Red words on the bus,420,0.008370535714285714,0.011486325402682246,0.013346475896177996,0.076138855162121,0,2396.01220703125,overall|small
2401158,4,6,The trees have a few leaves.,5440,0.10841836734693877,0.0030772353800987344,0.010971860489331063,0.0042584945173824535,0,2111.42041015625,overall|part
2401158,5,2,The tree is bare.,11832,0.23580994897959184,0.04207092507563405,0.2235999848293939,0.049268091909783845,0,2607.066650390625,overall
2401158,6,3,Traffic on the streets.,3808,0.07589285714285714,0.05262899788582026,0.06546225017762089,0.21164235347459295,0,12311.4326171875,overall
2401159,0,0,books sitting on a coffee table,899,0.017916932397959183,0.007992461024417901,0.00873417523832497,0.08602055771332297,0,8854.0107421875,overall|small
2401159,1,2,a vent in the floor,475,0.009466677295918368,0.02679296525513229,0.027236059263765697,0.6222006064967105,0,10851.25,overall|small
2401159,2,5,corner of a mounted painting,986,0.019650829081632654,0.011798121523604292,0.014796624817201322,0.05501677104957689,0,3666.142578125,overall|small
2401159,3,6,TV on the wall,704,0.01403061224489796,0.0008826353736572616,0.0009708876544455156,0.009616735306653109,0,6973.1875,overall|small
2401159,4,8,White pillow on the couch,405,0.008071588010204082,0.024596800917015774,0.024635139679260763,0.9404940381462191,0,15461.6572265625,overall|small
2401159,5,3,A door you can see through,7203,0.1435546875,0.029920916512356566,0.08658366758429202,0.04372174571359156,0,3637.264892578125,overall|part
2401159,6,7,trees outside the window,3584,0.07142857142857142,0.06834243320809953,0.3769730423271319,0.07704464026859828,1,732.4873657226562,overall|part
2401160,0,0,black laptop with stickers,16472,0.3282844387755102,0.3380414334089639,0.8220361041528955,0.36473379186080923,1,7308.5537109375,overall
2401160,1,1,a laptop screen across from the young man,4092,0.08155293367346939,0.14943576923669227,0.2215429385164384,0.3146592901832081,1,5811.90185546875,overall
2401160,2,2,a picture is hanging on the wall,1026,0.020448022959183673,0.14685937206857616,0.1636977660361402,0.5880912795633833,0,3685.94921875,overall
2401160,3,3,Bottle on the table.,2904,0.05787627551020408,0.1123873944030982,0.1209817126233721,0.612713942514635,1,14707.357421875,overall
2401161,0,2,The head of the teddy bear.,1260,0.025111607142857144,0.018582360675202594,0.020473784786150563,0.16746132260277158,0,10305.923828125,overall|part
2401161,1,0,Windows on the building.,8428,0.16796875,0.06981996801171489,0.3068332442664441,0.08289501912570078,1,2276.9345703125,overall
2401161,2,1,feet of the teddy bear,1240,0.024713010204081634,0.007901694720895915,0.010195691808247961,0.03392764676001764,0,4126.2802734375,overall
2401161,3,3,white wispy clouds,1760,0.035076530612244895,0.002679944317050375,0.005158595562477806,0.005546592582355846,0,1892.3760986328125,overall
2401161,4,4,building made of grey concrete,6604,0.13161670918367346,0.07884558902452661,0.15734291471429243,0.1364727054921733,0,5728.03515625,overall
2401161,5,5,building holding the bear,1110,0.022122130102040817,0.004930666114041242,0.005275553987102933,0.0701321232426274,0,14756.1103515625,overall
2401163,0,5,yellow umbrella in garden,288,0.005739795918367347,0.0011232306191225896,0.0011852639602011328,0.021010523041089375,0,5105.2177734375,overall|small
2401163,1,0,Flower pedals on the path,2090,0.04165338010204082,0.00020880985875052372,0.00025876130503831875,0.0010805198450407913,0,8727.2958984375,overall
2401163,2,1,blue umbrella in garden,1960,0.0390625,0.012912260515870907,0.017292077079778714,0.048506437029157363,0,5498.044921875,overall
2401163,3,2,The tree has pink flowers,4850,0.09665975765306123,0.0006137918182846663,0.0013703971824161063,0.0011104923916846208,0,3930.165771484375,overall
2401163,4,3,The flowers are pink,1591,0.03170838647959184,0.1278691964883827,0.1762164174527726,0.3178991561112802,1,2870.206787109375,overall
2401163,5,4,The woman is wearing a skirt,1749,0.034857302295918366,0.038171779496218465,0.04341037859599727,0.24030385527220913,0,9681.8193359375,overall
2401164,0,1,car with back to camera,729,0.014528858418367346,0.03394161280610383,0.036725518538028294,0.30927807215309927,0,6139.15673828125,overall|small
2401164,1,0,The trees are green.,33726,0.6721540178571429,0.28145756164328267,0.9260813786661215,0.2879259857936014,1,10485.6787109375,overall
2401165,0,6,The nose and nostril of the baby.,560,0.011160714285714286,0.0012091140606983275,0.0017137715099273811,0.004089252437864031,0,1336.2232666015625,overall|small
2401165,1,8,dark eyelashes on a baby,252,0.005022321428571429,0.0003378500108622658,0.0003495194627212626,0.010017797114357116,0,7222.73046875,overall|small
2401165,2,9,edge of white wall,621,0.012376434948979591,0.041839145383678646,0.04401149596956534,0.4587733565129328,0,6473.26904296875,overall|small
2401165,3,3,blue shirt on kid,3230,0.0643734056122449,0.04791866396706119,0.06302822866572463,0.16658924209075077,0,8537.1787109375,overall|text
2401165,4,0,brown hair on kid's head,4200,0.08370535714285714,0.03564688940407249,0.04074888808416999,0.2216119675409226,0,22841.611328125,overall|part
2401165,5,1,The open mouth of the baby.,1125,0.022421077806122448,0.008218985031609654,0.015724312645183775,0.016927995469835068,0,1211.1177978515625,overall
2401165,6,2,eyebrow of the kid,1586,0.03160873724489796,0.029131442295476064,0.04588586826947215,0.07388815573154753,0,2553.87158203125,overall
2401166,0,3,a white arm cast,986,0.019650829081632654,0.006803304900218699,0.007341636903928425,0.08490420451754246,0,11402.8447265625,overall|small|part
2401166,1,1,a pair of blue and white socks,858,0.01709980867346939,0.0023227416113630523,0.0026126217330151593,0.02050506707393762,0,6733.98193359375,overall|small
2401166,2,4,wrist tag on the man,270,0.005381058673469388,0.00030384799738179965,0.0003120571249469561,0.011418419414096409,0,9879.515625,overall|small
2401166,3,0,head of a man in wheelchair,2450,0.048828125,0.08787090540460676,0.11282631111667883,0.2843210897640306,0,6173.9736328125,overall|part
2401166,4,5,Left wheel on man's wheelchair.,3560,0.07095025510204081,0.002537662036076675,0.004537615426730872,0.005724641178431136,0,4491.28466796875,overall|part
2401166,5,6,a metal gated window,4154,0.08278858418367346,0.24508193785957608,0.2725940511414122,0.7083109018604057,0,10793.7919921875,overall|part
2401166,6,8,Window with metal covering.,1170,0.023317920918367346,0.0055459607075546225,0.014725918866031616,0.008818036266881176,0,700.6083984375,overall|part
2401167,0,2,branches of a small tree,195,0.0038863201530612247,0.0162753567040438,0.016754715523637047,0.3625952696188902,0,4220.0703125,overall|small|part
2401167,1,3,edge of a river bank,297,0.005919164540816327,0.006826773092424874,0.0070015130961720035,0.21478487265230428,0,9111.0458984375,overall|small
2401167,2,4,water rippling around the back of the elephant ,390,0.007772640306122449,0.003248200438444304,0.0034081470505702505,0.06473243909004407,0,7407.44189453125,overall|small
2401167,3,5,photographers name and copy right ,918,0.01829559948979592,0.001571395843611438,0.0018847382252057839,0.009363363511162386,0,4560.6162109375,overall|small
2401167,4,7,section of water plantation,253,0.005042251275510204,0.011252532239618333,0.011662403333789942,0.24252619385248117,0,5261.2763671875,overall|small
2401167,5,0,elephants splashing water,11800,0.23517219387755103,0.14492113278114035,0.519196314085903,0.16738499528270656,1,3804.2314453125,overall
2401167,6,1,river has brown water,10309,0.20545679209183673,0.2360194371536069,0.31545168580408983,0.4838206451886701,0,15811.318359375,overall
2401168,0,2,blue corner of a napkin,992,0.019770408163265307,0.013187554387651956,0.017295808507275568,0.05259948007522091,0,3016.83984375,overall|small
2401168,1,3,melted mozzarella cheese on pizza,798,0.015904017857142856,0.011287305469988957,0.013469930792414389,0.06512251354399182,0,3858.057373046875,overall|small
2401168,2,6,cheese on a pizza,238,0.004743303571428571,0.0011463502668713464,0.0011677749793044755,0.058808422890030035,0,11985.5322265625,overall|small
2401168,3,0,The bottle on the table,4400,0.08769132653061225,0.09917475540687146,0.13453852257112753,0.27394289883700285,0,8959.134765625,overall
2401168,4,1,round basic white plate,1404,0.027981505102040817,0.07193417838083031,0.08745500180799484,0.2884216743317085,0,4630.31298828125,overall
2401168,5,4,tomatoes on a pizza,4131,0.08233019770408163,0.004230707020375935,0.005257844701331428,0.021197617991846142,0,16654.611328125,overall
2401168,6,5,metallic finish picture frame,2320,0.04623724489795918,0.004247893177342045,0.013388422006321848,0.006183549453472269,0,1071.510498046875,overall
2401169,0,1,The man's blue tie,330,0.006576849489795918,0.021463018291193285,0.022062248822532243,0.44140865441524624,0,6602.4482421875,overall|small
2401169,1,4,three grapes on top of round red cheese,221,0.004404496173469388,0.0017853550163949461,0.001822052023950849,0.08142699159648084,0,9876.427734375,overall|small
2401169,2,5,A green apple.,800,0.01594387755102041,4.287185434899834e-05,6.512839373260624e-05,0.00012543840333819389,0,1540.813720703125,overall|small
2401169,3,0,the light is turned on,5124,0.10212053571428571,0.01490582222786003,0.14086728439312995,0.01639639968336047,0,596.4135131835938,overall
2401169,4,2,a small picture on a wall,1440,0.028698979591836735,0.004799264850038982,0.0482076580916367,0.00530161824491289,0,158.36343383789062,overall
2401169,5,3,The table the cake is on,6496,0.12946428571428573,0.012269546233225983,0.017125343031315566,0.041477226858655805,0,15733.177734375,overall
2401170,0,2,The leaves are green.,240,0.0047831632653061226,0.0004999946414418198,0.0009840663696276358,0.0010154038667678834,0,247.6427764892578,overall|small|part
2401170,1,5,Wall is made of brick.,432,0.00860969387755102,0.0019304052495950305,0.0029368876768601703,0.005601317242339805,0,823.9229125976562,overall|small
2401170,2,6,white and blue sneakers,276,0.005500637755102041,4.06286835374935e-05,4.267837766670373e-05,0.0008452483925266542,0,5466.2001953125,overall|small
2401170,3,7,The pants are black.,108,0.002152423469387755,0.0003528874695515022,0.0003561733726966318,0.03684177663591173,0,11171.2783203125,overall|small
2401170,4,8,White line on the road.,225,0.00448421556122449,0.007657348182733177,0.007706638770978933,0.5448825412326389,0,15908.1767578125,overall|small
2401170,5,4,large blue and red sign,3591,0.07156808035714286,0.08247186540594825,0.09721154259594424,0.3522983892021721,0,13013.9228515625,overall|text
2401170,6,1,black umbrella over person's head,1518,0.030253507653061226,0.006708002747281021,0.009516707200024684,0.022223551753952568,0,3544.85546875,overall|part
2401171,0,8,red flag with yellow design,385,0.007672991071428571,0.0016322913721490777,0.0017700650254132905,0.02054032412442294,0,4467.646484375,overall|small|text
2401171,1,7,Handle on a car door,96,0.001913265306122449,0.0003976904001795381,0.00040086065848936233,0.04787805179754893,0,11466.0615234375,overall|small|part
2401171,2,0,Black and white pole by the road,264,0.0052614795918367345,0.01433821770282457,0.014393648270265232,0.7882792732932351,0,14458.1640625,overall|small
2401171,3,2,a policeman,144,0.0028698979591836736,0.009439069099480434,0.00962658656105402,0.32640592257181805,0,4882.56689453125,overall|small
2401171,4,6,Light on a car,450,0.00896843112244898,0.00048681767107049405,0.0006084134902417708,0.0024299086464775934,0,1797.2298583984375,overall|small
2401171,5,1,the bus is red and white.,3025,0.06028778698979592,0.2100837640610327,0.21803537006311627,0.8520832257231405,0,11821.7138671875,overall
2401171,6,3,street light on top of metal pole,1272,0.025350765306122448,0.01567906491115468,0.030746259448395753,0.031002914380727324,0,1282.6180419921875,overall
2401172,0,3,flowers planted in boxes attached to railing,720,0.014349489795918368,0.00906834220954125,0.011692847166173265,0.03883288701375325,0,2391.177978515625,overall|small
2401172,1,6,path in garden,864,0.01721938775510204,0.019910995797807876,0.021040210590299306,0.27060203199033384,0,11112.0634765625,overall|small
2401172,2,0,tall white building in background,9100,0.18136160714285715,0.30064365968965334,0.4439048561073623,0.48228520990728024,1,9886.79296875,overall
2401172,3,1,white post with lamp,2834,0.0564811862244898,0.16985979838716925,0.20660325142067854,0.48851660363002825,0,6701.037109375,overall
2401172,4,2,white chairs on patio,3481,0.06937579719387756,0.016084760442564603,0.021611542072582913,0.059174824500693494,0,9531.3681640625,overall
2401172,5,4,A green tree in the distance.,3675,0.0732421875,0.0003164818069661975,0.001949688568068699,0.00037766677181736954,0,711.8703002929688,overall
2401172,6,5,A little black fence.,2040,0.04065688775510204,0.008700341229858428,0.010413162451284454,0.05023682912190755,0,9841.69140625,overall
2401173,0,6,The eyes of the dog.,98,0.001953125,0.00719475537711965,0.007358869346386203,0.24392081280143893,0,3248.357666015625,overall|small|part
2401173,1,1,a chair facing away from the poo,266,0.005301339285714286,0.01142297089171207,0.011659907155813264,0.3598515216569255,0,8209.37109375,overall|small
2401173,2,2,a lounge at a pool,714,0.014229910714285714,0.011220994812921218,0.012175544368770568,0.12520648518196342,0,7342.37646484375,overall|small
2401173,3,3,Swimming pool drain,48,0.0009566326530612245,0.00142803915622662,0.0014320430524644029,0.33807969093322754,0,11331.939453125,overall|small
2401173,4,4,a hill in the distance,392,0.0078125,0.03089709816186096,0.03143096073093172,0.6452712234185667,0,8047.68017578125,overall|small
2401173,5,8,top side of pool with blue designs,588,0.01171875,0.003158168484567708,0.0033318864930531804,0.057113660436098265,0,10079.224609375,overall|small
2401173,6,0,a man holding a dog,7590,0.15126753826530612,0.14714638206213254,0.6361260606773779,0.16066997462738802,0,1917.0494384765625,overall
2401174,0,5,red shirt on young boy.,182,0.003627232142857143,0.016786353414981303,0.016996521629608186,0.5758272108140883,0,6166.0,overall|small|text
2401174,1,3,backpack strap on boy's shoulder.,153,0.003049266581632653,0.002902883880869793,0.002980865380878866,0.09988048029880897,0,5126.60302734375,overall|small
2401174,2,4,A white clouded sky,476,0.009486607142857142,0.0005918652525456916,0.0007352249814478736,0.003026214216937538,0,1959.2342529296875,overall|small
2401174,3,6,red heart shaped pillow.,377,0.007513552295918368,0.027873608556852142,0.029176297442334066,0.38434436909399866,0,4966.28564453125,overall|small
2401174,4,7,pole supporting the traffic light.,256,0.00510204081632653,0.001344691058391093,0.0013612092007207045,0.09975752979516983,0,18761.20703125,overall|small
2401174,5,8,giant stuffed animal.,651,0.012974330357142858,0.03388546691917946,0.03689490909334339,0.29349903393817206,0,5178.70556640625,overall|small
2401174,6,0,back of traffic sign,2288,0.045599489795918366,0.006862038520219542,0.00876007259699442,0.03069840277825202,0,8017.9638671875,overall|text
2401175,0,2,part of a leg,420,0.008370535714285714,0.0014457610708162765,0.0015104600901916755,0.03265062059674944,0,9078.86328125,overall|small|part
2401175,1,3,part of a doll,15,0.00029894770408163266,0.0006641206307555392,0.0006653178886270963,0.26956796646118164,0,6077.5751953125,overall|small
2401175,2,4,part of a pillow,108,0.002152423469387755,0.004942112745252618,0.004996352392333114,0.3128323025173611,0,6762.11083984375,overall|small
2401175,3,7,section of a duve,364,0.007254464285714286,0.01721307230246896,0.018071283805148358,0.2660303430242853,0,5358.50390625,overall|small
2401175,4,8,part of a doll,189,0.0037667410714285715,0.0018389877616320422,0.0018926958274322534,0.06086244028081339,0,6077.5751953125,overall|small
2401175,5,9,part of a blanket,312,0.006218112244897959,0.009941938212300579,0.010267741285995599,0.2385720717601287,0,7249.353515625,overall|small
2401175,6,0,bare human foot on top of bed sheet,4664,0.09295280612244898,0.10215236446139099,0.1378452484031673,0.2829025032998767,0,9572.0185546875,overall
2401176,0,4,Tail light on taxi cab,480,0.009566326530612245,0.009021017444862205,0.010004864435033635,0.08402752876281738,0,4031.3603515625,overall|small|part
2401176,1,0,man driving a car,462,0.009207589285714286,0.013633425876320953,0.014219031580592838,0.2487031515542563,0,8080.779296875,overall|small
2401176,2,2,a white fire hydrant,250,0.0049824617346938774,0.002041111804649098,0.0020649636689170164,0.15017169189453125,0,18180.912109375,overall|small
2401176,3,3,red and white cap,770,0.015345982142857142,0.011559861111011968,0.013014971286604273,0.09370632419338475,0,5543.9130859375,overall|small
2401176,4,5,Headlights and grill on front of car,288,0.005739795918367347,0.026215273522821134,0.028142451216198665,0.2768400510152181,0,2833.084228515625,overall|small
2401176,5,6,round metal manhole cover,564,0.011240433673469387,0.002544185457962041,0.0029636610596878313,0.017657672259824495,0,3360.34619140625,overall|small
2401176,6,7,Tire on car,378,0.007533482142857143,0.003248127596177919,0.0033878540514203194,0.07300561067288515,0,8145.60498046875,overall|small
2401177,0,4,a surfer waiting to catch a wave,8,0.00015943877551020407,0.0002504994268515609,0.0002505735159478716,0.45864105224609375,0,14642.921875,overall|small
2401177,1,6,a surfboard standing on end,756,0.015066964285714286,0.004830846763680517,0.005071124032352399,0.09252314088205812,0,13793.2919921875,overall|small
2401177,2,0,sun shining on ocean,1406,0.028021364795918366,0.06513685191662164,0.08708764075822362,0.20535538783283694,0,3315.39208984375,overall
2401177,3,1,Orange color in the sky.,1400,0.027901785714285716,0.00022256288095386125,0.0002747485930633787,0.0011703830105917795,0,5963.765625,overall
2401177,4,2,Silhouette of a person.,1400,0.027901785714285716,0.1188506352125856,0.12990298455365176,0.5827948434012277,0,6280.939453125,overall
2401177,5,3,blue sky,3835,0.07643096301020408,0.014119226441739154,0.0278216155894219,0.027869022374358295,0,3841.53466796875,overall
2401177,6,5,the wet sand has a reflection of the sun,10990,0.21902901785714285,0.009235026775174505,0.05216060874915854,0.01109732158407501,0,2338.154541015625,overall
2401179,0,2,glasses around man's face,960,0.01913265306122449,0.024232512845407155,0.060042455642953164,0.03904421329498291,0,624.2656860351562,overall|small|part
2401179,1,8,hair of a man,1000,0.01992984693877551,0.002964900051254053,0.0032938586853261402,0.02883156967163086,0,8753.12890625,overall|small|part
2401179,2,9,part of  a hair,960,0.01913265306122449,0.010090288441318332,0.011173616710225964,0.09426263173421225,0,8098.73193359375,overall|small|part
2401179,3,3,A thick black watch,286,0.005699936224489796,0.03302478609298869,0.03450521759217309,0.4349409516874727,0,3605.05224609375,overall|small
2401179,4,4,part of an elbow,247,0.004922672193877551,0.002468417357768262,0.0026018604980556914,0.0459189164011102,0,4359.177734375,overall|small
2401179,5,5,A white corded phone,725,0.014449139030612245,0.024734421350229838,0.02522191413192453,0.5613477404364224,0,16135.853515625,overall|small
2401179,6,7,part of a top,414,0.00825095663265306,0.019660935837206087,0.020210078200719152,0.4198126309159873,0,8599.7900390625,overall|small
2401180,0,5,wheel on the chair,182,0.003627232142857143,0.00237696196924038,0.002416987056760268,0.1255203079391312,0,9451.724609375,overall|small|part
2401180,1,1,a light fixture is hanging from the ceiling,672,0.013392857142857142,0.0012414959147858187,0.0015385753393480073,0.006388634443283081,0,2790.34912109375,overall|small
2401180,2,2,edge of a wall,182,0.003627232142857143,0.000902678198366875,0.0009273796187381785,0.03277889712826236,0,6432.92041015625,overall|small
2401180,3,6,part of a floor,780,0.015545280612244899,0.011216981103394308,0.014925085273629915,0.043197935055463745,0,2257.567626953125,overall|small
2401180,4,7,part of a wall,72,0.0014349489795918368,3.4148466143982876e-05,3.595347841976993e-05,0.000679730334215694,0,1361.2197265625,overall|small
2401180,5,8,computer monitor on wooden desk,403,0.008031728316326531,0.03171541247456538,0.03177028182293153,0.9483571395684709,0,12029.73046875,overall|small
2401180,6,3,a blanket folded on the arm of a chair,1728,0.03443877551020408,0.03989292939268171,0.042544242736700856,0.39029633557354965,0,15852.4873046875,overall|part
2401181,0,0,two tall giraffes,27342,0.544921875,0.13774668973435522,0.5726056439997054,0.15353200461972424,0,7331.1748046875,overall
2401182,0,0,Two buildings are in the distance.,676,0.013472576530612245,0.025783319495294152,0.028446387752960153,0.2159399450177977,0,5131.59716796875,overall|small
2401182,1,3,A patch of blue sky.,408,0.008131377551020409,0.0003746523187001425,0.0004168124693453474,0.003690297112745397,0,3612.27490234375,overall|small
2401182,2,1,The trees are bare.,9360,0.18654336734693877,0.043553938215370507,0.15197981226042948,0.05753668760642027,0,3543.519287109375,overall
2401182,3,2,The ground is concrete.,19184,0.3823341836734694,0.22851677456896854,0.3498767883625431,0.3971567798197717,0,21776.396484375,overall
2401182,4,4,a cloud in the sky,1400,0.027901785714285716,0.00043577533956219277,0.0007418411628408747,0.0010551161425454275,0,1991.21142578125,overall
2401183,0,3,black number five on sign,162,0.0032286352040816328,0.00010740723062282933,0.00011268658801874226,0.0022873370735733596,0,3288.3115234375,overall|small|text
2401183,1,5,a partial speed limit sign,96,0.001913265306122449,7.617812043713742e-05,7.786631649323081e-05,0.0035013354693849883,0,4316.734375,overall|small|text
2401183,2,0,The person is wearing a jacket.,595,0.011858258928571428,0.0123415618209577,0.012589691587232372,0.3850658256466649,0,18198.552734375,overall|small
2401183,3,1,house next to trees,4752,0.09470663265306123,0.006440507613186944,0.010103645159841686,0.017454113623108527,0,8209.111328125,overall
2401183,4,2,a tall tree trunk,1375,0.027403539540816327,0.053782782513762596,0.0616021163124717,0.2976099742542614,0,6642.8515625,overall
2401183,5,4,a woman holding an umbrella,1752,0.03491709183673469,0.006306166207795323,0.012891282889382313,0.012194653079934316,0,1657.323974609375,overall
2401183,6,6,a row of street lights,1100,0.021922831632653062,0.0037129663166319635,0.004216730137219721,0.030142399181019176,0,7863.1162109375,overall
2401186,0,5,a small portion of road,693,0.013811383928571428,0.000478287350934023,0.0005114921329559505,0.0073137352132866046,0,9909.083984375,overall|small
2401186,1,0,A white clouded sky,1190,0.023716517857142856,0.0002055441583335274,0.00024325798023213782,0.001324025322409237,0,6477.03369140625,overall
2401186,2,1,the water has waves in it,15228,0.30349170918367346,0.11726822027983287,0.5188395862535304,0.13157753609972173,1,3861.8154296875,overall
2401186,3,2,many trees are in the background,5974,0.1190609056122449,0.029179960940035696,0.06367396918592924,0.051111446721600895,0,4795.36279296875,overall
2401186,4,3,shadow of person on ground,2280,0.04544005102040816,0.008129832173425494,0.013041830996322841,0.021129400688305235,0,3693.8857421875,overall
2401186,5,4,A small patch of grass,1696,0.03380102040816327,0.0005901339847141374,0.000702498960028077,0.0036759193775788793,0,8874.5458984375,overall
2401187,0,3,a typewriter on a small desk,609,0.012137276785714286,0.000689152788199055,0.0007269672402457666,0.01307544567314862,0,10953.65234375,overall|small
2401187,1,4,a large clock on the wall,671,0.013372927295918368,0.035987978362618335,0.038611582511631715,0.346249303235027,0,6017.19140625,overall|small
2401187,2,6,a picture leaning against the wall on top of the fireplace,403,0.008031728316326531,0.024255041645546874,0.025798031355910536,0.2885258298358018,0,4507.162109375,overall|small
2401187,3,0,flat screen TV,1768,0.035235969387755105,0.0012399907341819037,0.0016006080640949363,0.005473601332617021,0,6046.03173828125,overall
2401187,4,1,bay windows at the far end,5850,0.11658960459183673,0.0895950993004082,0.18300195501461453,0.14932277059962606,0,4773.3818359375,overall
2401187,5,2,picture on a wall,3636,0.07246492346938775,0.0018312485421240299,0.0038488445809456086,0.0034811997702150588,0,3288.686279296875,overall
2401187,6,5,the floor is brown,5720,0.11399872448979592,0.10694305099642516,0.13448777718362542,0.3430353764887456,0,14589.8935546875,overall
2401188,0,6,The number 8 on the boy's shirt.,156,0.0031090561224489796,0.0021449019430129466,0.0022373833209657417,0.04933131963778765,0,3439.592041015625,overall|small|text
2401188,1,0,black and grey sneaker cleats,289,0.0057597257653061226,0.007532833067635956,0.009008668107192728,0.043959950905770165,0,1410.24462890625,overall|small
2401188,2,1,The red sneakers the player is wearing.,561,0.01118064413265306,0.0005076710170043946,0.0005240177253157881,0.01601353303633909,0,17143.6796875,overall|small
2401188,3,7,The black shorts worn by the player in red sneakers.,161,0.003208705357142857,0.0045573683166454226,0.004613076830328785,0.27398593973669205,0,9562.32421875,overall|small
2401188,4,8,The ball is white,266,0.005301339285714286,0.0003239177407173831,0.00035454000226797376,0.0037362595697990933,0,2803.19580078125,overall|small
2401188,5,2,The white and black shirt the player in red sneakers is wearing.,1248,0.024872448979591837,0.02244507026227655,0.028612197944907842,0.09431217878292768,0,4113.68603515625,overall|text
2401188,6,3,soccer player in black and white uniform,3636,0.07246492346938775,0.13025188466830867,0.15104494225917472,0.486171810540429,0,11703.2763671875,overall
2401189,0,5,Nose on the face of a white cat. ,196,0.00390625,0.0012587278363878338,0.001298509426345021,0.039464641590507665,0,5956.8837890625,overall|small|part
2401189,1,3,Two front paws on a white and tan cat. ,882,0.017578125,0.019636875982191524,0.02175076964681315,0.1680894708957802,0,6816.07666015625,overall|small
2401189,2,4,Pink tongue of a cat. ,84,0.0016741071428571428,0.009207174510684457,0.009253146321055486,0.649517331804548,0,5896.31396484375,overall|small
2401189,3,1,the pussy cat has blue eyes,1020,0.02032844387755102,0.0005603171848163095,0.0006123766358454015,0.006547868018056832,0,10906.4013671875,overall|part
2401189,4,0,the cycle has a backrest for a passenger,3773,0.0751953125,0.16768082427153452,0.1841872831908196,0.6516973241203949,0,13349.7490234375,overall
2401189,5,2,copyright mark on side,6438,0.12830835459183673,0.05421827936221943,0.24684877521613832,0.06496501257790657,0,1694.3359375,overall
2401189,6,6,A cat's left side whiskers. ,1334,0.02658641581632653,0.004928831544584644,0.006082218400647639,0.025333035653498936,0,5556.24072265625,overall
2401190,0,0,white snow on a hill,13392,0.2669005102040816,0.3629409070158873,0.5617475176258335,0.5063008407538082,1,12070.1572265625,overall
2401190,1,1,The rock the elephant is leaning on.,9880,0.19690688775510204,0.14697440436217157,0.46006545716675773,0.17761036490621837,1,3814.218994140625,overall
2401190,2,2,small rocks in a pile,2992,0.05963010204081633,0.04247561340051048,0.09428952251662481,0.07174996768727022,0,2276.773681640625,overall
2401191,0,3,Handle of racket is white,384,0.007653061224489796,0.003692385160949257,0.003877335262575109,0.07184649507204692,0,7115.4677734375,overall|small|part
2401191,1,2,a tennis ball,864,0.01721938775510204,0.0002636329752830388,0.00036306144846417565,0.0009617257035440869,0,2288.6787109375,overall|small
2401191,2,4,chains holding a banner in place,946,0.018853635204081634,0.023189219552847508,0.024196011043657227,0.3578636701716933,0,13991.5224609375,overall|small
2401191,3,5,a wristband,154,0.0030691964285714285,0.0008229417344415239,0.0008559758913499655,0.02087872059314282,0,3756.32421875,overall|small
2401191,4,0,Man's face who is playing tennis,2597,0.0517578125,0.07126398766050392,0.09578157795895834,0.2177742130718738,0,5904.6806640625,overall|part
2401191,5,1,Socks are white,5069,0.10102439413265306,0.06421479661165203,0.14016385300633669,0.10595209449441458,0,3831.738037109375,overall
2401192,0,3,part of a doll's hair,15,0.00029894770408163266,8.450560409231222e-05,8.496990685222627e-05,0.01522945761680603,0,2688.503173828125,overall|small|part
2401192,1,5,The yellow ribbon in the doll's hair.,152,0.0030293367346938774,0.007140799069969033,0.007233050300496354,0.3589256688168174,0,7542.6962890625,overall|small|part
2401192,2,9,tail of a doll,60,0.0011957908163265306,0.0005107490716981264,0.0005142628474720189,0.06955217520395915,0,8114.78125,overall|small|part
2401192,3,1,The cat's right ear.,364,0.007254464285714286,0.004365208338011026,0.004435956081429469,0.21488763997842977,0,17632.974609375,overall|small
2401192,4,4,multi colored cloth on a doll,21,0.0004185267857142857,0.0010130786976209874,0.0010150372842791524,0.34427429380871,0,7122.65478515625,overall|small
2401192,5,6,white patch of a doll,132,0.0026307397959183672,0.0009867301304207468,0.0010067869959741855,0.0471930287101052,0,6187.4853515625,overall|small
2401192,6,7,green and yellow behind toy,621,0.012376434948979591,0.0026419190611144216,0.004479924498511393,0.006398170274620855,0,886.9041748046875,overall|small
2401193,0,0,The black phone on the table in front of the mirror.,120,0.0023915816326530613,0.001123927528074217,0.0011421649801321085,0.06575994888941447,0,6908.97900390625,overall|small
2401193,1,2,The lamp is white.,598,0.011918048469387755,0.0025933556507903494,0.0029302341403799575,0.022059891933581502,0,4501.96630859375,overall|small
2401193,2,1,large patterned headboard for bed,2842,0.056640625,0.038113257573023786,0.04809500157275027,0.15514921957468333,0,9167.9814453125,overall
2401193,3,3,dark blanket on bed,14476,0.2885044642857143,0.2587591665745438,0.4058508576633784,0.416555918524627,0,14857.8310546875,overall
2401193,4,4,view of city from hotel room,2464,0.049107142857142856,0.25602672410656196,0.2798001873220778,0.7508278388481635,0,6612.00341796875,overall
2401193,5,5,wall made of brick,4200,0.08370535714285714,0.00439180946406779,0.03646499888915921,0.004968375705537342,0,572.2522583007812,overall
2401194,0,3,brown branches of a tree,931,0.0185546875,0.003274375129744394,0.004561152862101743,0.011473288981666115,0,2341.87109375,overall|small|part
2401194,1,2,bare branches of a tree,3800,0.07573341836734694,0.0015355834974506628,0.002550799031401888,0.0038434304689106188,0,5725.6708984375,overall|part
2401194,2,0,The church has a steeple,8778,0.17494419642857142,0.25722658386268316,0.4631791041376436,0.36648414248511907,0,6945.47265625,overall
2401194,3,1,The tree is green.,1380,0.027503188775510203,0.01288030239274063,0.01748791645530061,0.04660790484884511,0,3677.90576171875,overall
2401194,4,4,patch of brow grass,1144,0.022799744897959183,0.013463868786957671,0.014607620013747326,0.14672576797592057,0,11490.87109375,overall
2401194,5,5,brownish green grass in a field,8778,0.17494419642857142,0.1995185379049052,0.30798884373776286,0.3616381819249829,1,10307.0615234375,overall
2401195,0,1,black and white square platform sign hanging from ceiling,720,0.014349489795918368,0.006395860843761233,0.007587729228764425,0.03912457360161675,0,3712.53271484375,overall|small|text
2401195,1,2,sign with light writing,500,0.009964923469387755,0.0018732952645040735,0.002086576112250067,0.017997053146362303,0,4312.580078125,overall|small|text
2401195,2,0,post on ground,972,0.019371811224489797,0.01781114128410166,0.019917115595985684,0.14416367330668886,0,7035.51123046875,overall|small
2401195,3,3,copper ring around pole,115,0.002291932397959184,0.00037484594807112926,0.00038025480572273247,0.025675885573677396,0,7765.126953125,overall|small
2401195,4,4,metal ceiling vent,288,0.005739795918367347,0.010728822819537591,0.011598841260241431,0.1251351171069675,0,3107.11328125,overall|small
2401195,5,7,person in black walking along train platform,180,0.003587372448979592,0.005130830862315813,0.005150489273791093,0.5734286838107638,0,20040.263671875,overall|small
2401195,6,9,white rectangular ceiling light,308,0.006138392857142857,0.005628244461477335,0.006006892321640825,0.08196813409978693,0,4202.86962890625,overall|small
2401196,0,5,an airplane cabin window,96,0.001913265306122449,0.0034924379621825894,0.00364508029214704,0.07697902123133342,0,2027.3863525390625,overall|small|part
2401196,1,6,open door on front of plane,992,0.019770408163265307,0.02248943863325183,0.02745377949480986,0.11061385370069934,0,3996.861083984375,overall|small|part
2401196,2,8,an airplane cabin window,60,0.0011957908163265306,0.0016290661941503312,0.0016745500542377813,0.05658266544342041,0,2027.3863525390625,overall|small|part
2401196,3,0,part  of a road,828,0.01650191326530612,0.0007737741745710134,0.000831626113337474,0.011000702346580616,0,10952.736328125,overall|small
2401196,4,2,gray words on plane,266,0.005301339285714286,0.02279705255666784,0.0233485461360015,0.4911348730101621,0,5595.28955078125,overall|small
2401196,5,4,Two rear airplane wheels,288,0.005739795918367347,0.0026856024796059206,0.0027321405179346883,0.13619262642330593,0,14356.3173828125,overall|small
2401196,6,9,edge of a wing,576,0.011479591836734694,0.0022816080684113955,0.002393278003311254,0.04661915037367079,0,11220.021484375,overall|small
2401197,0,0,papayas on display at fruit stand,190,0.003786670918367347,0.0008570019849253731,0.0009267757613839921,0.011255078566701788,0,2307.42431640625,overall|small
2401197,1,2,pink fruit next to green bananas,504,0.010044642857142858,0.0016919184761990233,0.0017656202560191827,0.038953213464646114,0,11119.2763671875,overall|small
2401197,2,3,sunlight next to fruit stand.,140,0.0027901785714285715,0.0005840386079949033,0.0006022142115586619,0.018983660425458636,0,4413.234375,overall|small
2401197,3,4,orange round fruit by bananas,272,0.005420918367346939,0.00791607930799528,0.008054860865887496,0.31480946260340076,0,10630.62109375,overall|small
2401197,4,5,a banana beginning to ripen,228,0.004544005102040816,0.00674171425601474,0.006950938994935067,0.18299027493125514,0,6002.3232421875,overall|small
2401197,5,6,sand on the ground.,80,0.0015943877551020409,0.00439936675815602,0.004416691652297618,0.528645372390747,0,9575.4091796875,overall|small
2401197,6,7,pole next to hanging bananas,590,0.01175860969387755,0.005482004586050535,0.005977067015523658,0.0620775384418035,0,6127.71240234375,overall|small
2401198,0,2,colored part of obstacle bar.,156,0.0031090561224489796,0.0021904029158791864,0.0022045272420706456,0.2547760254297501,0,18028.8359375,overall|small
2401198,1,4,the woman's socks are black.,848,0.016900510204081634,0.007439589666839048,0.008672054394880483,0.049743607359112436,0,4864.19677734375,overall|small
2401198,2,5,saddle on horse's back.,160,0.0031887755102040817,0.003362001842067186,0.0033857957456241016,0.3235939979553223,0,15291.837890625,overall|small
2401198,3,7,green grass on the ground.,80,0.0015943877551020409,5.459802838823879e-06,5.6218102762679365e-06,0.00018942439928650855,0,2695.564453125,overall|small
2401198,4,8,black saddle used by young woman,192,0.003826530612244898,0.005634285815505505,0.005764875552946512,0.19918328523635864,0,6633.82763671875,overall|small
2401198,5,6,brown tree with green leaves,4784,0.09534438775510204,0.010011467098930377,0.03726592562684592,0.01350415271261464,0,1733.5908203125,overall|part
2401198,6,0,the trees are green,9345,0.18624441964285715,0.019217211845668748,0.20869409923265747,0.020727543960987662,0,928.1474609375,overall
2401199,0,9,The word WHITE.,120,0.0023915816326530613,0.00047095339285842003,0.0004966742928007452,0.009012219309806824,0,2177.41552734375,overall|small|text
2401199,1,3,rear wheel of a car,90,0.001793686224489796,0.0009943128760986518,0.0009995503601020752,0.15949446360270184,0,14360.958984375,overall|small|part
2401199,2,5,leaves of a palm tree,171,0.0034080038265306123,0.004095479730145043,0.004525770160614306,0.04129710671497367,0,1560.3543701171875,overall|small|part
2401199,3,7,branches of a palm tree,126,0.0025111607142857145,0.0006022361962045147,0.0006158304389921177,0.026557267658294192,0,5433.6640625,overall|small|part
2401199,4,1,leggings on a woman,264,0.0052614795918367345,0.02375194152952523,0.023781511751247594,0.950254266912287,0,10548.830078125,overall|small
2401199,5,2,wind screen of a car,200,0.003985969387755102,0.013840517986834146,0.01391411907533916,0.7234909820556641,0,10399.37890625,overall|small
2401199,6,8,part of a palm tree,96,0.001913265306122449,0.0008982145143003487,0.0009125349080327234,0.05413801968097687,0,5695.3984375,overall|small
2401200,0,2,Person has dark hair.,288,0.005739795918367347,0.011921546907262503,0.014558759476444375,0.061749127176072865,0,1221.515380859375,overall|small|part
2401200,1,1,A guy in red standing by a picnic table,490,0.009765625,0.01282713189756262,0.013148116565953171,0.34444399463887115,0,12836.6337890625,overall|small
2401200,2,5,part of a floor,247,0.004922672193877551,0.0011559440524569879,0.0012372168070226889,0.017292661705480415,0,3452.33544921875,overall|small
2401200,3,6,part of a bench,72,0.0014349489795918368,0.00016724540220187475,0.00016860193213640094,0.020363494753837585,0,8696.0546875,overall|small
2401200,4,7,part of a wood,285,0.00568000637755102,0.0005417006770373624,0.000606692569294643,0.005031277840597588,0,2363.493896484375,overall|small
2401200,5,8,part of a line,702,0.013990752551020409,0.03734681863944177,0.03823378130141743,0.6168417210592504,0,11325.662109375,overall|small
2401200,6,9,Someone in grey sitting at a picnic table,540,0.010762117346938776,0.027796107182328795,0.02846495574441115,0.5419044777199075,0,10280.3046875,overall|small
2401202,0,1,A street light hanging from a building,289,0.0057597257653061226,0.012368038017720285,0.012765477848938616,0.28430967759921066,0,6436.5390625,overall|small
2401202,1,0,A train is on the tracks.,41736,0.8317920918367347,0.5035125230899263,0.8488479312979615,0.5531032767724506,1,27194.880859375,overall
2401203,0,1,tusk on the elephant,504,0.010044642857142858,0.008102518763042233,0.008670410257141976,0.11008831811329675,0,6399.294921875,overall|small
2401203,1,0,man leaning over in water,14208,0.28316326530612246,0.3938311653108763,0.49887740101363853,0.6516107095254434,1,18557.8359375,overall
2401203,2,2,brown lake water,3780,0.07533482142857142,0.045908526660330434,0.06315314959407066,0.14392790617766205,0,8614.732421875,overall
2401203,3,3,overcast grey cloud sky,3100,0.06178252551020408,0.0017720696218610592,0.005140254089339574,0.002697097101519185,0,1626.573486328125,overall
2401204,0,2,Registration sticker on right front window,190,0.003786670918367347,0.014431653808090108,0.014525077012383609,0.6917174489874589,0,9048.2353515625,overall|small|part
2401204,1,0,a rearview mirror in a car,120,0.0023915816326530613,0.00010872199135939914,0.00012106490046201855,0.0010652590543031692,0,1055.888916015625,overall|small
2401204,2,4,the plant is green,703,0.014010682397959183,0.0452688636755737,0.04733378533223953,0.5092479982552454,0,7563.33642578125,overall|small
2401204,3,7,white top of licence plate,913,0.01819595025510204,0.054285189957158676,0.05569095125030674,0.6825975332437705,0,11190.53515625,overall|small
2401204,4,1,Pavement on left side of car,5625,0.11210538903061225,0.27881805926395115,0.3495609738113447,0.5794289930555555,0,9323.947265625,overall
2401204,5,3,grey cat on hood,4366,0.08701371173469388,0.05367533617517396,0.09256030384257137,0.11329181162632773,0,5343.8896484375,overall
2401204,6,5,the headlights are off,11948,0.2381218112244898,0.05705661327113666,0.15095423906661184,0.08402000097754331,0,6650.16748046875,overall
2401205,0,8,leaves of a tree,36,0.0007174744897959184,0.000339376046834481,0.00046953056872922063,0.00122279715206888,0,93.75469970703125,overall|small|part
2401205,1,0,green tree near river,450,0.00896843112244898,0.031366245109401295,0.035707756117481955,0.20507410685221353,0,2584.40625,overall|small
2401205,2,1,a wooden walkway,304,0.006058673469387755,0.016347364699544908,0.016363679536456448,0.9425165276778372,0,17509.81640625,overall|small
2401205,3,4,plantations on the edge of the lake,660,0.013153698979591837,0.00046727454071767853,0.0004798835920166402,0.01747310378334739,0,24031.345703125,overall|small
2401205,4,6,part of a hilly terrain,18,0.0003587372448979592,0.00046860950592490834,0.0004714036395762558,0.07326747973759969,0,2797.633544921875,overall|small
2401205,5,7,a section of a house,30,0.0005978954081632653,0.00207006224742781,0.002088034851907239,0.19387165705362955,0,2785.4658203125,overall|small
2401205,6,5,brown branches and green leaves on tree,2160,0.043048469387755105,0.0003632281516655137,0.0024624822090242673,0.00042589505513509113,0,373.5796813964844,overall|part
2401206,0,1,electrical poles visible in background,817,0.01628268494897959,0.00027373607609782483,0.00029940141840859654,0.0031831287841610108,0,8686.0517578125,overall|small
2401206,1,4,side of railroad tracks and rocks,684,0.01363201530612245,0.004739031233938496,0.004933723324204284,0.10721662867138958,0,14864.265625,overall|small
2401206,2,5,red metal pane on second train car,169,0.0033681441326530613,0.012590154772549692,0.012689504259627749,0.6165775095922708,0,8211.63671875,overall|small
2401206,3,6,front driver wheels and connecting rod,460,0.009167729591836735,0.0027282248040720516,0.0029833488165216513,0.030916757168977158,0,4767.0283203125,overall|small
2401206,4,9,cab for train conductor,200,0.003985969387755102,0.0019894285772386173,0.002031777884063263,0.08712990760803223,0,8576.7158203125,overall|small
2401206,5,0,The grass is green.,4440,0.08848852040816327,0.0069871506928695145,0.01534886894654416,0.012663281071293461,0,3663.13427734375,overall
2401206,6,2,trees in photograph,3915,0.07802535076530612,0.07066625022857989,0.2496325308406039,0.08972521863525702,0,1407.165283203125,overall
2401207,0,3,Word that says photography.,434,0.008649553571428572,0.02093087141497856,0.02539093155700725,0.1064715583203575,0,1819.88818359375,overall|small|text
2401207,1,1,back wheel of a truck,135,0.002690529336734694,0.001807807535870405,0.0018316749895841184,0.12183464898003472,0,8979.5830078125,overall|small|part
2401207,2,4,numbers 1105 on door,80,0.0015943877551020409,0.005230995281586002,0.0052628484402490044,0.4635988712310791,0,7047.1171875,overall|small|part
2401207,3,6,Small orange truck light.,56,0.0011160714285714285,4.9925322565264606e-05,5.030272311291314e-05,0.0066104259874139515,0,7359.12158203125,overall|small
2401207,4,7,side of a truck,504,0.010044642857142858,0.0032137864464234964,0.00331772856989957,0.09303703005351717,0,14133.36328125,overall|small
2401207,5,9,steel diamond plate panel,320,0.006377551020408163,1.4884959509079795e-05,1.6368884607294635e-05,0.00016416609287261963,0,3209.329833984375,overall|small
2401207,6,8,door of the truck,1702,0.03392059948979592,0.10893869718189006,0.12015719511265342,0.5384904119578988,0,7627.59716796875,overall|part
2401208,0,2,a blue base on the upper engine,56,0.0011160714285714285,0.0011813920912115542,0.0011978096340357614,0.07935358796800886,0,3709.939208984375,overall|small
2401208,1,4,large flood light on front of boat,756,0.015066964285714286,0.013609440774881423,0.014524976474506407,0.17757328982075687,0,9242.3837890625,overall|small
2401208,2,6,a tree on the shore,558,0.011120854591836735,0.005748890863092565,0.006633805649173769,0.041316234082731294,0,3475.299072265625,overall|small
2401208,3,7,white lettering on red boat,259,0.005161830357142857,0.007773381495185122,0.007797552913137301,0.7149084967535895,0,23746.078125,overall|small
2401208,4,0,Blue Ocean Water,13608,0.27120535714285715,0.017303072537559663,0.19674446471649865,0.0186183442794737,0,1287.7537841796875,overall
2401208,5,1,people are visible through the small windows,2058,0.041015625,0.022311687338189168,0.028974210486104376,0.08844776357459837,0,6282.328125,overall
2401208,6,3,Light Post in Background,1526,0.030412946428571428,0.018240315449496315,0.0291527425841839,0.04646511252866972,0,2432.2158203125,overall
2401210,0,4,a silver meter,430,0.008569834183673469,0.004395885235175402,0.004599952469335008,0.09015575675077217,0,8427.6904296875,overall|small
2401210,1,6,two black windshield wipers,551,0.010981345663265306,0.055199951010630965,0.056042552609330935,0.7859324266603335,0,7727.14208984375,overall|small
2401210,2,8,two windows on a train engine,240,0.0047831632653061226,0.015259785411633957,0.01537421976833524,0.672146987915039,1,10492.5830078125,overall|small
2401210,3,0,two round black things on train nose,1680,0.033482142857142856,0.016924377621602527,0.023807774801175234,0.05529969533284505,0,3902.233154296875,overall
2401210,4,1,a luggage cart rack,1242,0.024752869897959183,0.011202824692542293,0.012148861683644891,0.1257709251317809,0,12857.7880859375,overall
2401210,5,2,two red lights seen,1045,0.02082669005102041,0.003759578107339642,0.0045567849622297745,0.021037431196732955,0,4824.4794921875,overall
2401210,6,3,The ceiling is white.,12900,0.2570950255102041,0.010243504069865841,0.07742139219364946,0.011667724136234254,0,1944.0833740234375,overall
2401211,0,3,Moist green leaf.,1058,0.02108577806122449,0.0022710430199089798,0.015564110436380214,0.0026519857417432935,0,180.27377319335938,overall|part
2401211,1,0,shadow on water ,2592,0.051658163265306124,0.016635585462918732,0.02766639671385175,0.040052596433663074,0,3752.43408203125,overall
2401211,2,1,A blue spare net,4088,0.08147321428571429,0.1351245447958882,0.17788937964105347,0.35982756791982634,1,8269.0439453125,overall
2401211,3,2,A net the man is holding out into the water,1950,0.03886320153061224,0.028650041779244007,0.030302895262776408,0.3443744365985577,0,22160.59375,overall
2401211,4,4,a red and white baseball cap,3120,0.062181122448979595,0.0071289109961702605,0.012228988411296625,0.01680644964560484,0,4287.8544921875,overall
2401213,0,2,the lowercase letter A,56,0.0011160714285714285,9.064667093537913e-05,9.155936350610321e-05,0.009011533643518175,0,5511.6796875,overall|small|text
2401213,1,5,the silver letter V,56,0.0011160714285714285,0.0012270305334212345,0.0012311036024432098,0.27053918157305035,0,12306.189453125,overall|small|text
2401213,2,6,The letter M on the building.,36,0.0007174744897959184,0.0005227101036586337,0.0005235884364149307,0.2375701003604465,0,16334.439453125,overall|small|text
2401213,3,9,The letter I on the building.,28,0.0005580357142857143,0.0010133974627954013,0.0010208523081240192,0.12186164515359062,0,3342.4287109375,overall|small|text
2401213,4,1,part of a window,75,0.0014947385204081632,0.00038256868323928965,0.0004434668882136594,0.0027781641483306885,0,469.8486328125,overall|small|part
2401213,5,3,part of a wall,99,0.0019730548469387753,0.0006161691473081602,0.0006225891582225458,0.05638463087756224,0,8965.91015625,overall|small
2401213,6,4,a brick in the wall,28,0.0005580357142857143,0.0003629551240543486,0.00036595363040259885,0.042417981794902256,0,3245.502685546875,overall|small
2401214,0,2,white lines on grey pavement,944,0.01881377551020408,0.0020778652809918478,0.0029931765433210355,0.00674900766146385,0,2128.529052734375,overall|small
2401214,1,0,sign leaning against pole,2886,0.057517538265306124,0.1452401710967039,0.15113366470358058,0.7883401449075277,1,15053.890625,overall|text
2401214,2,1,the building is orange yellow and red,31584,0.6294642857142857,0.24065289257353567,0.7151896778052874,0.26616046445589536,1,11754.1015625,overall
2401214,3,3,cloudy blue sky in the background,4431,0.08830915178571429,0.010794893455010293,0.13294747631365594,0.01161242919591285,0,387.03009033203125,overall
2401215,0,1,a man wearing a light brown coat,658,0.013113839285714286,0.024820071859382332,0.027390959761020958,0.2091360584943128,0,5023.97607421875,overall|small
2401215,1,0,A crowd of people.,4510,0.08988360969387756,0.14247491265600287,0.23523358416604664,0.26541490914287696,1,5088.6494140625,overall
2401215,2,2,vehicles are parked by building,1188,0.023676658163265307,0.1130591043499696,0.12573744153239033,0.5285829486268939,1,4994.18896484375,overall
2401215,3,3,The sky is overcast.,5451,0.10863759566326531,0.0020718983333637155,0.01573330288240802,0.0023804438746187627,0,824.734619140625,overall
2401215,4,4,Flags are flying.,1058,0.02108577806122449,0.10033150206003287,0.1066502722401193,0.6287259136120629,1,6237.1337890625,overall
2401215,5,5,The snow is dirty.,3072,0.061224489795918366,0.02926488005189952,0.0399434831098594,0.09866527716318767,0,7588.21484375,overall
2401216,0,0,helmet on man's head,483,0.009626116071428572,0.0011547427734297055,0.0012559833738615698,0.014123327243402137,0,5431.255859375,overall|small|part
2401216,1,3,dark snow covered snowboard,875,0.017438616071428572,0.017506580414690553,0.01896612881395811,0.18532913643973215,0,8550.13671875,overall|small
2401216,2,6,black stone on top of the snow,255,0.005082110969387755,0.004305948062156474,0.00442526461786127,0.13770868637982536,0,7935.2802734375,overall|small
2401216,3,7,one black glove,40,0.0007971938775510204,0.0009233912353804022,0.0009678452122410481,0.019707730412483214,0,814.499267578125,overall|small
2401216,4,1,white snow dust from snow drift on hill ,1452,0.02893813775510204,0.03836748959455549,0.0392061642274386,0.6420382244856233,0,23777.880859375,overall
2401216,5,2,Clear blue sky,3468,0.06911670918367346,0.0007943307309424117,0.011972142428414543,0.0008500551819938827,0,246.23757934570312,overall
2401216,6,4,snowy mountains in the distance,8649,0.17237324617346939,0.04077846411920995,0.13824619000177502,0.05467685113298864,0,3420.709716796875,overall
2401217,0,5,street sign with electric,228,0.004544005102040816,0.00015090024184187068,0.00015663383966648705,0.0041054583955229375,0,5976.00439453125,overall|small|text
2401217,1,9,The white street sign with one arrow on it.,476,0.009486607142857142,0.011176271077636113,0.012171044676683155,0.12029256740538012,0,4704.5478515625,overall|small|text
2401217,2,1,sewer drain opening on street corner,225,0.00448421556122449,0.0013111942346270206,0.0013501318830086279,0.043487472534179686,0,7247.2041015625,overall|small
2401217,3,2,cars parked on side of street,612,0.012197066326530613,0.02836547533624661,0.029354599340005023,0.4570566314497804,0,9528.955078125,overall|small
2401217,4,3,white line on asphalt street,156,0.0031090561224489796,0.002011753594105747,0.0020816365503258747,0.05653706575051332,0,4236.9462890625,overall|small
2401217,5,6,a red and silver fire hydrant,200,0.003985969387755102,0.0030196612290316442,0.0030662537667039535,0.1657794952392578,0,10813.162109375,overall|small
2401217,6,8,electric avenue sign suspended,1450,0.02889827806122449,0.1021914485526277,0.11024638679454847,0.5831031115301725,1,7669.18115234375,overall|text
2401218,0,2,The head of the zebra,391,0.007792570153061225,6.342547134822241e-05,6.660979547281414e-05,0.001324978173541291,0,7777.6318359375,overall|small|part
2401218,1,7,Thin tail of a giraffe. ,130,0.002590880102040816,0.003329606772089887,0.003343723287920365,0.4409256274883564,0,17142.666015625,overall|small|part
2401218,2,1,large brown boulder in animal enclsure,688,0.01371173469387755,0.0043720337589558695,0.004868459892070884,0.04111379246379054,0,5810.1103515625,overall|small
2401218,3,5,trees next to fence,990,0.019730548469387755,0.021278851409784215,0.025968807871354863,0.10540427005652225,0,4018.291015625,overall|small
2401218,4,8,Silver long pole,273,0.005440848214285714,0.00020288515413975053,0.00022127171334545263,0.0024356597509139623,0,3005.0615234375,overall|small
2401218,5,3,Two front legs of a giraffe. ,1508,0.03005420918367347,0.002057254689850255,0.002493954709689766,0.01161236598573882,0,7021.55810546875,overall|part
2401218,6,0,The zebra facing to the right,4680,0.09327168367346939,0.07962593025152695,0.13766467578558372,0.1588639218583066,0,5400.68212890625,overall
2401219,0,1,player is wearing headband,255,0.005082110969387755,0.020649366285141916,0.020845698782426102,0.6867615942861519,0,8400.9755859375,overall|small
2401219,1,4,Man is wearing white socks.,238,0.004743303571428571,0.009023000001975832,0.009200350700910456,0.3188393857298779,0,8247.921875,overall|small
2401219,2,0,Tennis court is green.,3168,0.06313775510204081,0.03274053130795033,0.03832499114438614,0.18346782645793877,0,15165.7197265625,overall
2401219,3,2,black and red long shorts,2542,0.050661670918367346,0.04088921777809075,0.06706542632772357,0.09482706521647263,0,3594.25732421875,overall
2401219,4,3,racket is yellow and black,1196,0.02383609693877551,0.0010078773860472557,0.0011446398632083297,0.008364914253005217,0,8740.2490234375,overall
2401220,0,3,partial label on wine bottle on counter,124,0.0024713010204081634,0.003902780024138631,0.003944939964086001,0.26749924690492694,0,8408.2158203125,overall|small|text
2401220,1,2,a removable tray for the toaster,551,0.010981345663265306,0.01993128134445502,0.020630447146082993,0.3703234442349138,0,9890.634765625,overall|small
2401220,2,4,splotch of worn off paint,322,0.006417410714285714,0.03265311921413882,0.03491033776117904,0.33555522468519505,0,3095.036865234375,overall|small
2401220,3,0,The cabinet has a small lock,3640,0.07254464285714286,0.043571117869146185,0.09203043712385406,0.07642330966152988,0,3022.704833984375,overall
2401220,4,1,old marble looking counter top,4116,0.08203125,0.005987379971313671,0.006959379242274792,0.041106614241678816,0,24311.76953125,overall
2401220,5,5,gray wall next to bottle,2679,0.053392059948979595,9.921292084983986e-05,0.0004241622667163177,0.00012948765332861684,0,817.84130859375,overall
2401220,6,6,a faux wooden wall,8160,0.16262755102040816,0.009053854495684579,0.12522675067804728,0.009665133906345741,0,629.7974853515625,overall
2401221,0,1,the man's left foot,780,0.015545280612244899,0.005644211760446978,0.008138250616256755,0.01808444903447078,0,1733.2803955078125,overall|small
2401221,1,3,the man wears sneakers,598,0.011918048469387755,0.012157308239848008,0.01454440065310535,0.06896519102779121,0,2835.536865234375,overall|small
2401221,2,5,the man's left sock,682,0.013592155612244899,0.009509441941522034,0.010124067638894702,0.13542585848363614,0,9122.8583984375,overall|small
2401221,3,6,the man is wearing a green color baseball cap,741,0.014768016581632654,0.000243591058824632,0.00028171867830118955,0.0017966204165768848,0,4725.62109375,overall|small
2401221,4,7,section of green grass,851,0.01696029974489796,0.005233342701398989,0.005617209249213497,0.07113329195948241,0,10776.6025390625,overall|small
2401221,5,8,this is the white fence,88,0.001753826530612245,0.00029495948279535363,0.0002971658569742089,0.038208758289163765,0,11314.794921875,overall|small
2401221,6,0,the opponent is wearing a long sleeve white jersey,4836,0.09638073979591837,0.1494140069011226,0.1950187472434981,0.38984822793081836,0,9667.306640625,overall|text
2401222,0,1,The door lock on the car is down.,714,0.014229910714285714,0.031664321965399665,0.03760304200500747,0.1670092414407169,0,3171.142333984375,overall|small|part
2401222,1,6,shadow of the woman's hair,693,0.013811383928571428,0.0016078264438670526,0.0021527052632818373,0.0063120991980702675,0,2031.9942626953125,overall|small|part
2401222,2,2,The lady has on a black bra.,378,0.007533482142857143,0.021119172237209473,0.021966115027528238,0.3538974983982308,0,6089.982421875,overall|small
2401222,3,4,The girl nose is blemish red.,850,0.016940369897959183,0.0004507405480587656,0.00049946364422643,0.004599319345810834,0,7827.2392578125,overall|small
2401222,4,3,green leaves outside car window,1575,0.03138950892857143,0.18505520618297155,0.19792130725359752,0.7400392175099206,0,5889.01611328125,overall|part
2401222,5,5,right eye of a woman looking down,1058,0.02108577806122449,0.0014619437375164666,0.004895646277366901,0.002080049767160686,0,449.5203552246094,overall|part
2401222,6,0,brown and black baby kitten,11704,0.23325892857142858,0.20907627718424399,0.25480418697228535,0.5381085492940447,0,24717.107421875,overall
2401223,0,1,Left flip flop shoe on rock deck,989,0.01971061862244898,0.03943769698205051,0.041244645617622804,0.4737363377523856,0,11359.662109375,overall|small|part
2401223,1,3,bottom part of a door,44,0.0008769132653061224,0.00037366514178259925,0.00038082625318559116,0.019484246318990536,0,2251.17578125,overall|small|part
2401223,2,8,section of a door,156,0.0031090561224489796,0.0012250269929246632,0.001336402602863366,0.014486236449999686,0,1690.9970703125,overall|small|part
2401223,3,4,foot of a man,102,0.002032844387755102,0.0034710847747081654,0.0036072393091261317,0.08421715568093692,0,2381.364013671875,overall|small
2401223,4,5,a small brown bird,572,0.011399872448979591,0.023915977293022802,0.024357590323815976,0.5687998524912588,0,13357.376953125,overall|small
2401223,5,6,The yellow jug on the bottom of the cart.,850,0.016940369897959183,0.003292365872529945,0.00346267148623624,0.06274081061868107,0,15401.3134765625,overall|small
2401223,6,9,Flip flops of left foot of person,980,0.01953125,0.0019478730780662745,0.002454302659422735,0.009351670985319176,0,3734.110595703125,overall|small
2401224,0,4,tail of a zebra ,528,0.010522959183673469,0.011986908275450063,0.012463397696216886,0.23869739879261365,0,10112.1884765625,overall|small|part
2401224,1,2,a black mane goes down the back of the zebra,689,0.013731664540816327,0.01396174399476915,0.015038069846977446,0.16322814985698816,0,7478.63232421875,overall|small
2401224,2,5,the ears are up on the zebra,918,0.01829559948979592,0.0038479775904886404,0.004281545536584204,0.036608240962807646,0,7849.1201171875,overall|small
2401224,3,3,legs of a zebra ,10374,0.20675223214285715,0.005858049189460849,0.01341446018265118,0.01029242093976302,0,7959.587890625,overall|part
2401224,4,0,the zebra's nose is black,1216,0.02423469387755102,0.017299595211055067,0.020407107092029274,0.10201703247271086,0,6078.8974609375,overall
2401224,5,1,dried grass on the ground ,7056,0.140625,0.01056981293009965,0.03246993417120685,0.01542940053269436,0,3352.943359375,overall
2401225,0,0,cingular logo of phone,798,0.015904017857142856,0.03502096307893262,0.03650799600646635,0.46230666081708177,0,10105.203125,overall|small|text
2401225,1,3,Small rectangular speaker on the top of a cell phone. ,300,0.005978954081632653,0.0006292388622809272,0.0006649536140388107,0.011579794883728027,0,5224.33203125,overall|small
2401225,2,4,sony ericisson branding of phone,342,0.006816007653061225,0.01267223823133572,0.0134118955109284,0.18684668289987663,0,4764.5439453125,overall|small
2401225,3,6,Circle of green light on the far right. ,252,0.005022321428571429,0.0038860780917274983,0.00401571231843053,0.10744570928906637,0,6742.59423828125,overall|small
2401225,4,7,silver edge of phone,280,0.005580357142857143,0.015343729865334632,0.018781696425877365,0.07734026908874511,0,1152.9989013671875,overall|small
2401225,5,1,man in black shirt,16400,0.3268494897959184,0.24123954588488947,0.5314314566246343,0.30641506288109754,1,9455.9833984375,overall|text
2401225,6,2,Man on cellphone.,2079,0.04143415178571429,0.024297619714420578,0.027595181204602193,0.16897361355369167,0,12730.34375,overall
2401226,0,2,brown pants worn by young woman,230,0.004583864795918368,0.0013790464306498661,0.0013995427333445651,0.08606106302012569,0,14143.22265625,overall|small
2401226,1,4,white spherical lamp in transportation center,416,0.008290816326530613,0.00047394410500771256,0.0005098742842997081,0.006680665680995354,0,5450.6708984375,overall|small
2401226,2,5,street light over shelter,255,0.005082110969387755,4.637331977864118e-05,4.751304628810362e-05,0.0019294860316257851,0,10355.44921875,overall|small
2401226,3,6,white spherical lamp in transportation center,208,0.004145408163265306,0.007974068187963628,0.008212872136493375,0.21521953436044547,0,5450.6708984375,overall|small
2401226,4,8,woman sitting on bench,624,0.012436224489795918,0.01335237898915758,0.014309986511659468,0.16634082794189453,0,7253.443359375,overall|small
2401226,5,0,man standing on sidewalk while reading a paper,1098,0.02188297193877551,0.04817906307470775,0.054850243500108704,0.2837326800236937,1,5679.80126953125,overall
2401226,6,1,There is a white house,1656,0.03300382653061224,0.0052076394816047466,0.009836318328722981,0.010945526298117523,0,1842.741455078125,overall
2401227,0,1,The white laptop on the center table.,775,0.01544563137755102,0.0073633520978236685,0.008278779307090362,0.06243383099955897,0,5844.60791015625,overall|small
2401227,1,5,The stuffed dog toy next to the orange bench.,225,0.00448421556122449,0.005801003181024291,0.005840496842633327,0.4617515055338542,0,17788.5703125,overall|small
2401227,2,6,The brown pillow against the wall.,532,0.010602678571428572,0.012392901675448433,0.013480772235264421,0.13312696872797228,0,5253.67138671875,overall|small
2401227,3,7,glass with a drink on a coaster,759,0.015126753826530613,0.00014222698688078094,0.00017692447252995816,0.0007246980082847384,0,3108.929931640625,overall|small
2401227,4,0,two brown and white decorative pillows,3400,0.06776147959183673,0.21677800119388327,0.23840659570684017,0.7049703440946691,0,10053.8291015625,overall
2401227,5,2,a standing lamp,3048,0.06074617346938776,0.14462019306277793,0.1815421798666672,0.41557544297746474,1,6977.29833984375,overall
2401227,6,3,The frame hanging on the wall.,1050,0.020926339285714284,4.8727724896222356e-05,9.32488432137081e-05,0.00010204910522415525,0,1149.0926513671875,overall
2401228,0,0,section of a lawn,48,0.0009566326530612245,7.359747921503784e-05,7.556754861258218e-05,0.002815091051161289,0,1788.126953125,overall|small
2401228,1,1,"red, white, and black baseball uniform",11543,0.23005022321428573,0.23679821140860563,0.4091537191634463,0.3598499987140475,1,10152.048828125,overall
2401228,2,2,green grass on baseball field,10320,0.20567602040816327,0.19344133375275244,0.49537998857036786,0.24091314271438954,1,5018.8212890625,overall
2401228,3,3,brown baseball pitcher's mound,5656,0.11272321428571429,0.042494955552355856,0.05679162529385306,0.14442571184085484,0,14383.6669921875,overall
2401228,4,4,brown dirt on baseball field,2052,0.040896045918367346,0.0362813601407813,0.048341842582262214,0.12696237545496772,0,5389.2607421875,overall
2401229,0,0,a child bending over on the beach,63,0.0012555803571428572,0.000777249333053837,0.0007800393019382362,0.17851581270732578,0,14417.8583984375,overall|small
2401229,1,4,Person in red on a beach,80,0.0015943877551020409,0.00031696615971437607,0.0003203979238100654,0.02874217927455902,0,7176.62060546875,overall|small
2401229,2,5,Girl and boy on left behind flags,210,0.004185267857142857,0.001665088671334509,0.0017002587438124598,0.07449988410586403,0,9201.5263671875,overall|small
2401229,3,6,Belongings on sand near girl in red top,132,0.0026307397959183672,0.0012805146605956194,0.0013055113540765635,0.06268561970103871,0,6338.130859375,overall|small
2401229,4,7,Person a black outfit on a beach,682,0.013592155612244899,0.014145897598429035,0.016145575788569764,0.10250731437436995,0,4329.97802734375,overall|small
2401229,5,1,the foamy part of the wave,1246,0.024832589285714284,0.014669805626297936,0.019692007150149595,0.054391563991099644,0,3441.59375,overall
2401229,6,2,a kite flying in the air,3431,0.06837930484693877,0.004414112082647697,0.007255705777660835,0.01114534463106943,0,5270.29052734375,overall
2401230,0,0,the leaves are dry,462,0.009207589285714286,0.005119694720913031,0.005538044588227006,0.06347192623914578,0,5295.01513671875,overall|small|part
2401230,1,1,black bag on girl,851,0.01696029974489796,0.01826154772724716,0.02269618762300036,0.08547294966342446,0,3204.83251953125,overall|small
2401230,2,3,Pink and blue hat worn by young man,420,0.008370535714285714,0.007827467106509757,0.00798288045152718,0.28676456269763767,0,15087.42578125,overall|small
2401230,3,4,the leaves are green,3239,0.06455277423469388,0.004368977853763067,0.007735732468494007,0.009938752662255905,0,4161.41845703125,overall|part
2401230,4,2,red pants on a woman,3848,0.07669005102040816,0.004179719059053693,0.00653147510307167,0.011475027722777052,0,6760.47998046875,overall
2401230,5,5,grey cement sidewalk by bench,1836,0.03659119897959184,0.016595720012365405,0.018974792637749708,0.11689068497136268,0,11310.3369140625,overall
2401230,6,6,image of a bowling ball and pins,1224,0.024394132653061226,0.054535340327458756,0.06624490240240662,0.2357805289474188,0,4356.49169921875,overall
2401231,0,0,A Thomas the Tank Engine cake,35280,0.703125,0.11792325326180847,0.9904291547992398,0.11805778382316469,1,4205.3271484375,overall
2401231,1,1,a red cake or baking sheet,1748,0.034837372448979595,0.06438033067825441,0.06679661685946892,0.6402555766858553,0,16754.841796875,overall
2401231,2,2,a wood table against the wall,2808,0.055963010204081634,0.013841463287740498,0.05532172232291415,0.01812559111505492,0,920.01220703125,overall
2401233,0,1,A man in a white shirt,12540,0.2499202806122449,0.12511572902979573,0.2559865262791599,0.19661257803154905,0,9631.451171875,overall|text
2401233,1,2,Man holding cellphone in right hand.,3936,0.0784438775510204,0.08151125812791377,0.11057318768069534,0.2367166348589145,0,8426.244140625,overall|part
2401233,2,0,Brown wood liquor cabinet,16044,0.3197544642857143,0.34292482063455265,0.8475779527412334,0.3654625378354058,1,6917.92529296875,overall
2401233,3,3,A tall standing lamp,2695,0.0537109375,0.19540862480464918,0.19670981750705976,0.9672573450544991,0,13251.796875,overall
2401234,0,0,green flower leaf,621,0.012376434948979591,0.05159042038173387,0.06010744406904029,0.2669108662628321,0,2757.58935546875,overall|small|part
2401234,1,3,a large shiny leaf,855,0.017040019132653062,0.04802518900349111,0.051158714337937776,0.4394842493603801,0,7344.96630859375,overall|small|part
2401234,2,2,shadow of leaves on wall,4757,0.0948062818877551,0.0036878035097787677,0.015640569469371382,0.004802432009119784,0,1460.6353759765625,overall|part
2401234,3,1,two glass vases,3311,0.06598772321428571,0.15239683254175695,0.1566959530763001,0.8474357787016762,0,17906.396484375,overall
2401234,4,4,white border between white and blue painted wall,1740,0.034677933673469385,0.026831700481311456,0.032696541741407764,0.13012235794944324,0,6924.67431640625,overall
2401234,5,5,blue painted wall,3999,0.07969945790816327,0.006054249629765906,0.009309737865914795,0.01701872001203426,0,7310.39501953125,overall
2401234,6,6,white wall,7424,0.14795918367346939,0.11967472622714061,0.2295014746130909,0.20005150499015018,0,6471.34130859375,overall
2401235,0,0,3 different boats,15128,0.3014987244897959,0.22516456222285197,0.34089412077636194,0.3987663668466585,1,17696.220703125,overall
2401235,1,1,mountains in the distance,2952,0.05883290816326531,0.012181380970086956,0.018870474508609462,0.033222966077851086,0,5197.22998046875,overall
2401235,2,2,dark blue water with waves,1596,0.03180803571428571,0.028823882459485757,0.033784568385748025,0.16409206151364739,0,7751.79150390625,overall
2401236,0,2,a protective metal bar on a door,1656,0.03300382653061224,0.01090346263669633,0.014301378960209016,0.04387762926626897,0,5080.7236328125,overall|part
2401236,1,0,a tan-colored horse,14664,0.2922512755102041,0.24561389612604365,0.46419567605199413,0.34279834437227225,1,10829.04296875,overall
2401236,2,1,padding in the horse holder,2304,0.04591836734693878,0.010133695281335413,0.012733690804712108,0.04728387461768256,0,8555.41796875,overall
2401236,3,3,reflection of sun shining in,1050,0.020926339285714284,0.006048100519609438,0.020512973491314854,0.00850401378813244,0,435.29595947265625,overall
2401236,4,4,The strap attached to the horse's harness.,2728,0.054368622448979595,0.04231011313344102,0.05388350499604419,0.16456960862682712,0,8331.787109375,overall
2401237,0,6,Blue and white toothbrush,390,0.007772640306122449,0.006713827196565396,0.006985127126561637,0.1473834013327574,0,8228.8447265625,overall|small
2401237,1,5,window on batrhoom wall,6669,0.13291214923469388,0.058182103296384985,0.2514746221024321,0.07036866167886162,0,1866.14697265625,overall|part
2401237,2,7,Bathroom window reflection mirrow,3960,0.07892219387755102,0.0024838009868440505,0.020494609750195607,0.002818366734668462,0,544.5691528320312,overall|part
2401237,3,0,Silver hot cold water faucet,1230,0.02451371173469388,0.032045413167376115,0.03341966304227387,0.43797984549669716,0,16119.7080078125,overall
2401237,4,1,The towel is pink.,3360,0.06696428571428571,0.007593794940686701,0.010831222086822074,0.024776529130481537,0,7686.03369140625,overall
2401237,5,2,The cabinet is white.,4953,0.0987125318877551,0.29225724251239005,0.3367620463282192,0.6886163530940844,0,10127.97265625,overall
2401237,6,3,green tooth brush holder,1240,0.024713010204081634,0.014704397094777171,0.01769854014154835,0.07996780026343561,0,5602.72607421875,overall
2401238,0,5,steel track on urinal area floor,441,0.0087890625,0.005351441461933213,0.005601696456577866,0.1069725624828382,0,8421.5380859375,overall|small
2401238,1,6,Special button for disabled,483,0.009626116071428572,0.0005695618985269365,0.0006173983383472814,0.007297375680990595,0,5708.8466796875,overall|small
2401238,2,4,handle to a door,2812,0.05604272959183673,0.02021257946355056,0.03612044027391124,0.04388084791462927,0,3416.15283203125,overall|part
2401238,3,0,built-in floor white porcelain urinal,7068,0.1408641581632653,0.11568493512964251,0.1681869759306461,0.2703868820630836,0,11362.916015625,overall
2401238,4,1,a green shelf,3760,0.07493622448979592,0.002926075150562676,0.007259564835489035,0.004877919846392693,0,2526.45703125,overall
2401238,5,2,plastic bag in trash can,1225,0.0244140625,0.07526754759555765,0.07899527838560214,0.6146455476721939,1,9531.4658203125,overall
2401238,6,3,A paper towel dispenser,3904,0.0778061224489796,0.16653436289407722,0.20328306059908388,0.4794972529176806,0,9208.6240234375,overall
2401239,0,3,The nose of the zebra,247,0.004922672193877551,0.024094103561155756,0.024565997823044843,0.5564027855753416,0,5594.37841796875,overall|small
2401239,1,4,Zebra has black and white mane.,348,0.0069355867346938774,0.010124845671612278,0.011022635578363192,0.11056402359885731,0,3490.66064453125,overall|small
2401239,2,5,Roof is made from tree branches.,3036,0.06050701530612245,0.021559288391708398,0.042703075001829106,0.04172542506684113,0,2966.493408203125,overall|part
2401239,3,0,The shadow of the tree the zebras are under,17171,0.3422154017857143,0.08602532056548773,0.25958442393671916,0.11399683753221274,0,7540.6669921875,overall
2401239,4,1,The lone zebra,1035,0.020627391581632654,0.01089727591525473,0.011845640824222552,0.11980621043034798,0,10467.9375,overall
2401239,5,2,Tips of zebra's ears are black.,1763,0.03513632015306122,0.03639584176996753,0.042157855179560576,0.21029192253195014,0,8794.201171875,overall
2401240,0,0,part of a short,299,0.0059590242346938774,0.0021564139348144726,0.002201736371903549,0.09482379262662652,0,12877.251953125,overall|small
2401240,1,1,part of a sock,32,0.0006377551020408163,0.00014351486685621847,0.0001439671665174655,0.04368526116013527,0,9710.0498046875,overall|small
2401240,2,2,part of a white line,165,0.003288424744897959,0.002510861561609858,0.0025986826884468574,0.06915956554990826,0,4391.197265625,overall|small
2401240,3,3,white baseball cap,270,0.005381058673469388,0.0010958927923294967,0.0011917983308670883,0.013435463552121763,0,3043.78271484375,overall|small
2401240,4,4,Person wearing black shorts.,260,0.005181760204081632,0.0003052119338582573,0.000383344878911417,0.0014952269884256216,0,1014.1234130859375,overall|small
2401240,5,5,edge of a racket,108,0.002152423469387755,0.0037145319838245735,0.003728917588463374,0.4905367957221137,0,14207.3330078125,overall|small
2401240,6,6,part of a shade,135,0.002690529336734694,0.0017496893396782402,0.001794440042117963,0.06556035500985605,0,4932.26171875,overall|small
2401241,0,1,black nose of bear,572,0.011399872448979591,0.03369703418510072,0.035865037506807695,0.3579232809426901,0,5708.40380859375,overall|small
2401241,1,5,rock on ground,814,0.016222895408163265,0.0008317668023531689,0.0009426431248796117,0.007021821394599333,0,6063.548828125,overall|small
2401241,2,2,Right arm of a black bear. ,2409,0.0480110012755102,0.07974322310364522,0.11729324956488243,0.1994172726097123,0,4095.68505859375,overall|part
2401241,3,6,Left side front arm of a black bear. ,3071,0.061204559948979595,0.05125628587004484,0.09597723579013484,0.09910149731103468,0,3170.967529296875,overall|part
2401241,4,0,Wooden barricade on ground,5720,0.11399872448979592,0.11550783495239765,0.14576591644231496,0.3575122326404065,0,14029.13671875,overall
2401241,5,3,Bears ears pointing straight up,2144,0.04272959183673469,0.027661400621206794,0.03413331909448496,0.1273143825246327,0,7996.93798828125,overall
2401241,6,4,Part of a tree trunk to the right of a black bear. ,7104,0.14158163265306123,0.06579884018825073,0.10987205132352218,0.14091770069019213,0,9111.3193359375,overall
2401242,0,5,Black handle on the bottom suitcase. ,851,0.01696029974489796,0.010714147624876486,0.012131262929966703,0.0840132250488855,0,5893.4716796875,overall|small|part
2401242,1,3,Bottom right latch on a brown suitcase. ,350,0.006975446428571429,0.00891144031459865,0.009239182769854179,0.20077802385602678,0,7605.90087890625,overall|small
2401242,2,4,There is a red ribbon on the suitcase,567,0.011300223214285714,0.008240124111736708,0.008927627354256274,0.09665990086039118,0,6138.939453125,overall|small
2401242,3,1,The round handle is sticking out,2576,0.05133928571428571,0.047955589827269496,0.11000352287142194,0.07835757214090099,0,1834.93310546875,overall|part
2401242,4,0,White tag on a bottom suitcase. ,1092,0.021763392857142856,0.04595998708706607,0.04969017136399024,0.3797440860734318,0,8345.3232421875,overall
2401242,5,2,stitches were on the seams of the case,14136,0.2817283163265306,0.09726514081235499,0.224661154224875,0.14641228650475735,1,9212.4697265625,overall
2401244,0,3,the stop sign is red.,880,0.017538265306122448,0.004984249111130591,0.005344047852555642,0.06892770853909579,0,11350.26953125,overall|small|text
2401244,1,5,and advertising sign,255,0.005082110969387755,0.0057886221040944,0.006093658605714103,0.10365210140452666,0,4337.5068359375,overall|small|text
2401244,2,8,The green street sign.,133,0.002650669642857143,0.013720498330865607,0.014272794598449977,0.26176048221444725,0,2439.196044921875,overall|small|text
2401244,3,1,The side view mirror of the black pickup truck.,84,0.0016741071428571428,0.0053923729204549695,0.0054649695277830986,0.2887271245320638,0,4437.91650390625,overall|small
2401244,4,4,a billboard in the distance,285,0.00568000637755102,0.026466845996893217,0.028083902430714024,0.3149078369140625,0,3195.73583984375,overall|small
2401244,5,6,a set of traffic lights,630,0.012555803571428572,0.03148411502756408,0.03341056749655549,0.35318230523003474,0,6659.71484375,overall|small
2401244,6,9,The date is 9/19/2008.,312,0.006218112244897959,0.002886552483070025,0.0029288203895671255,0.16667672915336412,0,17755.66015625,overall|small
2401245,0,0,black socks,210,0.004185267857142857,0.008019202263044712,0.008371454972899678,0.16007338024321058,0,4015.47998046875,overall|small
2401245,1,1,A HUB CAP ON A TIRE,630,0.012555803571428572,0.08051507171051288,0.08489838600585181,0.6092924572172619,0,4521.33740234375,overall|small
2401245,2,2,green tire on board,704,0.01403061224489796,0.007915642637290525,0.008647261349828426,0.08555358648300171,0,6965.17919921875,overall|small
2401245,3,3,the back right wheel,2200,0.043845663265306124,0.03461077495268362,0.037242868153292384,0.3287356289950284,0,19418.9765625,overall|part
2401245,4,4,the right black shoelaces,1470,0.029296875,0.10371083815340071,0.11598531875475741,0.49494832356770835,0,6272.98388671875,overall
2401245,5,5,green and white sneakers on a black skateboard,2610,0.05201690051020408,0.025223098352522826,0.06354454951852365,0.04014579509866649,0,1648.93017578125,overall
2401245,6,6,cement under board,4895,0.09755660076530612,0.04451592037819577,0.07106756090988467,0.10646502579561415,0,7333.11083984375,overall
2401246,0,1,section of a boys hair,105,0.0020926339285714285,4.6151258303292695e-05,4.746124394400992e-05,0.0016692852690106347,0,3693.01220703125,overall|small|part
2401246,1,2,string of wii controller,912,0.018176020408163265,0.010035146925303062,0.010727509076420344,0.1345627600686592,0,11439.86328125,overall|small
2401246,2,3,back of a boy,420,0.008370535714285714,0.026944406919968918,0.027173471811484638,0.7616980416434151,0,11772.99609375,overall|small
2401246,3,6,the books are on the shelf,363,0.00723453443877551,0.00020759570156370964,0.00022917383703169192,0.002199950953817236,0,3484.61328125,overall|small
2401246,4,8,the boy looks down,108,0.002152423469387755,0.0004814780238303143,0.000516925645012832,0.0069723438333582,0,1456.714599609375,overall|small
2401246,5,9,section of a remote,50,0.0009964923469387755,0.00015322942421073572,0.00015446615584817223,0.01877876281738281,0,6078.60107421875,overall|small
2401246,6,4,indians logo on tshirt,1560,0.031090561224489797,0.10538486783574551,0.10747848309239207,0.8439954708784054,0,12250.2001953125,overall|text
2401247,0,0,a green leaf laying on the ground ,475,0.009466677295918368,0.026923984741040952,0.028209589615165443,0.37137907329358555,0,6253.3720703125,overall|small|part
2401247,1,5,The cat has yellow eyes.,816,0.016262755102040817,0.011416728842284889,0.012557856773054682,0.11161534926470588,0,7252.6806640625,overall|small|part
2401247,2,7,green leaf next to cat,552,0.011001275510204082,0.031904042342787015,0.03471896893579192,0.28238282687422156,0,4489.6298828125,overall|small|part
2401247,3,8,dead brown leaf on the ground ,132,0.0026307397959183672,0.004132422577762336,0.004239977510410126,0.14008550932913116,0,4361.17578125,overall|small|part
2401247,4,2,a small pink nose of a cat,48,0.0009566326530612245,0.0009330283625514663,0.0009374603499038359,0.1648261547088623,0,8439.4560546875,overall|small
2401247,5,4,white paw of cat,405,0.008071588010204082,0.00502193995440526,0.0052092732598546885,0.12253581859447338,0,9526.666015625,overall|small
2401247,6,6,leaves on the ground,4760,0.09486607142857142,0.016947140643498778,0.024715459506331885,0.051160059055360425,0,9853.0185546875,overall|part
2401248,0,8,yellow mustard container on door,504,0.010044642857142858,0.001953827457754873,0.0020369332365530925,0.04570005053565616,0,11307.599609375,overall|small|part
2401248,1,0,jar of jam,506,0.010084502551020409,0.0035858286381750645,0.004429883526801092,0.018471996774786545,0,2109.949462890625,overall|small
2401248,2,1,five beers in fridge,343,0.0068359375,0.006415709078701422,0.006509410829168436,0.3082915992848032,0,16244.791015625,overall|small
2401248,3,4,jar of pickle relish,120,0.0023915816326530613,0.002475563078147042,0.0026482130362213154,0.036582628885904946,0,1657.689697265625,overall|small
2401248,4,5,bottle of salad dressing,145,0.002889827806122449,0.0014470901293047358,0.0015111720145306682,0.03299902554216056,0,3166.322998046875,overall|small
2401248,5,6,There is butter on the shelf,176,0.00350765306122449,0.004722629177615046,0.004778106674017996,0.2891394008289684,0,10650.35546875,overall|small
2401248,6,7,carton of eggs at top,192,0.003826530612244898,0.0005363368609159868,0.0005564731568733698,0.014605366935332617,0,5039.29150390625,overall|small
2401249,0,0,wake of a person sailing,25,0.0004982461734693878,7.870274185732165e-05,7.905076580680871e-05,0.017562714815139772,0,5554.251953125,overall|small
2401249,1,1,hands holding camera to take a photo,224,0.004464285714285714,0.00019368091176306528,0.00032420727317035214,0.0004808420781046152,0,332.22149658203125,overall|small
2401249,2,2,a person is skydiving,968,0.019292091836734693,0.005014474171731639,0.005933133530474226,0.031369889078061444,0,5118.04638671875,overall|small
2401249,3,4,part of tree trunk to left of the woman,845,0.016840720663265307,0.09915707225169043,0.09992090627798178,0.9284243250739646,1,7851.3955078125,overall|small
2401249,4,6,part of coat woman in red boots is wearing,162,0.0032286352040816328,8.391833443597931e-05,8.533902466111452e-05,0.005015582950026901,0,9521.1357421875,overall|small
2401249,5,7,part of scarf woman is wearing,231,0.004603794642857143,0.010222284994045795,0.010363955950526714,0.4278562471464083,0,9536.396484375,overall|small
2401249,6,8,grass by picnic bench,147,0.0029296875,0.0063841167194268805,0.006419663814678422,0.535520177309205,0,12262.552734375,overall|small
2401250,0,5,Red stop sign on the road,176,0.00350765306122449,0.004096870511973368,0.004174332359047075,0.18084875020113858,0,7625.02294921875,overall|small|text
2401250,1,2,fire hydrant to the right of skateboarder,63,0.0012555803571428572,0.0007648831431201225,0.0007688217728149025,0.1299092731778584,0,10645.2294921875,overall|small
2401250,2,4,Dirty white skate shoes with black accents,510,0.01016422193877551,0.03593394963046759,0.038650214387253974,0.3383226282456342,0,4464.25830078125,overall|small
2401250,3,7,mini van parked in drive way,575,0.011459661989795918,0.032410873050480876,0.03415235248194171,0.38860855765964675,0,6542.73876953125,overall|small
2401250,4,8,Black wheels on the skateboard,210,0.004185267857142857,0.008507827287099538,0.00855429680551729,0.6103119623093378,0,14982.5888671875,overall|small
2401250,5,9,Windows with white frames,182,0.003627232142857143,0.0001208124861330005,0.00013060586131475376,0.001608581005871951,0,2241.566650390625,overall|small
2401250,6,0,boy wearing a hooded sweatshirt,3388,0.06752232142857142,0.23199940240634934,0.3619356246384408,0.39255193104569436,1,3674.592529296875,overall
2401251,0,9,The design on the man's shirt,989,0.01971061862244898,0.005030301484588383,0.006560688917482133,0.021109416101530904,0,3182.167724609375,overall|small|text
2401251,1,5,black beard on man's face,816,0.016262755102040817,0.006938821337506256,0.010750850078639606,0.019193565144258386,0,1456.810302734375,overall|small|part
2401251,2,0,cell phone in man's pocket,952,0.018973214285714284,0.031170217587202325,0.03450911144427343,0.2436616240429277,0,6721.873046875,overall|small
2401251,3,4,white wii remote control,360,0.007174744897959184,0.0004211714763438105,0.00043848164643671623,0.010556021001603869,0,8666.6513671875,overall|small
2401251,4,7,drawer in desk without cover,480,0.009566326530612245,0.004662389211444623,0.004768041549930128,0.17383467356363932,0,17499.982421875,overall|small
2401251,5,8,The man's glasses,420,0.008370535714285714,0.036455438221992424,0.050830925348624885,0.11418540591285342,0,943.4782104492188,overall|small
2401251,6,1,black office chairs,2448,0.04878826530612245,0.009517155610801603,0.01139909369564733,0.0545044132307464,0,11705.0361328125,overall
2401252,0,0,Arm band is red and green.,846,0.01686065051020408,0.07442842551222638,0.07588539745171441,0.7949371698618499,0,8862.26953125,overall|small|part
2401252,1,3,left hand of a girl,1386,0.027622767857142856,1.2084572300803375e-05,1.5469350125485347e-05,5.522671371999413e-05,0,4948.12158203125,overall|part
2401252,2,1,a white wii remote,3956,0.07884247448979592,0.15032251869419558,0.1683238387871861,0.5843052878538928,0,13732.52734375,overall
2401252,3,2,an asian young child,17667,0.3521006058673469,0.14193512655704718,0.24970498732329496,0.24747902383327672,0,17509.509765625,overall
2401253,0,0,empty white beach chairs,546,0.010881696428571428,0.0034452517600942743,0.0037035009214978387,0.04708149668934581,0,6941.13427734375,overall|small
2401253,1,1,blue beach chair in sand,630,0.012555803571428572,0.033568070493088666,0.03520166663124114,0.41973281133742557,0,7511.90771484375,overall|small
2401253,2,3,yellow umbrella on beach,342,0.006816007653061225,0.001455037227219504,0.0015212401599495329,0.03235278770937557,0,7273.44287109375,overall|small
2401253,3,4,yellow umbrella on beach,90,0.001793686224489796,9.985008994906346e-05,0.00010107552084329825,0.008168522516886394,0,7273.44287109375,overall|small
2401253,4,7,blue beach chair in sand,738,0.014708227040816327,0.030719487279643957,0.032731983406293665,0.33317024210281165,0,7511.90771484375,overall|small
2401253,5,8,A person standing on the beach.,198,0.003946109693877551,0.004746410430698637,0.004870349053097084,0.15719716235844775,0,6390.72021484375,overall|small
2401253,6,9,yellow umbrella on beach,418,0.008330676020408163,0.0007814294083047596,0.0008256924244685373,0.014367527938915782,0,7273.44287109375,overall|small
2401254,0,5,A small gray logo over the man's chest on the left side,72,0.0014349489795918368,0.0014766571280457042,0.001523678145029445,0.04566482702891032,0,2157.84912109375,overall|small|text
2401254,1,9,Man wearing yellow shirt.,660,0.013153698979591837,0.0048424935512739195,0.007375193247796071,0.013905205871119644,0,1244.365478515625,overall|small|text
2401254,2,1,Man has dark hair.,783,0.015605070153061224,0.0018769716053444437,0.0022130856530637416,0.012207729149595531,0,4319.1513671875,overall|small|part
2401254,3,2,The man's thick metal bracelet,84,0.0016741071428571428,2.1729136085881795e-08,2.187618997846109e-08,3.2324827597698286e-06,0,12412.05859375,overall|small
2401254,4,4,metal railing along sidewalk.,420,0.008370535714285714,0.016189618769167233,0.01659339972053694,0.3995123726981027,0,10112.1650390625,overall|small
2401254,5,6,grass on the ground.,230,0.004583864795918368,1.4221705242531049e-05,1.4744056017084453e-05,0.0004012657572393832,0,6259.5478515625,overall|small
2401254,6,7,metal pole on sidewalk.,272,0.005420918367346939,0.008342900629358939,0.008438492238675108,0.42412303475772634,0,13670.8623046875,overall|small
2401255,0,1,hood of car is white.,264,0.0052614795918367345,0.002422252388368982,0.0025695320937309607,0.040546597856463806,0,4165.8564453125,overall|small
2401255,1,2,Statue on the right side of the stairs,945,0.018833705357142856,0.019625355936292634,0.020717526799186217,0.27128354027157736,0,12374.2060546875,overall|small
2401255,2,3,metal parking meter,1003,0.019989636479591837,0.023347198534379186,0.025849966808399454,0.19429087615084434,0,7538.64599609375,overall|small
2401255,3,4,Woman walking in the street,390,0.007772640306122449,0.0050310223077494045,0.0052326788042442235,0.1154727055476262,0,8606.3671875,overall|small
2401255,4,5,two people leaving building,154,0.0030691964285714285,0.003825724377617427,0.003892347775878901,0.18267988229726817,0,7227.69482421875,overall|small
2401255,5,6,statue of religious figure,300,0.005978954081632653,0.004936928940218367,0.005094060801905084,0.1379684829711914,0,8125.25537109375,overall|small
2401255,6,7,the hub caps are circles.,99,0.0019730548469387753,0.0006569864952359922,0.0006869572772987497,0.01483532033785425,0,2137.973876953125,overall|small
2401256,0,5,logo on the arm of a baseball uniform ,210,0.004185267857142857,0.004609074629918536,0.004654288223319143,0.3217847914922805,0,14518.8271484375,overall|small|text|part
2401256,1,2,left hand giving a signal ,364,0.007254464285714286,2.5346653278669113e-06,2.8632720549439367e-06,2.2084989513342196e-05,0,2807.604736328125,overall|small|part
2401256,2,3,The mitt is black.,1000,0.01992984693877551,0.05952627857822739,0.06346245424733665,0.489726806640625,0,7716.7958984375,overall|small
2401256,3,4,baseball cap on player,744,0.01482780612244898,0.022092933058692536,0.025467267982429622,0.14291320308562247,0,4175.06201171875,overall|small
2401256,4,6,pocket on left side,324,0.0064572704081632655,0.0020236400799067107,0.0021185464760065157,0.04322029631814839,0,6609.89794921875,overall|small
2401256,5,0,name and number of baseball player,1375,0.027403539540816327,0.0074300054612784685,0.00880215230144347,0.04549419611150568,0,7106.72998046875,overall|text
2401256,6,1,bright green grass of baseball field,7238,0.14425223214285715,0.027323866547081924,0.053182945033467564,0.05320558023571342,0,7241.08056640625,overall
2401257,0,1,text reading'09,40,0.0007971938775510204,0.0016625799083313352,0.0016758558929521206,0.17346560955047607,0,4140.3466796875,overall|small|text
2401257,1,2,arm of a human in back,7315,0.14578683035714285,0.22820493470584358,0.2620366133500226,0.6386651999316473,0,17828.943359375,overall|part
2401257,2,0,The plate is white.,29104,0.5800382653061225,0.3508941333626952,0.8590090136816165,0.372338209524464,1,12615.154296875,overall
2401258,0,8,man with grey hair,459,0.00914779974489796,0.026057230470199706,0.028332716940987022,0.2449672424715329,0,3968.5556640625,overall|small|part
2401258,1,4,black backpack on a woman,444,0.008848852040816327,0.009630738666864057,0.010942420424093074,0.07436748882671734,0,3017.53759765625,overall|small
2401258,2,6,dark purple backpack,468,0.00932716836734694,0.009845457766420384,0.010685603960809158,0.11128636710664146,0,4874.0361328125,overall|small
2401258,3,0,tan duffel bag in middle,1960,0.0390625,0.008453787302829488,0.010997182069192694,0.03526367654605787,0,6284.9560546875,overall
2401258,4,1,blue instrument case,1386,0.027622767857142856,0.0024683008307372196,0.0026280842098763252,0.03901420251975672,0,20575.32421875,overall
2401258,5,2,man wearing blue shorts,1520,0.030293367346938774,0.031920210232995724,0.03974055692326127,0.13956921226099916,0,5338.25439453125,overall
2401258,6,3,large round white column,2352,0.046875,0.0070803208977882545,0.00973365301979422,0.025316337338921163,0,6117.3359375,overall
2401259,0,2,a green carrot leaf,432,0.00860969387755102,0.004490814237381351,0.012530771132312718,0.0069505638546413845,0,239.62161254882812,overall|small|part
2401259,1,6,a green carrot leaf,256,0.00510204081632653,0.0001225558948300506,0.0002534575503382389,0.00023724182392470539,0,239.62161254882812,overall|small|part
2401259,2,3,brown spots on carrots,338,0.0067362882653061226,0.004882124433512323,0.0055559855141705744,0.03869550750100401,0,2354.052490234375,overall|small
2401259,3,5,an unpeeled orange carrot,910,0.018136160714285716,0.00018584848204922659,0.00033774788458761545,0.0004130628737774524,0,1112.9224853515625,overall|small
2401259,4,0,large carrots are toward the bottom,7208,0.14365433673469388,0.026473195404185915,0.24098608925334694,0.028881333379713728,0,863.8533935546875,overall
2401259,5,1,The umbrella is yellow and red,17280,0.34438775510204084,0.20619217869291567,0.34671107788363,0.33720005176685475,0,16805.97265625,overall
2401259,6,4,purple carrots on the table,1280,0.025510204081632654,0.0006613970507637146,0.000690582790792096,0.015408605337142944,0,28559.95703125,overall
2401260,0,1,red pasta on a white dish on a table,768,0.015306122448979591,0.007434505725324998,0.007658869358829601,0.2024144728978475,0,20297.29296875,overall|small
2401260,1,0,broccoli rabe,33790,0.6734295280612245,0.08623685862940761,0.8398687746349489,0.08767847770697691,1,3527.522216796875,overall
2401261,0,0,person is flying a kite,252,0.005022321428571429,0.0019523453796672422,0.0020218065016315845,0.05377130281357538,0,6702.109375,overall|small
2401261,1,5,wave in the ocean,310,0.0061782525510204085,0.001952641412458318,0.001992856094539824,0.08822681673111454,0,13724.1787109375,overall|small
2401261,2,7,white wave in ocean,276,0.005500637755102041,0.007522226348149466,0.00764579217596821,0.3176144862520522,0,11465.3388671875,overall|small
2401261,3,8,bird next to bird,12,0.00023915816326530612,0.0001469793492486922,0.00014737971747494575,0.05132757127285004,0,4179.21044921875,overall|small
2401261,4,1,white cloud in grey sky,2440,0.04862882653061224,0.0012058944776864944,0.004137589793130857,0.0016990235594452404,0,1001.940185546875,overall
2401261,5,2,flock of birds flying above the ocean,1944,0.038743622448979595,0.055747297993677454,0.07497348827541653,0.17857012336636768,0,4630.17431640625,overall
2401261,6,3,huge kite in the air,2968,0.05915178571428571,0.11489802733222075,0.1391565145141368,0.39726417726583557,0,8473.0498046875,overall
2401262,0,1,the hand of the woman,40,0.0007971938775510204,0.002564607319940373,0.00259041967911999,0.20469117164611816,0,3160.741455078125,overall|small|part
2401262,1,2,part of a building,21,0.0004185267857142857,0.0016094526183049044,0.0016104270971672473,0.7267600468226841,0,9476.96484375,overall|small
2401262,2,3,edge of a building ,70,0.0013950892857142857,0.000853051226450693,0.0008581985323034019,0.12451749529157366,0,10156.419921875,overall|small
2401262,3,4,a kite in the sky,448,0.008928571428571428,0.01007894384100706,0.010621728301486904,0.16474172047206334,0,6948.42578125,overall|small
2401262,4,6,a lady pointing to something,304,0.006058673469387755,0.030704178998435357,0.030999910264881754,0.7629519010844984,0,7481.87255859375,overall|small
2401262,5,7,part of sea water,140,0.0027901785714285715,0.00020096133629278053,0.00020406555574462043,0.013038570540291922,0,8945.1640625,overall|small
2401262,6,8,A person's knee.,72,0.0014349489795918368,0.00016613374003240932,0.0001690912704649421,0.00940901537736257,0,4006.410888671875,overall|small
2401263,0,0,the color light brown,60,0.0011957908163265306,0.0019324029639087557,0.0019365061809947317,0.47698586781819663,0,14778.755859375,overall|small
2401263,1,1,black arch design on bed,330,0.006576849489795918,0.007765700721775765,0.008196441898931244,0.12874617143110795,0,5183.49755859375,overall|small
2401263,2,3,brownish red carpeted floor,198,0.003946109693877551,0.00073564336058345,0.0007622188497090174,0.020663210839936226,0,5367.63916015625,overall|small
2401263,3,5,pastel colored lamp with a white shade,575,0.011459661989795918,0.018982753161332692,0.020792083283542415,0.17907767917798914,0,4952.349609375,overall|small
2401263,4,6,the white bed skirt,280,0.005580357142857143,0.0048125653787987515,0.004927958675081027,0.17048538752964565,0,9686.7509765625,overall|small
2401263,5,8,vent above the bed,374,0.007453762755102041,0.00025837283901776774,0.0003076147013639892,0.0016114582671201165,0,1959.2216796875,overall|small
2401263,6,9,small table on the headboard,186,0.003706951530612245,0.007003905167962527,0.007112041731551511,0.3153687753985005,0,8247.78515625,overall|small
2401264,0,0,shadow cast on white plate,648,0.012914540816326531,0.004463068604305212,0.005626053951748311,0.02113422641047725,0,2434.206787109375,overall|small
2401264,1,3,a splash of gravy on the side of the plate,378,0.007533482142857143,0.0020730448511660496,0.0021371973639878338,0.06460062662760417,0,11425.728515625,overall|small
2401264,2,5,red plate with food,888,0.017697704081632654,0.009242801325740544,0.00971997618051227,0.15844353684433946,0,14475.1240234375,overall|small
2401264,3,8,a red bowl with food inside it,594,0.011838329081632654,0.007086727954722827,0.007460304223422824,0.12397635103476168,0,9871.1728515625,overall|small
2401264,4,1,Shiny light green piece of broccoli on the bottom left. ,5082,0.10128348214285714,0.027064517266125375,0.06331365920862579,0.04513782799971099,0,3623.079833984375,overall
2401264,5,2,some cooked broccoli,4000,0.07971938775510204,0.06248203530754546,0.0994617474259311,0.1438748779296875,0,5786.13916015625,overall
2401264,6,4,Pile of thin sliced carrots on the top of the photo. ,5488,0.109375,0.037916544218258706,0.11482883206375588,0.053575932805809266,0,2560.5478515625,overall
2401265,0,1,white sign on building,429,0.008549904336734694,0.004713239019188506,0.005159621268464372,0.05166451692025423,0,4295.67919921875,overall|small|text
2401265,1,7,red letter on sign.,144,0.0028698979591836736,0.02314768105798179,0.02341887382996528,0.6665466096666124,0,4098.51953125,overall|small|text
2401265,2,2,street light on pole.,120,0.0023915816326530613,0.005843492373870978,0.005882701808146598,0.46715421676635743,0,9529.380859375,overall|small
2401265,3,3,a blue pickup truck,676,0.013472576530612245,0.04351725049420296,0.04615997091330553,0.4318533000156019,0,6324.3720703125,overall|small
2401265,4,4,wood beam of garden bed,917,0.018275669642857144,0.013793484776775198,0.014395278253463543,0.24809137009482346,0,15803.7783203125,overall|small
2401265,5,5,stop lights over road,468,0.00932716836734694,0.023002877728569238,0.024056707652579654,0.34430831517928684,0,6698.185546875,overall|small
2401265,6,6,yellow paint on curb,400,0.007971938775510204,0.015147863966695348,0.016663973730877905,0.1427304744720459,0,3426.0849609375,overall|small
2401266,0,1,the eye of a giraffe,72,0.0014349489795918368,0.0016036643491603557,0.0016306460762754186,0.08835464053683811,0,3901.2353515625,overall|small|part
2401266,1,2,back leg of a giraffe,234,0.00466358418367347,0.00014627617377389312,0.00014988530325728733,0.006038094687665629,0,9426.6357421875,overall|small|part
2401266,2,3,front leg of a giraffe,60,0.0011957908163265306,4.1183212333985554e-05,4.156949123043368e-05,0.004412385324637095,0,6368.68798828125,overall|small|part
2401266,3,6,tail of a giraffe,40,0.0007971938775510204,9.131550133367714e-05,9.183686730660554e-05,0.0158302903175354,0,6894.9609375,overall|small|part
2401266,4,9,branch of a tree,156,0.0031090561224489796,9.810389090684375e-05,0.00010311503727926555,0.0020146301159491907,0,3047.88037109375,overall|small|part
2401266,5,4,neck of a giraffe,297,0.005919164540816327,0.01245788654930607,0.012524946793520586,0.6994089454111426,0,16584.857421875,overall|small
2401266,6,7,part of a grass,336,0.006696428571428571,0.0035573965380387815,0.0038461846213138813,0.045235500449226015,0,3951.74169921875,overall|small
2401267,0,0,a field of tall grass,30459,0.6070432079081632,0.033730177207969676,0.12629530257242821,0.043996478712931726,0,10610.7568359375,overall
2401267,1,1,the trees are green,16568,0.3301977040816326,0.02951004430556229,0.07349198044928879,0.046992833806603844,0,10594.0439453125,overall
2401268,0,2,Knob of cotton ball container top,117,0.002331792091836735,0.0016583769263101883,0.0016930597718348033,0.07489165281638122,0,5175.4365234375,overall|small
2401268,1,5,Silver fixtures on sink.,957,0.019072863520408163,0.011127051976107945,0.012101378999310559,0.12142032316361351,0,9602.1494140625,overall|small
2401268,2,7,Cotton balls inside of container.,540,0.010762117346938776,0.006234630601084536,0.006628526427069184,0.09495473791051794,0,7735.58935546875,overall|small
2401268,3,0,Black and white keyboard,7392,0.14732142857142858,0.25148101254959104,0.562615113221715,0.3125948224748884,1,4107.072265625,overall
2401268,4,1,a medical chart lying open,12740,0.25390625,0.061954931972203295,0.534562260999984,0.0654875607093799,1,1560.73779296875,overall
2401268,5,3,Wooden tongue depressors in container.,2535,0.05052216198979592,0.06685119848716786,0.07975178733000297,0.2924240804517998,0,9295.02734375,overall
2401268,6,4,Water bottle sitting on desktop,1127,0.0224609375,0.0008268726676894554,0.0008995057694087363,0.010136391065135506,0,12699.98828125,overall
2401269,0,7,yellow shirt on boy's torso.,48,0.0009566326530612245,0.00045546156010130095,0.00045706920849622847,0.11464615662892659,0,12039.7861328125,overall|small|text
2401269,1,0,clear blue sky above.,714,0.014229910714285714,0.0010741767956371916,0.002731193414350841,0.00176739291984494,0,462.03924560546875,overall|small
2401269,2,2,pattern on woman's dress.,289,0.0057597257653061226,0.008213532437410555,0.009775780115604593,0.04888381430022032,0,1445.145263671875,overall|small
2401269,3,3,The brown pants the boy is wearing.,180,0.003587372448979592,0.0005622169118081861,0.0005711050203323235,0.03486569192674425,0,10988.9150390625,overall|small
2401269,4,4,umbrella behind the boy.,75,0.0014947385204081632,0.0039549241040595495,0.003957997733287388,0.8358736165364583,0,15838.9482421875,overall|small
2401269,5,6,yellow bag near inflatable gym.,40,0.0007971938775510204,0.0005915116241078959,0.000593837165448193,0.13122429847717285,0,8839.076171875,overall|small
2401269,6,8,bracelet on woman's wrist.,32,0.0006377551020408163,0.0035790663336218186,0.003769333430156011,0.06620946526527405,0,562.0895385742188,overall|small
2401270,0,1,herd of zebras walking behind other zebras,232,0.004623724489795918,0.001599556289078701,0.0016613620162686624,0.04122419192873199,0,5756.72998046875,overall|small
2401270,1,0,large group of zebras walking,12627,0.2516541772959184,0.16418593442090046,0.6144343008442318,0.1830448347910232,1,3761.68310546875,overall
2401270,2,2,herd of zebras in the lower field,3680,0.07334183673469388,0.02509446702874814,0.035137829480219894,0.08070982228154722,0,8452.7744140625,overall
2401270,3,3,bunch of low bushes in background,3393,0.06762197066326531,0.04678912265271583,0.08522288071135614,0.09399776531818727,0,3742.356689453125,overall
2401270,4,4,tall brown grass covering the ground,2993,0.059650031887755105,0.007952838839248244,0.009568534927547327,0.04498009597263406,0,14069.5966796875,overall
2401271,0,0,Dog's long furry pointy tail,854,0.017020089285714284,0.008661050180155193,0.00954235547741159,0.08573747407077906,0,7673.13720703125,overall|small|part
2401271,1,1,Dog's big red tongue,260,0.005181760204081632,0.0128942346407174,0.013303729263755693,0.2952336824857272,0,5769.86767578125,overall|small
2401271,2,2,a dog collar ,800,0.01594387755102041,0.017505763532723855,0.022086166712559238,0.07784018993377685,0,2819.50927734375,overall|small
2401271,3,4,The dog's nose is black.,140,0.0027901785714285715,0.002629937246327547,0.0032722452115993513,0.013221105507441929,0,565.65283203125,overall|small
2401271,4,7,Dog's brown back left paw,420,0.008370535714285714,0.000621030319941199,0.0006380120726395838,0.02280040014357794,0,15009.3837890625,overall|small
2401271,5,5,Dog's brown left front leg,2254,0.044921875,0.011658112364390563,0.01754815734082952,0.033567027487158244,0,4311.568359375,overall|part
2401271,6,3,The circle designed curtain.,5896,0.1175063775510204,0.37996353427362284,0.39107976628299806,0.9303983897981682,1,14026.8798828125,overall
2401272,0,0,Tail of a smaller zebra. ,204,0.004065688775510204,0.002150187652917892,0.0022041591054536413,0.08072373446296244,0,7471.16748046875,overall|small|part
2401272,1,1,Back two legs of a larger black and white zebra. ,612,0.012197066326530613,0.03174270130185784,0.03601710725082471,0.21102740717869178,0,3585.761962890625,overall|small|part
2401272,2,3,front leg of a zebra,87,0.0017338966836734694,0.0009183068258273538,0.0009289509958684648,0.07419716626748271,0,6948.86328125,overall|small|part
2401272,3,5,head of a zebra,90,0.001793686224489796,0.002781024703215847,0.0027978055365968446,0.3167858123779297,0,10190.3876953125,overall|small|part
2401272,4,4,Light colored rock in between two zebras. ,234,0.00466358418367347,0.0021638247886043654,0.002216004544005041,0.08416081289959769,0,8886.9990234375,overall|small
2401272,5,6,A dark grey rock beside the grazing deer,240,0.0047831632653061226,0.013792303144819891,0.013976835350782334,0.5109202702840169,0,8773.1494140625,overall|small
2401272,6,7,The shadow of the little zebra,416,0.008290816326530613,0.030976143628317344,0.03293893752982755,0.34203213911790115,0,4319.6708984375,overall|small
2401273,0,1,the dog's eyes are black,3111,0.062001753826530615,0.21387519783406844,0.26275199725618237,0.534829787447766,1,6332.41796875,overall|part
2401273,1,0,a black skateboard under the dog,15456,0.3080357142857143,0.07468435900272485,0.1534055104233644,0.127048437146173,0,12800.45703125,overall
2401274,0,1,cheese mixed with carrots,598,0.011918048469387755,0.0014587802282697712,0.0015346409409433739,0.028664796248726223,0,11169.7451171875,overall|small
2401274,1,6,A leaf of spinach.,2337,0.046576052295918366,0.01635170796120765,0.0630129912915309,0.0216048293303464,0,801.2710571289062,overall|part
2401274,2,0,the salad has spinach ,4736,0.09438775510204081,0.10271491575952499,0.13811174463499598,0.28610907374201594,0,9810.9873046875,overall
2401274,3,2,Two pieces of broccoli. ,2337,0.046576052295918366,0.00946959522515136,0.012320207122913294,0.03931796229390645,0,7458.16015625,overall
2401274,4,3,the table is made of metal,1144,0.022799744897959183,0.006937861967227885,0.007701047755033307,0.06542719994391595,0,9719.2900390625,overall
2401274,5,4,A sliver of carrots.,2448,0.04878826530612245,0.005351656992006321,0.009579161267816206,0.011981107051076453,0,3061.82861328125,overall
2401274,6,5,the rim of a table,1189,0.02369658801020408,0.01074964760957132,0.012186006794620565,0.08357731568101477,0,8154.71630859375,overall
2401275,0,5,an exit sign,200,0.003985969387755102,0.006979765065485976,0.008768260007078102,0.03308674335479736,0,754.6934814453125,overall|small|text
2401275,1,3,a tennis player's left shoe,551,0.010981345663265306,0.0030821924210878426,0.0032596733218921794,0.0535757269054489,0,9056.19140625,overall|small|part
2401275,2,4,a tennis player's right shoe,320,0.006377551020408163,0.004246149246814554,0.004417932595132571,0.09845150709152221,0,7131.04638671875,overall|small|part
2401275,3,2,blue tennis shorts,855,0.017040019132653062,0.00010884591903410886,0.00012617091705474686,0.0007920527318764849,0,5367.36279296875,overall|small
2401275,4,6,2 men are sitting in first row,864,0.01721938775510204,0.001832906640388079,0.0019216353491507386,0.038180426315025044,0,17166.5703125,overall|small
2401275,5,8,a long black umbrella,312,0.006218112244897959,0.004374189986243198,0.004634245448759764,0.07231234892820701,0,4868.419921875,overall|small
2401275,6,9,green plants behind the barrier fence,806,0.016063456632653062,0.007416277113877065,0.008379137192107977,0.0606262216497,0,5831.71435546875,overall|small
2401276,0,0,surfer walking in the water,2907,0.057936065051020405,0.08265149377369842,0.08780773694492211,0.5846323092696508,0,19355.083984375,overall
2401276,1,1,the ship has a white sail,2397,0.047771843112244895,0.0019814368892958553,0.0025139144927833323,0.009267990818906934,0,8836.96484375,overall
2401276,2,2,white wave moved by the wind,3568,0.07110969387755102,0.010656444244001593,0.017853730470117474,0.02575379529876025,0,5146.7978515625,overall
2401277,0,7,round logo on surfboard,456,0.009088010204081632,0.009911858751930694,0.010172859662387117,0.27866995962042557,0,12491.423828125,overall|small|text
2401277,1,3,boy has brown curly hair,999,0.019909917091836735,0.044950421618143,0.04879730114311821,0.3631351383121403,0,7434.263671875,overall|small|part
2401277,2,1,ripple in ocean water,390,0.007772640306122449,0.001613229330398223,0.0017149356486376678,0.02648135943290515,0,6022.22607421875,overall|small
2401277,3,2,dirt spots on surfboard,882,0.017578125,0.03702440144432079,0.04033565726554618,0.3108240244339924,0,6796.63623046875,overall|small
2401277,4,0,wetsuit bottoms of kid,3204,0.06385522959183673,0.019764949222403468,0.025644057106558243,0.07936995812272013,0,9916.580078125,overall
2401277,5,4,dark blue ocean water,4028,0.08027742346938775,0.00484956997058056,0.00999985222170834,0.00932815176727992,0,3757.43505859375,overall
2401277,6,5,dark blue ocean water,2968,0.05915178571428571,0.0499031720055569,0.08507614525211538,0.10770488235185731,0,3757.43505859375,overall
2401278,0,1,pencil holder on shelf,224,0.004464285714285714,0.009776057158978401,0.009939983407562658,0.37217085702078684,0,8386.962890625,overall|small
2401278,1,3,section of a shelf,738,0.014708227040816327,0.013231338977053444,0.01716105751342972,0.0546248883089722,0,2349.107421875,overall|small
2401278,2,4,part of a drawer ,160,0.0031887755102040817,7.999300234972007e-05,8.108311133225674e-05,0.005914746224880219,0,11671.4736328125,overall|small
2401278,3,6,section of a brown surface,299,0.0059590242346938774,0.0040768417667585944,0.004260144234788326,0.08654955478017545,0,6074.5166015625,overall|small
2401278,4,7,red basket on top of dresser,900,0.01793686224489796,0.001123073777818719,0.001180906613162323,0.022418287065294053,0,17085.56640625,overall|small
2401278,5,8,part of a wooden floor,180,0.003587372448979592,0.00038016282786128356,0.00040995924937644055,0.005203320251570808,0,2284.611572265625,overall|small
2401278,6,9,unsolved Rubik's cube,96,0.001913265306122449,0.018961127792028257,0.019377046163217754,0.4690374533335368,0,2323.759521484375,overall|small
2401279,0,1,Flower centerpiece on table,512,0.01020408163265306,0.029208457508938183,0.029235041085310897,0.9698083400726318,0,16984.4765625,overall|small
2401279,1,0,Smiling couple,33166,0.6609933035714286,0.2695960235520873,0.956882820037259,0.2729113528820931,1,9459.2333984375,overall
2401280,0,1,circular red sign with one flat white line,722,0.014389349489795918,0.0004432371792512362,0.000674394688595582,0.0012914603601862518,0,1382.6241455078125,overall|small|text
2401280,1,3,red stop sign on a city street,476,0.009486607142857142,0.012026184204719143,0.012145919535669345,0.549535927652311,0,21536.376953125,overall|small|text
2401280,2,6,black and white sign with arrow pointing right,143,0.002849968112244898,0.0024813800736031835,0.0025794269136868533,0.06128003047062801,0,3397.283447265625,overall|small|text
2401280,3,7,"red, white, and black caution sign",418,0.008330676020408163,0.009128765196506246,0.009604255425328143,0.15568254096656325,0,6775.673828125,overall|small|text
2401280,4,0,metal divider on a pole,702,0.013990752551020409,0.011994562018406433,0.014579718476945133,0.06336057831419159,0,3050.75341796875,overall|small
2401280,5,2,small black tire on a car,70,0.0013950892857142857,0.0005868910120587996,0.0005910109325057663,0.07765304020472935,0,9197.3134765625,overall|small
2401280,6,4,person driving small white car,460,0.009167729591836735,0.0035480663308375604,0.0038718224884706546,0.040704420338506284,0,4835.97412109375,overall|small
2401281,0,1,steeple on top of church,330,0.006576849489795918,0.00012033546407232403,0.0001290713715959758,0.0017747781493447044,0,4537.61962890625,overall|small
2401281,1,0,wintry day in front of the clock tower,26568,0.5294961734693877,0.09229183750410953,0.6954031690694127,0.09617992884708577,1,3674.571044921875,overall
2401282,0,5,The text is white.,880,0.017538265306122448,0.011243891093032274,0.03678735372431236,0.015935257348147304,0,381.1914978027344,overall|small|text
2401282,1,7,the black face of the sheep,414,0.00825095663265306,0.022655920744326145,0.02281705024615087,0.7623706762341486,0,13832.7021484375,overall|small|part
2401282,2,0,trough for the sheep.,279,0.005560427295918368,0.005686418438302794,0.00573920928423932,0.38203118437079975,0,18571.669921875,overall|small
2401282,3,1,hazy sky in the background.,372,0.00741390306122449,0.00013881371501729022,0.0001674511527357594,0.0008110245389323081,0,1801.7261962890625,overall|small
2401282,4,6,pasture in the distance.,126,0.0025111607142857145,0.000990538790886295,0.0010038877605489168,0.06932753608340309,0,8701.4404296875,overall|small
2401282,5,8,grass on the ground.,210,0.004185267857142857,0.00012520423389743968,0.0001303058930314785,0.0031877554598308743,0,5137.36279296875,overall|small
2401282,6,3,a tree with green leaves,4264,0.08498086734693877,0.09538198143406239,0.2992557847848326,0.12281183811781778,0,1749.9066162109375,overall|part
2401283,0,6,corner of street sign to exit,156,0.0031090561224489796,0.0005887498960105538,0.0006041575843122534,0.022564803942655906,0,5826.4755859375,overall|small|text
2401283,1,7,dust covered ford logo,357,0.007114955357142857,0.002420402025986053,0.002559737270637845,0.042572374103449974,0,5937.4599609375,overall|small|text
2401283,2,1,white house with dark roof,165,0.003288424744897959,0.0002118637831579205,0.00024221338616610375,0.001687983310583866,0,1149.8837890625,overall|small
2401283,3,3,clean spots on dirty SUV,777,0.015485491071428572,0.020687953183086638,0.021341545309364985,0.4031694527605172,0,14678.537109375,overall|small
2401283,4,4,a fence alongside a road,912,0.018176020408163265,0.08389739747767637,0.08972651699084987,0.5635887279845121,0,5728.439453125,overall|small
2401283,5,8,grass and dirt,440,0.008769132653061224,0.0022661789938136713,0.002434672641529853,0.031707204471934924,0,5730.20361328125,overall|small
2401283,6,0,white line on road,1452,0.02893813775510204,0.03953701070931395,0.04299727330582865,0.32943847488109074,0,11125.0,overall
2401284,0,0,A number sign,121,0.0024115114795918366,8.910610946143617e-07,9.002761611607165e-07,8.704562571423112e-05,0,11699.2109375,overall|small|text
2401284,1,4,tracks in the snow,425,0.008470184948979591,0.01482073300026731,0.014858390121378824,0.8539682186351103,0,24426.3671875,overall|small
2401284,2,1,A man skiing on a road,11832,0.23580994897959184,0.06759714338319359,0.18567976234633943,0.09608078776701952,0,6122.51904296875,overall
2401284,3,2,A clear blue sky,3750,0.07473692602040816,0.002177101535257785,0.01147267657250428,0.0026797963460286458,0,875.9277954101562,overall
2401284,4,3,group of evergreen trees,2522,0.05026307397959184,0.05640169392884779,0.1025054927694565,0.11142819651906968,0,2741.5302734375,overall
2401285,0,0,Both people are skiing.,27495,0.5479711415816326,0.3276248927462435,0.6347861561040337,0.4037243632364975,1,17486.8359375,overall
2401286,0,0,black and white ram face,1517,0.030233577806122448,0.023587750600663402,0.02682357680551963,0.16355235150713784,0,9249.658203125,overall|part
2401286,1,1,sheep grazing on a dry grassy hillside,25415,0.5065170599489796,0.21626564850552085,0.5812606060098805,0.25617745425929567,0,11201.0859375,overall
2401286,2,2,A white sheep in the back eating grass,2700,0.053810586734693876,0.11717270393961837,0.1541098515263442,0.3283497450086806,0,5752.677734375,overall
2401286,3,3,a black sheep eating grass,4108,0.08187181122448979,0.10119708347709773,0.13799445486613163,0.2751001582753925,0,8189.54248046875,overall
2401287,0,6,the surfer's hair is dark colored,264,0.0052614795918367345,0.004848566439978372,0.005054429579768174,0.10637995691010446,0,5556.37548828125,overall|small|part
2401287,1,7,legs of a man,45,0.000896843112244898,0.0001659587994109968,0.00016893055844084315,0.00934581094317966,0,2489.552490234375,overall|small|part
2401287,2,0,green ocean water,820,0.01634247448979592,0.0019212926511808638,0.0025819248987028896,0.007452954315557712,0,2367.00244140625,overall|small
2401287,3,2,back of person,110,0.002192283163265306,0.0005146652082934212,0.0005193301757059492,0.05419053164395419,0,11478.1669921875,overall|small
2401287,4,4,back of surf board,20,0.0003985969387755102,0.0011345045437798325,0.0011347412803420292,0.8446718215942383,0,14887.478515625,overall|small
2401287,5,1,"a large, dark rock face",25606,0.5103236607142857,0.29473675233244984,0.848907226109167,0.3110542634050613,0,9382.48046875,overall|part
2401287,6,3,the shore is rocky,5740,0.11439732142857142,0.04849354981662003,0.1123734296483558,0.07860153145075675,0,4014.94189453125,overall
2401288,0,0,a glass cup is next to bowl,1584,0.031568877551020405,0.10428310431428005,0.10850010890191426,0.7284910413953993,0,10635.287109375,overall
2401288,1,1,orange pasta,1972,0.03930165816326531,0.0015612435027945017,0.0018771904085969834,0.009190833109145716,0,9655.0263671875,overall
2401288,2,2,fork to the left of the plate,3925,0.07822464923469388,0.006790530665430574,0.008676093535149153,0.030298761258459393,0,13706.93359375,overall
2401288,3,3,The edge of a brown plate or tray,1020,0.02032844387755102,0.004506082761476324,0.016643099788288315,0.006141099742814606,0,376.36749267578125,overall
2401288,4,4,green broccoli,1320,0.026307397959183673,0.0010582333072315388,0.0018319193966829324,0.002499402291846998,0,1800.9586181640625,overall
2401289,0,4,Short yellow pole,234,0.00466358418367347,0.0009314129214386729,0.0009431957767264282,0.06938470530713725,0,17213.83984375,overall|small
2401289,1,5,'sherrif' is written on  trunk,256,0.00510204081632653,0.001207609785944309,0.001326136838151329,0.013331188820302486,0,2573.478271484375,overall|small
2401289,2,6,part of a pole,180,0.003587372448979592,0.0034192401942547183,0.003481070636444702,0.1614284939236111,0,8347.181640625,overall|small
2401289,3,7,back light of a car,88,0.001753826530612245,0.010721203300097015,0.010738778112668256,0.8675672357732599,0,7109.3671875,overall|small
2401289,4,8,Short wooden post in the grass,168,0.0033482142857142855,0.007200651993241315,0.007256117144238225,0.485069819859096,0,11230.7626953125,overall|small
2401289,5,9,License plate on a police car,130,0.002590880102040816,0.009000675540148707,0.009475516046541878,0.15226210080660307,0,2088.970458984375,overall|small
2401289,6,0,Back tire of the sheriff car.,1152,0.02295918367346939,0.0041296862279504775,0.007051068209237893,0.009869070516692268,0,1612.40380859375,overall
2401290,0,0,leaves of a tree,245,0.0048828125,0.021418419195547763,0.027392391239070567,0.08942705271195392,0,799.8435668945312,overall|small|part
2401290,1,2,woman's hand holding string,380,0.007573341836734694,0.012758011838170411,0.019274463260179394,0.036363636819939864,0,716.9165649414062,overall|small|part
2401290,2,5,top part of pole with string running through it,320,0.006377551020408163,0.00350137180591484,0.0035757168655520303,0.14413075447082518,0,12898.6279296875,overall|small
2401290,3,6,sky over the colorful fabric,225,0.00448421556122449,0.007751277648383134,0.008012684722538606,0.1919800482855903,0,5390.89111328125,overall|small
2401290,4,7,tip of tree,91,0.0018136160714285715,2.785001208646971e-05,2.8057808145950973e-05,0.003746379207778763,0,12150.646484375,overall|small
2401290,5,8,edge of a fence,10,0.0001992984693877551,2.1003943969636143e-05,2.1020803416006106e-05,0.025519949197769166,0,12140.330078125,overall|small
2401290,6,9,part of a fence,56,0.0011160714285714285,4.617859969651829e-05,4.6601864801934724e-05,0.00505858553307397,0,6078.74365234375,overall|small
2401291,0,2,white sign with drwaing,168,0.0033482142857142855,0.0001028360726755405,0.00010489704923011485,0.005206771549724397,0,8339.0107421875,overall|small|text
2401291,1,3,Business name visible through trees,468,0.00932716836734694,0.01889177041923204,0.02098475943552225,0.15924911825065938,0,3551.557861328125,overall|small
2401291,2,6,The coin slot on the right meter.,66,0.0013153698979591836,0.0006507968315121019,0.0006595112946323142,0.046940431450352524,0,4697.521484375,overall|small
2401291,3,1,a sign about Jesus taped to a parking meter,1225,0.0244140625,0.023935264619284198,0.031194872487158718,0.09325915278220663,0,3662.21923828125,overall|text
2401291,4,0,A row of shops on a city street,2323,0.04629703443877551,0.057804027147136304,0.0793142806227762,0.17569249547661966,0,5145.77783203125,overall
2401291,5,4,The pole of a parking meter,2139,0.04262994260204082,0.002352492592786577,0.002938157333761371,0.011664300948005238,0,8491.6962890625,overall
2401291,6,5,Mud guard on the back of bicycle tire,2303,0.0458984375,0.02006472470233766,0.02245121006889267,0.15878860400751058,0,16288.2158203125,overall
2401292,0,1,A guard rail along the road,510,0.01016422193877551,0.0007238354800338175,0.0007463093970440025,0.02347277099010991,0,16040.416015625,overall|small|part
2401292,1,3,rear wheel of a vehicle ,280,0.005580357142857143,0.0031252194886257382,0.0034235657642919704,0.034620755059378484,0,2831.49560546875,overall|small|part
2401292,2,5,licence plate on a vehicle ,96,0.001913265306122449,0.01105846340104476,0.011115602086750415,0.682668924331665,0,5895.87646484375,overall|small
2401292,3,6,side rear view mirror on a vehicle ,63,0.0012555803571428572,0.00480705704871541,0.004962775815294593,0.13284884558783638,0,1686.4508056640625,overall|small
2401292,4,8,Rock along the train track,841,0.016761001275510203,0.02935759829307018,0.030693761465129636,0.4027675850921522,0,11035.712890625,overall|small
2401292,5,9,windows on a train car ,345,0.006875797193877551,0.040647362912632726,0.04117437862171352,0.7605176842730978,0,6372.37548828125,overall|small
2401292,6,0,train engine on tracks ,1353,0.026965082908163265,0.086294700270107,0.09646312095120926,0.4501379764441288,1,6313.673828125,overall
2401293,0,7,part of a number plate,40,0.0007971938775510204,3.5315936368649376e-05,3.569382275093721e-05,0.0033247288316488265,0,3725.8310546875,overall|small|text
2401293,1,4,Glasses on man on motorcycle,156,0.0031090561224489796,0.0015191700910988568,0.0015421615545529396,0.09247575662074944,0,9354.5439453125,overall|small
2401293,2,5,Round motorcycle headlight,840,0.016741071428571428,0.0326346218313923,0.034620541680282085,0.36261861891973585,0,8798.234375,overall|small
2401293,3,6,engine of a bike,336,0.006696428571428571,0.009991200785188776,0.01011591747512682,0.44763528733026414,0,14868.197265625,overall|small
2401293,4,8,small circular orange indicator light,240,0.0047831632653061226,8.947709544011105e-06,9.299131085988115e-06,0.0002367135137319565,0,6109.306640625,overall|small
2401293,5,9,part of a jeans,88,0.001753826530612245,0.0001941153457455874,0.00019758703195804642,0.010927130552855406,0,4866.65283203125,overall|small
2401293,6,0,hand on a man,1204,0.023995535714285716,0.003581108949543444,0.005319597924475501,0.010839053562709264,0,2453.234375,overall|part
2401294,0,1,a man in a white shirt,345,0.006875797193877551,0.00033305735063644544,0.0003573997997243646,0.00486620647319849,0,4697.3759765625,overall|small|text
2401294,1,2,a white patch on a pony's head,484,0.009646045918367346,0.004155445469655635,0.00432108832484237,0.09780040457228983,0,10954.5078125,overall|small|part
2401294,2,0,group of carotts,165,0.003288424744897959,0.015047912079124487,0.015216263958064916,0.5762865933504971,0,6249.05615234375,overall|small
2401294,3,4,nose of a horse,54,0.0010762117346938774,0.0005510518505921214,0.0005570027148126077,0.04904875490400526,0,4755.15234375,overall|small
2401294,4,6,pieces of carrot ,208,0.004145408163265306,0.0004300444920223153,0.00044009494134703735,0.01848298540482154,0,8735.5263671875,overall|small
2401294,5,8,red lead attached to horse halter,935,0.0186344068877551,0.014821667459440222,0.01665669558568981,0.11858352416339404,0,6656.51806640625,overall|small
2401294,6,9,leg of a small horse ,2175,0.04334741709183673,0.004737032541853479,0.00597634286961614,0.022333286329247484,0,8127.86328125,overall|part
2401295,0,0,button is on shirt,28728,0.5725446428571429,0.1787051859947851,0.6462677009138779,0.19808012394810812,0,8805.0908203125,overall|text
2401295,1,1,foliage in the background,1426,0.02841996173469388,0.139432243595944,0.14627508963054917,0.7487786120485624,1,7299.6591796875,overall
2401296,0,0,An Airplane in a hanger,39537,0.7879663584183674,0.19006390392311734,0.8363133687424437,0.19740747689664112,1,9332.505859375,overall
2401297,0,0,The kite is blue and black,759,0.015126753826530613,8.638880650721602e-05,9.806170915238625e-05,0.0007252086920857587,0,5613.1328125,overall|small
2401297,1,1,upper part of a kite,176,0.00350765306122449,0.004252879604830996,0.004361887238677782,0.14542835408991034,0,5867.96240234375,overall|small
2401297,2,3,ripples of ocean water,144,0.0028698979591836736,0.0015029391409938906,0.0023037528200103995,0.0043049897584650255,0,269.0907287597656,overall|small
2401297,3,5,Man hovering over water,120,0.0023915816326530613,0.00018378159207650286,0.00022523663476292302,0.000997539795935154,0,531.4622802734375,overall|small
2401297,4,6,part of a sandy beach,56,0.0011160714285714285,0.0007349929168192113,0.0007372509438159802,0.1935333354132516,0,14700.376953125,overall|small
2401297,5,7,yellow part of a kite,72,0.0014349489795918368,0.000582158035941619,0.0005858140017388555,0.0853230290942722,0,10486.7041015625,overall|small
2401297,6,2,Kite strings in the sand,10240,0.20408163265306123,0.030867203991312705,0.05407211149959135,0.06710048317909241,0,12707.2705078125,overall
2401298,0,5,a red rock in the dirt,42,0.0008370535714285714,0.0006013718998029115,0.000604793987704419,0.0960712886991955,0,6671.68359375,overall|small
2401298,1,0,some weeds hanging over the street,15184,0.3026147959183674,0.038286031943183176,0.21603583379060956,0.04446356464864331,0,3125.10546875,overall
2401298,2,1,the street is made of asphalt,6216,0.12388392857142858,0.007686372407668727,0.03940225438464598,0.009458847487755264,0,1492.203857421875,overall
2401298,3,2,the case has white lines,7750,0.1544563137755102,0.032829286631721986,0.08489981213887741,0.05080779832409274,0,4637.9423828125,overall
2401298,4,3,small brown wood pieces,1508,0.03005420918367347,0.014964008957137776,0.032700402830759125,0.026848269394285168,0,1238.1251220703125,overall
2401298,5,4,brown dirt next to a suitcase,3318,0.06612723214285714,0.006611180390736636,0.008595879587434668,0.02783645758648965,0,10744.841796875,overall
2401299,0,0,black rimmed glasses on man's face,624,0.012436224489795918,0.009120425968466487,0.013124662267620884,0.029026257686125927,0,1380.0267333984375,overall|small|part
2401299,1,6,a golden door knob,36,0.0007174744897959184,0.000722532127792747,0.0007281613841131656,0.08547324604458278,0,4225.76220703125,overall|small|part
2401299,2,7,part of a door,48,0.0009566326530612245,0.004904732779354575,0.0050019840684111605,0.20144893725713095,0,1933.1427001953125,overall|small|part
2401299,3,8,edge of a door,105,0.0020926339285714285,0.005670045858055848,0.005700059879120631,0.5184938703264509,0,9551.1025390625,overall|small|part
2401299,4,1,part of a silver bangle ,6,0.00011957908163265306,0.00015955074888131837,0.00015958593168083837,0.41985515753428143,0,15785.419921875,overall|small
2401299,5,5,part of a beard,70,0.0013950892857142857,0.001536180586292249,0.0015431658755398617,0.25337903159005304,0,11493.6005859375,overall|small
2401299,6,9,section of a wall a painting,120,0.0023915816326530613,0.0022317981849262307,0.0022728455600925413,0.10998574892679851,0,5806.9453125,overall|small
2401300,0,2,The word Travel on the wall behind the girl.,180,0.003587372448979592,8.606064376613182e-05,0.00010131091693454867,0.0005713930974404017,0,1015.1991577148438,overall|small|text
2401300,1,1,the shoe is blue,632,0.012595663265306123,0.0045285347181549815,0.004830593799762956,0.06753064409086976,0,8835.2216796875,overall|small|part
2401300,2,3,The pink design on the dress next to the girl's thigh.,253,0.005042251275510204,0.002802190978163363,0.002877173100896839,0.097085146093557,0,8537.0400390625,overall|small
2401300,3,5,The design on the front of the girl's dress.,247,0.004922672193877551,0.007340672966748692,0.007389853435336732,0.524490850657104,0,17530.69140625,overall|small
2401300,4,0,The woman is holding an umbrella.,5885,0.11728714923469388,0.07902303996613115,0.1826875694403111,0.12223876330846431,1,3937.734375,overall
2401300,5,4,a dirty red carpet,1769,0.035255899234693876,0.03099483055348164,0.03707112964653786,0.15902611628435911,0,7588.5791015625,overall
2401300,6,6,pink and white patterned wallpaper,1887,0.037607621173469385,0.0055098050411213975,0.009265040414280112,0.013411654829663073,0,2731.5361328125,overall
2401302,0,3,a triangular metal piece on the front of a bench leg,304,0.006058673469387755,0.010474187737266098,0.011060014346495645,0.16509820285596347,0,4537.95556640625,overall|small|part
2401302,1,6,woman has polka dotted scarf,960,0.01913265306122449,0.06846626073230701,0.06875169081021883,0.9428293863932292,0,13165.0029296875,overall|small
2401302,2,0,a pair of blue jeans on a woman,2775,0.05530532525510204,0.0036088239600082124,0.004868841570807574,0.01375309299778294,0,7838.5859375,overall
2401302,3,1,a grey and black speckled floor,2720,0.054209183673469385,0.0074280200952433085,0.01302937215730911,0.016984933965346394,0,3545.759521484375,overall
2401302,4,2,bench is silver metal,1564,0.0311702806122449,0.014874305041718466,0.01647585267143873,0.1327114349131084,0,12597.8720703125,overall
2401302,5,4,a  white wall behind a bench,3783,0.07539461096938775,0.09886653876102566,0.15212029678734185,0.22022061974416798,0,5476.55126953125,overall
2401302,6,5,back of a laptop screen ,1596,0.03180803571428571,0.013046780921191154,0.01969780831580605,0.03720211803464961,0,3014.2734375,overall
2401303,0,1,section of a snow,126,0.0025111607142857145,0.0007601428818596864,0.0007643349506600719,0.12172531703161815,0,20066.3203125,overall|small
2401303,1,0,a striped cat,29744,0.5927933673469388,0.3011081774616277,0.9773311241928293,0.3032259394751883,1,9228.3486328125,overall
2401304,0,0,the eyes of the crow are yellow,60,0.0011957908163265306,0.002831438435298244,0.002869888119866241,0.17446715037027996,0,3647.5390625,overall|small|part
2401304,1,4,the elongated beak is gray,400,0.007971938775510204,0.010446367068147808,0.011566899747807962,0.09733809471130371,0,3366.091064453125,overall|small
2401304,2,3,a bird's black tail,3604,0.07182716836734694,0.0007137292813487197,0.0010593478699788697,0.0021828604855892,0,7426.29443359375,overall|part
2401304,3,1,bird's feet on top of the wood,3456,0.06887755102040816,0.10213750173026645,0.12205089217305821,0.38499747382269967,0,10901.6103515625,overall
2401304,4,2,the top of the wings have turquoise blue feathers,4453,0.08874760841836735,0.11046222183586389,0.2948026858325241,0.15013280526295475,0,2267.7587890625,overall
2401304,5,5,wooden floor surface outdoors,3720,0.0741390306122449,0.0684418966026142,0.0798208529888434,0.3243721254410282,0,15117.15625,overall
2401305,0,2,A silver toilet paper holder,216,0.00430484693877551,0.008924614849863233,0.008981016968056048,0.5869617815370913,0,14116.8583984375,overall|small
2401305,1,4,A white light switch on the white wall,72,0.0014349489795918368,0.0029492001020176672,0.0034220228813289354,0.02089856399430169,0,439.7096862792969,overall|small
2401305,2,0,rectangular mirror over sink,4680,0.09327168367346939,0.11993956873274476,0.16179401802152069,0.31677308693910255,1,9162.873046875,overall
2401305,3,1,Toilet seat is up.,2275,0.04534040178571429,0.001669451516096219,0.00206029949965282,0.008723506717891483,0,9632.5693359375,overall
2401305,4,3,The white wall in the bathroom.,9000,0.17936862244897958,0.12392073865071408,0.23086146471546615,0.2110563015407986,0,8227.9072265625,overall
2401305,5,5,Black tile in the bathroom.,1656,0.03300382653061224,0.004488901407371575,0.006005296278496381,0.017466645309890526,0,4816.54248046875,overall
2401306,0,2,a black hand bag,400,0.007971938775510204,0.010907039950124861,0.011431825591064577,0.19198238372802734,0,6717.470703125,overall|small|part
2401306,1,6,a man's right shoe,138,0.0027503188775510204,0.002321059132020469,0.0023938946832374854,0.07087938336358554,0,4085.958740234375,overall|small|part
2401306,2,3,bonnet of a car,190,0.003786670918367347,0.007808824171662929,0.007896496565993878,0.41291363364771794,0,9935.240234375,overall|small
2401306,3,4,a closed umbrella ,260,0.005181760204081632,0.002817409437633848,0.002987548212886588,0.04714011412400466,0,4102.50439453125,overall|small
2401306,4,5,part of a road,55,0.001096141581632653,0.0015052335266122227,0.0015078372441468865,0.46572487571022725,0,16987.8203125,overall|small
2401306,5,0,a woman's lace stockings ,6545,0.13044084821428573,0.11517098055021259,0.2778784691216015,0.16436427198720396,0,3871.34765625,overall
2401306,6,1,the umbrella is open,8556,0.17051977040816327,0.01602941787453813,0.045936108910077725,0.024029259594760804,0,4475.65869140625,overall
2401307,0,1,lower part of a sculpture,132,0.0026307397959183672,0.004085224855922819,0.0041322702213234955,0.2640723604144472,0,8435.4482421875,overall|small
2401307,1,0,Shiny green and blue vase,42174,0.8405213647959183,0.09849752271545324,0.8974333888801914,0.09961894982320268,1,4681.49462890625,overall
2401308,0,3,face of a doll,216,0.00430484693877551,0.004042356015361657,0.004252487151433084,0.07562016557764124,0,3841.035888671875,overall|small|part
2401308,1,0,This teddy bear is bright green.,806,0.016063456632653062,0.0018479325343060307,0.004999085201618188,0.0029230475721524905,0,471.281494140625,overall|small
2401308,2,1,edge of a shelf,65,0.001295440051020408,0.00012337796630888703,0.0001242574327218756,0.017133080042325534,0,8962.443359375,overall|small
2401308,3,2,floor of a shop,132,0.0026307397959183672,0.0067682455482518476,0.006941441702845472,0.2133795420328776,0,4057.6728515625,overall|small
2401308,4,4,hot pink shirts on display,180,0.003587372448979592,0.001221489075000404,0.0012426281877593623,0.06699292924669054,0,9704.2119140625,overall|small
2401308,5,7,light pink shirts on display,294,0.005859375,0.0065999183616476135,0.006723389055677432,0.264374557806521,0,11560.556640625,overall|small
2401308,6,8,tag on stuffed teddy bear,54,0.0010762117346938774,0.0018796973948198307,0.0018849206527007667,0.40416880007143374,0,11578.7978515625,overall|small
2401309,0,0,the girl is carrying a brown purse,1638,0.03264508928571429,0.0033534671256162294,0.004118699204621237,0.017729322552244305,0,7050.9228515625,overall
2401309,1,1,a sewage hole closed,10890,0.2170360331632653,0.23266708524597296,0.4016314997661159,0.3561073492381198,0,9655.6396484375,overall
2401310,0,1,numbers on the plane,204,0.004065688775510204,0.0028891350707685214,0.002918769490739561,0.22152227513930378,0,15482.73828125,overall|small
2401310,1,3,the nose of the plane,988,0.019690688775510203,0.008653418779126844,0.010817916398850255,0.041455898207691515,0,3786.166015625,overall|small
2401310,2,5,the afterburner of the plane,496,0.009885204081632654,0.008483203385143861,0.009546151585608523,0.0707927365456858,0,3678.2568359375,overall|small
2401310,3,0,one window on fighter jet,1410,0.02810108418367347,0.019605052962215364,0.027631223271300704,0.06322584760949966,0,3226.3662109375,overall|part
2401310,4,2,cloudy blue skies,4400,0.08769132653061225,0.009220420102676175,0.12836077624268089,0.009836286198009143,0,337.1719970703125,overall
2401310,5,4,the jet has a stinger on the left wing,3025,0.06028778698979592,0.06469064237651581,0.07655725911517895,0.29445820958161156,0,11634.900390625,overall
2401311,0,2,The door opens in,1786,0.03559470663265306,0.0782214526234711,0.08306753604541292,0.5727969315925077,0,12315.46484375,overall|part
2401311,1,0,white flowers in a pot,1824,0.03635204081632653,0.009952347188242058,0.012514825096833148,0.04635299716079444,0,6755.81689453125,overall
2401311,2,1,white toilet bowl in a bathroom,2059,0.04103555484693878,0.02502316136316463,0.032046977177928086,0.10247177264828193,0,6583.7529296875,overall
2401311,3,3,Wicker four legged vanity stool ,2275,0.04534040178571429,0.1356422013570135,0.16269683191022793,0.44924928099244504,1,6281.880859375,overall
2401311,4,4,a dark brown stand to hold magazines and toiletries ,2376,0.047353316326530615,0.09578514845357237,0.10845142962003754,0.45058962632509997,0,9871.708984375,overall
2401311,5,5,The floor is made of tile,2100,0.04185267857142857,0.01139473403764608,0.01466585661881087,0.04860443841843378,0,6959.65625,overall
2401311,6,6,Brass three globe lighting,3195,0.06367586096938775,0.0020086285583129047,0.0065543056241687825,0.0028878308984222173,0,1407.7188720703125,overall
2401312,0,0,White writing on the side of bike.,132,0.0026307397959183672,0.008870478884259254,0.008878174323641316,0.9109829989346591,0,13544.423828125,overall|small|text
2401312,1,1,extended side view mirror,273,0.005440848214285714,0.0009328151050124832,0.0010035691221846022,0.013058199550642635,0,3552.210205078125,overall|small
2401312,2,4,round headlight turned off,170,0.0033880739795918366,5.455221361916463e-05,5.6022573172223707e-05,0.002074197635931127,0,6294.13427734375,overall|small
2401312,3,7,The black mark on a cross,77,0.0015345982142857143,0.0002894980814865065,0.00029634928646917293,0.012367389418862083,0,3213.400634765625,overall|small
2401312,4,2,The road the motorcycle is parked on,19401,0.3866589604591837,0.08755687748365457,0.33123120851765575,0.10635912523436292,0,6229.70703125,overall
2401312,5,3,Multi colored sky beyond artwork.,1849,0.03685028698979592,0.00411819871906204,0.012905673061142462,0.006011808157096107,0,861.313720703125,overall
2401312,6,5,concrete pillar on bridge,4888,0.09741709183673469,0.24473708334232827,0.2549317536078595,0.8595503137466756,0,16480.810546875,overall
2401313,0,0,white spot on the floor,260,0.005181760204081632,0.0038043514139539172,0.003888847555029314,0.14900232461782603,0,9961.9755859375,overall|small
2401313,1,3,gray edge of wall,648,0.012914540816326531,0.045719736714545024,0.050599717124629955,0.32160177348572533,0,4118.5595703125,overall|small
2401313,2,5,blue line on the dirty floor,609,0.012137276785714286,0.0021724327519018847,0.002289163898311754,0.040861815654585514,0,10870.7138671875,overall|small
2401313,3,1,Two doors in the wall.,5590,0.1114078443877551,0.056060782899719906,0.0936925548591803,0.12248035082876789,0,7307.57275390625,overall
2401313,4,2,The wall has two colors.,7980,0.15904017857142858,0.024471766960364752,0.08946335511116707,0.03258851703844572,0,2906.847900390625,overall
2401313,5,4,small white spots on the wall,1558,0.031050701530612245,0.00291054325133392,0.004656853587994875,0.007701715241653776,0,2576.69091796875,overall
2401314,0,1,section of a hill,180,0.003587372448979592,0.0008168060330157206,0.0008526148830456629,0.019077271885342067,0,4027.5029296875,overall|small
2401314,1,2,tip of a hill,60,0.0011957908163265306,0.0008288428723271802,0.000834325818578907,0.11199744542439778,0,8054.2236328125,overall|small
2401314,2,4,section of a white cap,12,0.00023915816326530612,1.8501280458361468e-05,1.8525502398548415e-05,0.013952774306138357,0,9037.9892578125,overall|small
2401314,3,5,a small patch of white snow,315,0.006277901785714286,0.011398396308092265,0.012080872251751374,0.16789341275654143,0,4377.69921875,overall|small
2401314,4,6,back of a man,96,0.001913265306122449,0.0009907354829527253,0.0009981038022805857,0.11832427978515625,0,11380.7109375,overall|small
2401314,5,7,edge of an ocean shore,104,0.002072704081632653,0.0010746896722599764,0.0010928614075695522,0.060708848329690784,0,5777.23779296875,overall|small
2401314,6,8,section of a rocky landscape,162,0.0032286352040816328,3.3184557563188144e-05,3.389825219091153e-05,0.0015736818313598633,0,7520.63720703125,overall|small
2401315,0,7,sign hanging above the blue bus,460,0.009167729591836735,0.002024985214449033,0.002597803551171939,0.009099993498429009,0,1611.360107421875,overall|small|text
2401315,1,3,steering wheel on the blue bus,272,0.005420918367346939,0.01384665133192844,0.014094840313319685,0.4402029935051413,0,8494.9677734375,overall|small|part
2401315,2,6,bus interior window,228,0.004544005102040816,0.020281328105687217,0.020633301226910365,0.5431554024679619,0,6001.92041015625,overall|small|part
2401315,3,0,The license plate is white.,430,0.008569834183673469,0.005876418412522018,0.007579694840611111,0.025484038508215616,0,1445.72265625,overall|small
2401315,4,1,child in background of blue bus,147,0.0029296875,0.005480211958836754,0.005492223442729614,0.7147595671569409,0,19130.623046875,overall|small
2401315,5,4,part of shadow of the blue bus,738,0.014708227040816327,0.0013678454096810577,0.0016295568828957976,0.00844501802914834,0,3824.6123046875,overall|small
2401315,6,5,man walking in convention building,384,0.007653061224489796,0.005870826173144983,0.006068410007331193,0.152765820423762,0,9666.794921875,overall|small
2401316,0,0,Three blue containers full of mushrooms,13104,0.2611607142857143,0.0907066092725844,0.2326363618280978,0.12943306947365785,0,7290.73876953125,overall
2401316,1,1,The box is cardboard.,3420,0.06816007653061225,0.04115749590551691,0.08811308654628325,0.07169559322602567,0,2782.775390625,overall
2401316,2,2,grey cement ground under the boxes,4750,0.09466677295918367,0.034288543523005546,0.05734418804016358,0.07858113178453947,0,6509.123046875,overall
2401316,3,3,Three red apples on top of an onion ,2967,0.05913185586734694,0.01872270380217039,0.02361576025726737,0.08287417081055674,0,10412.015625,overall
2401316,4,4,The table is blue.,3204,0.06385522959183673,0.026044185227433413,0.03341716749742928,0.10557936193344745,0,10122.8291015625,overall
2401316,5,5,potato in a box,1462,0.029137436224489797,0.00430490102424372,0.005802247444571158,0.01640786876756744,0,4134.3125,overall
2401316,6,6,The sidewalk is dirty.,2800,0.05580357142857143,0.1393087630707017,0.1606389480988275,0.5119910975864955,0,8924.2060546875,overall
2401317,0,3,arrows on sign giving directions,782,0.01558514030612245,0.10582829329153903,0.11249287295976833,0.641100910313599,1,4456.64599609375,overall|small|text
2401317,1,0,yellow traffic light on pole,400,0.007971938775510204,0.0011753274922276004,0.0012236029085187046,0.02892841339111328,0,9456.7978515625,overall|small
2401317,2,5,a person crossing on the street,713,0.01420998086734694,0.02234126776825836,0.024187283960650573,0.2264401086751074,0,6675.0693359375,overall|small
2401317,3,6,yellow traffic light on pole,336,0.006696428571428571,0.0007054763669128132,0.0007300269234236574,0.020546776907784597,0,9456.7978515625,overall|small
2401317,4,7,the front of a car,135,0.002690529336734694,0.003477995614008275,0.003560896409574613,0.12997541074399596,0,4927.60205078125,overall|small
2401317,5,1,vehicle driving on the street,7722,0.1538982780612245,0.1554842806827083,0.3142918440871462,0.2353072839523035,0,5781.38720703125,overall
2401317,6,2,Buildings are in the background.,4746,0.09458705357142858,0.013047838081120585,0.01936772821552141,0.03844857326399863,0,9421.7001953125,overall
2401318,0,1,glass over the cockpit.,30,0.0005978954081632653,1.3795285224007535e-05,1.5979295124679317e-05,0.00010092293377965689,0,189.47569274902344,overall|small
2401318,1,2,black stripe underneath wing.,260,0.005181760204081632,0.00962302855082459,0.010731492039539221,0.08522459910466121,0,2064.801025390625,overall|small
2401318,2,4,blue circle with white star,528,0.010522959183673469,0.0017332120890855792,0.002238833189258324,0.0076160187071019955,0,1796.1400146484375,overall|small
2401318,3,5,pilot inside the plane.,42,0.0008370535714285714,7.088943135737966e-05,7.135994150068181e-05,0.01063708464304606,0,6260.62109375,overall|small
2401318,4,0,yellow tail with red lion on airplane,1113,0.022181919642857144,0.027860082139636803,0.028966704165003288,0.42171783310169586,0,16203.84375,overall|part
2401318,5,3,propeller on the front of a plane,2387,0.047572544642857144,0.03583136987757373,0.04280276121006743,0.1803255053209769,0,10056.2900390625,overall
2401318,6,6,clear blue sky,5724,0.11407844387755102,0.1713990195039532,0.20788154338292533,0.4940937929933176,0,13604.8291015625,overall
2401319,0,1,designer tile border on counter,114,0.002272002551020408,2.1626930085280812e-05,2.1745790462185466e-05,0.003941104861727932,0,20660.82421875,overall|small
2401319,1,6,beige wall phone ,200,0.003985969387755102,0.00014500074483975539,0.0001755203099754467,0.0008332153409719467,0,949.4232788085938,overall|small
2401319,2,8,A kitchen sink is visible.,759,0.015126753826530613,0.03536516024183754,0.035665765733718144,0.807542401340168,0,17185.23828125,overall|small
2401319,3,9,metal fixture on wall,44,0.0008769132653061224,1.0147970972144072e-05,1.0968676757765932e-05,0.00013560854660516435,0,543.9832153320312,overall|small
2401319,4,5,two panel kitchen window,1176,0.0234375,0.1372570973532679,0.14476254815831602,0.7258296629198554,0,5896.384765625,overall|part
2401319,5,0,Cabinets are on the wall.,6324,0.1260363520408163,0.06169799372511349,0.22310674055637816,0.07858037978768877,0,2227.374755859375,overall
2401319,6,2,white wall with grey floorboards,3013,0.060048628826530615,0.05707980281245365,0.1139713019228438,0.10261469301970108,0,2712.771240234375,overall
2401320,0,0,Two people are surfing,7107,0.14164142219387754,0.21145871675495756,0.23910348757104719,0.6465102078056846,1,19216.56640625,overall
2401320,1,1,A cloud in the sky.,8307,0.16555723852040816,0.04719774451601322,0.38586006577586984,0.05103123918457325,0,1098.6275634765625,overall
2401320,2,2,Water in the ocean.,3672,0.07318239795918367,0.0174000439580281,0.029373133911845508,0.040939306122025634,0,5117.91259765625,overall
2401320,3,3,Ripples in the water.,5031,0.1002670599489796,0.20309187131976736,0.3529236076318587,0.32358212092836913,0,4612.73095703125,overall
2401321,0,0,a pedestrian directional sign,319,0.006357621173469388,0.021664109497189783,0.02174290824197716,0.8566877311299961,0,12568.8515625,overall|small|text
2401321,1,2,train on the track pulling into the station,84,0.0016741071428571428,0.0032004922339143585,0.0032335031777548733,0.23867302849179223,0,6200.251953125,overall|small
2401321,2,4,outside board posted with train schedules,96,0.001913265306122449,0.0023545324134295323,0.002471156766791531,0.04751949508984884,0,1846.0469970703125,overall|small
2401321,3,5,the back of a parked van,224,0.004464285714285714,0.0002859942151295562,0.0003131232359508556,0.0032900856541735785,0,2353.639404296875,overall|small
2401321,4,7,group of people waiting on platform for train,104,0.002072704081632653,0.0015736536209002743,0.0015979362403712484,0.09383803147536057,0,6107.349609375,overall|small
2401321,5,9,A bench sitting in the train station.,180,0.003587372448979592,0.005946087037398237,0.006087291967936621,0.20403306749131944,0,6033.216796875,overall|small
2401321,6,1,Yellow and white train.,4312,0.0859375,0.11305115538670973,0.13063716129975647,0.4564618905090445,0,15066.64453125,overall
2401322,0,0,two metal handles to wooden cabinets,224,0.004464285714285714,0.02197589233787321,0.02240368269382066,0.5350768225533622,0,5349.888671875,overall|small
2401322,1,6,Blue Moon beer on counter,264,0.0052614795918367345,0.026609753763434694,0.027344749151017093,0.49748455394398083,0,4802.966796875,overall|small
2401322,2,2,the door is white,2294,0.04571906887755102,0.06794540971495637,0.19459342752915293,0.0945288767062173,0,1114.370849609375,overall|part
2401322,3,5,white cabinet with glass door,1836,0.03659119897959184,0.21146512415781446,0.21745803958965157,0.8847021963082108,0,7469.5478515625,overall|part
2401322,4,1,Oven,4554,0.09076052295918367,0.0036576439709124684,0.0076150357096169425,0.006989053534372469,0,4179.6455078125,overall
2401322,5,3,lady is wearing a jacket,8712,0.17362882653061223,0.49069686388382555,0.5057529038717709,0.9428021559702136,1,16240.5244140625,overall
2401322,6,4,the man is wearing eyeglasses,1715,0.0341796875,0.07638999342515695,0.08201422744214988,0.5269499575778972,0,11019.0537109375,overall
2401323,0,0,a toilet in the bathroom,20550,0.40955835459183676,0.08721732859063926,0.27880439935638224,0.11262697688564477,0,8301.462890625,overall
2401323,1,1,another metal pipe on the wall,2520,0.05022321428571429,0.04437778729493111,0.06455347424258887,0.12433538285512773,0,4853.73046875,overall
2401323,2,2,Brown tile wall in bathroom,2365,0.04713408801020408,0.0026451925820746773,0.00459051272785872,0.0062033308484841605,0,3195.91259765625,overall
2401324,0,1,white plates on top of table,840,0.016741071428571428,0.028320775968756318,0.029396651568056438,0.4362455095563616,0,12465.5771484375,overall|small
2401324,1,2,man wearing grey tie,780,0.015545280612244899,0.029034178402032904,0.03316045501447706,0.18918738731971155,0,4450.064453125,overall|small
2401324,2,3,two champagne glasses ,171,0.0034080038265306123,0.0008434917102744673,0.000902776577020046,0.012681612494396187,0,2402.095703125,overall|small
2401324,3,4,pearl earring on woman's ear,90,0.001793686224489796,0.006616969176514616,0.006653819343523957,0.5443750169542101,0,7363.25244140625,overall|small
2401324,4,6,The red flower is a decoration on the cake.,220,0.004384566326530612,8.11188282455375e-05,8.462284975919928e-05,0.0019552062858234753,0,5083.087890625,overall|small
2401324,5,8,pink and yellow ball decorations ,550,0.010961415816326531,0.0009099554150967267,0.0009962705762903677,0.010393761721524326,0,5737.96826171875,overall|small
2401324,6,9,The yellow flower is a decoration on the cake.,117,0.002331792091836735,0.0009098963297905267,0.0009174612706626456,0.09938344384869958,0,12673.955078125,overall|small
2401325,0,0,The woman is wearing a white shirt with black sleeves,363,0.00723453443877551,0.05180619561870638,0.05349476565139886,0.6213909390872503,0,4216.5791015625,overall|small|text
2401325,1,5,The sign on the wall says Claro,504,0.010044642857142858,0.08590032004617928,0.09157117478525777,0.5810801188151041,0,3198.2158203125,overall|small|text
2401325,2,1,a red motorcycle between a blue and black motorcycle,989,0.01971061862244898,0.02473392099085341,0.026089084943497477,0.32257021449815154,0,12228.1767578125,overall|small
2401325,3,6,blue and black motor bike next to a building,912,0.018176020408163265,0.002131615405350098,0.002399984596040169,0.018706120942768297,0,7108.37158203125,overall|small
2401325,4,2,the building has a window,4620,0.09207589285714286,0.01009683291719986,0.029140248544446714,0.015215104998964252,0,2412.257568359375,overall|part
2401325,5,3,the motorcycle is red and black,3213,0.06403459821428571,0.00562648603921359,0.007562484595835334,0.021505769598420967,0,9136.94921875,overall
2401325,6,4,black bike next to a red building,1475,0.02939652423469388,0.025739018119821044,0.028209860071082837,0.22712187168961864,0,11875.44921875,overall
2401326,0,3,roof of a house,117,0.002331792091836735,0.01590889198290472,0.0160009378542611,0.7344343397352431,0,5370.236328125,overall|small
2401326,1,6,lower chin of a man,12,0.00023915816326530612,0.0004243878836753128,0.00042477648285509393,0.3168918291727702,0,8952.2421875,overall|small
2401326,2,7,a section of a wall.,161,0.003208705357142857,9.505034718052685e-06,9.846943890494275e-06,0.00027366896501239044,0,4474.55615234375,overall|small
2401326,3,9,ceramic vase near a wall,204,0.004065688775510204,6.130223153690326e-05,6.517532325828532e-05,0.0010305140532699286,0,3225.528564453125,overall|small
2401326,4,1,Windows on the door,5320,0.10602678571428571,0.434703160763015,0.5071741483996202,0.7526090923108553,1,7894.48828125,overall|part
2401326,5,2,a door is open next to the man,7176,0.14301658163265307,0.16000234233346944,0.29594813572570994,0.2583353134036197,0,6263.9833984375,overall|part
2401326,6,5,mans head on a body,2304,0.04591836734693878,0.04966935221070366,0.05510921059499357,0.3347445593939887,0,13994.96484375,overall|part
2401327,0,1,bicycle peddle ,324,0.0064572704081632655,0.011033321054378506,0.011269350164747971,0.34503213858898774,0,9919.86328125,overall|small
2401327,1,0,the truck is yellow,36023,0.7179328762755102,0.2329227654628193,0.6681091899471381,0.2633999946648669,1,14201.95703125,overall
2401328,0,0,The ball in mid air,84,0.0016741071428571428,0.010384191385903378,0.01059180259782074,0.3463092531476702,0,2746.46142578125,overall|small
2401328,1,1,Large field for playing baseball,33896,0.6755420918367347,0.20630260908963347,0.436335066983397,0.281259795587975,0,21849.22265625,overall
2401328,2,2,telephone wires suspended on poles,1887,0.037607621173469385,0.020548427423096302,0.04234007641408288,0.03839178444155322,0,1711.03369140625,overall
2401329,0,3,BROWN CRUST OF A CAKE,209,0.004165338010204082,0.008687355581258051,0.009016344750482026,0.19230261259672174,0,4457.5986328125,overall|small
2401329,1,4,CHOCOLTAE CAKE ICING,630,0.012555803571428572,0.0014083275087454171,0.0015075935160884185,0.020940944126674108,0,8750.896484375,overall|small
2401329,2,6,AIR POCKET IN A YELLOW CAKE,110,0.002192283163265306,0.0006862146672598173,0.0006920943671016497,0.07473695061423562,0,11878.53125,overall|small
2401329,3,5,SILVER HANDLE OF A FORK,5044,0.10052614795918367,0.3040204032342921,0.38384922670904875,0.5938018871431404,1,7802.89892578125,overall|part
2401329,4,0,the edge of a piece of cake ,1104,0.022002551020408163,0.06286995166647054,0.06712743287780056,0.4978070466414742,1,8187.099609375,overall
2401329,5,1,crumbly texture of vanilla cake ,1378,0.027463329081632654,0.0437582338160035,0.0689302540305001,0.10700424039311955,0,2139.1455078125,overall
2401329,6,2,prongs of a fork ,2600,0.05181760204081633,0.009524012322139312,0.012958502443991167,0.034688072204589845,0,6959.8310546875,overall
2401330,0,2,wheel of the plane,378,0.007533482142857143,0.0076898866362965865,0.008618260676695435,0.0666300859400835,0,2922.41943359375,overall|small|part
2401330,1,1,specks of yellow on the side of the plane,702,0.013990752551020409,0.0014687782478429157,0.0015854739235869953,0.019564979096763153,0,8662.7822265625,overall|small
2401330,2,3,the front landing gear of the jet,112,0.002232142857142857,0.0023450650154158707,0.0023547300604283687,0.36359916414533344,0,17294.171875,overall|small
2401330,3,4,green grass next to cement,783,0.015605070153061224,0.0028317881511933686,0.0031110996643369973,0.03057729299650034,0,7695.677734375,overall|small
2401330,4,5,the tarmac marker cones,21,0.0004185267857142857,0.0005066277739555638,0.0005086827272575059,0.11143536794753302,0,4600.3974609375,overall|small
2401330,5,6,nondescript buildings,980,0.01953125,0.01411129474656632,0.016837447201330416,0.08016807400450414,0,4666.0703125,overall|small
2401330,6,7,Pilot sitting in the back seat,187,0.0037268813775510204,0.010119296037327759,0.010450119161664235,0.24222372942429812,0,4334.48046875,overall|small
2401331,0,0,black and white flower shaped knob,520,0.010363520408163265,0.004087527147883722,0.004264607224373508,0.0896176998431866,0,10927.431640625,overall|small
2401331,1,6,person wearing a floral shirt,2120,0.04225127551020408,0.04927188306639076,0.060858165838361615,0.205596247259176,0,7161.96484375,overall|text
2401331,2,7,number keys on cell phone,2242,0.04468271683673469,0.1869880361106513,0.197121278945307,0.784364970851221,0,8921.138671875,overall|text
2401331,3,3,this is a hand,2756,0.05492665816326531,0.06106358129613978,0.08121092613238413,0.19752075018142234,0,6703.12744140625,overall|part
2401331,4,1,display area on small cell phone,2592,0.051658163265306124,0.003267418649191702,0.0061714546127496495,0.006895807790167538,0,2896.22705078125,overall
2401331,5,2,this is a jacket,1333,0.026566485969387755,0.0005673492433389268,0.0011290493522864166,0.0011391053947397219,0,1344.87255859375,overall
2401331,6,4,orange fall colored sweater,2378,0.04739317602040816,0.03605580327629075,0.04157258283938159,0.213653692786086,0,12221.2392578125,overall
2401332,0,0,A lot of meat is in the sandwich.,17286,0.34450733418367346,0.03495487867553635,0.17784335077461585,0.04169205737640829,0,4052.38037109375,overall
2401332,1,1,The bowl has cut tomatoes in it.,3854,0.07680963010204081,0.1886421101966701,0.19469406818599205,0.8585312135119356,0,16994.76171875,overall
2401332,2,2,White doily sitting on white surface.,1320,0.026307397959183673,0.001084816279963222,0.0016582622341699477,0.003127207178058046,0,2489.30078125,overall
2401333,0,0,black and white sign on front of train,88,0.001753826530612245,0.008490122697300415,0.008497108537313636,0.9117139469493519,0,9442.1328125,overall|small|text
2401333,1,5,The text is red.,165,0.003288424744897959,0.000428053754558676,0.0007988466445362745,0.000921361374132561,0,190.30514526367188,overall|small|text
2401333,2,3,rock and gravel on ground on the side of train ,546,0.010881696428571428,0.04559457263979791,0.0460724649515068,0.814666021437872,0,9654.5224609375,overall|small
2401333,3,6,trees next to a train track,648,0.012914540816326531,0.0030592358346179832,0.003243594335681503,0.051074981689453125,0,10203.6767578125,overall|small
2401333,4,1,The tracks are brown.,2112,0.042091836734693876,0.011391955027458758,0.012950324006365707,0.08648199746102998,0,14103.892578125,overall
2401333,5,2,The sky is blue.,17640,0.3515625,0.08184150353657432,0.49708702030496654,0.08922979307282809,1,3166.474853515625,overall
2401333,6,4,Graffiti on the train car.,1221,0.0243343431122449,0.1969907363887844,0.2234127121434631,0.624859484173449,1,3414.99560546875,overall
2401334,0,2,an american flag on the wall,4270,0.08510044642857142,0.074900690516129,0.14095781638007368,0.13780386073807085,0,4174.4580078125,overall|text
2401334,1,0,Military men posing for picture with medals around their necks,27192,0.5419323979591837,0.539670903137135,0.8483213739329651,0.5973064156622352,1,19145.994140625,overall
2401334,2,1,beams on the ceiling of a building,4914,0.09793526785714286,0.009324267889928944,0.024264731760365935,0.01491759179518579,0,3021.05322265625,overall
2401335,0,4,rectangular window ,936,0.01865433673469388,0.010539956507994368,0.012232299648885652,0.07079007075383113,0,5416.76611328125,overall|small|part
2401335,1,0,part of a lounge,35,0.0006975446428571429,0.00010579165205739422,0.00010601865830387055,0.04708164078848703,0,15543.0888671875,overall|small
2401335,2,2,light blue pillows ,912,0.018176020408163265,0.017671303541887683,0.021179064166207674,0.09640894438091077,0,4151.50341796875,overall|small
2401335,3,3,silver part on a seat,204,0.004065688775510204,0.003625211033429453,0.0036851947880826297,0.18215157003963695,0,10083.298828125,overall|small
2401335,4,5,white part of a seat,56,0.0011160714285714285,0.0013352318318596635,0.001345858552740997,0.14464494160243443,0,6018.5498046875,overall|small
2401335,5,6,part of a blue surface,104,0.002072704081632653,0.0025586813122592373,0.0026080030828153694,0.11917260976938102,0,4752.2763671875,overall|small
2401335,6,8,a silver and white bench stool,660,0.013153698979591837,0.008528572745586448,0.00978200308286844,0.06240497935901989,0,4210.5166015625,overall|small
2401336,0,4,the helmet is closed,156,0.0031090561224489796,0.0205047067054877,0.02116400235923682,0.3969437525822566,0,2925.875,overall|small|part
2401336,1,0,this is knee cap,135,0.002690529336734694,0.004137595500395473,0.004211415513987488,0.1909705268012153,0,6121.69970703125,overall|small
2401336,2,5,grass on side of the road.,510,0.01016422193877551,0.003887267353421256,0.004119906028465978,0.06440751318838082,0,7972.95654296875,overall|small
2401336,3,6,the bike has a white stripe,308,0.006138392857142857,0.019712444070958474,0.020184859839452354,0.457185968176111,0,6976.18310546875,overall|small
2401336,4,7,he is wearing gloves,143,0.002849968112244898,0.006469861092059182,0.006737741776919657,0.13995518717732464,0,2970.370849609375,overall|small
2401336,5,8,white barrier along the road.,250,0.0049824617346938774,0.00875210178422989,0.008781406386059336,0.7239591064453125,0,20610.568359375,overall|small
2401336,6,9,shade on the road.,621,0.012376434948979591,0.0014112844548891707,0.001746114252712881,0.007305980688515876,0,2598.348876953125,overall|small
2401337,0,3,the leaves are bright,4845,0.09656010841836735,0.031028714181916286,0.058010564943812244,0.06253919099506579,0,5223.2275390625,overall|part
2401337,1,0,a long elephant trunk,5310,0.10582748724489796,0.052757115201284614,0.06822387164721648,0.18878028998940677,0,14693.146484375,overall
2401337,2,1,Little green plants on the ground.,2385,0.047532684948979595,0.02790316884501612,0.038710005185027874,0.09086688859407757,0,5598.48876953125,overall
2401337,3,2,Patterned hide of an elephant,7221,0.14391342474489796,0.3593044140374555,0.4120835632696567,0.7372113724293726,1,12918.26171875,overall
2401338,0,0,the bread is toasted,19493,0.388492506377551,0.2375400956106639,0.5409647021635451,0.29750693758656954,1,10720.2978515625,overall
2401338,1,1,the cup has soup,5405,0.10772082270408163,0.13698628218340178,0.15445133341585834,0.5478042249653099,1,19170.322265625,overall
2401338,2,2,Green chair next to table.,3456,0.06887755102040816,0.23797986035346463,0.24173514133676904,0.9387226811161747,0,13420.5791015625,overall
2401339,0,2,large door on a building ,759,0.015126753826530613,0.10563272811233217,0.10613582419893632,0.957053605432724,0,6844.09521484375,overall|small|part
2401339,1,3,windshield of orange train engine,200,0.003985969387755102,0.01998634121276494,0.025512435142404456,0.08447659492492676,0,662.2385864257812,overall|small
2401339,2,4,top of tall green evergreen tree,744,0.01482780612244898,0.024088089107623428,0.03457500898637402,0.07357448147189233,0,1583.20751953125,overall|small
2401339,3,5,small windows on a building ,168,0.0033482142857142855,0.00011420486320698309,0.00011831669747277287,0.0032754441102345786,0,4650.86181640625,overall|small
2401339,4,0,the tracks are dark,23192,0.4622130102040816,0.24255406001363117,0.5322946509334908,0.3082487192512504,0,13430.3515625,overall
2401339,5,1,electrical wire above the ground ,2820,0.05620216836734694,0.09559976719113884,0.11101480060944795,0.4077524171653369,0,10357.734375,overall
2401339,6,6,black power line and electric tower,5037,0.10038663903061225,0.0378543333883084,0.050999649565120236,0.12805610794573283,0,12647.5107421875,overall
2401340,0,4,Person has dark hair.,264,0.0052614795918367345,0.011302762767759164,0.01171880259024722,0.24148793654008346,0,5440.2158203125,overall|small|part
2401340,1,9,shoe on man's foot.,180,0.003587372448979592,0.00042462053514277694,0.0005428387983357674,0.0019459933042526244,0,645.272216796875,overall|small|part
2401340,2,1,bus tire in the water.,56,0.0011160714285714285,1.0894690755803975e-05,1.0961864071997196e-05,0.0017747251050812857,0,9066.396484375,overall|small
2401340,3,2,the trousers are folded,40,0.0007971938775510204,0.001427823653374962,0.0014380579437356625,0.1671030879020691,0,4648.02099609375,overall|small
2401340,4,3,rocks on the shore.,576,0.011479591836734694,0.00495136046315234,0.005302128929058957,0.0696320268842909,0,7564.517578125,overall|small
2401340,5,5,Person wearing big sweater.,540,0.010762117346938776,0.010550890784493692,0.010780738147700388,0.3310490643536603,0,16582.02734375,overall|small
2401340,6,0,Large object on top of bus.,1722,0.03431919642857143,0.1548541975454983,0.17115553406858283,0.6191764946737079,0,6229.5498046875,overall
2401341,0,3,black letters on the bus,476,0.009486607142857142,0.014181202295689161,0.014452262657527215,0.43055840500262604,0,14180.8798828125,overall|small|text
2401341,1,0,Marquee display on the side of the bus.,234,0.00466358418367347,0.013840083755657213,0.014912612232655663,0.16137972448626134,0,2532.2763671875,overall|small
2401341,2,6,yellow step ,264,0.0052614795918367345,2.9422371220666862e-06,3.0168495807027345e-06,0.00011895105920054696,0,10409.2294921875,overall|small
2401341,3,7,J222 in blue on the front of a bus,143,0.002849968112244898,9.060733509825324e-05,9.255600125034332e-05,0.004285144639181924,0,6620.59375,overall|small
2401341,4,8,Back tire on the side of the bus.,275,0.0054807079081632655,0.005925359953801777,0.00613883237331148,0.14558814308860085,0,6521.8818359375,overall|small
2401341,5,9,Front tire on the side of the bus.,816,0.016262755102040817,0.0060717515482549365,0.006822527614828477,0.05229064997504739,0,6254.15869140625,overall|small
2401341,6,2,Sign that reads Tesco Free Bus,1012,0.020169005102040817,0.000955455305282185,0.0012186950876657964,0.004403896482565658,0,3656.979736328125,overall|text
2401342,0,9,Window on a door,675,0.013452646683673469,0.011177830240801656,0.01617077721871374,0.03493711683485243,0,1458.3438720703125,overall|small|part
2401342,1,0,spice rack with jars on it,448,0.008928571428571428,0.0022751414686694917,0.0023868039453168693,0.04637618150029864,0,8704.7490234375,overall|small
2401342,2,6,Iron skillet hanging from ceiling,560,0.011160714285714286,0.0020190024563565257,0.002434020807335621,0.01170257670538766,0,2692.43505859375,overall|small
2401342,3,8,metal cabinet hinge,100,0.001992984693877551,0.003916359919844244,0.003929770428854447,0.5343719482421875,0,13598.044921875,overall|small
2401342,4,1,Stainless steel double door fridge,3807,0.07587292729591837,0.13386454338571996,0.1545627037545361,0.4999070444350046,0,12313.1005859375,overall|part
2401342,5,2,cutting board on countertop,1344,0.026785714285714284,0.008902751435989065,0.011183450149124993,0.041828785623822896,0,5026.88232421875,overall
2401342,6,3,various items on shelf,1092,0.021763392857142856,0.03905274648784287,0.044015523196145434,0.25725879599323204,0,6382.44384765625,overall
2401343,0,1,calm gray waters in the bay,500,0.009964923469387755,0.013360177417900208,0.013759545240471086,0.3152103271484375,0,11454.2421875,overall|small
2401343,1,2,white and blue building,924,0.018415178571428572,0.0006651653909224206,0.0007478390483956557,0.005980883841906791,0,7389.74072265625,overall|small
2401343,2,3,red thing in the water,650,0.012954400510204082,0.012643581373663395,0.016213615756097765,0.054303682767427884,0,2177.021728515625,overall|small
2401343,3,0,There are trees on the land,18020,0.3591358418367347,0.2271791006369324,0.7130799196622662,0.2500346294915372,1,6318.5400390625,overall
2401343,4,4,large white boat in the water,3128,0.0623405612244898,0.05956715086808242,0.07486874839463414,0.22567920733595748,0,9428.828125,overall
2401343,5,5,The motor boat is black and white,2170,0.043247767857142856,0.10553900997357989,0.12947332904837952,0.36342874693980415,1,6091.1416015625,overall
2401343,6,6,large gray home on the shore,1672,0.033322704081632654,0.018759884676680876,0.022622590606001188,0.09899393109043249,0,7316.4853515625,overall
2401344,0,1,ripples in the water,475,0.009466677295918368,0.0003754448584365429,0.0003892079494614394,0.01050570437782689,0,12821.4482421875,overall|small
2401344,1,0,four birds standing,19323,0.38510443239795916,0.04094745824506669,0.30358054641231996,0.04519258959226861,0,2876.52294921875,overall
2401344,2,2,Concrete on the side of the water,2610,0.05201690051020408,0.07842291442095892,0.1172343371641674,0.1915176450064356,0,4263.77685546875,overall
2401344,3,3,crack in concrete by water,1472,0.029336734693877552,0.006269857500011203,0.00963660684724457,0.017629752988400665,0,2692.9599609375,overall
2401345,0,0,Nut and bolt on top of fire hydrant,30,0.0005978954081632653,0.0017008261402274886,0.001705872170674484,0.3650733311971029,0,6420.29345703125,overall|small
2401345,1,3,car tire with hubcap,171,0.0034080038265306123,0.0037266458357422512,0.0038751501707082275,0.08862656041195519,0,3910.852783203125,overall|small
2401345,2,7,fresh gum on sidewalk,414,0.00825095663265306,0.009395956260522219,0.010006783123802975,0.13339472968797178,0,5518.79833984375,overall|small
2401345,3,1,the road is wet,6900,0.13751594387755103,0.03831220036546748,0.08105772319516616,0.06773021753283515,0,5765.50244140625,overall
2401345,4,2,Grayish colored sidewalk,2928,0.05835459183673469,0.04090853131134908,0.08679361738873537,0.07182259898368126,0,2422.94970703125,overall
2401345,5,4,Red fire hydrant,6603,0.1315967793367347,0.18416850622201533,0.2083325382359806,0.613575342765599,0,19446.9765625,overall
2401345,6,5,dirty line in the sidewalk,5520,0.11001275510204081,0.07348284572425715,0.1249286256786855,0.15142228499702784,0,6690.62841796875,overall
2401346,0,0,part of a glass of wine,2484,0.049505739795918366,0.1340608013053971,0.15287717523503203,0.5213483973209793,1,8471.044921875,overall
2401346,1,1,salt shaker with finger puppet,8256,0.16454081632653061,0.032087214514119264,0.0525542654416637,0.07612024351607921,0,11958.091796875,overall
2401346,2,2,Lights in the ceiling.,1740,0.034677933673469385,0.022253262485166368,0.07998973377135159,0.029908217506847162,0,650.5872192382812,overall
2401346,3,3,A horse shaker cover.,3060,0.06098533163265306,0.11915142270774136,0.12223587609774102,0.8252338484221814,0,20658.546875,overall
2401346,4,4,painting hanging on wall,1144,0.022799744897959183,0.16756927711712544,0.2076465968581395,0.46472584117542615,1,2560.34228515625,overall
2401347,0,1,clear water bottle sitting in seat to chair,480,0.009566326530612245,0.001398850544486481,0.0015777639139598779,0.012185571591059367,0,3707.1923828125,overall|small
2401347,1,3,a section of a wooden floor.,72,0.0014349489795918368,0.004881034847723369,0.0048916562300996645,0.6921135584513346,0,10187.1787109375,overall|small
2401347,2,4,coffee cup on desk,377,0.007513552295918368,0.023154475354309343,0.02327454727494309,0.8177917642365716,0,13246.5517578125,overall|small
2401347,3,6,white cordless phone on chair,204,0.004065688775510204,0.006432700649707166,0.006524846709991293,0.31295013427734375,0,9784.41796875,overall|small
2401347,4,2,mini blinds in a window.,2650,0.052814094387755105,0.23148828263791135,0.2687164117371168,0.6255951964180424,0,6169.4306640625,overall|part
2401347,5,5,a large door in a room.,3741,0.07455755739795919,0.0003388741362049369,0.000793250506966359,0.0005912568536680416,0,2788.39013671875,overall|part
2401347,6,0,black computer monitor screen,6171,0.12298708545918367,0.2706036077176542,0.519122621316796,0.3611261976381462,1,4292.8388671875,overall
2401348,0,6,Logo on front of white shirt,90,0.001793686224489796,0.0007214615881800433,0.0007281556986768924,0.07276684443155924,0,8993.9775390625,overall|small|text
2401348,1,1,blue and white advertising wall sign,2080,0.04145408163265306,0.10418045562595656,0.1555204259706524,0.23988260122445915,0,3208.297607421875,overall|text
2401348,2,2,Man wearing a red bandana on his head,1224,0.024394132653061226,0.07112390995265336,0.07304252554706432,0.7302923264846303,0,12237.7724609375,overall|part
2401348,3,0,the socks are white,4416,0.08801020408163265,0.006955113011167627,0.015509323188252521,0.012453025665836058,0,3545.7744140625,overall
2401348,4,3,the line is white,1500,0.029894770408163265,0.014725045312462564,0.020626203356672843,0.04894885762532552,0,3559.709228515625,overall
2401348,5,4,green turf on tennis court,3481,0.06937579719387756,0.005419053873289693,0.006939844651757138,0.024132081743835958,0,12104.5615234375,overall
2401348,6,5,Concrete wall in between blue advertisement signs,4360,0.08689413265306123,0.006959452237619861,0.011528871430720957,0.01725604381036321,0,6525.90771484375,overall
2401349,0,7,the acer computer logo,221,0.004404496173469388,0.015495608685679235,0.016022358390318448,0.3203456757834594,0,4418.60009765625,overall|small|text
2401349,1,0,power display is green,130,0.002590880102040816,0.0009956536924027699,0.0010193627737445409,0.04105046712435209,0,5235.19287109375,overall|small
2401349,2,1,a blue duffle bag,980,0.01953125,0.006716296999008172,0.007034255225801166,0.12936429393534757,0,18022.8046875,overall|small
2401349,3,2,Wall outlets on wall,720,0.014349489795918368,0.05441760196501757,0.05580311824205911,0.6866898854573568,0,8860.01953125,overall|small
2401349,4,3,cat sleeping in photograph,7392,0.14732142857142858,0.2456511166103692,0.40478331129739836,0.38456266989439597,0,7022.73828125,overall
2401349,5,4,bottom wheels of black office chair,2418,0.04819036989795918,9.082345456752697e-06,2.1944980194909406e-05,1.549517706566551e-05,0,1707.3306884765625,overall
2401349,6,5,purple and green graphs on a computer screen,6177,0.12310666454081633,0.09077089302312834,0.18792279283417182,0.14935598177336287,0,4909.3134765625,overall
2401350,0,5,orange t-shirt on boy's torso.,259,0.005161830357142857,0.010964786733106685,0.011009139852770723,0.7313006780322454,0,17204.51171875,overall|small|text
2401350,1,8,ID tag of man wearing red and black shirt,624,0.012436224489795918,0.0005469696319985718,0.000679628906112467,0.00279435878380751,0,2565.63525390625,overall|small|text
2401350,2,9,Writing on black sweatshirt of man playing Wii,874,0.017418686224489797,0.004488653817390153,0.005248781443435224,0.030062952630852673,0,5005.927734375,overall|small|text
2401350,3,0,black hair on girl's head.,162,0.0032286352040816328,0.005962380362413209,0.006053842353357201,0.28297330126350306,0,7572.3271484375,overall|small|part
2401350,4,6,shoe on boy's foot.,96,0.001913265306122449,0.0006280607901773902,0.0006517775941427888,0.01696730653444926,0,2499.106201171875,overall|small|part
2401350,5,2,yellow paint on the wall.,54,0.0010762117346938774,0.006466524252865707,0.006545083023145078,0.3501240059181496,0,2888.68701171875,overall|small
2401350,6,4,white cord for the controller.,442,0.008808992346938776,0.015229201163441917,0.015533745099544628,0.43718712577992436,0,12439.8017578125,overall|small
2401351,0,9,"white sign reading, ""one car per green""",270,0.005381058673469388,0.0017121743774942005,0.0017406500830303292,0.09474492249665437,0,14696.3076171875,overall|small|text
2401351,1,1,back wheel  of  truck,8,0.00015943877551020407,0.0003796350500560695,0.0003797985684009452,0.46858417987823486,0,9870.162109375,overall|small|part
2401351,2,0,a taillight on a truck,54,0.0010762117346938774,0.005449013244658155,0.005482445399027451,0.471896560103805,0,4648.00146484375,overall|small
2401351,3,2,part of a bolt,40,0.0007971938775510204,0.0007411934077998675,0.0007443711414689087,0.1479365587234497,0,7949.61279296875,overall|small
2401351,4,4,a section of a freeway.,630,0.012555803571428572,0.006849653579158594,0.00714615239689282,0.1416964091951885,0,12491.8603515625,overall|small
2401351,5,5,a patch of clear sky.,420,0.008370535714285714,0.0005895101138750807,0.0025595922983723592,0.0007653237808318365,0,125.5809326171875,overall|small
2401351,6,6,part of the sky,784,0.015625,0.0015638286464837287,0.0046645647574842354,0.0023470102828376145,0,394.47540283203125,overall|small
2401353,0,2,window in a yellow house,60,0.0011957908163265306,0.001125098785748102,0.001136726654343549,0.0990896224975586,0,5230.26123046875,overall|small|part
2401353,1,4,window in a white house,98,0.001953125,0.010331853129869275,0.010747405350506828,0.21086616905368105,0,1922.7789306640625,overall|small|part
2401353,2,1,pole holding up power lines ,540,0.010762117346938776,0.020062151356192652,0.0211942537999038,0.27303732412832754,0,6956.60986328125,overall|small
2401353,3,5,a wood electric pole,654,0.013034119897959183,0.00658351569395099,0.007194563923284815,0.07193884426665233,0,6539.38232421875,overall|small
2401353,4,0,a yellow fire hydrant,13608,0.27120535714285715,0.11870882975749257,0.21836110023222818,0.20642378693254887,0,12864.0810546875,overall
2401353,5,3,a silver vehicle parked next to the grass,4266,0.08502072704081633,0.18647901433617942,0.323722080975307,0.30548676581545947,0,4025.695556640625,overall
2401354,0,2,French bread,805,0.016043526785714284,0.03634494652503401,0.037214039637830286,0.6088047951644993,0,13169.4345703125,overall|small
2401354,1,4,Circular shape tomato on white plate,420,0.008370535714285714,0.0039053467662854236,0.004030648495409548,0.111604981195359,0,11629.4169921875,overall|small
2401354,2,8,Spinach in the sandwich,324,0.0064572704081632655,0.007254644752022826,0.007404672065391127,0.26365364922417533,0,11536.470703125,overall|small
2401354,3,0,a white ceramic plate with a cup on it,2080,0.04145408163265306,0.03299652197935565,0.06247357255326298,0.06536180056058444,0,2176.160888671875,overall
2401354,4,1,A white plate with bread,1980,0.03946109693877551,0.02758230602523465,0.04180646838601615,0.07498847113715278,0,3551.535888671875,overall
2401354,5,3,a white ceramic dinner plate,5904,0.11766581632653061,0.02740374930946781,0.04820474011354166,0.059713937402740724,0,7313.61865234375,overall
2401354,6,5,A piece of broccoli,2397,0.047771843112244895,0.004871866412138609,0.01938641219548231,0.006465059247770855,0,799.3612670898438,overall
2401355,0,0,A white piece of paper in hand,775,0.01544563137755102,0.0008946548994383602,0.0011982826434989607,0.0035183792729531565,0,2275.543212890625,overall|small|part
2401355,1,1,black glasses on a man's face,480,0.009566326530612245,0.007037723930585763,0.008184230270944106,0.047835004329681394,0,2805.4931640625,overall|small|part
2401355,2,4,a game controller is on the table,1000,0.01992984693877551,0.036613126506344795,0.03720823319187096,0.695973388671875,0,18704.822265625,overall|small
2401355,3,5,A brown necklace on the man,576,0.011479591836734694,0.01958197185833314,0.020063843345443748,0.44913933012220597,0,12894.052734375,overall|small
2401355,4,6,a vent in a wall,480,0.009566326530612245,0.001744200999014324,0.001967449826230358,0.015138614177703857,0,3693.37744140625,overall|small
2401355,5,9,the remote is white in color,160,0.0031887755102040817,0.0019986934320574065,0.002040257787030481,0.08934383988380432,0,7006.474609375,overall|small
2401355,6,2,the man's shoe is brown,2201,0.043865593112244895,0.010041776105008464,0.017767537001949555,0.022572570689858656,0,2796.236083984375,overall|part
2401356,0,7,a folded dark red shirt,1056,0.021045918367346938,0.010774110050540185,0.021144367079021568,0.021495589704224556,0,1073.5408935546875,overall|text
2401356,1,0,a stack of khaki pants,3416,0.06808035714285714,0.0011321368369392867,0.0015709757812311378,0.0040365158813619505,0,8777.1806640625,overall
2401356,2,1,three bras in white grey and black,2090,0.04165338010204082,0.027278981183606044,0.028934661108743518,0.32282697321695575,0,23318.34375,overall
2401356,3,2,A brown wooden coffee table.,3944,0.07860331632653061,0.21427377987085275,0.2550513307102183,0.5726894045940035,0,8855.8134765625,overall
2401356,4,3,a pair of black mary janes with brown inner soles,2379,0.04741310586734694,0.041633292633598815,0.07448288875586691,0.08625644653371624,0,2755.050048828125,overall
2401356,5,4,An empty black piece of luggage,4488,0.08944515306122448,0.07062225418267995,0.1469318463247933,0.11970362263779802,0,3656.320068359375,overall
2401356,6,5,a pair of dark grey sneakers with white shoelaces,1681,0.033502072704081634,0.017470646868029946,0.0337614909069094,0.03494143103078176,0,1739.749755859375,overall
2401357,0,8,maroon shirt on woman.,798,0.015904017857142856,0.012322348501182304,0.015410391717942572,0.05793043246544095,0,2999.825439453125,overall|small|text
2401357,1,0,the left bare foot of a woman,224,0.004464285714285714,0.008346098710411518,0.008602364207856709,0.21884964193616593,0,5698.703125,overall|small
2401357,2,2,footrest on the carpet.,480,0.009566326530612245,0.000552979127293752,0.0006198243353292456,0.005101359387238821,0,3950.558837890625,overall|small
2401357,3,4,a white wii controller in a woman's hands,480,0.009566326530612245,0.0005459352450626706,0.0005715860049708625,0.01201907495657603,0,10093.2421875,overall|small
2401357,4,6,fan near the footrest.,224,0.004464285714285714,2.393331386155574e-05,2.4465765055232602e-05,0.0010985112083809717,0,10057.5849609375,overall|small
2401357,5,7,Vase of pink and white flowers on fireplace mantel,924,0.018415178571428572,0.034634457354993785,0.04083353472918226,0.1857594907025754,0,4203.451171875,overall|small
2401357,6,9,white statue,189,0.0037667410714285715,0.00380258272660172,0.0038425303657974056,0.26781084171678654,0,13172.634765625,overall|small
2401358,0,1,a sign.,940,0.01873405612244898,0.0014116529295941159,0.002759032265066844,0.0028823137283325194,0,982.0018920898438,overall|small|text
2401358,1,5,a window in a building.,675,0.013452646683673469,0.0012416303640219526,0.0016223102592995819,0.005263496681495949,0,2190.00048828125,overall|small|part
2401358,2,0,There are white stripes on the road,5117,0.10198102678571429,0.028116060489826896,0.05969347687309593,0.05046780817159713,0,4326.1640625,overall
2401358,3,2,The awning is painted on the building,2916,0.058115433673469385,0.09076142471227064,0.10703130101026023,0.37385477450649435,0,10185.4365234375,overall
2401358,4,3,The sky is white.,2000,0.03985969387755102,0.0004120908664253657,0.002979390049568672,0.0004780091643333435,0,320.877197265625,overall
2401358,5,4,a grey fire hydrant,5600,0.11160714285714286,0.08895031709736893,0.1144095119027159,0.28557567051478794,0,13978.06640625,overall
2401359,0,2,the headband is white,600,0.011957908163265306,0.009727587622257972,0.010052016280802014,0.23159505208333334,0,13823.796875,overall|small
2401359,1,3,woman is wearing wristband,550,0.010961415816326531,0.0016185640499386392,0.0018790085271364323,0.01154254219748757,0,3378.58935546875,overall|small
2401359,2,4,plant behind woman,943,0.018793845663265307,0.0041171520443689024,0.005290585423451594,0.018224449198167625,0,3248.3466796875,overall|small
2401359,3,6,woman wears a watch,600,0.011957908163265306,0.0005806801008096696,0.0007018126035896516,0.0033530402183532715,0,2866.611572265625,overall|small
2401359,4,0,woman wearing black watch,20295,0.404476243622449,0.2143374135717858,0.864880582864615,0.22176331724254741,1,5203.82421875,overall
2401359,5,1,balcony railing,1656,0.03300382653061224,0.13060462590158411,0.135954471522662,0.7684663781797253,0,9360.341796875,overall
2401359,6,5,the floor is red,2478,0.04938616071428571,0.053866632055710156,0.06141541060579018,0.30470988940961713,0,12294.4892578125,overall
2401360,0,1,white lamp on window sill,646,0.01287468112244898,0.053602584768948525,0.05427026553616125,0.8133252973526993,0,9681.326171875,overall|small|part
2401360,1,0,this is a pillow ,135,0.002690529336734694,0.0005884680801372799,0.000598419599749051,0.034177222075285736,0,7710.18359375,overall|small
2401360,2,3,wooden baseboard of a bed frame,286,0.005699936224489796,0.0001766393001874922,0.0001851019059182247,0.0038487473567882617,0,5946.6796875,overall|small
2401360,3,5,this is a bed cover ,462,0.009207589285714286,0.027606623751088324,0.02826126359075691,0.5437534546955324,0,8888.990234375,overall|small
2401360,4,2,white wall in a bedroom,6039,0.12035634566326531,0.16122676252707338,0.36699497456991675,0.22333336729228764,0,3675.010009765625,overall
2401360,5,4,the room has wooden floors,9348,0.18630420918367346,0.0296902577971583,0.06113656069085109,0.05457247145215721,0,8344.3271484375,overall
2401361,0,4,a red sign with a white light through the middle,40,0.0007971938775510204,0.0008417344811239075,0.0008567881949329666,0.04571744203567505,0,2134.36376953125,overall|small|text
2401361,1,0,this is a tent,399,0.007952008928571428,0.0058689525100832345,0.005955854677762982,0.2868500520710957,0,19216.91796875,overall|small
2401361,2,1,this is the roof ,300,0.005978954081632653,0.0001985673714530886,0.00021805556475890293,0.0022168670097986857,0,3049.95703125,overall|small
2401361,3,2,the wall is orange,399,0.007952008928571428,2.693705573655356e-05,3.178230696635381e-05,0.00017666174355604895,0,2217.8388671875,overall|small
2401361,4,3,an umbrella with rainbow colors in blocks,336,0.006696428571428571,0.012590403383982589,0.012762786884111487,0.4824439457484654,0,12701.0791015625,overall|small
2401361,5,5,Street name signs corner building,360,0.007174744897959184,0.0009120408693474376,0.0009462410476183003,0.024613006909688314,0,9364.0859375,overall|small
2401361,6,6,dome in the background,396,0.007892219387755101,0.01194515564320298,0.014937667648897588,0.056271167716594656,0,1491.7578125,overall|small
2401362,0,7,the left eye of a dog.,378,0.007533482142857143,0.061305060873240606,0.0712861533616258,0.3045162221111318,0,1614.7193603515625,overall|small|part
2401362,1,2,another piece of luggage or furniture,588,0.01171875,0.01925189931790207,0.01994826448911899,0.3554604199467873,0,10477.6396484375,overall|small
2401362,2,4,gold zipper for closing/opening a suitcase,500,0.009964923469387755,0.00611653555489677,0.006236944922508989,0.2405966796875,0,19288.0234375,overall|small
2401362,3,5,the black nose of a dog.,256,0.00510204081632653,0.029595625026439552,0.04792811968916674,0.07181741297245026,1,383.60064697265625,overall|small
2401362,4,8,silver zipper tab,416,0.008290816326530613,0.02299730484539444,0.02349325898247012,0.5213887141301081,0,9232.337890625,overall|small
2401362,5,0,black suitcase handle,1025,0.0204280931122449,0.009995027476716706,0.011332042683145995,0.07809811475800305,0,7064.08984375,overall|part
2401362,6,6,a door in a bedroom.,3024,0.060267857142857144,0.1713350401499362,0.3553548286586386,0.24860600062779017,1,2115.58837890625,overall|part
2401363,0,3,lines in man's hand,864,0.01721938775510204,0.10690875949840035,0.11952256997808626,0.5032333091453269,0,3637.7529296875,overall|small|part
2401363,1,6,this is a shoe ,378,0.007533482142857143,0.0004578637436064128,0.0005166654528903025,0.0040069326521858335,0,2931.530517578125,overall|small|part
2401363,2,0,finger nail on man'shand,600,0.011957908163265306,0.014578073662009649,0.02299810055310955,0.03829317092895508,0,999.0347900390625,overall|small
2401363,3,1,red button on blue remote,224,0.004464285714285714,0.01039645205644155,0.010615474860776963,0.33505749702453613,0,7070.138671875,overall|small
2401363,4,4,the man has a light skin ,168,0.0033482142857142855,0.006763802058701048,0.006849682030717573,0.3504269009544736,0,8594.810546875,overall|small
2401363,5,8,a tan bench,380,0.007573341836734694,0.01835805371368698,0.018451467654126627,0.7838375693873355,0,16142.7958984375,overall|small
2401363,6,9,the floor is brown in color ,532,0.010602678571428572,0.03412762479982805,0.034626998969630084,0.7029499828367305,0,10799.9365234375,overall|small
2401364,0,0,A typical scene in India.,46221,0.9211774553571429,0.16548490073920116,0.9494209451910856,0.16695678734706626,1,8128.01708984375,overall
2401365,0,0,Ground has a serials of hills,22338,0.4451929209183674,0.01054876023605841,0.030894109141441018,0.015765599720330127,0,11399.32421875,overall
2401365,1,1,The clouds are long in shape,13065,0.26038345025510207,0.0022659114089288394,0.008239792979664018,0.0031156409256676352,0,4940.154296875,overall
2401366,0,1,a yellow sleeve on a man's shirt,819,0.016322544642857144,0.07688555513391385,0.11039392193716974,0.2021069835248302,1,1499.4088134765625,overall|small|text
2401366,1,9,a pony tail on a man,540,0.010762117346938776,0.0072961652961935,0.008779503356470495,0.04139648720070168,0,2546.16943359375,overall|small|part
2401366,2,0,part of a trouser,592,0.011798469387755101,0.0005638528974607047,0.0006001352504703317,0.00924033732027621,0,9115.078125,overall|small
2401366,3,3,a divider between urinals,900,0.01793686224489796,0.024340091973601194,0.02632529960576233,0.24400916205512152,0,8342.0986328125,overall|small
2401366,4,4,part of  a wall,600,0.011957908163265306,7.872651482175735e-05,9.369868386884284e-05,0.0004924428959687551,0,3153.360595703125,overall|small
2401366,5,6,a flushing device for a urinal,315,0.006277901785714286,0.012632313677901177,0.012731037222400857,0.619629875062004,0,15331.3046875,overall|small
2401366,6,7,edge of a board,700,0.013950892857142858,0.0009070051936294871,0.0009684420342741174,0.014095784596034458,0,10188.580078125,overall|small
2401367,0,0,part of a surface,209,0.004165338010204082,0.00683299069882441,0.007052590343685293,0.17995555092843527,0,5332.89306640625,overall|small
2401367,1,1,two white metal canisters in grass,638,0.012715242346938776,0.05961011798704804,0.0624301032011852,0.5689052474162422,1,5813.88671875,overall|small
2401367,2,2,part of an edge,768,0.015306122448979591,0.03526257539430764,0.03698755173214972,0.4305604298909505,0,8940.0458984375,overall|small
2401367,3,3,green plant in white pot,440,0.008769132653061224,0.02086453065197208,0.021622421799114708,0.3731426239013672,0,7593.17138671875,overall|small
2401367,4,6,part of a metal,70,0.0013950892857142857,0.00021994423315871274,0.00022144219679765266,0.03149022034236363,0,9954.3603515625,overall|small
2401367,5,7,part of a surface,36,0.0007174744897959184,0.0004883018428368994,0.0004913582212616276,0.07278780142466228,0,5332.89306640625,overall|small
2401367,6,9,a right hand.,1015,0.020228794642857144,0.0005177623901307145,0.0005903582637005304,0.004192851212224349,0,7208.748046875,overall|part
2401368,0,5,the word sicko stylized for graffiti,805,0.016043526785714284,0.0025788842997158915,0.006411346896067899,0.004295696531023298,0,539.36181640625,overall|small|text
2401368,1,3,white graffiti on floor on bottom right,240,0.0047831632653061226,0.0009334838115673,0.0010107476818012181,0.012064290046691895,0,2864.641357421875,overall|small
2401368,2,4,red stylized graffiti on a wall,684,0.01363201530612245,0.04395648460739953,0.06064200566731508,0.13774954366405107,0,1553.7198486328125,overall|small
2401368,3,6,potential hazard jutting up from the ground,156,0.0031090561224489796,0.00943885188518217,0.00952414907404309,0.5131278404822717,0,8404.734375,overall|small
2401368,4,0,large exclamation point in graffiti ,2211,0.044064891581632654,0.0014430981753487152,0.0050563082305718375,0.0020153944118159865,0,881.28271484375,overall
2401368,5,1,boy riding skateboard,5635,0.1123046875,0.15902575957432005,0.1800321747481373,0.5767921698230922,0,18053.572265625,overall
2401368,6,2,metal gate at a skate park,5100,0.1016422193877551,0.23646856080182257,0.24579888895297825,0.8616787300857843,1,17878.6875,overall
2401369,0,3,The eye glasses the man behind the girl in the white blouse is wearing.,104,0.002072704081632653,9.90672413468429e-05,0.00010105484666258017,0.0050115848963077254,0,5157.64306640625,overall|small|part
2401369,1,1,part of  a pocket,60,0.0011957908163265306,0.0004180414877000973,0.00042417844741930114,0.028083024422327678,0,3972.341064453125,overall|small
2401369,2,5,part of an edge,416,0.008290816326530613,0.019171208919033227,0.022264231937212095,0.12126414592449482,0,2265.781494140625,overall|small
2401369,3,6,The black sunglasses the lady is wearing.,143,0.002849968112244898,2.0943097223277327e-05,2.1127861587444787e-05,0.0023891279747436096,0,16170.3681640625,overall|small
2401369,4,7,The black shirt the lady is wearing with the sunglasses.,2774,0.05528539540816327,0.054768276567406786,0.0761189833931818,0.16336084873279222,0,5953.3505859375,overall|text
2401369,5,0,woman on cellphone,18837,0.3754185267857143,0.04122909878217357,0.13717235378419929,0.05566498270939507,0,7644.115234375,overall
2401369,6,2,A black fence,2450,0.048828125,0.1439634511565027,0.1600571895345162,0.5887753607302296,1,9012.4013671875,overall
2401370,0,0,man flying a huge red and white kite,16799,0.3348014987244898,0.34937433176968496,0.5005151578009114,0.5363891754159473,1,18003.0546875,overall
2401370,1,1,shadow on cut grass,7018,0.13986766581632654,0.006757775709319362,0.01569162015040323,0.011730287583949865,0,5246.3134765625,overall
2401371,0,1,food bits on spoon,720,0.014349489795918368,0.0008781462439956517,0.0012920902066348484,0.0027335645423995124,0,1523.2423095703125,overall|small
2401371,1,0,pan handle for holding dish ,7904,0.15752551020408162,0.08018054030522538,0.2897479642810092,0.09979463492327856,0,2722.285888671875,overall|part
2401371,2,2,onion is white,1560,0.031090561224489797,0.024408368372938236,0.028515318248924164,0.14491315010266426,0,7927.8271484375,overall
2401371,3,3,broccoli and beef in stew,5640,0.11240433673469388,0.21138192216208843,0.24244967116107177,0.6225850856050532,0,14482.9228515625,overall
2401371,4,4,brown gravy,1596,0.03180803571428571,0.030831696933430266,0.04518093979644541,0.08848831826881658,0,3125.817138671875,overall
2401371,5,5,sliced cooked beef strips,1560,0.031090561224489797,0.08438336911257387,0.0852107845166583,0.8968025403145032,0,16418.25,overall
2401371,6,6,top of green broccoli floret,1715,0.0341796875,0.007982894181013268,0.011336024512101639,0.026278788841848123,0,3975.655029296875,overall
2401372,0,3,old paint on the sign post ,675,0.013452646683673469,0.012621738070246868,0.017850890363960766,0.041307333487051505,0,1561.964111328125,overall|small|text
2401372,1,9,torn white sign on wooden pole,494,0.009845344387755101,0.021854781908741034,0.023049418085721862,0.29660095956161436,0,6356.814453125,overall|small|text
2401372,2,1,blue car moving on the street,902,0.01797672193877551,0.02360158507871554,0.030073755354456628,0.09882934976311322,0,2964.181640625,overall|small
2401372,3,4,The blue box on the side of the street,208,0.004145408163265306,0.003637684652537062,0.0037913776663658716,0.08234676947960487,0,4517.65283203125,overall|small
2401372,4,5,cobblestone side walk in a city,299,0.0059590242346938774,0.0022677027804408932,0.0023376682432346735,0.07043146369449271,0,9008.552734375,overall|small
2401372,5,6,The red light over the road,42,0.0008370535714285714,0.00204689013700039,0.0020483460303028496,0.7422573907034737,0,15219.50390625,overall|small
2401372,6,7,curbing on a street corner,675,0.013452646683673469,0.002804683191156751,0.0029758288967389095,0.046499337090386283,0,10547.3310546875,overall|small
2401373,0,7,the t-shirt is white in color,312,0.006218112244897959,0.003097390244119756,0.003239511041856765,0.06594618161519368,0,6351.33154296875,overall|small|text
2401373,1,5,the hand is raised,496,0.009885204081632654,0.003202222840550265,0.0044806803903383865,0.011098448307283463,0,1228.5701904296875,overall|small|part
2401373,2,6,the handle is back in color,32,0.0006377551020408163,0.00015971023413137973,0.00016088426640916822,0.02141725644469261,0,4259.908203125,overall|small|part
2401373,3,9,A man's head.,665,0.013253348214285714,3.7073459895431276e-05,5.661447515793769e-05,0.00010739815862555253,0,1261.5108642578125,overall|small|part
2401373,4,0,this is a tennis ball,187,0.0037268813775510204,0.004173856969361246,0.0041871630104234,0.5677423324176972,0,25355.548828125,overall|small
2401373,5,2,this is a short,646,0.01287468112244898,0.027799182880353015,0.03229130525976417,0.1665503085582249,0,3331.903076171875,overall|small
2401373,6,3,the short is black in color ,161,0.003208705357142857,0.001131437322852054,0.0011518529897973074,0.060005270916482674,0,8387.2236328125,overall|small
2401374,0,0,part of a ceiling,780,0.015545280612244899,0.0036036834200789615,0.004091204657466646,0.029353860708383413,0,5596.3984375,overall|small
2401374,1,3,part of a sheet,468,0.00932716836734694,0.05060785631732761,0.05246575011083617,0.5883306519598024,0,5247.97119140625,overall|small
2401374,2,4,flat screen TV mounted to wall,760,0.015146683673469387,0.003980615349699553,0.004194128924539426,0.07252205296566612,0,13141.408203125,overall|small
2401374,3,5,part of  a floor,612,0.012197066326530613,0.0031202158410677293,0.003700537683121765,0.019508522320417016,0,3226.34619140625,overall|small
2401374,4,6,edge of a table,285,0.00568000637755102,0.008391924698452919,0.008493798216937493,0.41165549294990406,0,13812.64453125,overall|small
2401374,5,7,part of a switch,153,0.003049266581632653,9.157817674240829e-06,9.377876241746528e-06,0.00039011149916773526,0,6364.6669921875,overall|small
2401374,6,9,edge of a wall,576,0.011479591836734694,0.01690533524111298,0.02006063768905225,0.09704913033379449,0,2786.56640625,overall|small
2401375,0,1,Person floating on the water,304,0.006058673469387755,0.0017515198147754123,0.0018785546260052782,0.02524705309616892,0,4085.643310546875,overall|small
2401375,1,3,a small area of trees in the distance,228,0.004544005102040816,0.0022952766596433705,0.0023684737147219815,0.06913481260600843,0,6655.22998046875,overall|small
2401375,2,4,Person standing on a surfboard,429,0.008549904336734694,0.017511514617959814,0.01894823132469461,0.18762046974022073,0,4247.8466796875,overall|small
2401375,3,6,Two people on top of a wave,527,0.010503029336734694,0.018054409217086575,0.020692461605561648,0.12404864200830912,0,3159.297119140625,overall|small
2401375,4,7,Underside of large wave,330,0.006576849489795918,0.005166343507881961,0.005374435015043974,0.11772428570371686,0,7228.4833984375,overall|small
2401375,5,0,Stretch of calm water,4004,0.07979910714285714,0.03375758437490395,0.038264269161729425,0.22277018025919393,0,23310.828125,overall
2401375,6,2,the area where the white waves meet the grey sky,1196,0.02383609693877551,0.0007666757916226041,0.0013815647869410512,0.001719645034509359,0,1488.6710205078125,overall
2401376,0,4,yellow line on pink shirt,98,0.001953125,0.004368587767045968,0.004374075426357946,0.7768898788763552,0,17406.01171875,overall|small|text
2401376,1,8,white button on man's shirt,36,0.0007174744897959184,0.00022557231955256245,0.0003080297223783474,0.000841943547129631,0,98.39949035644531,overall|small|text
2401376,2,9,This man's shirt is a light purple color,252,0.005022321428571429,0.009422940610467992,0.009619807172975874,0.3152787344796317,0,8259.0263671875,overall|small|text
2401376,3,1,onyx stone ring on man's finger,66,0.0013153698979591836,8.491696775352192e-05,8.62129523396606e-05,0.005617211262385051,0,4300.23486328125,overall|small
2401376,4,2,The lights seen in the black background,300,0.005978954081632653,0.0035753985058743867,0.0036493504886186993,0.14997589111328125,0,12328.9794921875,overall|small
2401376,5,5,"This man has a very, very large nose",650,0.012954400510204082,0.03634557146412002,0.03889947292966704,0.3563310359074519,0,5954.1982421875,overall|small
2401376,6,6,This man is wearing very dark black slacks,15,0.00029894770408163266,2.349354487490799e-05,2.36856480676979e-05,0.0028883049885431926,0,1829.1488037109375,overall|small
2401377,0,1,Pet food dishes floor corner,286,0.005699936224489796,0.008659876177165828,0.009164390662896425,0.13592330559150323,0,4241.8603515625,overall|small
2401377,1,2,yellow and silver stripe on floor,520,0.010363520408163265,0.0020353161379361136,0.0021651314608437176,0.032831617502065806,0,7885.17529296875,overall|small
2401377,2,3,wooden molding on wall,500,0.009964923469387755,0.032474498371640806,0.037108838420931975,0.2063712921142578,0,2780.621826171875,overall|small
2401377,3,0,this is a chair,32376,0.6452487244897959,0.10499262567842209,0.3217268105063681,0.13483901197067272,0,13569.1142578125,overall
2401379,0,2,Cup sitting on table,336,0.006696428571428571,0.012350177322270929,0.012454952925019308,0.5948297409784227,0,16046.8525390625,overall|small
2401379,1,8,pizza slice on a paper plate,528,0.010522959183673469,0.02059332376945243,0.02315241147647098,0.15705042174368194,0,3581.59765625,overall|small
2401379,2,6,woman wearing a blue T-shirt,1938,0.03862404336734694,0.00756879340369272,0.01263810367842777,0.01852000682346592,0,2839.965087890625,overall|text
2401379,3,7,man wearing black and white striped shirt,1118,0.02228156887755102,0.019081414715814794,0.022548401730235357,0.11039995933901219,0,5473.8759765625,overall|text
2401379,4,0,Napkins in blue and gray napkin holder,1560,0.031090561224489797,0.025063864504488075,0.03179880713715174,0.1058161124204978,0,5191.173828125,overall
2401379,5,1,the little boy is drinking from his cup,6204,0.12364477040816327,0.06088261735232763,0.10000608137339329,0.1346682087980033,0,8354.3076171875,overall
2401379,6,3,the little girl is smiling,1680,0.033482142857142856,0.01496452582621,0.017594844378477748,0.09099286397298177,0,8688.2275390625,overall
2401380,0,4,the leaves are green,925,0.018435108418367346,0.004498665914663033,0.007291002112154177,0.011609983701963682,0,1472.943603515625,overall|small|part
2401380,1,2,the grass is green,255,0.005082110969387755,0.0005143139997763576,0.0005271456940434098,0.020691619199865004,0,10009.306640625,overall|small
2401380,2,0,person running in photo,11324,0.22568558673469388,0.022870771443098598,0.15486647533534886,0.02613234444163116,0,1910.8245849609375,overall
2401380,3,1,a  tall tree trunk.,1125,0.022421077806122448,0.02090546958216073,0.022891474802481764,0.1941752658420139,0,9542.73046875,overall
2401380,4,3,a net for a sporting game.,2244,0.04472257653061224,0.022432917298110526,0.025704715175400208,0.14983559674757688,0,13080.521484375,overall
2401380,5,5,a log on the ground ,1140,0.02272002551020408,0.004391551469014177,0.00548533232478691,0.02154912446674548,0,4478.4892578125,overall
2401381,0,3,A plastic wall mounted door bell,132,0.0026307397959183672,0.002768356561102832,0.003013360166673254,0.032927563696196586,0,1442.3892822265625,overall|small|part
2401381,1,4,A closed silver laptop,285,0.00568000637755102,0.013683781002468006,0.014274488851383969,0.24849850838644463,0,4961.44384765625,overall|small
2401381,2,8,A brown table book.,418,0.008330676020408163,0.0003382948576913627,0.00037106819437972386,0.0038156469472857752,0,4298.24072265625,overall|small
2401381,3,9,white phone in the corner,180,0.003587372448979592,9.772134936921836e-05,9.963018762836564e-05,0.005074599716398451,0,9168.1845703125,overall|small
2401381,4,0,purple orchid sitting on table,2730,0.054408482142857144,0.012680151520873477,0.019541257735827034,0.034855797177269346,0,4869.5087890625,overall
2401381,5,1,brown tile on the floor,3276,0.06529017857142858,0.002406245985816482,0.0031122695490535856,0.010495803003928309,0,11047.966796875,overall
2401381,6,2,orange pillow on a sofa,2310,0.04603794642857143,0.07786885404139651,0.08384183422827274,0.5222245649857955,0,14388.267578125,overall
2401382,0,4,United States of America flag,192,0.003826530612244898,0.009761044815187381,0.00978894876731238,0.7739734649658203,0,15180.6806640625,overall|small|text
2401382,1,0,row of three benches,368,0.007334183673469388,0.010646479230993686,0.01081310361374507,0.408600434013035,0,13905.8095703125,overall|small
2401382,2,3,black trash can next to bench,120,0.0023915816326530613,0.0003214631835086197,0.00032529811900960557,0.02654427886009216,0,9791.982421875,overall|small
2401382,3,6,wood chips around the base of a tree,396,0.007892219387755101,0.005878676007431453,0.00627342924022595,0.08544176275079901,0,5393.3720703125,overall|small
2401382,4,1,Wood carved eagle,1040,0.02072704081632653,0.03690750536310276,0.077286180746241,0.06598118268526518,0,887.87451171875,overall
2401382,5,2,Large white building with trees in front of it,5160,0.10283801020408163,0.08818341139119829,0.2129723022617388,0.1308120609253876,0,3169.38037109375,overall
2401382,6,5,black clock with Roman numeral numbers,2800,0.05580357142857143,0.09438129280861361,0.21698882899603067,0.14312728881835937,0,1846.8988037109375,overall
2401383,0,2,a peeling price tag label,208,0.004145408163265306,0.0011969201589484577,0.001340101346681749,0.01107844251852769,0,1719.5087890625,overall|small|text
2401383,1,1,a section of porcelain.,950,0.018933354591836735,0.013613032438666765,0.014999857180581893,0.1283414178145559,0,8128.3671875,overall|small
2401383,2,6,a grey countertop in a bathroom,285,0.00568000637755102,0.011249827719559503,0.012295159908124347,0.11685748183936404,0,2708.7392578125,overall|small
2401383,3,0,green spray bottle visible in photo,4956,0.09877232142857142,0.2974236448687734,0.5120578434203912,0.4150577819183818,1,4017.17578125,overall
2401383,4,3,the slug's antenna are protruding,1596,0.03180803571428571,0.10513892748426272,0.10663666678032688,0.8821550335800439,0,13202.9580078125,overall
2401383,5,4,filth inside of a toilet.,4641,0.09249441964285714,0.08629732437029272,0.10445652662924469,0.3317317161239496,0,14738.8291015625,overall
2401383,6,5,a section of the inside of a toilet bowl.,3360,0.06696428571428571,0.04053060272273712,0.062073502804906325,0.10457208724248977,0,5660.421875,overall
2401384,0,1,Man has ring on finger.,345,0.006875797193877551,0.003986055643470503,0.004291895791281446,0.052973672618036684,0,4258.23876953125,overall|small
2401384,1,2,The phone in the man's hand.,4620,0.09207589285714286,0.11596032612377499,0.21605162500456238,0.20019556351038284,0,4280.9375,overall|part
2401384,2,3,hair stubble on the face of a man,7134,0.1421795280612245,0.2263752703082632,0.26889634099755555,0.5887414554203463,0,15619.705078125,overall|part
2401384,3,4,Man has short hair on his head.,4368,0.08705357142857142,0.09148402913472843,0.1899882095033824,0.1499838357443338,1,3448.263427734375,overall|part
2401384,4,0,Man has brown eyebrows.,2436,0.048549107142857144,0.020285868710928134,0.02650456724359687,0.07957948330783687,0,7314.0458984375,overall
2401385,0,2,HAND HOLDING FOOD UP TO MOUTH,30,0.0005978954081632653,7.287494571534133e-05,7.299558470695609e-05,0.04223254124323527,0,17356.888671875,overall|small|part
2401385,1,1,MULTI COLORED DESIGN ON THE FLOOR,140,0.0027901785714285715,0.0030227263981987703,0.0030692150102562227,0.16636293956211634,0,7588.52392578125,overall|small
2401385,2,4,a doorway in a wall,837,0.0166812818877551,0.0012683344859036056,0.0015139944046248892,0.007756078827195982,0,4287.8876953125,overall|small
2401385,3,0,man looking up to ceiling,29808,0.5940688775510204,0.05708609051799838,0.6016062200393054,0.059328923862721414,1,2939.591552734375,overall
2401385,4,3,lighting recessed into ceiling,1870,0.0372688137755102,0.025231777293511264,0.06280626797944815,0.040468487255076034,0,1204.9127197265625,overall
2401386,0,8,arched window on building.,216,0.00430484693877551,0.0088147375750304,0.008896719922084826,0.48890276308412906,0,11869.8798828125,overall|small|part
2401386,1,0,edge of a road,336,0.006696428571428571,0.0040672173631093635,0.00415192118166074,0.16622373035975865,0,13451.88671875,overall|small
2401386,2,2,part of a road,255,0.005082110969387755,0.0026867402453903066,0.002872042504970689,0.03997764213412416,0,3549.494384765625,overall|small
2401386,3,6,stoplight on the corner.,155,0.0030891262755102043,0.002459526023540622,0.0024847629399716224,0.19494989456668976,0,12161.0126953125,overall|small
2401386,4,7,electronic billboard on building.,420,0.008370535714285714,0.008749913325437904,0.009710783375081924,0.08124438694545201,0,3513.891845703125,overall|small
2401386,5,9,a billboard,405,0.008071588010204082,0.006230083422325755,0.00786624581763247,0.029081561241620854,0,1497.28759765625,overall|small
2401386,6,1,Evergreen tree,2430,0.04842952806122449,0.11207877185503254,0.16004512932366274,0.27217856827096193,0,4132.54638671875,overall
2401387,0,4,flashlight next to knives,598,0.011918048469387755,0.0027539823725218227,0.0029364777577946186,0.042433132694716436,0,8641.3095703125,overall|small
2401387,1,6,hand towel on counter,1386,0.027622767857142856,0.0013597632685199653,0.0014877607734097818,0.015559102893735768,0,14494.8818359375,overall|part
2401387,2,0,black stove top by counter,4410,0.087890625,0.2078736219511441,0.34510736027481165,0.343292693053784,1,4386.81103515625,overall
2401387,3,1,a bag of croutons,3234,0.064453125,0.1760457477496625,0.2092988407268034,0.5256284998019094,0,8121.79638671875,overall
2401387,4,2,brightly colored container holding kitchen utensils,1736,0.03459821428571429,0.05194493016308374,0.06102467194665052,0.25877626480594756,0,7361.54052734375,overall
2401387,5,3,stack of two blue plates,7826,0.15597098214285715,0.17739012937834328,0.3634950205455269,0.257319258571189,1,5540.0498046875,overall
2401387,6,5,tiled floor is white,2405,0.047931281887755105,0.00773613774778987,0.019006198583360726,0.012878456829491375,0,1629.60986328125,overall
2401388,0,0,This is at a beach.,41748,0.83203125,0.08711403343860905,0.6478030292171317,0.09144506173948452,0,5893.22412109375,overall
2401389,0,2,The shoe lace of a tennis player.,27,0.0005381058673469387,0.0012248246936843426,0.0012394450551832569,0.09406737045005516,0,2049.158203125,overall|small|part
2401389,1,3,Strings on a tennis racket,240,0.0047831632653061226,0.0020129690844612248,0.002044262340417202,0.11621675491333008,0,13644.0517578125,overall|small
2401389,2,0,Shadow of tennis player holding a racket,25098,0.5001992984693877,0.04337368592707728,0.5183765614395407,0.045194974372335446,1,2188.184326171875,overall
2401389,3,1,Black shorts worn by a tennis player,3403,0.06782126913265306,0.13736089906110102,0.15838785171821623,0.5085237218883154,0,10925.7509765625,overall
2401390,0,3,fence outside of window,432,0.00860969387755102,0.0857211120784613,0.08701307611751585,0.852360831366645,0,4231.7763671875,overall|small|part
2401390,1,2,a light color wooden floor,784,0.015625,0.021474528436977093,0.023194262012436188,0.22458358686797472,0,7591.25390625,overall|small
2401390,2,0,black stand with tv,4000,0.07971938775510204,0.19675485330865317,0.21156043087773654,0.737634521484375,1,13946.5498046875,overall
2401390,3,1,lights in the ceiling,1045,0.02082669005102041,6.506633052787354e-06,9.152199354025815e-06,2.2508852789846903e-05,0,2570.0654296875,overall
2401390,4,4,a wooden table between the chairs,1932,0.03850446428571429,0.015140888697362213,0.016593499396654963,0.14745439801897323,0,17168.283203125,overall
2401391,0,4,blue sign on a train,432,0.00860969387755102,0.00884305925448331,0.009206257473597976,0.18310774697197807,0,8592.2587890625,overall|small|text
2401391,1,3,silver door to cargo compartment,720,0.014349489795918368,0.0017392782827626806,0.0019460345819286968,0.016106784343719482,0,5959.23876953125,overall|small|part
2401391,2,1,tall building in the background.,462,0.009207589285714286,0.002085720418367452,0.0027196533151316667,0.008868650956587358,0,1506.5584716796875,overall|small
2401391,3,2,Front windshield of passenger train,465,0.009267378826530613,0.008166982009833562,0.008551680641206063,0.1536529541015625,0,8354.921875,overall|small
2401391,4,6,white building behind the train.,210,0.004185267857142857,0.0017284100742591673,0.0017583718376263826,0.09209394000825427,0,10998.65625,overall|small
2401391,5,7,train wheels on cargo train carrier,800,0.01594387755102041,0.0004559694261845482,0.0005008347698876327,0.005064239501953125,0,8089.27783203125,overall|small
2401391,6,8,vent on side of train.,112,0.002232142857142857,0.00010536748078708642,0.0001071241333135896,0.006384492984839848,0,6675.08984375,overall|small
2401393,0,3,red tomato sauce on pizza,828,0.01650191326530612,0.023861999141701173,0.024571108162373345,0.4526050217485658,0,15251.935546875,overall|small
2401393,1,5,melted cheese on  pizza,475,0.009466677295918368,0.03449645292702947,0.03615500562439923,0.4292213520250822,0,5639.05712890625,overall|small
2401393,2,0,spinach on the pizza,2520,0.05022321428571429,0.027290854298729815,0.035896712756812575,0.10220133463541667,0,7174.67822265625,overall
2401393,3,1,fork and a knife,2652,0.052853954081632654,0.13070518503636375,0.14199430013876074,0.6217862642728366,0,11612.9814453125,overall
2401393,4,2,the pinky is curled,2050,0.0408561862244898,3.1485207867981035e-05,0.0002766988282484626,3.552661799803013e-05,0,263.20880126953125,overall
2401393,5,4,burnt crust of pizza,1596,0.03180803571428571,0.00903111279668953,0.018158359406001908,0.017649985196297627,0,1551.3172607421875,overall
2401393,6,6,wooden pizza board,3649,0.07272401147959184,0.1415387125694575,0.17609660014702164,0.4190230574729378,1,8682.8203125,overall
2401394,0,2,window air conditioning unit in apartment building,224,0.004464285714285714,0.003384454848375044,0.0034492067529363515,0.15274575778416224,0,9919.6865234375,overall|small|part
2401394,1,0,Street sign says Cumming St,1554,0.030970982142857144,0.008482058628892872,0.011555320230221365,0.030906471046241554,0,4156.41064453125,overall|text
2401394,2,5,NO PARKING SIGN IN PICTURE,1833,0.03653140943877551,0.06069837555646681,0.06476809649055167,0.49135095541163737,0,13905.708984375,overall|text
2401394,3,1,apartment building fire escape,12654,0.2521922831632653,0.3253927625868967,0.6061155219900272,0.41265044341216217,1,8614.9892578125,overall
2401394,4,3,apartment building light,1204,0.023995535714285716,0.005277022351140236,0.006599971950004878,0.025650883037782585,0,4679.36279296875,overall
2401394,5,4,Building exterior is brick,2838,0.056560905612244895,0.03705372029799109,0.056305365619543565,0.09777515887206,0,4928.23193359375,overall
2401394,6,6,There is a black ladder on the building,1105,0.022022480867346938,0.0206331416335108,0.02584062005903843,0.09287676919099971,0,3971.608642578125,overall
2401395,0,9,front wheel of a motor cycle,90,0.001793686224489796,0.003924283538548243,0.003948816607665966,0.38712289598253036,0,8823.1650390625,overall|small|part
2401395,1,0,black tire on bike,988,0.019690688775510203,0.09838585969823853,0.10340589071637893,0.669598042723621,1,6397.72900390625,overall|small
2401395,2,1,part of a name,272,0.005420918367346939,6.537342407944434e-06,7.123885430929346e-06,7.93932909693788e-05,0,3031.347900390625,overall|small
2401395,3,3,edge of a seat,180,0.003587372448979592,0.001299283368162034,0.0014044538107547255,0.01705481211344401,0,2185.807861328125,overall|small
2401395,4,5,part of a building,33,0.0006576849489795918,0.00205271722086557,0.0020531698375306313,0.9030216679428563,0,14514.00390625,overall|small
2401395,5,8,engine of a motor cycle,544,0.010841836734693877,0.032376157649789954,0.03267961938957813,0.7771125681260053,1,12936.173828125,overall|small
2401395,6,2,The awning is black with Pub on the side,2070,0.04125478316326531,0.03072270179999964,0.05677659613521405,0.0627497060287402,0,2287.771728515625,overall
2401396,0,6,part of  a hair,420,0.008370535714285714,0.008752378810207859,0.009217675256348446,0.14776661282493955,0,6732.931640625,overall|small|part
2401396,1,1,Pair of sunglasses,410,0.00817123724489796,0.010764193436424483,0.014919540089582845,0.03721012952851086,0,1022.5618896484375,overall|small
2401396,2,2,orange life preserver on a large boat,25,0.0004982461734693878,0.00025824346162172437,0.0002586667536284792,0.13629917144775391,0,13173.240234375,overall|small
2401396,3,4,Small watercraft operate water,481,0.00958625637755102,0.019623540310102966,0.02003401245940463,0.4892149863768516,0,11745.6455078125,overall|small
2401396,4,5,part of a chin,48,0.0009566326530612245,0.0024496675058647112,0.002454761908660669,0.5413651466369629,0,10585.7626953125,overall|small
2401396,5,7,part of a water,736,0.014668367346938776,0.001720846027895038,0.002102698312879823,0.009387016944263292,0,3285.7041015625,overall|small
2401396,6,8,woman wearing glasses,372,0.00741390306122449,0.03952457325516723,0.04191806032775331,0.4090564686764953,0,3630.15380859375,overall|small
2401397,0,4,a top of a table.,837,0.0166812818877551,0.0031530053679825593,0.0034567149429464024,0.03464317321777344,0,8388.408203125,overall|small
2401397,1,7,a section of a table.,456,0.009088010204081632,0.0300943909721576,0.0315254567812126,0.3986626340631853,0,5766.4560546875,overall|small
2401397,2,0,the dressing is white,2912,0.05803571428571429,0.004643666841402929,0.005343189446562719,0.034254875811901724,0,18668.662109375,overall
2401397,3,1,the pickle is green,2046,0.04077646683673469,0.008599610576714224,0.013337732673382665,0.023635592045788658,0,3625.685302734375,overall
2401397,4,2,lettuce and slices of carrots ,1650,0.032884247448979595,0.07624249712176616,0.08326846053368321,0.47467699455492424,0,9405.9267578125,overall
2401397,5,3,a piece of wheat bread ,7353,0.1465441645408163,0.013082122523792974,0.047954045449909485,0.017671935528812646,0,2709.7138671875,overall
2401397,6,5,the lettuce is green,1015,0.020228794642857144,0.0010082260981192886,0.0016417392056038123,0.0026059930547704837,0,1611.1468505859375,overall
2401398,0,5,a distant flag kite ,42,0.0008370535714285714,0.002014306904376759,0.0020156756546620587,0.7478788920811245,0,15583.3173828125,overall|small|text
2401398,1,8,a streamer flag kite,440,0.008769132653061224,0.0284351237556438,0.029234326979330507,0.5098370985551314,0,7673.4560546875,overall|small|text
2401398,2,0,Buildings in the distance.,456,0.009088010204081632,0.0008544572624748976,0.0009191569021970384,0.011993281673966792,0,5949.94873046875,overall|small
2401398,3,3,man wearing white walking on the sand,45,0.000896843112244898,0.0007963781866805466,0.0008025137259656567,0.09433771769205729,0,5289.875,overall|small
2401398,4,9,a vehicle on the far end of the beach,24,0.00047831632653061223,0.002155884468415861,0.0021576766509460495,0.7218785285949707,0,8029.50927734375,overall|small
2401398,5,2,green and red legs to kite,2610,0.05201690051020408,0.06428678268095875,0.087631108561207,0.19440788181348778,0,5790.2333984375,overall|part
2401398,6,6,The eyes and the mouth on the cat are black.,1560,0.031090561224489797,0.026663351939794133,0.04775689257194357,0.05693050286708734,0,1859.6600341796875,overall|part
2401399,0,6,left arm of a surfer,306,0.006098533163265306,0.0179606521135806,0.0181322573120394,0.6549070271012051,0,11052.2119140625,overall|small|part
2401399,1,3,white crashing water from a wave,805,0.016043526785714284,0.01239577481416352,0.013361991844838028,0.14633772002984277,0,8816.1904296875,overall|small
2401399,2,7,white foam from the ocean water,196,0.00390625,0.0021639458665377582,0.0022728076102168995,0.04322581875080965,0,3727.662841796875,overall|small
2401399,3,0,The birds are white.,2600,0.05181760204081633,0.0007729857301285152,0.0009156957579967579,0.004935367290790265,0,14013.3388671875,overall
2401399,4,1,Foamy and motionless water ,7616,0.15178571428571427,0.018414269406268006,0.05780156577826396,0.02631222901224088,0,3466.92919921875,overall
2401399,5,2,Rock in the ocean.,1128,0.022480867346938774,0.01921891667318367,0.02249926578456564,0.11646630578007258,0,5839.03466796875,overall
2401399,6,4,Dark blue clear ocean water,3618,0.07210618622448979,0.02055327427372393,0.04248597811291771,0.038289425978020056,0,3260.632080078125,overall
2401400,0,4,Giraffe has black hair on the end of tail.,408,0.008131377551020409,0.01707709907609798,0.017385751938106216,0.4902942507874732,0,11505.9765625,overall|small|part
2401400,1,9,green leaves on the trees.,414,0.00825095663265306,0.025606425723930862,0.027186691990840204,0.30581084541652515,0,4656.8994140625,overall|small|part
2401400,2,2,A small rock on the ground.,16,0.00031887755102040814,3.7245842792784434e-05,3.744788579713466e-05,0.006856042426079512,0,2929.315673828125,overall|small
2401400,3,7,Two of the feet of the tallest giraffe. ,413,0.008231026785714286,0.02580818961665649,0.029428708544007205,0.17340139615333686,0,2433.50048828125,overall|small
2401400,4,8,rocks in the ditch.,198,0.003946109693877551,1.4158914514547002e-05,1.4573090933896996e-05,0.0004979433736415824,0,6765.39990234375,overall|small
2401400,5,0,Housing structure in the background.,1320,0.026307397959183673,0.006853764067709961,0.007465149343361016,0.07722345409971294,0,13654.7783203125,overall
2401400,6,1,Wires in the sky over giraffes area.,13056,0.2602040816326531,0.003953931323719065,0.010186040978381758,0.006420988078210868,0,8230.1279296875,overall
2401401,0,2,tail of plane number two,192,0.003826530612244898,0.008252661486158658,0.008301902529327434,0.5818306605021158,0,13456.130859375,overall|small|text|part
2401401,1,3,Tail end of black airplane,231,0.004603794642857143,0.007329109549212361,0.007931046211494585,0.08806341757506003,0,2564.93896484375,overall|small|part
2401401,2,1,back wings of a jet.,156,0.0031090561224489796,0.00354067303897279,0.0035868357678687634,0.21575372647016478,0,9383.6416015625,overall|small
2401401,3,6,Lights on bottom of airplane,64,0.0012755102040816326,0.001149880695426623,0.001271809776806634,0.011851945891976357,0,596.4135131835938,overall|small
2401401,4,0,the left outer plane,2640,0.052614795918367346,0.0013599336911941221,0.00755373698506923,0.0016557794628721295,0,578.6881103515625,overall
2401401,5,4,a section of clear blue sky.,1908,0.03802614795918367,0.045928967447786566,0.04968918142832816,0.37769392801280793,0,14502.9560546875,overall
2401401,6,5,Clear blue sky,12900,0.2570950255102041,0.14058429430722252,0.2981125212359081,0.21014001180959302,0,9093.2314453125,overall
2401402,0,0,Identifying number of airplane.,117,0.002331792091836735,0.004908272870352256,0.004933330981301778,0.49143558078342015,0,11654.998046875,overall|small|text
2401402,1,3,the grass is green,504,0.010044642857142858,0.004134126117652527,0.005277271233821752,0.018727567460801866,0,1788.5557861328125,overall|small
2401402,2,6,open windows,220,0.004384566326530612,0.0039671714801009575,0.005332912021963843,0.015254611318761652,0,629.3024291992188,overall|small
2401402,3,1,the roof is gray,2379,0.04741310586734694,0.031096908220218652,0.04192894270725825,0.10743834602577239,0,6095.92822265625,overall
2401402,4,2,brown hotel,16472,0.3282844387755102,0.2988900033468367,0.5254942023554653,0.40937604343734824,1,12832.19140625,overall
2401402,5,4,the water ,1680,0.033482142857142856,0.053995435156265904,0.05888924898612649,0.3938471839541481,0,11235.72265625,overall
2401402,6,5,Water movement from the airplane.,1080,0.021524234693877552,0.016447355897635935,0.01912360382587944,0.1051674313015408,0,5939.30029296875,overall
2401403,0,5,Head of a man walking in the water. ,200,0.003985969387755102,0.0024980246711848457,0.0025290998722737107,0.16895572662353517,0,13360.9375,overall|small|part
2401403,1,3,decal on surf board,144,0.0028698979591836736,0.007885135585545924,0.007912547357342137,0.6947575675116645,0,12643.853515625,overall|small
2401403,2,4,Top black tip of a surfboard. ,72,0.0014349489795918368,0.000852385929277107,0.0008657596845772843,0.05229423112339444,0,4348.9951171875,overall|small
2401403,3,0,The foam is white.,14381,0.2866111288265306,0.1144282459030303,0.4766921901806863,0.13086759167912523,0,3948.0546875,overall
2401403,4,1,The waves are white.,9768,0.1946747448979592,0.0335548314594505,0.10729048420524363,0.046551734868080084,0,4238.18896484375,overall
2401403,5,2,small wave crashing down,5112,0.1018813775510204,0.0313445611170098,0.06482886634591085,0.05721401757850707,0,4511.54052734375,overall
2401404,0,1,neck of a sheep,464,0.009247448979591837,0.006699617188196503,0.007448959599852615,0.06244019804329708,0,3889.43603515625,overall|small
2401404,1,3,part of the sky,238,0.004743303571428571,0.0021945773115543705,0.002609657441540983,0.013609782988283815,0,1241.208251953125,overall|small
2401404,2,4,stomach of a sheep,648,0.012914540816326531,0.019039977382205527,0.0192985050864898,0.5869971852243683,0,19710.033203125,overall|small
2401404,3,5,part of a tree,187,0.0037268813775510204,0.016899017389127496,0.016973190231619428,0.7945368149701286,0,8753.7099609375,overall|small
2401404,4,7,part of a cloth,125,0.0024912308673469387,4.891031053144836e-05,4.957439717865103e-05,0.0036378962993621825,0,9172.8203125,overall|small
2401404,5,0,Man wearing white shirt.,1463,0.029157366071428572,0.16002766348001224,0.1691394861383701,0.7481448316280759,1,6471.20263671875,overall|text
2401404,6,2,The sky is bright.,5472,0.1090561224489796,0.017541672623598792,0.11785179854869349,0.020193097187064545,0,937.5896606445312,overall
2401405,0,0,The plane in the sky,11745,0.23407605229591838,0.03774533214448423,0.8684949265289488,0.03796229778629204,1,513.379150390625,overall
2401405,1,1,clouds in the sky,13244,0.26395089285714285,9.141160276129053e-05,0.10929155500879642,9.147975423911373e-05,0,11.08555793762207,overall
2401406,0,0,Yellow and red left boot,320,0.006377551020408163,0.0002436878067860349,0.00025819197803492584,0.004319204390048981,0,5353.16943359375,overall|small
2401406,1,1,Yellow and red right boot,360,0.007174744897959184,0.00032721173713398026,0.00034230062058601067,0.0073683049943712026,0,7749.298828125,overall|small
2401406,2,2,red hat with a white patterned stripe,342,0.006816007653061225,0.0006306071523315083,0.0006562530896904113,0.01588033235561081,0,8275.8828125,overall|small
2401406,3,3,person wearing white hat ,714,0.014229910714285714,0.022744607978832838,0.02385657515744903,0.32794418121252406,0,9814.994140625,overall|small
2401406,4,5,light blue jacket,925,0.018435108418367346,0.03533177223562883,0.03720676707028641,0.41214916332347973,0,10246.46875,overall|small
2401406,5,7,bright yellow hat,154,0.0030691964285714285,0.0027146012959178268,0.002782447727726472,0.10017598759044301,0,5544.435546875,overall|small
2401406,6,8,"black ski boot with small areas of yellow, pink and blue on the side",210,0.004185267857142857,0.004931839948576976,0.005230532294708703,0.07949788229806083,0,3191.750732421875,overall|small
2401407,0,3,green leaves on the plate,550,0.010961415816326531,0.010529864866989728,0.0132683808001423,0.048541724465110084,0,2012.148193359375,overall|small|part
2401407,1,1,side of a plate,60,0.0011957908163265306,0.0010423189268428717,0.0010782194768943943,0.0303542693456014,0,1689.133056640625,overall|small
2401407,2,2,cutting edge of a knife,12,0.00023915816326530612,3.3600629182609953e-05,3.3661315276993045e-05,0.018296567102273304,0,6522.58544921875,overall|small
2401407,3,4,part of a dinner table,42,0.0008370535714285714,0.0008907434302262376,0.0008928566598657502,0.27343868073962985,0,12862.5625,overall|small
2401407,4,5,front part of a fork,270,0.005381058673469388,0.0023629005818431707,0.002511890409641413,0.03831105762057834,0,4118.00830078125,overall|small
2401407,5,7,napkin for meal,416,0.008290816326530613,0.01641132568272006,0.016534042593248335,0.6885851346529447,0,17324.947265625,overall|small
2401407,6,8,part of a silver knife,60,0.0011957908163265306,1.1162691937572532e-05,1.1281178918138654e-05,0.0010616747041543326,0,5646.61572265625,overall|small
2401408,0,7,Japan airline logo on side of plane.,513,0.010224011479591837,0.012850775464866439,0.01614677625871385,0.05922609741924799,0,1881.6751708984375,overall|small|text
2401408,1,1,Luggage transport vehicles.,725,0.014449139030612245,0.011409776656179886,0.012055799421906873,0.1755462751717403,0,10556.83203125,overall|small
2401408,2,3,an orange and white cone,117,0.002331792091836735,0.0005750753664390642,0.000593249525556423,0.01842599241142599,0,3633.953369140625,overall|small
2401408,3,4,One person at the luggage carrier.,364,0.007254464285714286,0.005220931308817214,0.005659142529516818,0.06316523499541231,0,4062.83203125,overall|small
2401408,4,5,Landing gear on JAL airline.,270,0.005381058673469388,0.003930660856310237,0.003965026094428531,0.31201290554470484,0,21246.640625,overall|small
2401408,5,8,this is the propeller,399,0.007952008928571428,0.019531357237294992,0.02055884788306421,0.2809887840634301,0,5453.3466796875,overall|small
2401408,6,0,The lines are white.,6695,0.13343032525510204,0.014251283900318788,0.0422101429946172,0.021062329885583923,0,3340.720703125,overall
2401409,0,3,shadow in the snow.,285,0.00568000637755102,0.008739569453670618,0.009125458414312199,0.17127462019000136,0,5349.13037109375,overall|small
2401409,1,4,trunk of a tree.,605,0.012057557397959183,0.002169988057589413,0.0023257780607773694,0.03137905656798812,0,8162.5712890625,overall|small
2401409,2,5,a shed in the background,132,0.0026307397959183672,0.001088776168726595,0.0011165902592507207,0.04187822703159216,0,4950.72021484375,overall|small
2401409,3,6,ski trail in the snow.,448,0.008928571428571428,0.0042402325054659165,0.004482852902332085,0.07265386411121913,0,7260.7626953125,overall|small
2401409,4,7,a round barrel in the snow,56,0.0011160714285714285,0.0011859239692835913,0.001192366455496716,0.17998451845986502,0,8453.0498046875,overall|small
2401409,5,0,a black bench in snow,9100,0.18136160714285715,0.1597391663872285,0.31852794979568083,0.24267347398695055,1,6932.91943359375,overall
2401409,6,1,a person walking in the snow,2880,0.05739795918367347,0.08739993902827496,0.1059055774104923,0.33341310289171006,1,9066.84765625,overall
2401410,0,3,front wheel of a bicycle,25,0.0004982461734693878,0.0011759542500479007,0.001180753213146984,0.22440685272216798,0,4751.349609375,overall|small|part
2401410,1,0,yellow bananas in cart,648,0.012914540816326531,0.03216946500523723,0.03249947305906114,0.7600811616874036,0,15155.0947265625,overall|small
2401410,2,1,section of tomatoes,40,0.0007971938775510204,8.520717351211005e-05,8.594692326222026e-05,0.009802648425102234,0,4562.18701171875,overall|small
2401410,3,2,a boot on a man,234,0.00466358418367347,0.025091011871178938,0.025178806968257715,0.8779872666057359,0,8159.60107421875,overall|small
2401410,4,4,part of a path,75,0.0014947385204081632,5.0620277413985446e-05,5.150137888150624e-05,0.0029500838120778403,0,4296.12353515625,overall|small
2401410,5,6,pedal of a bicycle,21,0.0004185267857142857,1.3691421135798002e-05,1.3727430506349796e-05,0.005192319197314126,0,7943.12548828125,overall|small
2401410,6,7,inside of a shop,558,0.011120854591836735,0.0005289423144289699,0.0005842325694677335,0.005558081425219026,0,5308.5185546875,overall|small
2401411,0,0,Lightly brown bread toasted,19890,0.3964046556122449,0.13140339175277618,0.25298996843274596,0.21471079216943187,0,16880.501953125,overall
2401411,1,1,black hinged box sitting on desk behind plate,2256,0.04496173469387755,0.09607985711348822,0.2107050575236991,0.15010421157728696,0,1607.1522216796875,overall
2401411,2,2,The plate is covered in toast crumbs ,5238,0.10439253826530612,0.016172648638137825,0.0220741940555205,0.05704173480977353,0,13535.470703125,overall
2401411,3,3,white wall in the background,1015,0.020228794642857144,0.03266444766370262,0.03870235264847372,0.17312713773379773,0,4540.39697265625,overall
2401412,0,0,a section of night sky.,931,0.0185546875,0.00016278750779023262,0.0011807038299834487,0.00018878521199641244,0,148.8595428466797,overall|small
2401412,1,1,the front lights are on,126,0.0025111607142857145,0.0011811778077068158,0.0012951163982595204,0.013248329124753438,0,1288.9107666015625,overall|small
2401412,2,2,Top of clock tower,200,0.003985969387755102,0.009064914271985663,0.009155276218746277,0.4787424468994141,0,10458.28515625,overall|small
2401412,3,5,Small part of the street,540,0.010762117346938776,0.0008453398046361195,0.0008641447329103157,0.03739340040418837,0,23366.9609375,overall|small
2401412,4,6,clock on a side of a building,189,0.0037667410714285715,0.0068028334981975564,0.007205143904764827,0.10860312931121342,0,2848.796875,overall|small
2401412,5,7,green light on side of street pole,60,0.0011957908163265306,0.0002889686768942497,0.0002906802846531086,0.04677948951721191,0,9655.8642578125,overall|small
2401412,6,8,a tall light.,621,0.012376434948979591,0.00525163991948973,0.006571295674560976,0.02548438147454254,0,2408.32275390625,overall|small
2401413,0,6,a tennis player wearing an orange shirt,270,0.005381058673469388,0.010693134549207334,0.010757338763408722,0.6417852896231192,0,16108.26171875,overall|small|text
2401413,1,1,blue surface on the court.,323,0.00643734056122449,0.0012722381786167741,0.001367042962208046,0.018014630297020124,0,4256.43212890625,overall|small
2401413,2,3,an advertisement on the wall,644,0.012834821428571428,0.019745440285771465,0.03218602700317526,0.04860215157455539,0,972.4650268554688,overall|small
2401413,3,4,green floor next to court,529,0.010542889030612245,0.004951562937886989,0.005548118804271064,0.04402345971033569,0,4197.53271484375,overall|small
2401413,4,5,ball boy near the net.,207,0.00412547831632653,0.0024014947901731232,0.0024235353573679613,0.20890045166015625,0,17842.69140625,overall|small
2401413,5,7,green surface on the court.,196,0.00390625,0.0063534541098693165,0.006768268777067735,0.09392820085797991,0,2720.034912109375,overall|small
2401413,6,9,scoreboard on the court.,220,0.004384566326530612,0.001735285204419204,0.001825718903370492,0.033847015554254706,0,4078.58154296875,overall|small
2401415,0,0,The eyes of the man holding the phone.,299,0.0059590242346938774,0.019823632061298883,0.01989701411049787,0.8431381174553199,0,12670.1572265625,overall|small|part
2401415,1,5,The ear of the man holding the phone.,612,0.012197066326530613,0.0013055285168211575,0.001399015448965177,0.019162623710881652,0,8382.69921875,overall|small
2401415,2,6,Bicycle tire in the background,987,0.019670758928571428,0.004416114600661117,0.005191484194703574,0.028718915512255017,0,5460.0126953125,overall|small
2401415,3,2,person with sunglasses in hand,1512,0.030133928571428572,0.0010205048557677611,0.0015767123992278826,0.002884537139266887,0,2766.148193359375,overall|part
2401415,4,1,There is a drink with a straw,1287,0.02564971301020408,0.038476065334917244,0.04064953264966105,0.4184704997693279,0,13249.14453125,overall
2401415,5,3,Man looking at something,3504,0.06983418367346939,0.010144020874385276,0.0180079425580864,0.022701894855934737,0,4417.35302734375,overall
2401415,6,4,The phone is black,2010,0.04005899234693878,0.00682558619572134,0.010997386726666376,0.017675067654889614,0,3230.484375,overall
2401416,0,1,the gold letter G,60,0.0011957908163265306,0.0007041299733238164,0.0007580786979379718,0.009797381361325581,0,775.4378051757812,overall|small|text
2401416,1,9,the gold letter E,85,0.0016940369897959183,0.0016825559043148535,0.0017582631510239715,0.03760697420905618,0,1818.0400390625,overall|small|text
2401416,2,2,string hanging from case,848,0.016900510204081634,0.04343986558378244,0.04675209777912123,0.38009596770664433,0,6894.265625,overall|small
2401416,3,8,tan stitching on leather,935,0.0186344068877551,0.014625754172376732,0.017931154967301802,0.07350948558134192,0,3833.06982421875,overall|small
2401416,4,0,cream leather handle of suitcase,1584,0.031568877551020405,0.047094390645590546,0.048100889586218366,0.6923697115194918,0,22800.27734375,overall|part
2401416,5,3,closed pink storage chest,4278,0.08525988520408163,0.061910287557491075,0.09532555220934477,0.15010422487691386,0,6736.345703125,overall
2401416,6,4,books on blue bookshelf,1725,0.03437898596938776,0.12857972022295114,0.14078422085639725,0.5972975401947463,0,7318.5634765625,overall
2401417,0,0,toilets in bathroom,24948,0.49720982142857145,0.13756946756910626,0.3842999949533457,0.17646266734808402,0,11455.609375,overall
2401417,1,1,geometrically patterned lavendar and burgundy wallpaper,5332,0.10626594387755102,0.03945301863286023,0.25451909064136685,0.04460775914803896,0,934.5018920898438,overall
2401418,0,0,This is a baseball game.,32308,0.6438934948979592,0.4253738018731647,0.9065842387424384,0.44487309523763463,1,15853.970703125,overall
2401418,1,1,The ground is brown.,7242,0.14433195153061223,2.2910530462122073e-05,3.801137748832384e-05,5.766634156248972e-05,0,10986.701171875,overall
2401419,0,3,the letters Slazerx,240,0.0047831632653061226,0.00021771924148890895,0.00024359272919019623,0.0020455818623304365,0,2015.4117431640625,overall|small|text
2401419,1,1,a greenish yellow tennis ball flying through the air,45,0.000896843112244898,0.0016771078200732974,0.0017150381365941807,0.07048620647854276,0,1849.451171875,overall|small
2401419,2,5,The dark blue jacket the person behind the player has on.,675,0.013452646683673469,0.038441615745953304,0.043962687705383065,0.2343614818431713,1,3598.36962890625,overall|small
2401419,3,0,tennis player lunging for tennis ball,10614,0.21153539540816327,0.27821283577621936,0.3126687429093037,0.716282371749576,0,24315.2578125,overall
2401419,4,2,green tennis court grass with spray painted white lines,1696,0.03380102040816327,0.11185379805613752,0.12557052639883073,0.5059219216400722,0,6833.16064453125,overall
2401419,5,4,the green back fence of a tennis court,3024,0.060267857142857144,0.035180544120799045,0.05914981252529504,0.07988127955683956,0,4083.88427734375,overall
2401419,6,6,a long green metal bar at the top of the court wall,1106,0.022042410714285716,0.1012550135341527,0.10553936138853373,0.7138185138943829,0,7480.462890625,overall
2401420,0,1,part of a forest,120,0.0023915816326530613,0.0030730005430484363,0.003208004890320254,0.06805210113525391,0,2545.5859375,overall|small
2401420,1,2,white rocks by trees,161,0.003208705357142857,0.008244146540560228,0.008511321382532657,0.20800340545843848,0,3934.588623046875,overall|small
2401420,2,3,part of a lake,63,0.0012555803571428572,0.001959760428089833,0.001965903892317763,0.38541787768167163,0,12351.2275390625,overall|small
2401420,3,4,part of a sea,672,0.013392857142857142,0.032579530247005606,0.033787459423098985,0.47679446992420016,0,9482.982421875,overall|small
2401420,4,5,ripples of water,270,0.005381058673469388,0.01219502262698633,0.01434220132743839,0.07532182622838904,0,1417.9757080078125,overall|small
2401420,5,0,surfer in the middle is woman,14868,0.2963169642857143,0.28690751140265686,0.5845621763380301,0.36039130021270516,1,9166.34375,overall
2401421,0,1,Blue solution in Windex bottle,912,0.018176020408163265,0.020501485909097006,0.02400539692654029,0.12315796969229714,0,4678.95068359375,overall|small
2401421,1,2,reflection of faucet in mirror,837,0.0166812818877551,0.03460557156308874,0.0378227054757286,0.28918987533952173,0,6399.64599609375,overall|small
2401421,2,0,The sink has just been cleaned.,39894,0.7950813137755102,0.09740858324385133,0.659964988147702,0.1025556469762057,1,6199.3515625,overall
2401422,0,4,If that were a wedding ring it would be on his other hand. ,256,0.00510204081632653,0.002290019848709066,0.0023581270126612377,0.07346421480178833,0,7975.3291015625,overall|small|part
2401422,1,1,squirt of red ketchup,435,0.008669483418367346,0.005176222162365128,0.005351800226842405,0.13627549971657238,0,11076.6171875,overall|small
2401422,2,2,the boat is white in color,80,0.0015943877551020409,0.00032684849812764864,0.00033059602565937144,0.02802554965019226,0,6781.82373046875,overall|small
2401422,3,7,A narrow ladder in the wall.,190,0.003786670918367347,0.008258834033425814,0.00850020466563975,0.22531449167351975,0,5036.3203125,overall|small
2401422,4,8,He needs to wash his hands. Dirt on fingernail. ,546,0.010881696428571428,0.021494010248615348,0.022274701430640698,0.38014006003355366,0,9318.0361328125,overall|small
2401422,5,9,this is some meat,286,0.005699936224489796,0.005889997200101488,0.006067232107614881,0.1677974887661167,0,7909.7158203125,overall|small
2401422,6,0,The thumb of a man holding a hotdog.,2352,0.046875,0.005715153808897881,0.01211417536749049,0.010703716148324565,0,2078.155517578125,overall
2401423,0,2,this is a writing,672,0.013392857142857142,0.02368440751974615,0.03739868170104276,0.060668712570553736,0,1090.128662109375,overall|small|text
2401423,1,9,single front landing wheel,99,0.0019730548469387753,0.0006988105197813234,0.0007171601290484232,0.026585603001141787,0,3669.995849609375,overall|small|part
2401423,2,1,part of an engine,308,0.006138392857142857,0.011596205366527515,0.011915879669793841,0.30179752003062854,0,7800.8203125,overall|small
2401423,3,4,the clouds are white in color ,110,0.002192283163265306,0.00026208278210843435,0.0003655343592052573,0.000925182889808308,0,278.4146423339844,overall|small
2401423,4,5,front windows on airplane ,55,0.001096141581632653,0.0004290945545974114,0.00043123443101009265,0.07959009517322888,0,10150.9873046875,overall|small
2401423,5,6,six landing wheels,280,0.005580357142857143,0.0010287632298141105,0.0010465340603039446,0.057123633793422154,0,15283.41796875,overall|small
2401423,6,8,wheels on airplane,196,0.00390625,0.0020888771109678155,0.0021188496647594457,0.12866861966191506,0,11902.236328125,overall|small
2401424,0,5,Left hand arrow on traffic sign.,500,0.009964923469387755,0.006959842459454809,0.007663986676041054,0.07041748046875,0,4594.05029296875,overall|small|text|part
2401424,1,9,section of a sign post,224,0.004464285714285714,0.0005495436645719847,0.0005638894986351695,0.021144098469189236,0,8399.3017578125,overall|small|text
2401424,2,1,Traffic Lights in Background,1000,0.01992984693877551,0.011074938767850285,0.012115905532553779,0.11418367767333984,0,9424.279296875,overall|small
2401424,3,3,Lady with Yellow Bag,171,0.0034080038265306123,8.204581068552371e-07,8.351135859127504e-07,4.675000230645576e-05,0,9572.650390625,overall|small
2401424,4,4,Exclamation point.,720,0.014349489795918368,0.01529932683798478,0.02152666337085588,0.050230216979980466,0,1680.044677734375,overall|small
2401424,5,7,part of a road,300,0.005978954081632653,0.00251751166052045,0.002560102338073561,0.13143646240234375,0,15402.0947265625,overall|small
2401424,6,0,Green leaves on the tree.,2205,0.0439453125,0.0025325477649475914,0.0075735125005585964,0.0037904609628275137,0,1103.57861328125,overall|part
2401425,0,6,The eye of the elephant.,198,0.003946109693877551,0.023696023296724555,0.023896736024856372,0.7383044464419587,0,6117.33251953125,overall|small|part
2401425,1,0,the back left leg of an elephant.,2349,0.04681521045918367,0.04449688178553941,0.05567253866503016,0.18144513841079316,0,7655.74267578125,overall|part
2401425,2,2,Elephant's right front leg,2727,0.05434869260204082,0.03651217903591763,0.05111743487339789,0.11331027918872616,0,6044.84814453125,overall|part
2401425,3,3,the tail on an elephant.,1672,0.033322704081632654,0.07238086607366535,0.07659614015844593,0.568079241154867,0,12400.474609375,overall|part
2401425,4,5,The elephant's front right leg.,2790,0.05560427295918367,0.04731407070670372,0.06936018453840666,0.12956945494511649,0,5211.90625,overall|part
2401425,5,1,The trunk of an elephant.,4760,0.09486607142857142,0.032100029066963826,0.05036453743723717,0.08131813882779675,0,7685.4541015625,overall
2401425,6,4,Left ear of elephant,4081,0.08133370535714286,0.018675996628325045,0.03311934209251583,0.041066362997446246,0,5060.240234375,overall
2401426,0,5,legs of a chair,920,0.01833545918367347,0.004675091917892095,0.005103223303204198,0.0527845050977624,0,9515.896484375,overall|small|part
2401426,1,8,metal handle on oven door,330,0.006576849489795918,0.003604469086798265,0.004865639957941426,0.013715434796882399,0,930.2154541015625,overall|small|part
2401426,2,2,steel pan for cooking pizza,639,0.01273517219387755,0.014876393219748636,0.015252334445335967,0.37638406052089446,0,15768.6953125,overall|small
2401426,3,6,the table is of glass,999,0.019909917091836735,0.005772387970953442,0.010593528474618662,0.012524850137002237,0,1181.129150390625,overall|small
2401426,4,7,burn marks on a pizza crust,476,0.009486607142857142,0.011723584268139105,0.014198911575149634,0.06301112936324432,0,2112.365966796875,overall|small
2401426,5,1,a pizza oven door,3162,0.06301817602040816,0.035187631407213406,0.06332587542720322,0.0733797192799751,0,3664.010498046875,overall|part
2401426,6,0,the pizza is spicy,5184,0.10331632653061225,0.10974048898894703,0.12903703792192134,0.42324565369405864,0,17003.6875,overall
2401427,0,2,2 blue garbage cans,570,0.01136001275510204,0.022490154724798896,0.025342030510187484,0.1665621975011993,0,3746.36328125,overall|small
2401427,1,3,banner on side of building,238,0.004743303571428571,0.002718238543767569,0.002804417006398359,0.08126811820919774,0,6896.91015625,overall|small
2401427,2,1,man in black shirt,27777,0.5535913584183674,0.07415431382787496,0.30875638610921746,0.08891581874448734,0,7999.234375,overall|text
2401427,3,0,white line on road,1800,0.03587372448979592,0.048687073870182423,0.05530103965480623,0.2893108452690972,0,9416.8125,overall
2401428,0,0,the glass is shinny ,690,0.013751594387755101,0.0011079229464205226,0.0014764948688639477,0.004418714841206869,0,2064.967041015625,overall|small
2401428,1,2,the table is brown in color ,156,0.0031090561224489796,0.008586491336097199,0.008807819990818335,0.25467757689647186,0,4510.73046875,overall|small
2401428,2,4,round red pepperoni slice,792,0.015784438775510203,0.0039048877286296363,0.004141940538150369,0.06387090201329704,0,12213.056640625,overall|small
2401428,3,5,patch of green spice,550,0.010961415816326531,0.006919118990183379,0.010352815889714994,0.02043527429754084,0,1085.6370849609375,overall|small
2401428,4,6,round red pepperoni slice,704,0.01403061224489796,0.025149529533253247,0.025946682717410685,0.450125434181907,0,12213.056640625,overall|small
2401428,5,7,this is a knife,16,0.00031887755102040814,0.0006039872361684283,0.0006046483202957566,0.3558467924594879,0,9416.2978515625,overall|small
2401428,6,8,corner of a white napkin,336,0.006696428571428571,0.024780678501703977,0.02511833802963767,0.6483112516857329,0,8672.2529296875,overall|small
2401429,0,0,bare feet in water and sand,90,0.001793686224489796,0.0008400238550171928,0.0008441130499418846,0.14777723948160806,0,15756.1259765625,overall|small
2401429,1,1,the sky is blue in color,294,0.005859375,0.0012705833999037779,0.0014950369264844748,0.008392061505998884,0,1650.304443359375,overall|small
2401429,2,3,the grass is green in color,225,0.00448421556122449,0.003466198163980966,0.0037392303219343096,0.045318976508246525,0,2726.97021484375,overall|small
2401429,3,5,Boogie board in a man's hands,256,0.00510204081632653,0.011267899325658587,0.011526827028532947,0.3340522348880768,0,7418.986328125,overall|small
2401429,4,6,man's blue floral swimming trunk,180,0.003587372448979592,0.0010915569729476066,0.0011008295686607968,0.11472156312730578,0,18758.47265625,overall|small
2401429,5,7,this is the sky,464,0.009247448979591837,0.003047079563619159,0.00393262074348509,0.013351181457782614,0,1575.272216796875,overall|small
2401429,6,2,white cloud in the sky at the beach,9048,0.1803252551020408,0.02934198366320119,0.14114007320367916,0.03571977286503233,0,2289.87060546875,overall
2401431,0,5,A blue and gold sign.,288,0.005739795918367347,0.0004802483123597115,0.000514206660124665,0.007219551338089837,0,4043.5703125,overall|small|text
2401431,1,0,this is the roof ,500,0.009964923469387755,0.0008717740819680736,0.000925202804318104,0.014871642112731934,0,8036.96337890625,overall|small
2401431,2,1,the carpet is brown,729,0.014528858418367346,0.004086347977291669,0.004337198333724543,0.06599046892917042,0,11091.734375,overall|small
2401431,3,3,part of a metal,104,0.002072704081632653,0.0058998822650757,0.00719876148119901,0.03166348200577956,0,457.4400939941406,overall|small
2401431,4,4,A central vendor kiosk,720,0.014349489795918368,0.00928649269627943,0.010267869464012796,0.08855754004584418,0,6209.80126953125,overall|small
2401431,5,6,part of a metal,65,0.001295440051020408,0.0017785855507764646,0.002027707407317653,0.014270071799938496,0,457.4400939941406,overall|small
2401431,6,7,part of  a castle,208,0.004145408163265306,0.0020827602952477194,0.0021001786229398606,0.20071902641883263,0,19879.05078125,overall|small
2401432,0,3,Company logo truck cab,336,0.006696428571428571,0.01688725235446956,0.017444854789384675,0.3456891831897554,0,6658.21337890625,overall|small|text
2401432,1,6,the logo on the side of the truck,396,0.007892219387755101,0.016583506498017656,0.0170848131953667,0.36109388717497237,0,8369.607421875,overall|small|text
2401432,2,7,the freeway sign on the side of the road,195,0.0038863201530612247,0.0033421163432638084,0.003486610961741034,0.07462608141776843,0,4173.705078125,overall|small|text
2401432,3,0,the light is off,70,0.0013950892857142857,3.910805684006333e-05,4.0583325464178266e-05,0.0010746716388634274,0,1853.6434326171875,overall|small
2401432,4,1,the front screen is clear,660,0.013153698979591837,0.014061087691438469,0.026931080509997582,0.028582506468801786,0,700.4714965820312,overall|small
2401432,5,4,part of the sky,624,0.012436224489795918,0.00010292298970873173,0.0004781351653266323,0.00013113819444790864,0,171.14456176757812,overall|small
2401432,6,5,part of a road,504,0.010044642857142858,0.0063566967974371434,0.006429239188669431,0.36035907079303076,0,28249.216796875,overall|small
2401433,0,9,There is a yield sign.,420,0.008370535714285714,0.0002658487447602544,0.0002721146199203622,0.011413515181768509,0,17616.38671875,overall|small|text
2401433,1,8,a clock face that says 1:55 ,384,0.007653061224489796,0.0009296591600765936,0.0014118787747341814,0.0027145370841026306,0,738.29443359375,overall|small|part
2401433,2,0,a street light over the public street,75,0.0014947385204081632,0.0026314036108108095,0.0026395773644796675,0.4593916320800781,0,13052.98828125,overall|small
2401433,3,4,part of gutter on red brick building,20,0.0003985969387755102,0.0004970422561418605,0.0004992389191827462,0.10149797201156616,0,4066.108154296875,overall|small
2401433,4,5,chimney top on red brick building,60,0.0011957908163265306,0.004402232912264086,0.004426490694313116,0.44546321233113606,0,6038.14501953125,overall|small
2401433,5,7,part of roof on red brick building,36,0.0007174744897959184,0.0004608910621074,0.0004632255726338785,0.08378961351182726,0,6511.78662109375,overall|small
2401433,6,1,a grey decorative brick triangle,1764,0.03515625,0.029065109195400295,0.05139290126422151,0.06270546599580587,0,2152.290283203125,overall
2401434,0,1,Utility pole in park.,504,0.010044642857142858,0.0051604627390503584,0.00543398992971827,0.0929866593981546,0,8624.46875,overall|small
2401434,1,3,part of a bench,225,0.00448421556122449,0.011133950693594385,0.011333306144328124,0.387615966796875,0,7695.33544921875,overall|small
2401434,2,5,tattoo on a shoulder,432,0.00860969387755102,0.024166173053162363,0.024463743496173692,0.66518677605523,0,11746.390625,overall|small
2401434,3,6,Green garbage can.,576,0.011479591836734694,0.005974623153113648,0.006994482042650442,0.03936274846394857,0,3241.547119140625,overall|small
2401434,4,7,a blue bench,42,0.0008370535714285714,0.00023381770018063145,0.00023544549729376615,0.032713180496579126,0,5835.54833984375,overall|small
2401434,5,0,brown mulch on ground,2550,0.05082110969387755,0.018942349322427565,0.03514539622391518,0.03946558335248162,0,2863.454345703125,overall
2401434,6,2,brown belt of a man,1007,0.020069355867346938,0.019983641482343224,0.02153220906940603,0.21744441133743483,0,10169.2548828125,overall
2401435,0,4,this is a t shirt,338,0.0067362882653061226,0.0033451035363014046,0.0035529097285466266,0.05409802205463838,0,5146.52294921875,overall|small|text
2401435,1,2,right arm of a boy,80,0.0015943877551020409,7.887383621121499e-05,7.966978799326681e-05,0.007832937687635422,0,7865.4033203125,overall|small|part
2401435,2,7,wheel of a skate board,66,0.0013153698979591836,0.0005881762139044131,0.0006001269496157265,0.028688925685304584,0,3155.1142578125,overall|small|part
2401435,3,8,part of a shoe,20,0.0003985969387755102,0.0002641179458316514,0.00026645509786914776,0.029231470823287965,0,2194.10107421875,overall|small|part
2401435,4,0,the lady is light skinned,35,0.0006975446428571429,1.3611279943909803e-06,1.3710372275582901e-06,0.00018828962264316423,0,4806.6796875,overall|small
2401435,5,3,ram of a skating court,252,0.005022321428571429,0.004357954491835869,0.004428642649683967,0.21447112068297372,0,12203.90234375,overall|small
2401435,6,5,black and silver wrist watch,60,0.0011957908163265306,0.001323788150817092,0.0013273961187620868,0.32751893997192383,0,14804.2744140625,overall|small
2401436,0,8,woman wearing red shirt,396,0.007892219387755101,0.04045296920287488,0.04154004531301298,0.6071984262177439,1,5788.404296875,overall|small|text
2401436,1,0,Lights are giving an orange glow.,832,0.016581632653061226,0.02506104851984057,0.03058703339757635,0.12181799228374775,0,3313.57958984375,overall|small
2401436,2,1,Pictures are hanging on the wall.,799,0.015923947704081634,0.06734782574455477,0.08430326737196557,0.25085586719727787,0,2377.533447265625,overall|small
2401436,3,5,the walls are brick,868,0.017299107142857144,0.019302987755643333,0.022215274406410555,0.12834700131745932,0,5014.8017578125,overall|small
2401436,4,4,woman in white shirt,1085,0.021623883928571428,0.1056305570635302,0.11451975253804611,0.5764222035210254,1,5461.224609375,overall|text
2401436,5,7,A window.,1598,0.03184789540816327,0.16780538526219285,0.17075720177966608,0.9066052108592773,1,8484.298828125,overall|part
2401436,6,2,large white and gray clock,2430,0.04842952806122449,0.07400005987922165,0.0773847859718903,0.6285094963670268,0,19736.154296875,overall
2401437,0,2,a wooden support beam.,714,0.014229910714285714,0.024295473619231643,0.02685417711765211,0.20317870495366117,0,5402.1240234375,overall|small
2401437,1,6,red and gold Griffindor scarf ,315,0.006277901785714286,0.0006566849302148996,0.0006864107413594195,0.014937272147526817,0,6854.84716796875,overall|small
2401437,2,9,Blue bath robe,455,0.009068080357142858,0.006931357964231254,0.00719120090362474,0.16095176948295845,0,10183.703125,overall|small
2401437,3,7,There is one window,1062,0.02116549744897959,8.850764429811083e-05,0.0003935741035120781,0.00011417295664492749,0,308.0783996582031,overall|part
2401437,4,0,The trunk has the initials HP,1804,0.03595344387755102,0.10327345844396416,0.11635412814672944,0.4787947153569325,0,7423.4208984375,overall
2401437,5,1,Dark wooden coat rack,1311,0.026128029336734693,0.0076789490652155274,0.00854532844981063,0.0704069159396453,0,10801.62890625,overall
2401437,6,3,a large wooden support beam.,1152,0.02295918367346939,0.002085420098755798,0.002341605408185822,0.018704785241021052,0,9202.1962890625,overall
2401438,0,1,The back left leg of the sheep.,144,0.0028698979591836736,0.0001094491992796901,0.00011270597082599517,0.0037733784152401816,0,4821.09765625,overall|small|part
2401438,1,5,The back right leg of the sheep.,216,0.00430484693877551,0.00028772772859065124,0.0002968086023350634,0.009316770014939484,0,6780.2021484375,overall|small|part
2401438,2,7,the eye is closed,60,0.0011957908163265306,0.006667278104151493,0.006679068698323281,0.7906566619873047,0,7102.69677734375,overall|small|part
2401438,3,2,The mouth of the sheep.,121,0.0024115114795918366,0.0002890257470551894,0.0002927569351051839,0.022174705158580433,0,9165.0751953125,overall|small
2401438,4,3,a sheep's hoof,153,0.003049266581632653,2.8236193457627734e-05,2.8610414147994062e-05,0.0021541005645702087,0,11519.490234375,overall|small
2401438,5,6,The right ear of the sheep.,120,0.0023915816326530613,6.882948660136685e-05,6.996480659929367e-05,0.004223744571208954,0,7244.34716796875,overall|small
2401438,6,9,sheep has black nose,70,0.0013950892857142857,0.003271907455813467,0.0033256684846343122,0.16833061490740095,0,3543.090087890625,overall|small
2401439,0,2,"Black, brown and white cat's left eye",176,0.00350765306122449,0.014136239558529686,0.018013660208378083,0.061626656488938766,0,602.1148071289062,overall|small|part
2401439,1,6,"Right eye of black, brown and white cat",288,0.005739795918367347,0.011009902221723919,0.012694134609908848,0.07662372456656562,0,1738.4117431640625,overall|small|part
2401439,2,3,part of a wall,437,0.008709343112244899,0.07682026432770267,0.08868511519218439,0.3647572672339817,0,1797.3582763671875,overall|small
2401439,3,4,"Tail of black, brown and white cat",1596,0.03180803571428571,0.0030128123009864646,0.00358282110036214,0.018585242125623506,0,8278.9638671875,overall|part
2401439,4,0,White wall in the background,1081,0.021544164540816327,0.002122222551374897,0.003199195416484439,0.006264662323562664,0,2116.8134765625,overall
2401439,5,1,white blanket on bed,28458,0.5671635841836735,0.619712530628321,0.7736189300315116,0.7569877511376414,1,27846.212890625,overall
2401439,6,5,Painting or poster against the wall,1638,0.03264508928571429,0.035744573637177486,0.041761902727879795,0.1987674326541514,0,7796.1259765625,overall
2401440,0,0,shadow of a man on the water ,190,0.003786670918367347,0.006847536200078656,0.009038346285556791,0.027473871331465873,0,577.543212890625,overall|small
2401440,1,1,slopes of a mountain,196,0.00390625,0.007004864469880555,0.007471360965282088,0.10087240958700375,0,2646.237060546875,overall|small
2401440,2,2,section of the sea water,80,0.0015943877551020409,5.098272074690555e-05,5.141433352354445e-05,0.00603647455573082,0,9392.671875,overall|small
2401440,3,3,peak of a mountain,3,5.978954081632653e-05,2.865283052216418e-06,2.866561360071902e-06,0.00638427771627903,0,6681.46630859375,overall|small
2401440,4,4,small birds on the water in the distance,440,0.008769132653061224,0.0010088823197322617,0.0010284484575198807,0.050359032370827415,0,21545.05078125,overall|small
2401440,5,6,group of people on boat,910,0.018136160714285716,0.07078192522424742,0.07503301223915583,0.5554217998798077,0,6736.15283203125,overall|small
2401440,6,8,ripples of water,98,0.001953125,0.0022818546957342626,0.0023625753896960697,0.06260532262373944,0,2596.878662109375,overall|small
2401441,0,0,BMW logo on bike,198,0.003946109693877551,0.005328010663773198,0.005347718956240209,0.5911227139559659,0,21886.396484375,overall|small|text
2401441,1,5,the letters BIA on the side of a bucket,84,0.0016741071428571428,0.0063860686160624215,0.0067450499649585405,0.10713528451465425,0,1334.217529296875,overall|small|text
2401441,2,6,There is a green leaf on the bike,408,0.008131377551020409,0.0036271776784893434,0.003789431843085912,0.07809666091320562,0,8408.5,overall|small|part
2401441,3,8,small purple flowers with green leaves,550,0.010961415816326531,0.021364882558267517,0.024627407464083255,0.13887706409801137,0,3101.51953125,overall|small|part
2401441,4,9,leaf on ground near bike,625,0.012456154336734694,0.01905744495860382,0.022339977581784985,0.1148088623046875,0,3211.97900390625,overall|small|part
2401441,5,4,Red and orange brake light,350,0.006975446428571429,0.01378003898181277,0.01439454555023121,0.24402287074497767,0,5933.35888671875,overall|small
2401441,6,7,the road is grey in color,187,0.0037268813775510204,0.007650778109383418,0.007818057321153126,0.26339036258146725,0,6300.0302734375,overall|small
2401442,0,4,a black motorcycle helmet,288,0.005739795918367347,0.0019010188949815043,0.0019442364844329417,0.078783737288581,0,11670.2451171875,overall|small|part
2401442,1,8,white van parked on road,288,0.005739795918367347,0.015338039402710259,0.015909323380367494,0.29929754469129777,0,5418.0615234375,overall|small
2401442,2,0,an American flag,5883,0.11724728954081633,0.2261186444817547,0.24463523535488144,0.749210433531999,0,18017.048828125,overall|text
2401442,3,1,The motorcycle's front tire.,1350,0.026905293367346938,0.009189395573246757,0.011460588382038955,0.04431537769458912,0,5220.1298828125,overall
2401442,4,2,The motorcycle's back tire.,1833,0.03653140943877551,0.010189355985447,0.013050377528424263,0.044413860547887256,0,6238.18017578125,overall
2401442,5,3,tall buildings in city,2925,0.058294802295918366,0.003373060233950571,0.014883161162499265,0.0043426024608123,0,853.4552612304688,overall
2401442,6,5,white painted lines on the street,6237,0.12430245535714286,0.019677543384898973,0.0629244167884917,0.02783401046442225,0,2758.876953125,overall
2401443,0,5,the floor is brown in color ,252,0.005022321428571429,0.0021175384816028344,0.0028542782854187247,0.008137016069321405,0,718.4050903320312,overall|small
2401443,1,6,some children are not wearing shoes,986,0.019650829081632654,0.011252610460025961,0.01489035569370081,0.04403209879722363,0,2915.689208984375,overall|small
2401443,2,3,a boy wearing a white striped shirt,4214,0.083984375,0.006802604327829621,0.011185931457943221,0.017063531934451197,0,6428.228515625,overall|text
2401443,3,0,wooden stool in the garden,1617,0.0322265625,0.013555842420445325,0.0156642818702222,0.09149611549165121,0,9445.0048828125,overall
2401443,4,1,solid blue plates,8036,0.16015625,0.37908853424932915,0.4404893417773176,0.7311525017304941,1,13338.6689453125,overall
2401443,5,2,this is a child ,5586,0.111328125,0.014485351453896985,0.023727028325831512,0.035856132903408076,0,8441.52734375,overall
2401443,6,4,plants in garden,2698,0.05377072704081633,0.18196984946299652,0.2006860127322082,0.6611537155705616,0,8888.4755859375,overall
2401444,0,5,baseball players number on back of uniform shirt,400,0.007971938775510204,0.0027526065644192356,0.002849934075973396,0.07458950996398926,0,10468.9453125,overall|small|text
2401444,1,1,a human arm.,493,0.009825414540816327,0.0011579605825725889,0.0013877593047231932,0.006944386518992952,0,2466.98583984375,overall|small|part
2401444,2,3,baseball hat on players head,195,0.0038863201530612247,0.002843656514254376,0.002891000755333203,0.14795240744566307,0,9979.4921875,overall|small|part
2401444,3,4,the trouser is white in color ,155,0.0030891262755102043,0.00016219270137814282,0.0001685195508922123,0.004301519932285432,0,3956.4287109375,overall|small
2401444,4,7,The black belt on the player's pants.,209,0.004165338010204082,0.0005726679537717522,0.0005887214753834671,0.020569144253525438,0,7302.181640625,overall|small
2401444,5,8,The patch on the player's left sleeve.,60,0.0011957908163265306,0.004366696925641243,0.004392520594770963,0.4261977513631185,0,5821.68359375,overall|small
2401444,6,9,The player's right foot.,264,0.0052614795918367345,0.0018143217340151486,0.0018580005914370504,0.07164761514374704,0,10180.2822265625,overall|small
2401445,0,5,Tarp covering a fence,868,0.017299107142857144,0.007732547805405148,0.008358529489048088,0.09358728646133352,0,9718.6669921875,overall|small
2401445,1,6,A fence,918,0.01829559948979592,0.005918667789238305,0.006406800385433789,0.07208355839216112,0,10328.5107421875,overall|small
2401445,2,0,a wire fence in front of a planter filled with surfboards,4784,0.09534438775510204,0.14023668796650138,0.2762558744481372,0.22168185639142193,1,3838.926513671875,overall
2401445,3,1,metal building enclosure,1443,0.028758769132653062,0.0009273206444998232,0.0014404632397541598,0.002596360482198037,0,2600.932861328125,overall
2401445,4,2,wooded area in the background,5994,0.1194595025510204,0.09488426093449162,0.13087666294712252,0.2565171983506944,0,11748.19140625,overall
2401445,5,3,a length of barbed wire in front of a row of surfboards,2268,0.045200892857142856,0.0562877531030764,0.06510385836851194,0.29361839227154984,0,10228.6796875,overall
2401445,6,4,a small white surfboard sticking out of a planter,1680,0.033482142857142856,0.07071708445133218,0.13085496198554428,0.1333545684814453,0,1712.091552734375,overall
2401447,0,1,the big button on the microwave,759,0.015126753826530613,0.011102544858355996,0.012396769618174994,0.09612367652621664,0,5885.232421875,overall|small
2401447,1,2,A metal screw in the microwave casing.,60,0.0011957908163265306,0.00028089844284917266,0.0002820919553050012,0.06225817203521729,0,13242.1015625,overall|small
2401447,2,3,clock on panel of microwave,899,0.017916932397959183,0.0256863992906344,0.02765562256135371,0.26510458873031667,0,8617.7421875,overall|small
2401447,3,5,Three cooling air vents.,407,0.008111447704081632,0.003240944899992831,0.0038439620047019947,0.02024138354552173,0,2143.16455078125,overall|small
2401447,4,0,door of the microwave oven,25284,0.50390625,0.16428478885954062,0.4456415491416174,0.20648209774462112,1,11715.005859375,overall|part
2401447,5,4,the smaller buttons on the microwave,2508,0.04998405612244898,0.005667571398437578,0.012918814098622677,0.009996408100523636,0,1940.6573486328125,overall
2401448,0,9,There is a Canadian flag on the plane,99,0.0019730548469387753,0.0035975468991326265,0.0036367535445127456,0.25020811292860246,0,6811.185546875,overall|small|text
2401448,1,2,part of a  tail wing,855,0.017040019132653062,0.015413778218718584,0.01637373840129177,0.20817665858575476,0,10870.51953125,overall|small|part
2401448,2,7,A rear passenger door.,200,0.003985969387755102,0.000332440787897034,0.00034255439103544135,0.011134612560272216,0,6500.93115234375,overall|small|part
2401448,3,0,A left horizontal stabilizer. ,546,0.010881696428571428,0.002336558146181778,0.0026138592153255873,0.021549932249299773,0,4501.49072265625,overall|small
2401448,4,3,first class passengers' windows,231,0.004603794642857143,0.003550346812335846,0.0036475714593213414,0.11754180445815578,0,7443.89990234375,overall|small
2401448,5,4,Engine mounted under wing.,864,0.01721938775510204,0.005615836733757909,0.005949886625860013,0.09093037358036747,0,13204.2587890625,overall|small
2401448,6,5,part of a sky,896,0.017857142857142856,2.4221826245946598e-05,4.9943551726003994e-05,4.702900436573795e-05,0,843.7122802734375,overall|small
2401449,0,1,the leaves are green in color,195,0.0038863201530612247,0.002548105666051938,0.0030075353014027326,0.016406829540546123,0,1063.77197265625,overall|small|part
2401449,1,7,branches of a tree,66,0.0013153698979591836,0.0015450784526774084,0.0015692201238484808,0.0912650137236624,0,3838.525146484375,overall|small|part
2401449,2,2,part of a grass vegetation,242,0.004823022959183673,0.00513167951045735,0.005308744034375557,0.1333421439178719,0,6078.42431640625,overall|small
2401449,3,4,edge of a lake,28,0.0005580357142857143,0.0008321252971386404,0.0008322526070221681,0.8447153227669852,0,28419.291015625,overall|small
2401449,4,5,part of a tree,48,0.0009566326530612245,0.0024293703845456953,0.002458247372246552,0.17136780420939127,0,3346.14599609375,overall|small
2401449,5,6,part of a leafy tree,30,0.0005978954081632653,0.00012429897889220987,0.00012646427996338737,0.007207351426283519,0,1709.736083984375,overall|small
2401449,6,8,stem of a tall tree,30,0.0005978954081632653,0.0015058880376698962,0.0015115097417889168,0.2881998380025228,0,5720.10546875,overall|small
2401450,0,0,Black suitcase in a man's hand,756,0.015066964285714286,0.021340182995197906,0.023495516705031885,0.18872756554336145,0,6072.564453125,overall|small|part
2401450,1,2,A large sectioned window.,646,0.01287468112244898,0.0022608416652071146,0.0023680390780423523,0.047567352790950625,0,12976.3525390625,overall|small|part
2401450,2,3,part of  a walking path,360,0.007174744897959184,0.0019235905189069651,0.001968322687401751,0.0780373149447971,0,14272.7783203125,overall|small
2401450,3,6,part of a top,247,0.004922672193877551,0.010597743410605336,0.01102257591109684,0.215665268994536,0,4832.7470703125,overall|small
2401450,4,9,Flags mounted to wall at train station,304,0.006058673469387755,0.0009792644534162799,0.0010410732386780348,0.016226548897592646,0,4738.25537109375,overall|small
2401450,5,1,Woman carrying a backpack  ,1152,0.02295918367346939,0.057939388968176464,0.06522263804902809,0.3416098753611247,0,6033.71142578125,overall
2401450,6,4,part of a roof,1536,0.030612244897959183,0.0033145664984223413,0.007364430004521989,0.005991226062178612,0,1249.5906982421875,overall
2401451,0,1,part of a leg,42,0.0008370535714285714,0.0002077689513388479,0.0002088168035933122,0.039758194060552685,0,7996.6943359375,overall|small|part
2401451,1,2,black hair on tip of tail,165,0.003288424744897959,0.005049973388248406,0.0051247309119145535,0.25715873024680397,0,8279.69140625,overall|small|part
2401451,2,3,head of giraffe,135,0.002690529336734694,0.0020254549016804598,0.002128011923065033,0.04033222198486328,0,2558.65576171875,overall|small|part
2401451,3,5,part of a knee,72,0.0014349489795918368,0.00033146847616141533,0.0003375978114140933,0.017929620212978788,0,3823.87744140625,overall|small
2401451,4,6,edge of a swamp,299,0.0059590242346938774,0.0009046366292914616,0.0009228678734437521,0.04378765960999556,0,14186.765625,overall|small
2401451,5,7,neck of a giraffe,320,0.006377551020408163,0.0061551396739998295,0.006444036879345685,0.1207201361656189,0,5994.75830078125,overall|small
2401451,6,8,mane on giraffe neck,72,0.0014349489795918368,0.0022582695531699827,0.0022752966994394877,0.23181345727708605,0,7335.55712890625,overall|small
2401452,0,3,upper level dormer window,308,0.006138392857142857,0.009249626431543112,0.010689930855703944,0.06424051755434507,0,1850.9080810546875,overall|small|part
2401452,1,4,upstairs window of house,216,0.00430484693877551,0.007735822660128626,0.008062672469740524,0.1602466724537037,0,4293.0283203125,overall|small|part
2401452,2,0,flock of animals on a ranch,10481,0.20888472576530612,0.19273097531002478,0.3447076330992506,0.30417599499242676,0,9248.6162109375,overall
2401452,3,1,green rolling hill sides,3900,0.07772640306122448,0.16768997901337182,0.19908718927874489,0.5153415464743589,0,10095.2353515625,overall
2401452,4,2,the grass is green,12371,0.24655213647959184,0.038124356003103675,0.12480500032233699,0.05203603532202328,0,5157.94873046875,overall
2401453,0,2,part of a sandy beach,315,0.006277901785714286,0.0016947476675084545,0.001725268928654329,0.087423584953187,0,15961.818359375,overall|small
2401453,1,3,this is an umbrella ,182,0.003627232142857143,0.00454035726918922,0.004611883724313947,0.22645715566781852,0,8936.7392578125,overall|small
2401453,2,4,a section of a sandy shore,143,0.002849968112244898,0.006666661919719092,0.006736797195857411,0.39037837848796714,0,8286.4462890625,overall|small
2401453,3,5,the bag is green in color ,4,7.971938775510203e-05,2.385912972530905e-08,2.387323115693197e-08,4.039104169351049e-05,0,6767.5869140625,overall|small
2401453,4,6,the sky is blue in color ,748,0.014907525510204082,0.0002890405015179799,0.0004808231142282248,0.0007241361122080349,0,1126.513671875,overall|small
2401453,5,0,no big waves in water,5208,0.10379464285714286,0.036711243222870366,0.11927934543975276,0.05036278767153598,0,2198.95068359375,overall
2401453,6,1,a green tree near the seashore,16426,0.32736766581632654,0.012945048156647066,0.04321157279706627,0.018146295197971205,0,6897.94482421875,overall
2401454,0,1,there are some leaves on the ground,261,0.0052016900510204085,0.0014066795443917171,0.0014413341880071477,0.055272003699993265,0,10008.77734375,overall|small|part
2401454,1,2,the tree has green leaves ,170,0.0033880739795918366,0.00028439714262087207,0.0002963227873000408,0.007016979946809656,0,4025.63232421875,overall|small|part
2401454,2,6,part of  a leg,720,0.014349489795918368,0.026777354932479427,0.028751067719155934,0.2806095123291016,0,7027.17724609375,overall|small|part
2401454,3,5,this is a tree,960,0.01913265306122449,0.0017018031482824716,0.002377230736500144,0.005953993399937948,0,2404.408447265625,overall|small
2401454,4,7,part of a jaw,666,0.01327327806122449,0.004888992700265788,0.005927755595485727,0.027142052177910332,0,3049.48583984375,overall|small
2401454,5,9,this is the ground ,750,0.014947385204081632,0.007801821752084361,0.008843882689654796,0.06210145060221354,0,5266.47509765625,overall|small
2401454,6,8,tail of an elephant,1947,0.03880341198979592,0.04437180194555346,0.04698377895635593,0.4438735186043432,0,18394.044921875,overall|part
2401455,0,6,The text says Toma 4.,432,0.00860969387755102,0.02980131886725758,0.030286062014466226,0.6505871525517216,0,9279.966796875,overall|small|text
2401455,1,5,curtain inside of window,132,0.0026307397959183672,0.009904748344617935,0.01088072271222041,0.09944295160698169,0,1206.3968505859375,overall|small|part
2401455,2,0,Another building in the distance.,360,0.007174744897959184,0.009122443089786597,0.009309766580897738,0.31194640265570744,0,12062.6767578125,overall|small
2401455,3,1,balconies on tall building.,102,0.002032844387755102,0.0006851719985304477,0.0006935539807492083,0.05365177696826411,0,7890.49072265625,overall|small
2401455,4,3,person standing on sidewalk.,105,0.0020926339285714285,0.0048006350165256196,0.00482503835332844,0.48696470714750745,0,10597.0751953125,overall|small
2401455,5,4,A shadow under the truck.,994,0.019810267857142856,0.001097734120872886,0.0012208782667614336,0.01076601016929212,0,8765.3408203125,overall|small
2401455,6,7,windshield of the truck.,156,0.0031090561224489796,0.004193192435602487,0.0059171560898393745,0.014188084846887833,0,374.0549011230469,overall|small
2401456,0,3,Bear has dark eyes.,470,0.00936702806122449,0.024548544408489383,0.025817021495496084,0.33316923100897605,0,6065.3603515625,overall|small|part
2401456,1,1,Bear has pink tongue.,286,0.005699936224489796,0.012691088942367819,0.013076280506779153,0.3011051524769176,0,6585.67041015625,overall|small
2401456,2,6,the ground is rocky,810,0.016143176020408163,0.025594419816948044,0.02601938465232067,0.610451328607253,0,19003.73828125,overall|small
2401456,3,0,the bear`s ears are bent back,2033,0.040517378826530615,0.06158765008828128,0.08286262498102062,0.1934664642288951,0,4746.619140625,overall
2401456,4,2,the paws have nails,4408,0.08785076530612244,0.0360931530852711,0.14884604728268272,0.04547990082396353,0,1346.8641357421875,overall
2401456,5,4,Some green foliage.,2640,0.052614795918367346,0.008146801227780203,0.015091464111730162,0.01739586049860174,0,3043.11572265625,overall
2401456,6,5,the ground is muddy,1932,0.03850446428571429,0.04185011590218634,0.04843857783166687,0.23528888457556935,0,9384.6298828125,overall
2401457,0,2,a man in black on the sidewalk,210,0.004185267857142857,0.007176556450366079,0.00736629540829372,0.21790540786016555,0,6212.09619140625,overall|small
2401457,1,4,a line painted on the road.,500,0.009964923469387755,0.0027760506338510333,0.0031869319482587,0.02107811737060547,0,3306.960693359375,overall|small
2401457,2,5,a section of clear blue sky.,189,0.0037667410714285715,0.0018296458669952397,0.001985526753222884,0.02277428763253348,0,2167.858154296875,overall|small
2401457,3,0,a small black fence on the corner,1519,0.0302734375,0.01650174026266104,0.017869035015333483,0.1774012733243499,0,15080.4189453125,overall
2401457,4,1,a nice shopping complex,6254,0.12464126275510204,0.12728236067991386,0.18123185953989193,0.2995128820679765,0,10335.6748046875,overall
2401457,5,3,a white cloud in a blue sky.,1274,0.025390625,0.00026642956044046974,0.000690901992616521,0.0004334720187883362,0,799.3078002929688,overall
2401458,0,0,the plate is round,46420,0.9251434948979592,0.3519629071684587,0.991597327908437,0.3530157731042654,1,16525.853515625,overall
2401459,0,6,part of a hair,348,0.0069355867346938774,1.4917602923725724e-05,1.5942462467758517e-05,0.00023200071748645827,0,5064.22705078125,overall|small|part
2401459,1,9,part of a door,240,0.0047831632653061226,1.6554993831515705e-06,1.7749238784771777e-06,2.460393977041046e-05,0,3326.87255859375,overall|small|part
2401459,2,1,part of a top,840,0.016741071428571428,0.019906977213782862,0.02583834769676582,0.07979904356456938,0,2594.25244140625,overall|small
2401459,3,2,part of a top,460,0.009167729591836735,0.013163002152484638,0.015295663676501672,0.08626263659933339,0,2594.25244140625,overall|small
2401459,4,4,edge of a bus,196,0.00390625,0.007369227473849322,0.007369237592722051,0.9998137026417012,0,26592.09765625,overall|small
2401459,5,7,part of a shade,288,0.005739795918367347,0.010073321815819871,0.010330916585896556,0.2877460585700141,0,8021.63720703125,overall|small
2401459,6,0,Ponytail in hair,1012,0.020169005102040817,0.00014295753626930184,0.000215895876422013,0.000422972169789401,0,1982.65869140625,overall|part
2401460,0,3,The word MICHIGAN on the player's shirt.,459,0.00914779974489796,0.021860908940757477,0.022668127699874814,0.3803802024824687,0,7702.20263671875,overall|small|text
2401460,1,7,The face of the tennis player,392,0.0078125,0.01041354465464255,0.010601797760298912,0.3696644841408243,0,13668.29296875,overall|small|part
2401460,2,0,The yellow tennis ball.,234,0.00466358418367347,0.0006770822554271343,0.0007265869539994732,0.009839840424366487,0,3168.956787109375,overall|small
2401460,3,2,The player's left foot.,816,0.016262755102040817,0.015440087620281023,0.019841606513632787,0.06507312550264246,0,2676.177978515625,overall|small
2401460,4,5,the shoes are blue in color,480,0.009566326530612245,4.831873401729027e-06,5.594596718624609e-06,3.544066955024997e-05,0,3040.70556640625,overall|small
2401460,5,1,Blue shorts with a yellow M,4095,0.08161272321428571,0.015565636580313758,0.031082283036828955,0.0302375970451532,0,3983.715087890625,overall
2401460,6,4,"Blue, white and green tennis court",3876,0.07724808673469388,0.012532023150050699,0.015387273911072112,0.0632638882065213,0,15935.9501953125,overall
2401461,0,9,a sticker on the window,384,0.007653061224489796,0.0004906964429484568,0.0015142368279902345,0.0007254150696098804,0,183.9602508544922,overall|small|part
2401461,1,3,license plate on front of bus,182,0.003627232142857143,0.006034148776025472,0.006121058623512122,0.2982382093157087,0,8867.6416015625,overall|small
2401461,2,4,the ground is gray,729,0.014528858418367346,0.0011978935033965486,0.001373590732600926,0.00927817118347754,0,4924.16455078125,overall|small
2401461,3,7,back side tire of bus,816,0.016262755102040817,0.03192862925239292,0.03266344780940483,0.5866505865957222,0,14655.736328125,overall|small
2401461,4,8,another tree off to the side,671,0.013372927295918368,0.0552251497707345,0.056790328981473494,0.6670846953299646,1,7881.8671875,overall|small
2401461,5,6,a wheel of the bus,1056,0.021045918367346938,0.005607039743245066,0.006390022810210353,0.043757424210057114,0,7231.248046875,overall|part
2401461,6,0,The building is a school.,6448,0.1285076530612245,0.06463080891015811,0.12157136762801476,0.12125803755767292,0,6431.38134765625,overall
2401462,0,7,the door is opened ,203,0.004045758928571429,0.01783731863041416,0.01796000771773706,0.7230791364397321,0,8172.88427734375,overall|small|part
2401462,1,5,the wall is cream in color ,294,0.005859375,0.00029622856100429835,0.00032381237752282136,0.003465439997562746,0,3146.387939453125,overall|small
2401462,2,9,The back of a wooden chair,238,0.004743303571428571,6.370315608245052e-05,6.691942546525197e-05,0.0013236875544075204,0,4707.7158203125,overall|small
2401462,3,0,two window are over the sink,7084,0.14118303571428573,0.0375296055244045,0.1871374004462631,0.04483910188507993,1,1697.363525390625,overall|part
2401462,4,4,the door is wooden ,2650,0.052814094387755105,0.07049658571038843,0.11680294655217871,0.15097401744914504,0,3425.265869140625,overall|part
2401462,5,1,A granite counter top,2014,0.040138711734693876,0.09037641531696029,0.09103998717708361,0.9253695809024329,1,20471.162109375,overall
2401462,6,2,A white toaster,1287,0.02564971301020408,0.002328402052546447,0.002672451494593258,0.017764885108787695,0,8555.21875,overall
2401463,0,0,leg of a white bird,130,0.002590880102040816,0.0048811855058530414,0.004926270435675597,0.3478331052339994,0,9179.013671875,overall|small|part
2401463,1,2,The right eye of the bird,24,0.00047831632653061223,0.0005446614232498294,0.0005474685328776186,0.0960247019926707,0,4209.5439453125,overall|small|part
2401463,2,6,left leg of a bird,161,0.003208705357142857,0.00011473303332680612,0.00011785946810553416,0.004306547390007825,0,5882.888671875,overall|small|part
2401463,3,7,The leaves are green.,682,0.013592155612244899,0.016714372018213016,0.018239636827573263,0.166580658853928,0,6228.63330078125,overall|small|part
2401463,4,8,Brown leaves on bush,464,0.009247448979591837,0.000620173233177983,0.000652627183261033,0.01231765130470539,0,8757.51171875,overall|small|part
2401463,5,1,neck of a bird,32,0.0006377551020408163,0.0003752954285564135,0.0003769537622931053,0.07860251516103745,0,6672.64990234375,overall|small
2401463,6,5,The beak is brown.,256,0.00510204081632653,0.01140275858187793,0.011586365892729943,0.41845598816871643,0,9245.7578125,overall|small
2401464,0,4,over spray of wave,338,0.0067362882653061226,0.0022396863292698734,0.0023176986006260988,0.06238844832019693,0,9098.376953125,overall|small
2401464,1,5,name of photographer,528,0.010522959183673469,0.00024298845733109365,0.00026616541832543604,0.0027827268297022038,0,5520.17529296875,overall|small
2401464,2,0,a black wet suit,3021,0.06020806760204082,0.07314019134859148,0.10181277831566295,0.2061675651623531,0,6117.4267578125,overall
2401464,3,1,white surf board or body board,2184,0.04352678571428571,0.010267466684974885,0.012136905013121124,0.06249343955909813,0,11245.5087890625,overall
2401464,4,2,small waves in ocean,5720,0.11399872448979592,0.053968695624335254,0.10741189832459377,0.09785401671082823,0,5211.0146484375,overall
2401464,5,3,spray of water droplets ,2394,0.04771205357142857,0.06232416491163214,0.08611575189473748,0.18406500055477235,0,5116.96875,overall
2401465,0,5,part of a tail,528,0.010522959183673469,0.03172052597932186,0.03229559450601217,0.6404702157685251,0,10471.0341796875,overall|small|part
2401465,1,8,head of a dog,45,0.000896843112244898,0.0016204236519003553,0.0016715192603766066,0.05034124586317274,0,1355.2677001953125,overall|small|part
2401465,2,4,A person standing in the background. ,260,0.005181760204081632,0.002202942018834861,0.0032914135920028282,0.006617363599630503,0,522.7281494140625,overall|small
2401465,3,7,bright clear blue sky,462,0.009207589285714286,5.396610220876863e-06,5.750632966418841e-06,8.765313758220508e-05,0,7041.9638671875,overall|small
2401465,4,0,part of a snow,1025,0.0204280931122449,0.002783692710649547,0.0029724229900620616,0.04200060588557546,0,14483.3427734375,overall
2401465,5,1,woman wearing a purple vest,2640,0.052614795918367346,0.03980762729084552,0.14312895743312826,0.05226269346294981,1,963.9804077148438,overall
2401465,6,2,white snow covering ground,1755,0.03497688137755102,0.010800525837278608,0.011907756043394202,0.1040668715778579,0,15337.6806640625,overall
2401466,0,0,Number 767 on plane.,270,0.005381058673469388,0.004785506322208709,0.005034241145086224,0.08830307148121021,0,4735.93310546875,overall|small|text
2401466,1,2,flag has red white and blue,308,0.006138392857142857,0.001049616455527165,0.0012122916123053322,0.007761267872599812,0,1971.8609619140625,overall|small|text
2401466,2,3,The left wing on the plane with the American flag.,703,0.014010682397959183,0.024398384012001232,0.025072440912198207,0.47576192364753733,0,13339.771484375,overall|small|text
2401466,3,4,The right wing on the plane with the American flag.,506,0.010084502551020409,0.011575506937191596,0.011916695258690244,0.28790047988590045,0,12224.66796875,overall|small|text
2401466,4,1,blue and white skies,14337,0.28573421556122447,0.0003144810759316027,0.0013145843677674265,0.00041319840521611884,0,4506.38671875,overall
2401466,5,5,The ground is grey.,8446,0.16832748724489796,0.011072739356698143,0.026141621996055242,0.018847045248051038,0,6089.22216796875,overall
2401468,0,1,white edge along platform,860,0.017139668367346938,0.0023549871247257846,0.002870511561790153,0.012943172454833984,0,3877.750732421875,overall|small
2401468,1,2,Bright yellow light hanging from red pole,240,0.0047831632653061226,0.002596769766740173,0.0027709859561105893,0.03966452280680339,0,3435.41455078125,overall|small
2401468,2,3,person walking in train station,396,0.007892219387755101,0.0306273168833156,0.030752615161945888,0.8825880879103535,1,11365.0458984375,overall|small
2401468,3,5,black numbers on train,459,0.00914779974489796,0.02534141270975489,0.025341753618577247,0.9994694329554739,0,18102.791015625,overall|small
2401468,4,7,red metal pole inside train station,693,0.013811383928571428,0.0012970264135026518,0.001406964652039955,0.016328020357294346,0,8042.361328125,overall|small
2401468,5,0,yellow line on platform,1428,0.028459821428571428,0.023491652202246284,0.0317632362818362,0.08274464113037794,0,3720.00341796875,overall
2401468,6,4,white train with blue paint on the side,1848,0.036830357142857144,0.004594796206821118,0.009750910976754451,0.008614526682601863,0,1632.631591796875,overall
2401469,0,3,There is a half circle window at the top ,486,0.009685905612244899,0.00019964938191530937,0.00033380728239364377,0.0004965143868462048,0,722.89013671875,overall|small|part
2401469,1,2,Two people are standing and talking,342,0.006816007653061225,0.005171216446346081,0.0053298501068489755,0.14802620424861795,0,9498.3837890625,overall|small
2401469,2,4,arches over windows on left,476,0.009486607142857142,0.010403674484388684,0.010671222987156148,0.29326251374573264,0,13081.251953125,overall|small
2401469,3,6,Tan paint on a building,572,0.011399872448979591,0.002345024720854841,0.003095311162013785,0.009581715910584777,0,1770.6593017578125,overall|small
2401469,4,7,A person is dressed all in black,240,0.0047831632653061226,0.0005779154201964065,0.0006037889182557676,0.013306883970896403,0,5289.35205078125,overall|small
2401469,5,8,a dome on top of a building,663,0.013213488520408163,0.0057681016988403,0.006091561103309239,0.09798416436887254,0,10664.5078125,overall|small
2401469,6,9,clock on front of building,552,0.011001275510204082,0.009823658918938695,0.010315035683563557,0.17096338410308395,0,9148.9541015625,overall|small
2401470,0,7,head of a horse,480,0.009566326530612245,0.045801829989826466,0.049415694439395405,0.3851037343343099,0,3740.710205078125,overall|small|part
2401470,1,0,a black triangle on a lighthouse,210,0.004185267857142857,0.0003146583629432594,0.0003456539445172634,0.0034967110270545596,0,2124.406005859375,overall|small
2401470,2,1,back of a horse,240,0.0047831632653061226,0.0031687754247981584,0.0031901250535140914,0.32133814493815105,0,24174.962890625,overall|small
2401470,3,2,a small white house on the side of the beach,196,0.00390625,0.016498935902383487,0.01659953127676934,0.731365982367068,0,8635.6494140625,overall|small
2401470,4,5,a multi story house on the side of the beach,483,0.009626116071428572,0.01800958465351488,0.01903711690182037,0.2501859803130661,0,6347.5908203125,overall|small
2401470,5,8,a burning light atop a lighthouse,16,0.00031887755102040814,3.91601699931835e-05,3.930525638281048e-05,0.010497489012777805,0,4273.21533203125,overall|small
2401470,6,9,part of some water,336,0.006696428571428571,0.0018110924313385808,0.002498493974231323,0.006539716607048398,0,879.4677124023438,overall|small
2401472,0,0,part of some cards,130,0.002590880102040816,0.0010208734624274226,0.0010373373236528306,0.06043480726388784,0,7573.74169921875,overall|small
2401472,1,1,black background in top left,930,0.018534757653061226,0.002139037336244866,0.003752351325292155,0.004950483896399057,0,1226.95068359375,overall|small
2401472,2,5,9 of spades,870,0.017338966836734693,0.04494356088637398,0.048483845286022335,0.38099568684895835,0,6836.6328125,overall|small
2401472,3,7,edge of a plate,817,0.01628268494897959,0.0009525405033306314,0.0012584823765167035,0.0039029529949734525,0,2533.776123046875,overall|small
2401472,4,8,part of a blade,341,0.006796077806122449,0.00012299655041241272,0.0001328052702530782,0.0016625444910043845,0,4268.8642578125,overall|small
2401472,5,9,edge of a cake,588,0.01171875,0.0005004964563513226,0.0005164882592565361,0.015907428702529595,0,18109.93359375,overall|small
2401472,6,2,Barbeque sauce? ,3430,0.068359375,0.08360952829285981,0.10465163715520005,0.2936989475617256,0,9626.1025390625,overall
2401473,0,9,white writing ,665,0.013253348214285714,0.0016503851788850744,0.005789201600469524,0.0023031722334094515,0,264.56317138671875,overall|small|text
2401473,1,2,silver handle of a spoon in a bowl,315,0.006277901785714286,0.007784308489505706,0.008102292552628041,0.16551620241195436,0,6434.919921875,overall|small|part
2401473,2,7,the table is wooden,588,0.01171875,0.011538071611214524,0.011663213743569146,0.5181524575162096,0,26122.615234375,overall|small
2401473,3,0,plates stacked on top of each other,1426,0.02841996173469388,0.05063895783064707,0.0707456619283515,0.1512287455554764,0,3048.2744140625,overall
2401473,4,1,Case filled with bottles of wine.,4095,0.08161272321428571,0.057556032961564654,0.09702220062761051,0.12395484561011905,0,5231.74169921875,overall
2401473,5,3,these are bowls arranged  upright,1122,0.02236128826530612,0.05177075684182242,0.0608637091162394,0.2573491332790218,0,4744.13623046875,overall
2401473,6,4,small containers with red and blue lids,2750,0.054807079081632654,0.0024031110966245646,0.00392000396398916,0.006171869451349432,0,4329.7509765625,overall
2401474,0,8,collar on man's shirt,448,0.008928571428571428,0.029171872173777706,0.029225288801158874,0.9410394941057477,0,14425.373046875,overall|small|text
2401474,1,0,clear glass of water,390,0.007772640306122449,0.005784112927817416,0.009178865526020435,0.015398490123259716,0,654.2650756835938,overall|small
2401474,2,1,A white plate with food,880,0.017538265306122448,0.00977548209262125,0.011685641720735832,0.05642818104137074,0,4249.3857421875,overall|small
2401474,3,3,person walking in white pants,714,0.014229910714285714,0.03941811269899172,0.039734119084659465,0.8321124592415091,0,14952.59765625,overall|small
2401474,4,4,salt and pepper shakers,475,0.009466677295918368,0.01035865565941441,0.012186704856966374,0.06459536100688734,0,2517.72705078125,overall|small
2401474,5,5,person wearing a chefs uniform,533,0.010622608418367346,0.010003285063064178,0.010719540745371209,0.13021542833625263,0,6474.60791015625,overall|small
2401474,6,7,breakfast food served on white china plate,782,0.01558514030612245,0.01149666116927895,0.01265375468805866,0.1116838186903073,0,6902.0419921875,overall|small
2401475,0,2,the table is brown,360,0.007174744897959184,0.005910374220444714,0.006195379059583951,0.11385112338595921,0,6615.64111328125,overall|small
2401475,1,5,a silver knife,873,0.01739875637755102,0.006618845616152845,0.007068891839648905,0.09417208117717729,0,11630.1435546875,overall|small
2401475,2,0,White sauce on a plate,4690,0.09347098214285714,0.0853573292767002,0.12708625250501002,0.20632238327058902,0,7614.1357421875,overall
2401475,3,1,Spoon on a table,1870,0.0372688137755102,0.10171175967434105,0.12213003413262775,0.378256209266377,0,5791.6884765625,overall
2401475,4,3,Small plate on a table,4284,0.08537946428571429,0.06395929914654222,0.10268282853979703,0.14500705067183123,0,6049.79638671875,overall
2401475,5,4,White pile of mashed potatoes under a pile of meat. ,8181,0.16304607780612246,0.2791610513447855,0.46685101824323855,0.40981076460510635,0,7181.4384765625,overall
2401476,0,0,the water has wave,18221,0.36314174107142855,0.1380069669486473,0.3060050004727132,0.20088023541689534,0,11961.369140625,overall
2401477,0,2,this is a bowl,234,0.00466358418367347,0.008897041275227894,0.009254682721929492,0.18714295085678753,0,4731.8154296875,overall|small
2401477,1,3,part of  a lid,300,0.005978954081632653,0.01371628556547028,0.01572584170757739,0.09693271636962891,0,1849.173828125,overall|small
2401477,2,4,this is a seat,392,0.0078125,0.03681087902393157,0.03793671343891229,0.5536509144062899,0,5720.8740234375,overall|small
2401477,3,5,white painted brick on wall,576,0.011479591836734694,0.11468800886552012,0.12461271410190079,0.5901640786064996,0,2727.927978515625,overall|small
2401477,4,6,part of a collar,221,0.004404496173469388,0.001383923579017722,0.0014193619850018974,0.05251729973840498,0,8177.14111328125,overall|small
2401477,5,7,the sweater is yellow in color,130,0.002590880102040816,0.005409343665370994,0.005419079459470422,0.750680424616887,0,18008.30859375,overall|small
2401477,6,8,stainless steel tongs,825,0.016442123724489797,0.011630727277097876,0.0125555165202746,0.1363720518169981,0,8960.7578125,overall|small
2401478,0,1,the leaves are green in color,160,0.0031887755102040817,0.001555999619653399,0.0017189141851993216,0.016152200102806092,0,1503.4793701171875,overall|small|part
2401478,1,8,the leaves are green in color,208,0.004145408163265306,0.010619864436428992,0.01196204241171378,0.08646482687730056,0,1503.4793701171875,overall|small|part
2401478,2,3,the duck is brown,104,0.002072704081632653,0.000581047415699882,0.000583860280477205,0.10762630059168889,0,19170.9140625,overall|small
2401478,3,4,the trees are tall,260,0.005181760204081632,0.011067902315072169,0.01163755937896025,0.18441040332500752,0,4119.99658203125,overall|small
2401478,4,5,this is a bridge,312,0.006218112244897959,0.01648752088130371,0.01663832548121545,0.6452735998691657,0,12100.09765625,overall|small
2401478,5,7,the sky is white in color,70,0.0013950892857142857,0.00016132599923269334,0.0001633089640068661,0.013111949818474905,0,5620.24560546875,overall|small
2401478,6,0,dirt on the water,4240,0.08450255102040816,0.056954001463031645,0.09098805422185922,0.13214272553066037,0,6157.7880859375,overall
2401479,0,6,the tree has green leaves ,42,0.0008370535714285714,1.778666654831372e-05,1.799408670691255e-05,0.0015406493274938492,0,3596.02978515625,overall|small|part
2401479,1,3,this is a spectacle ,780,0.015545280612244899,0.00010460047583921461,0.0001261631681764088,0.0006116423469323378,0,3781.46044921875,overall|small
2401479,2,5,white porcelain cup,187,0.0037268813775510204,0.005978627815338423,0.0060196065732572,0.4675853137663979,0,14525.609375,overall|small
2401479,3,8,this is a table mat ,54,0.0010762117346938774,0.001769144048266682,0.0017927335233797277,0.11851554446750218,0,3569.877685546875,overall|small
2401479,4,9,plate with sandwiches on it,896,0.017857142857142856,0.02964583615528043,0.032824232414644716,0.23439775194440568,0,6398.33349609375,overall|small
2401479,5,7,little girl in shirt with peace logo,2769,0.055185746173469385,0.0012284182605830872,0.0016006711151617524,0.0052543907399726884,0,9089.5673828125,overall|text
2401479,6,4,girl's hair in a bun,1170,0.023317920918367346,0.02361965697753911,0.026004319139292544,0.20481448703342015,0,9215.12109375,overall|part
2401480,0,9,Telephone number on store window.,256,0.00510204081632653,0.0029472460204685138,0.003191378907144433,0.037098005414009094,0,2975.857666015625,overall|small|text|part
2401480,1,3,right arm of a woman,15,0.00029894770408163266,0.0006898631569762941,0.0006926263752785377,0.14742738405863445,0,3192.790283203125,overall|small|part
2401480,2,8,The jean pant leg the person sitting next to the child is wearing.,858,0.01709980867346939,0.009708877715242849,0.010038457543072699,0.22822617039535986,0,19506.787109375,overall|small|part
2401480,3,0,part of a shade,195,0.0038863201530612247,0.013533887279849966,0.014481525117808827,0.17137664403670874,0,2307.66064453125,overall|small
2401480,4,6,part of a woman's elbow,30,0.0005978954081632653,0.00024240297382275292,0.00024405223897637862,0.03462781111399333,0,4256.6064453125,overall|small
2401480,5,5,a blue shirt on a man,1908,0.03802614795918367,0.0007814385427329209,0.0009578944976201436,0.004224134941021101,0,8413.921875,overall|text
2401480,6,1,The black rolling suitcase the lady is holding.,3744,0.07461734693877552,0.05901556220385669,0.07763743352674427,0.19746071253067407,0,9522.376953125,overall
2401481,0,1,people on the beach.,21,0.0004185267857142857,0.000570139830843305,0.0005724796456967187,0.12241858527773902,0,4490.623046875,overall|small
2401481,1,6,house on the beach.,374,0.007453762755102041,0.015474373791645584,0.015944782696533277,0.34405276864607703,0,8070.083984375,overall|small
2401481,2,7,boat in the water.,658,0.013113839285714286,0.012424959032112043,0.013091446375804255,0.19617810002938593,0,9860.26953125,overall|small
2401481,3,8,buoy in water.,176,0.00350765306122449,0.011156527470428822,0.011181858042488472,0.8312209736217152,0,13083.236328125,overall|small
2401481,4,9,stairway to the beach.,100,0.001992984693877551,0.0014209247746133937,0.0014961568205107006,0.02748167037963867,0,1836.8175048828125,overall|small
2401481,5,0,White and brown building,1782,0.03551498724489796,0.043802710926345086,0.05704223660441395,0.15876120964418491,0,4959.70166015625,overall
2401481,6,2,clear water at the beach.,1248,0.024872448979591837,0.021604220819304076,0.024498585613797544,0.15459371224427834,0,7875.26904296875,overall
2401482,0,5,platform number sign hanging from the rafters,77,0.0015345982142857143,0.0006207088034838659,0.0006352551838460996,0.026391586700043122,0,3198.9541015625,overall|small|text
2401482,1,7,electronic sign telling the direction of train travel,198,0.003946109693877551,0.00786228438450255,0.007968253890180601,0.37154164940419826,0,9232.2919921875,overall|small|text
2401482,2,1,part of a window,228,0.004544005102040816,2.1912657543969275e-05,2.7178052090056077e-05,0.00011309237921969932,0,948.7457885742188,overall|small|part
2401482,3,2,Houses near the train station,364,0.007254464285714286,0.021384732051495905,0.021445743611868188,0.882584959596068,0,14980.171875,overall|small
2401482,4,4,Passenger taking a picture.,945,0.018833705357142856,0.003517119318097213,0.003933895648368063,0.03213094479192501,0,7718.4921875,overall|small
2401482,5,6,map of train routes displayed on train station wall,308,0.006138392857142857,0.020828728778535255,0.021106399622596844,0.6128891783875304,0,8943.7265625,overall|small
2401482,6,8,part of a headlight,392,0.0078125,0.04354179121690042,0.044898742331311595,0.5902829851422992,0,5153.6171875,overall|small
2401484,0,0,the tail is wavy,360,0.007174744897959184,0.0009635349291090747,0.0009857908278562847,0.040931415557861325,0,14947.7041015625,overall|small|part
2401484,1,3,Back two legs of a pony. ,350,0.006975446428571429,0.003078735618861835,0.0033550623053490614,0.036033951895577565,0,3759.060791015625,overall|small|part
2401484,2,7,the horse hair is light brown,132,0.0026307397959183672,0.009859711711427218,0.009930338297224698,0.5809427897135416,0,7722.2392578125,overall|small|part
2401484,3,9,Brown ponies left leg. ,196,0.00390625,0.003206185575235156,0.0032532610885831065,0.18138186785639548,0,10927.7568359375,overall|small|part
2401484,4,4,the bridge is wooden,608,0.01211734693877551,0.02534931739928383,0.026665113264995963,0.3393731117248535,0,7738.15771484375,overall|small
2401484,5,5,this is the nose,16,0.00031887755102040814,0.000576644257738261,0.0005883320228380947,0.02820800058543682,0,767.1314697265625,overall|small
2401484,6,1,Section of fence that is white in color. ,1188,0.023676658163265307,0.05648941800935443,0.06819357286094706,0.24762944179753263,0,4313.95166015625,overall
2401485,0,4,part of a tail,476,0.009486607142857142,0.015560699462536881,0.01558871466796202,0.8964648847820378,0,27373.474609375,overall|small|part
2401485,1,0,part of a knee,299,0.0059590242346938774,0.0007176156405992047,0.0007899423882522286,0.007776743592227183,0,2943.564453125,overall|small
2401485,2,3,part of a ground,308,0.006138392857142857,0.02001183031395392,0.0234996811870659,0.11881179314155083,0,1557.2139892578125,overall|small
2401485,3,5,part of a stomach,435,0.008669483418367346,0.008049160615860937,0.008821121329363912,0.0842297871907552,0,4153.662109375,overall|small
2401485,4,6,part of a hoof,100,0.001992984693877551,0.0021491887076994587,0.002168945422152736,0.1909016799926758,0,8801.58984375,overall|small
2401485,5,8,edge of a wall,980,0.01953125,0.008114792122922956,0.015382697906739707,0.01688514826249103,0,1075.718017578125,overall|small
2401485,6,9,part of an edge,700,0.013950892857142858,0.005811370230856711,0.006724800277703748,0.04102874483380999,0,4270.77685546875,overall|small
2401486,0,7,letters on top of building.,168,0.0033482142857142855,0.0005684172222837023,0.0005896147458493558,0.015564589273361932,0,4434.8466796875,overall|small|text
2401486,1,3,green leaves on the trees.,429,0.008549904336734694,0.01521469653644713,0.01711191118981161,0.12066949164117133,0,3025.215087890625,overall|small|part
2401486,2,0,The woman's hands are in her pockets. ,352,0.00701530612244898,0.043634554794491076,0.046408232941223135,0.4219915216619318,0,3200.7470703125,overall|small
2401486,3,1,A clock is on the building. ,450,0.00896843112244898,0.007445602439386435,0.007809672934531836,0.13771959092881944,0,7935.52001953125,overall|small
2401486,4,2,man sitting on motorcycle.,880,0.017538265306122448,0.06582513248334265,0.06698536615504108,0.7916828502308239,0,10400.494140625,overall|small
2401486,5,4,bricks on the sidewalk.,36,0.0007174744897959184,3.6402109666411583e-06,3.654870581253847e-06,0.0009067384526133537,0,8931.255859375,overall|small
2401486,6,5,the motorcycle is red in color,48,0.0009566326530612245,0.0001846954327211041,0.00018538502029940188,0.04730377594629923,0,12247.921875,overall|small
2401487,0,3,this is a plate,294,0.005859375,0.0024071340678597924,0.0024669164833617642,0.09035519191196986,0,10768.271484375,overall|small
2401487,1,4,the table is wooden,299,0.0059590242346938774,0.006568609607370228,0.0067153046184593975,0.23117927882982336,0,10293.2939453125,overall|small
2401487,2,5,lemon wedge on white plate,357,0.007114955357142857,0.0024426667839474356,0.002602789572964742,0.03818913467791902,0,5238.0419921875,overall|small
2401487,3,0,woman holding a fork,13340,0.2658641581632653,0.14505209685936532,0.7393277185372357,0.15287026286661357,1,2758.30224609375,overall
2401487,4,1,The bowl that has the tomato in it.,4320,0.08609693877551021,0.11265673122519687,0.16653055013838414,0.25828993055555555,0,6700.34716796875,overall
2401487,5,2,oysters on the half shell,3600,0.07174744897959184,0.05055517688170483,0.06539129489048025,0.1822219679090712,0,10031.90234375,overall
2401488,0,2,filing cabinet in an office,936,0.01865433673469388,0.004362953075582327,0.0052737517863116305,0.02464011387947278,0,4373.1953125,overall|small
2401488,1,4,icons on a computer screen,215,0.0042849170918367345,0.003461435308685227,0.0041211387706659,0.021165759064430415,0,1104.2186279296875,overall|small
2401488,2,5,small blue piece of paper,56,0.0011160714285714285,0.0018680386069115996,0.0018908106421549934,0.13427950654711043,0,3976.9462890625,overall|small
2401488,3,0,a brown wooden table,19888,0.3963647959183674,0.00927464930112107,0.023016719083372855,0.015296575434248196,0,13217.2744140625,overall
2401488,4,1,a manila envelope,1053,0.02098612882653061,1.6968322377731177e-05,1.9459376106254452e-05,0.0001325339560042306,0,7171.7744140625,overall
2401488,5,3,The red and white snack bag,1624,0.03236607142857143,0.00012797018512218563,0.0001568964308893634,0.000693630922604077,0,7179.619140625,overall
2401489,0,1,tail of a cat,50,0.0009964923469387755,0.0011886331434273784,0.0011904018756277595,0.4444384002685547,0,18667.578125,overall|small|part
2401489,1,4,paws of a cat,120,0.0023915816326530613,0.000410573815935917,0.00042909450886883,0.009422699610392252,0,2635.1396484375,overall|small
2401489,2,5,white flower on a carpet,70,0.0013950892857142857,0.0018261502011695844,0.0018456232352420205,0.14754293986729214,0,5595.94482421875,overall|small
2401489,3,9,The cat has a black nose.,143,0.002849968112244898,0.0014997938590411214,0.001603625616414683,0.022639107870888877,0,2018.795654296875,overall|small
2401489,4,0,The cat has two eyes.,1081,0.021544164540816327,0.02865213025396222,0.038549847626018575,0.10039173729655701,0,2815.146484375,overall|part
2401489,5,2,Tan figures on the rug. ,1584,0.031568877551020405,0.06666748448964557,0.07158477888145194,0.4925220759228022,0,10898.3359375,overall
2401489,6,3,collar on a cat,1148,0.022879464285714284,0.08482261640097355,0.09008716805943875,0.5920843463326165,0,7545.05712890625,overall
2401490,0,1,edge of an apple,357,0.007114955357142857,0.004063832115856801,0.0048297998758565965,0.024984234187449394,0,1846.7373046875,overall|small
2401490,1,3,green peel of an apple,294,0.005859375,0.00535306605374453,0.005600523571870329,0.10806027886007918,0,5672.63427734375,overall|small
2401490,2,4,part of an orange,576,0.011479591836734694,0.012490480435687377,0.013081412984314679,0.21660820643107095,0,9537.6796875,overall|small
2401490,3,5,part of an orange,910,0.018136160714285716,0.013381139842568977,0.014464299582638106,0.15159984211345295,0,9537.6796875,overall|small
2401490,4,7,lower part of an apple,36,0.0007174744897959184,0.001615281272626815,0.00162710405778837,0.18187169233957926,0,4023.947265625,overall|small
2401490,5,8,a green apple,49,0.0009765625,0.0017571223582923377,0.0017596453345800904,0.5506631500866949,0,15334.052734375,overall|small
2401490,6,0,An apple stem.,1715,0.0341796875,0.03864350911165675,0.05231439008330775,0.12882667296829445,0,4223.26904296875,overall
2401491,0,6,branch sticking off the tree.,30,0.0005978954081632653,1.8484944662972414e-05,1.861016488235319e-05,0.0027396964530150094,0,4416.45166015625,overall|small|part
2401491,1,1,plants behind the bench.,840,0.016741071428571428,0.032925492576720075,0.033331526380214895,0.7299392700195313,0,18395.466796875,overall|small
2401491,2,3,sticks on the ground.,210,0.004185267857142857,0.0010214455523285871,0.0010517306536773298,0.0342572257632301,0,6840.1708984375,overall|small
2401491,3,9,dirt on the forest floor.,585,0.011658960459183673,0.004281872437466058,0.005208057805308682,0.023511415465265258,0,2640.94189453125,overall|small
2401491,4,7,rotting branches on the ground,1326,0.026426977040816327,0.00510291089938191,0.006630025477012327,0.021674297154399245,0,4334.8427734375,overall|part
2401491,5,0,seat on brown bench,1917,0.038205516581632654,0.07700846727677502,0.08522416374892632,0.44408450576869785,0,9989.068359375,overall
2401491,6,2,a patch of wild flowers.,3956,0.07884247448979592,0.05635320718228954,0.11264367469164621,0.10134107013081395,0,3559.05712890625,overall
2401492,0,4,white buttons on blue shirt,1357,0.027044802295918366,0.12296764036042317,0.12339540041797449,0.9725819463315217,1,10695.6474609375,overall|text
2401492,1,0,Comic book being read by young man,1554,0.030970982142857144,0.020953385411052645,0.02898789807483031,0.07028478575796081,0,3767.867431640625,overall
2401492,2,1,Left racks deep comic titles,4779,0.09524473852040816,0.05873755088682983,0.094600236215327,0.13415460931778353,0,6777.20166015625,overall
2401492,3,2,Blue trimmed white sneakers,5696,0.11352040816326531,0.0780339518747534,0.5302861006184519,0.08382819743638628,1,900.4298095703125,overall
2401492,4,3,Rack of comic books,1056,0.021045918367346938,0.030702443010307258,0.031017154502801292,0.7516116517962832,0,25589.126953125,overall
2401493,0,4,large black screw on sign,250,0.0049824617346938774,0.004332740550125602,0.004818868104538222,0.041180747985839844,0,2136.4326171875,overall|small|text
2401493,1,6,the back of a street sign,546,0.010881696428571428,0.0009432181533287604,0.0010032695611092077,0.015513731009794243,0,8442.892578125,overall|small|text
2401493,2,2,Two dormer windows in building.,384,0.007653061224489796,0.008709610913686739,0.009161238910407482,0.15014678239822388,0,6293.51171875,overall|small
2401493,3,9,clear white skies overhead,280,0.005580357142857143,0.013772634690972164,0.013995536663499064,0.46373628888811386,0,9277.68359375,overall|small
2401493,4,0,blue circle on red round sign,3124,0.06226084183673469,0.09150490543224025,0.12513922485668205,0.2539826807078265,0,6340.47314453125,overall|text
2401493,5,3,Information sign near traffic light.,1360,0.027104591836734693,0.013671247351228391,0.01652931734074964,0.07327269385842716,0,6028.734375,overall|text
2401493,6,7,the branches are green,6600,0.13153698979591838,0.15030811533888458,0.20465420098469986,0.36144017075047347,0,11656.2724609375,overall|part
2401494,0,3,red arrow sign pointing right,160,0.0031887755102040817,7.823249104396928e-06,7.936275877516552e-06,0.0005490148440003395,0,11068.462890625,overall|small|text
2401494,1,5,this is a door,480,0.009566326530612245,0.06315176539451628,0.06481919451112134,0.7105597813924154,0,5261.84716796875,overall|small|part
2401494,2,1,the road is grey in color,840,0.016741071428571428,0.05206031419518357,0.05871539203760136,0.31474449521019343,0,4502.8291015625,overall|small
2401494,3,4,There is a red and white pole on the corner,418,0.008330676020408163,0.007083821100746253,0.007384479595288072,0.14820099789560126,0,8388.9482421875,overall|small
2401494,4,6,the building is grey in color,120,0.0023915816326530613,0.0016753759778161772,0.0017197139591444207,0.06101692914962768,0,4257.703125,overall|small
2401494,5,8,the car is black in color,42,0.0008370535714285714,0.00025030408869046797,0.0002531884847271737,0.021499000844501313,0,3566.34716796875,overall|small
2401494,6,9,tall green metal pole,412,0.00821109693877551,0.017141425066318324,0.017381361984648694,0.5539196347727359,0,13129.8623046875,overall|small
2401495,0,1,the handle of a piece of silverware,242,0.004823022959183673,0.0014776778341873203,0.0016048969553017515,0.018300091924746173,0,2759.443359375,overall|small|part
2401495,1,5,the top of a brown table,434,0.008649553571428572,0.0032241214285434953,0.003445885591042435,0.04770797958022439,0,6008.69140625,overall|small
2401495,2,6,the sauce is white,572,0.011399872448979591,0.007799685953753579,0.00950714688854352,0.04162112149325284,0,2504.145751953125,overall|small
2401495,3,8,There is a white vase with flowers in the background,513,0.010224011479591837,0.06952713459090266,0.07143773773812415,0.7221936677631579,0,5186.12939453125,overall|small
2401495,4,9,slice of lime on plate,238,0.004743303571428571,0.010197230052910351,0.012470330968161174,0.052978691934537483,0,1011.1141967773438,overall|small
2401495,5,0,fried cheese stick on plate,3248,0.06473214285714286,0.14744410642807518,0.14844693403437265,0.9561901374403479,1,20921.318359375,overall
2401495,6,2,the meat is chicken,6960,0.13871173469387754,0.3021751772848774,0.36909916819702215,0.6249844956672055,0,11785.158203125,overall
2401496,0,2,Rear right eye of stove,96,0.001913265306122449,0.0005512541908631728,0.0005642034409883901,0.02345499147971471,0,3990.8994140625,overall|small|part
2401496,1,0,black burner of oven,320,0.006377551020408163,0.0008085635371335155,0.0008263825825561362,0.036142942309379575,0,13995.6259765625,overall|small
2401496,2,3,the outlet is on wall,90,0.001793686224489796,7.721365730732457e-07,7.8269687920741e-07,5.722507420513365e-05,0,6580.14208984375,overall|small
2401496,3,1,window with white blinds,3182,0.06341677295918367,0.1079105285327002,0.18730340333194526,0.20292186916886,0,3447.333984375,overall|part
2401496,4,9,window in far room,1120,0.022321428571428572,0.0007784789477949138,0.0009518798602578497,0.0042552556310381205,0,5006.81494140625,overall|part
2401496,5,4,white doors on a cupboard,4690,0.09347098214285714,0.013134043174204848,0.024071349549331923,0.028093948852278786,0,5473.7529296875,overall
2401496,6,5,a refrigerator ,3762,0.07497608418367346,0.24350164483668482,0.25888285067822236,0.803860199445109,1,11681.4306640625,overall
2401497,0,0,the number is 190,234,0.00466358418367347,0.013343674466897404,0.014383092045425115,0.1558652861505492,0,2535.788330078125,overall|small|text
2401497,1,5,left cap on water hydrant,527,0.010503029336734694,0.0035761202888181147,0.0037753230682531593,0.06347329069133954,0,8860.28125,overall|small
2401497,2,1,brick with black numbers,1089,0.02170360331632653,0.028308146782311784,0.06736515302565453,0.04655265983252267,0,752.552978515625,overall
2401497,3,2,The poles are metal.,15481,0.3085339604591837,0.24012898471634883,0.4641592101817891,0.33222642372101285,0,11080.6748046875,overall
2401497,4,3,pipe on the ground,2584,0.05149872448979592,0.11937481012459279,0.16159823754229655,0.31359853833083395,0,5014.5263671875,overall
2401497,5,4,brick sidewalk in pink,5005,0.09974888392857142,0.010610461294238009,0.06992371917435827,0.012354020186356613,0,884.2760620117188,overall
2401498,0,4,the shirt is striped,4332,0.08633609693877552,0.02876701021892881,0.08057162238905893,0.04282522509743082,0,2302.53369140625,overall|text
2401498,1,5,Woman has red hair. ,2900,0.05779655612244898,0.21724814848135685,0.22277362510426957,0.8975295494342672,0,11683.76953125,overall|part
2401498,2,0,Smoke coming from the pot. ,1950,0.03886320153061224,0.010667462147867714,0.023756476596714905,0.018993631998697916,0,1559.052001953125,overall
2401498,3,1,Knobs on the stove. ,2400,0.04783163265306122,0.06248149583061321,0.0709826313290494,0.34284322102864584,0,11591.90234375,overall
2401498,4,2,Yellow Curtains in Kitchen,10450,0.20826690051020408,0.2166563092670574,0.4067144551518755,0.31676867617374405,0,8138.9599609375,overall
2401498,5,3,White Tile on Wall,5063,0.1009048150510204,0.003839164077260554,0.014112034322746339,0.0052462631879577094,0,1882.2113037109375,overall
2401498,6,6,A whisk in a mixing bowl. ,1406,0.028021364795918366,0.010729207930188837,0.011761851527131564,0.10889809229974218,0,13017.5693359375,overall
2401499,0,0,fried chicken and a biscuit,2808,0.055963010204081634,0.06151152672289924,0.07226721480250377,0.2924333882128072,0,11362.7314453125,overall
2401499,1,1,tan and brown wooden table,1488,0.02965561224489796,0.029391060763076154,0.035944841277899646,0.13882050462948378,0,5746.71923828125,overall
2401499,2,2,Peaches in bowl are yellow,11817,0.2355110012755102,0.008947660461325446,0.07507831871204088,0.010056150174437516,0,1582.794189453125,overall
2401499,3,3,the table is wood,1155,0.023018973214285716,0.004231935539620419,0.004702867308388758,0.040547784582360996,0,9958.3271484375,overall
2401499,4,4,Red onions in a dish. ,1479,0.02947624362244898,0.022583884924754206,0.024905411231977086,0.19502892794038412,0,11581.7314453125,overall
2401499,5,5,tan and brown wooden table,2806,0.05592315051020408,0.04426641294850911,0.063088072245025,0.12920507429670794,0,5746.71923828125,overall
2401500,0,8,black and orange line on shirt,864,0.01721938775510204,0.07251648206017397,0.07687613626105254,0.5611575797752097,0,6306.7705078125,overall|small|text
2401500,1,5,clear glasses on man's face,475,0.009466677295918368,0.02551425563808516,0.03039212695402162,0.13716448332134046,0,2143.750244140625,overall|small|part
2401500,2,2,ventilation the the wall,945,0.018833705357142856,0.002751896808431608,0.004124372856126926,0.008201789351367447,0,1879.2410888671875,overall|small
2401500,3,7,Projector mounted on ceiling.,667,0.013293207908163265,0.0040577766295865425,0.005494702992716112,0.015279558287567642,0,1854.780029296875,overall|small
2401500,4,9,Cords plugged into wall outlets,560,0.011160714285714286,0.001783111319648697,0.0021736812055064237,0.009826231002807616,0,2531.507080078125,overall|small
2401500,5,0,black chairs for sitting,1504,0.029974489795918366,0.04019552037872441,0.04121378099262651,0.6193233246498919,0,22600.748046875,overall
2401500,6,1,Computer tower sitting under desk in corner.,1110,0.022122130102040817,0.02192809470698196,0.02330977802860807,0.2700406736081785,0,12859.2021484375,overall
2401501,0,0,stomach of a zebra,247,0.004922672193877551,0.010073252048282173,0.010277263103548295,0.3366281918668554,0,8090.3994140625,overall|small
2401501,1,2,part of a zebra,288,0.005739795918367347,0.00695816874172878,0.007146564094045477,0.20882961485120985,0,8415.642578125,overall|small
2401501,2,4,back of a zebra,819,0.016322544642857144,0.024155673998571714,0.026126037884664294,0.2425918672256563,0,7604.77880859375,overall|small
2401501,3,5,rock beside tree,680,0.013552295918367346,0.015372978002031766,0.016239848917948045,0.22359971439137177,0,9362.63671875,overall|small
2401501,4,6,part of the ground,735,0.0146484375,0.0005448882351630897,0.0007323096996414919,0.002124512276681913,0,2132.317138671875,overall|small
2401501,5,7,blue sky above the land,630,0.012555803571428572,0.0001480373152118446,0.0001584550565761343,0.002246606160723974,0,8932.2607421875,overall|small
2401501,6,8,the zebra has 4 hooves,704,0.01403061224489796,0.02119513293784194,0.023346881752558123,0.18697283484719016,0,5637.9638671875,overall|small
2401502,0,0,white table full of food,27824,0.5545280612244898,0.2159329758447311,0.4138087531246186,0.31109120751195013,0,20917.396484375,overall
2401502,1,1,tulips in a glass vase,1904,0.03794642857142857,0.038173964113259365,0.07721339857703442,0.07020132882254464,0,1731.08984375,overall
2401502,2,2,wall mounted light fixture,1102,0.02196269132653061,0.019490359013972627,0.02919486983481039,0.055386856549880896,0,2090.652099609375,overall
2401502,3,3,black bowel with silver spoon,1394,0.027782206632653062,0.002324439776630123,0.0029124243740313274,0.011382438873115878,0,5448.07958984375,overall
2401503,0,0,section of a man's arm,276,0.005500637755102041,0.013212167714938912,0.013586558120352954,0.32408095097196277,0,6583.44384765625,overall|small|part
2401503,1,3,green and red patch on a cloth,143,0.002849968112244898,0.0009027770819024225,0.0009182661877417633,0.050801864037146933,0,7911.2861328125,overall|small
2401503,2,4,a yellow item ,63,0.0012555803571428572,0.0028124114440749156,0.0028245536836676833,0.3954888298397973,0,8821.14453125,overall|small
2401503,3,7,red part on a cloth,48,0.0009566326530612245,0.0013511952107810466,0.0013592869858459786,0.1849900484085083,0,6532.4853515625,overall|small
2401503,4,8,part of a finger,30,0.0005978954081632653,0.00018983354061146974,0.00019209058706341122,0.01589930256207784,0,2483.094482421875,overall|small
2401503,5,9,yellow part on the cloth,65,0.001295440051020408,0.0016222464802425616,0.0016315853877792905,0.22083187103271484,0,8797.6220703125,overall|small
2401503,6,1,red shirt of man,4704,0.09375,0.04560426991119834,0.06629321813893492,0.12749780927385604,0,9046.923828125,overall|text
2401504,0,0,clouds in the sky.,770,0.015345982142857142,3.9813509536189764e-05,7.768227772342328e-05,8.166496242795672e-05,0,809.47705078125,overall|small
2401504,1,3,footprints in the sand.,207,0.00412547831632653,9.291992453711396e-06,9.633990496574069e-06,0.0002616843667583189,0,5622.6611328125,overall|small
2401504,2,4,sand on the ground.,360,0.007174744897959184,0.00027285669454510343,0.00028299950716329317,0.007555584775076972,0,9611.361328125,overall|small
2401504,3,5,pond on the beach.,310,0.0061782525510204085,0.0017454976220541247,0.0017883565377816788,0.0678890597435736,0,11768.1279296875,overall|small
2401504,4,7,water in the ocean.,406,0.008091517857142858,0.011486915303342955,0.013378105194952002,0.07515083275405057,0,2280.6845703125,overall|small
2401504,5,1,three horses running on the beach,2968,0.05915178571428571,0.056319609742673304,0.06463568074812387,0.30446275160961717,0,13980.59765625,overall
2401504,6,2,light blue sky,1080,0.021524234693877552,0.004914326596062749,0.005755677963823571,0.03252540164523655,0,6103.09228515625,overall
2401505,0,0,round red train traffic light,851,0.01696029974489796,0.02489142993060367,0.025661529922226336,0.4533848118137669,0,15035.365234375,overall|small
2401505,1,1,lights around a building in the background,576,0.011479591836734694,0.03900323390763121,0.04281367432380329,0.3047037654452854,0,4099.37646484375,overall|small
2401505,2,3,lights near the tracks.,119,0.0023716517857142855,0.0006574075811785273,0.000666678392613296,0.04514113995207458,0,8057.5517578125,overall|small
2401505,3,5,grey gravel and rock in between train tracks,87,0.0017338966836734694,0.00038687403342011867,0.0003908046949427038,0.037040080147228024,0,8245.7734375,overall|small
2401505,4,7,curve in the railroad track on the right,364,0.007254464285714286,0.010300669879053951,0.010593816167594906,0.2712692638019939,0,9320.7216796875,overall|small
2401505,5,9,dark storm clouds in the sky,585,0.011658960459183673,0.0001625182012715276,0.0001996733285528797,0.0008726180109203371,0,2556.58349609375,overall|small
2401505,6,2,electrical wires running above the railroad tracks,9021,0.17978714923469388,0.017309490571266767,0.07067170471392377,0.022410550174051344,0,2860.629638671875,overall
2401506,0,2,The girl is wearing rings. ,375,0.007473692602040816,0.002066821786373008,0.0021839750472103163,0.037100296020507816,0,6370.31591796875,overall|small
2401506,1,3,bag over woman's shoulder.,351,0.006995376275510204,0.004195961359955923,0.004306974955600705,0.13999946572502114,0,11409.3564453125,overall|small
2401506,2,0,Red shirt on a man,9919,0.19768415178571427,0.31161883696964904,0.42476735301760415,0.5391362418401553,0,12589.697265625,overall|text
2401506,3,4,Brown eyes on a woman,3968,0.07908163265306123,0.027349945013874548,0.06474486056702909,0.04521224191111903,0,2770.909912109375,overall|part
2401506,4,1,Picture on a wall,2016,0.04017857142857143,0.10256672728049299,0.14360110411019927,0.26412991115025114,0,3708.090576171875,overall
2401506,5,5,a wooden chair under the table,1403,0.02796157525510204,0.05410604438356515,0.05688479908395656,0.5255317497661262,0,12961.6533203125,overall
2401506,6,6,a round mirror above,3002,0.05982940051020408,7.853926475793174e-06,7.227697738100204e-05,8.811334707711555e-06,0,365.975830078125,overall
2401507,0,1,white sign with orange and pink writing ,720,0.014349489795918368,0.0003883121197960382,0.00041094973932196966,0.006999841663572523,0,12263.99609375,overall|small|text
2401507,1,7,white window in brown building,437,0.008709343112244899,0.012428012395722755,0.013670531001472128,0.12028857826913794,0,3845.21337890625,overall|small|part
2401507,2,6,small soft white cloud,160,0.0031887755102040817,5.801804763327127e-05,5.961115912660791e-05,0.0021662207320332525,0,5814.26904296875,overall|small
2401507,3,0,multi level building on main street,4896,0.0975765306122449,0.13907383778628413,0.18606174229005146,0.3551306631050858,0,9344.853515625,overall
2401507,4,2,Two traffic lights facing the other way,6050,0.12057557397959184,0.10655734765370488,0.16811287072860587,0.225416451446281,0,8112.2255859375,overall
2401507,5,3,large grey house with many windows,3850,0.07672991071428571,0.05175248174512229,0.07781228910444582,0.13384543678977273,0,6622.41064453125,overall
2401507,6,4,bare tall tree in the distance,1296,0.025829081632653062,0.05478204919034331,0.0680666416501889,0.21916989926938657,0,4173.03076171875,overall
2401508,0,4,blue neon sign in photo,272,0.005420918367346939,0.0010369732072226848,0.0011966773133045307,0.007710224565337686,0,1752.50341796875,overall|small|text
2401508,1,8,a small red neon sign,88,0.001753826530612245,0.00010242864562895678,0.0001033270902227181,0.011642821810462257,0,9915.7763671875,overall|small|text
2401508,2,0,window of a building,253,0.005042251275510204,0.013090093962160081,0.01346318825298741,0.32081775891451025,0,6028.8017578125,overall|small|part
2401508,3,7,a glass door with a white frame,220,0.004384566326530612,0.004610190489111404,0.0055038868567994104,0.027608297087929466,0,1103.552001953125,overall|small|part
2401508,4,6,yellow flowers in rectangular planter,810,0.016143176020408163,0.004401412470054468,0.004576064530645758,0.10339758602189429,0,18302.19921875,overall|small
2401508,5,9,blue cloudy sky in the background,738,0.014708227040816327,0.00021356184417886095,0.00028538797230823643,0.0008478294704664691,0,2192.447509765625,overall|small
2401508,6,1,bus lights are on,1230,0.02451371173469388,0.08821789385860566,0.09023045436134132,0.7981889926321138,0,10880.7216796875,overall
2401509,0,0,sign with arrows pointing forward and left,572,0.011399872448979591,0.01915300387309381,0.023568407447463628,0.09275189646474132,0,2251.06787109375,overall|small|text
2401509,1,7,white signs with black writing,407,0.008111447704081632,0.0017917643447047716,0.0024472583916959087,0.006645022211848079,0,1105.1240234375,overall|small|text
2401509,2,1,a round-edged traffic light,760,0.015146683673469387,0.005636396410020945,0.005980883855945567,0.0891348587839227,0,11326.501953125,overall|small
2401509,3,3,city street light above roadway,989,0.01971061862244898,0.009715204323805373,0.010835536238899495,0.08589207848837209,0,7839.69189453125,overall|small
2401509,4,4,"some circular black+white+red all over signs, indecipherable at this distance",210,0.004185267857142857,0.0006447754863969329,0.0006719214004371659,0.01570891085125151,0,4909.60888671875,overall|small
2401509,5,5,the post is yellow in color,180,0.003587372448979592,0.0001892010823777502,0.00019116192785123738,0.018111066023508707,0,17053.5625,overall|small
2401509,6,8,the car is grey in color,896,0.017857142857142856,0.03514623685897174,0.03929904306055872,0.2495859350476946,0,5690.44384765625,overall|small
2401510,0,2,goblet filled with beer,988,0.019690688775510203,0.041136871960567784,0.04603946783962845,0.27866039198902454,0,5980.009765625,overall|small
2401510,1,4,the woman's headband is blue.,928,0.018494897959183673,0.01441421473078643,0.016601146659718447,0.09862751796327789,0,5513.25390625,overall|small
2401510,2,5,the table is wooden ,924,0.018415178571428572,0.0026462952537371106,0.0028926015892816823,0.03014115337685589,0,9628.158203125,overall|small
2401510,3,6,cloth napkin in silver holder,891,0.01775749362244898,0.019768228975767257,0.02296576899969733,0.12432932398803574,0,4823.5888671875,overall|small
2401510,4,7,small lutice salt and pepper shakers,392,0.0078125,0.002997354359802498,0.0031383801290939305,0.06253190429843201,0,7810.56005859375,overall|small
2401510,5,9,this is a plate ,119,0.0023716517857142855,0.006522007095737425,0.006548794715431158,0.6145605520040047,0,11167.353515625,overall|small
2401510,6,0,green houseplant in pot,2128,0.04241071428571429,0.10923886675667778,0.1383751511275156,0.34158606278268916,0,5253.07568359375,overall
2401511,0,2,large blue table,480,0.009566326530612245,0.0024933646640642347,0.0026216929292498282,0.04846944411595663,0,8874.1640625,overall|small
2401511,1,5,sliced red peppers,675,0.013452646683673469,0.044815860796573674,0.04952648723913225,0.32027540418836803,0,4365.05615234375,overall|small
2401511,2,0,Large knife with a black handle,4191,0.08352598852040816,0.20953174406793895,0.2256282016342725,0.7460033987450787,1,13856.8681640625,overall|part
2401511,3,4,Bottle of bay leaves with black cover,2464,0.049107142857142856,0.0009991138597796605,0.00256073988341369,0.001635657889502389,0,1573.8658447265625,overall|part
2401511,4,1,fried potatoes for food,3224,0.06425382653061225,0.03520196846218762,0.042598576827587664,0.16856187389742944,0,12757.3154296875,overall
2401511,5,3,cup for drinking liquids,3196,0.06369579081632654,0.07408856310830218,0.13286271280332632,0.143455686795995,0,3450.81298828125,overall
2401511,6,6,canned food in the kitchen,1734,0.03455835459183673,0.045693881395407296,0.057999208811614675,0.17720587883303598,0,5297.9169921875,overall
2401512,0,2,the door is brown,988,0.019690688775510203,0.005543727798910716,0.007188128601331492,0.023659808433007613,0,3252.013427734375,overall|small|part
2401512,1,3,she is wearing goggles,16,0.00031887755102040814,0.0009936041312158354,0.0009944253145222014,0.5461190938949585,0,8786.8896484375,overall|small|part
2401512,2,5,Emblem on carriage.,418,0.008330676020408163,0.05390051799465436,0.05750616670972895,0.46226570822975854,0,3360.1103515625,overall|small
2401512,3,7,the pail is blue,425,0.008470184948979591,0.019131509270420188,0.019376518334563494,0.6020713895909926,0,13205.6923828125,overall|small
2401512,4,6,Green door on a building,1508,0.03005420918367347,0.03352661465647971,0.03655871956582795,0.28786968362742454,0,11874.2529296875,overall|part
2401512,5,0,Mailboxes on the side of the street. ,5876,0.1171077806122449,0.04927015209005588,0.0884099687125183,0.10014699542498086,0,6656.0791015625,overall
2401512,6,1,Blue umbrella.,3080,0.06138392857142857,0.1630075537517024,0.2821200329678323,0.2785442005504261,0,3040.96142578125,overall
2401513,0,9,flat face on rock,962,0.01917251275510204,0.0004243445949930365,0.0006054634534185577,0.0014165349908777185,0,2250.68359375,overall|small|part
2401513,1,2,the pack is green,648,0.012914540816326531,7.686426733631367e-06,1.2247201465590602e-05,2.064019366868852e-05,0,1092.0736083984375,overall|small
2401513,2,3,rocks on water's bottom,567,0.011300223214285714,0.019406381112743336,0.020408951704379008,0.2831789854342345,0,7867.2578125,overall|small
2401513,3,4,rock on water's edge,729,0.014528858418367346,0.007793150737621301,0.008384753915218706,0.09946566190575704,0,8647.89453125,overall|small
2401513,4,6,Blue clothing item in bottom of canoe.,462,0.009207589285714286,0.011152285806888396,0.011280428608311483,0.49539224203530846,0,20289.23046875,overall|small
2401513,5,7,green leaves on tree,1428,0.028459821428571428,0.0014948904978998349,0.003918421640351807,0.0024111461238700803,0,878.6998901367188,overall|part
2401513,6,8,a branch overhanging water,8352,0.16645408163265307,0.04042159448659126,0.07431338452067736,0.08141515446805406,0,9150.16015625,overall|part
2401514,0,6,A sign above a street.,260,0.005181760204081632,0.022873246106847062,0.02540451420587288,0.18670244950514572,0,1910.787841796875,overall|small|text
2401514,1,0,this is an umbrella ,832,0.016581632653061226,0.050785580411254944,0.05112487313805199,0.8844252366286057,0,14393.029296875,overall|small
2401514,2,4,this is a vehicle ,480,0.009566326530612245,0.012658770611372983,0.012878568594802943,0.42585233052571614,0,15872.037109375,overall|small
2401514,3,5,blue and white directional light,432,0.00860969387755102,0.005264277205809016,0.006125206333917916,0.03610135007787634,0,2546.16455078125,overall|small
2401514,4,1,rain on city street,12876,0.25661670918367346,0.021028392082667952,0.07327275240303009,0.028647454490791976,0,5034.130859375,overall
2401514,5,2,A traffic signal.,1710,0.034080038265306124,0.017913282060156677,0.022476579785680764,0.08107837877775494,0,6168.37744140625,overall
2401514,6,3,this is a man ,3168,0.06313775510204081,0.019971321481998195,0.034170580940303126,0.045857130879103536,0,4251.4755859375,overall
2401515,0,2,nose on boy's face.,315,0.006277901785714286,0.006549928619803363,0.007027620342814166,0.08789090353345114,0,3939.546142578125,overall|small|part
2401515,1,4,brown iris of boy's eye.,110,0.002192283163265306,0.0007051092440222795,0.0007349301395496015,0.017080467397516425,0,2556.50341796875,overall|small|part
2401515,2,1,ear of a human being,546,0.010881696428571428,0.006229185228100739,0.006670208329075487,0.08610087523966918,0,7047.91748046875,overall|small
2401515,3,5,brown and black teddy bear ears,600,0.011957908163265306,0.0011569936009848362,0.0013689521974294193,0.007417114575703939,0,3250.857666015625,overall|small
2401515,4,7,toy on the table.,704,0.01403061224489796,0.008224960330625973,0.00850049637339654,0.20239045403220438,0,16761.712890625,overall|small
2401515,5,8,a human being's pink lips,532,0.010602678571428572,0.01609223824755247,0.017090454064153632,0.21600308812650523,0,6723.849609375,overall|small
2401515,6,9,plastic container on the table.,144,0.0028698979591836736,0.009190154832323914,0.009238981426326735,0.6348983976576064,0,9895.611328125,overall|small
2401517,0,3,the left eye of a zebra.,561,0.01118064413265306,0.006534985148420071,0.006854486938102455,0.12296044932754707,0,10063.599609375,overall|small|part
2401517,1,9,the back leg of the zebra closest to the wall,861,0.017159598214285716,0.012139240929904534,0.012717376167172726,0.21075253370331554,0,14268.50390625,overall|small|part
2401517,2,1,a hole in the stall wall,984,0.0196109693877551,0.0001785165124331787,0.000449969864606305,0.0002958272106763793,0,646.9188232421875,overall|small
2401517,3,4,white underbelly on zebra,896,0.017857142857142856,0.000218376416170692,0.0002386054647212477,0.002569173595735005,0,9647.6396484375,overall|small
2401517,4,5,hay hanging out of zebra's mouth as he eats it,735,0.0146484375,0.02767639932099459,0.028536492350051432,0.47869370648650084,0,12329.4716796875,overall|small
2401517,5,7,small brown spot on wood,315,0.006277901785714286,0.0035956926116665197,0.004411010344096582,0.019082110268729073,0,1362.6956787109375,overall|small
2401517,6,0,Second zebra behind main zebra,4012,0.07995854591836735,0.01192573680936816,0.037244481534016216,0.01724059275116545,0,1857.16796875,overall
2401518,0,2,a red sweatshirt,391,0.007792570153061225,0.001564663409881508,0.0016464047649334857,0.030552039670822262,0,7255.71728515625,overall|small
2401518,1,4,White frisbee,578,0.011519451530612245,0.0009271447864589939,0.0010300783989199956,0.009192841275753035,0,5158.30859375,overall|small
2401518,2,6,blue nike sneaker on foot of unseen player,280,0.005580357142857143,0.0008189072791230245,0.0008978025945475896,0.009232853991644724,0,2879.473876953125,overall|small
2401518,3,7,white sneakers on man walking,63,0.0012555803571428572,4.3500036022417695e-05,4.371069604041009e-05,0.00894525789079212,0,12892.75390625,overall|small
2401518,4,8,this is a cap,50,0.0009964923469387755,0.0001817384933345555,0.00018241209330304965,0.04690659999847412,0,12857.31640625,overall|small
2401518,5,9,the man is light skinned,130,0.002590880102040816,0.01070934005565978,0.01126095080747355,0.1794047869168795,0,2071.10595703125,overall|small
2401518,6,1,the t shirt is muddy,1073,0.02138472576530612,0.0001354460463874086,0.00015600654807612855,0.0010266663977062157,0,7061.32568359375,overall|text
2401519,0,0,A lot of fluorescent lights.,2772,0.05524553571428571,0.06912287813280328,0.09931229698976166,0.18526259473219922,0,5171.04052734375,overall
2401519,1,1,woman lying down on mattress,27566,0.5493861607142857,0.37905325126697353,0.7866422601614637,0.42248893847946745,1,14805.1162109375,overall
2401519,2,2,the cup board is wooden,1184,0.023596938775510203,0.029117317630668,0.03606197715208392,0.13134072277996992,0,4312.2265625,overall
2401519,3,3,Plants in the mall.,1872,0.03730867346938776,0.08698503291305866,0.09635026651744018,0.47227015046991855,0,9175.7890625,overall
2401519,4,4,white and red shopping bag on the floor,1204,0.023995535714285716,0.01273093657128113,0.014898156562626838,0.08047371290846916,0,6503.5126953125,overall
2401520,0,0,the cpu is black,476,0.009486607142857142,0.001433394381925167,0.0015763517043363082,0.015559720391986751,0,4698.4609375,overall|small
2401520,1,1,the keyboard is back in color,840,0.016741071428571428,0.001735523171465248,0.0018811267886085503,0.021930376688639324,0,9792.8095703125,overall|small
2401520,2,3,White telephone on a desk,483,0.009626116071428572,0.015813396204321865,0.015952499700514513,0.6445699182356367,0,19515.892578125,overall|small
2401520,3,6,the fan is white,644,0.012834821428571428,0.04156417888220891,0.04357379969808845,0.47402176945846275,0,7005.81591796875,overall|small
2401520,4,7,the lamp is white,660,0.013153698979591837,0.010914656647240147,0.012093618148755883,0.10068787083481297,0,5494.9638671875,overall|small
2401520,5,8,the blinds are white,504,0.010044642857142858,0.0003304046603066822,0.00039453796405827807,0.0020284742589980836,0,2591.261474609375,overall|small
2401520,6,2,the wall is white in color,2806,0.05592315051020408,0.02194234915459256,0.07742266983558183,0.029710743823224785,0,1076.7950439453125,overall
2401521,0,3,The roof of a house.,943,0.018793845663265307,0.026970319376345333,0.03757526313553027,0.08722545991899605,0,2189.0361328125,overall|small
2401521,1,6,Plant with red flowers,400,0.007971938775510204,0.0014907106532527391,0.0016136392963965228,0.01919245481491089,0,4757.5576171875,overall|small
2401521,2,0,Plant with small yellow flowers,2744,0.0546875,0.03823205551094124,0.05478069201929231,0.11234118848083319,0,5627.2421875,overall
2401521,3,1,the horses are brown,1450,0.02889827806122449,0.01183712542860103,0.012495412446568563,0.18346608129040948,0,21289.87890625,overall
2401521,4,2,green grass,5600,0.11160714285714286,0.007068082174961527,0.017416579782717573,0.011755779811314175,0,3779.86767578125,overall
2401521,5,4,Gray house with a brick chimney,3060,0.06098533163265306,0.008520008081280558,0.012504493028371517,0.026041988298004748,0,6372.7880859375,overall
2401521,6,5,bright green medium sized bush,1292,0.02574936224489796,0.011536792679270163,0.013797489195731849,0.0657797420726103,0,6159.6298828125,overall
2401522,0,0,this is the road,1800,0.03587372448979592,0.0003058819999025354,0.0005770777344436735,0.0006504633029301961,0,2028.901611328125,overall
2401522,1,1,man riding on motorbike,28665,0.5712890625,0.6512278747977776,0.8722376801218639,0.7198987086821909,1,23658.5703125,overall
2401523,0,6,the flag is white and blue in color,180,0.003587372448979592,0.004359485962261587,0.004470157850513493,0.14972087012396917,0,6028.8154296875,overall|small|text
2401523,1,9,the flag on the building,627,0.012496014030612245,0.01829823922620654,0.01976392228984114,0.19790917112116227,0,6278.56396484375,overall|small|text
2401523,2,1,part of a building,56,0.0011160714285714285,0.0020721821633147538,0.0020832962855785063,0.27975787435259136,0,7520.025390625,overall|small
2401523,3,3,fence along the balcony.,78,0.0015545280612244898,0.0002797031751093025,0.0002811727528581421,0.050796900040064104,0,14091.5439453125,overall|small
2401523,4,8,part of  a wall,99,0.0019730548469387753,1.7150667085549035e-05,1.7490993313085532e-05,0.0008806785700297114,0,4984.68994140625,overall|small
2401523,5,0,Large clock tower ,4326,0.08621651785714286,0.05545195825802684,0.09486974514644006,0.11774596603612243,0,5369.14111328125,overall
2401523,6,2,Overlapping power-line cables ,2736,0.0545280612244898,0.025257577660816606,0.036053237461842816,0.07778881586085983,0,5903.22021484375,overall
2401524,0,2,this is a plate,289,0.0057597257653061226,0.001434695044670484,0.0015054848594596628,0.02960822161506204,0,5683.734375,overall|small
2401524,1,5,the orange is tasty,441,0.0087890625,0.0030397420238840603,0.0034476424443528053,0.025048841965171487,0,3204.0849609375,overall|small
2401524,2,0,Orange vegetable on a plate,6237,0.12430245535714286,0.012989518758269631,0.0527724015819786,0.016938860760068442,0,2001.9493408203125,overall
2401524,3,1,Cooked potatoes on a plate,5780,0.11519451530612244,0.053392054006449884,0.14455877610902076,0.07805318337410791,0,3120.85791015625,overall
2401524,4,3,A knife on top of a fork,6764,0.13480548469387754,0.24166888145716087,0.3274110258962515,0.4799320665356113,0,9914.939453125,overall
2401524,5,4,two eggs fried to order,7564,0.15074936224489796,0.049398780098497796,0.0690858380015034,0.14773954959346908,0,16175.5576171875,overall
2401525,0,0,crack in the street,552,0.011001275510204082,0.009369973801520876,0.010486392831178094,0.0808916990307794,0,4258.1103515625,overall|small
2401525,1,6,black street below man,600,0.011957908163265306,0.006973132434993808,0.00742749426553682,0.10232622146606446,0,8266.0087890625,overall|small
2401525,2,1,yellow line on street,1326,0.026426977040816327,0.08690430556736307,0.09009304683169046,0.7105936594138857,0,10458.6005859375,overall
2401525,3,2,hole in the center of the donut,3220,0.06417410714285714,0.06309952140237825,0.0805004349536559,0.22595358901882764,0,9038.0947265625,overall
2401525,4,3,thumb of person,1914,0.03814572704081633,6.227986280655895e-05,0.00016785764818409653,9.900867129318891e-05,0,1128.9482421875,overall
2401525,5,4,long sleeve of clothing,2349,0.04681521045918367,0.03216337588114444,0.040385512234509355,0.1364273454545152,0,7935.2177734375,overall
2401525,6,5,white paper around donut,1176,0.0234375,0.0006129846932164103,0.0006918553245819595,0.0053483596464403635,0,9091.0205078125,overall
2401526,0,4,Part of a cats tail. ,175,0.0034877232142857145,0.0012627206977320901,0.001281393319123504,0.07974317278180804,0,10890.5322265625,overall|small|part
2401526,1,3,Tiny triangle shaped tip of a cats nose. ,20,0.0003985969387755102,0.0015605389705455161,0.001611916555785369,0.04667501449584961,0,579.1244506835938,overall|small
2401526,2,6,buttons on front of television,646,0.01287468112244898,0.033346257277985784,0.03719060079181119,0.24391084558823528,0,4236.7265625,overall|small
2401526,3,7,striped line on cat's foot,520,0.010363520408163265,0.052542426128057325,0.05992103511059872,0.2990780757023738,0,2595.42578125,overall|small
2401526,4,8,white spots on the ground,504,0.010044642857142858,0.004629215321329489,0.004919955846673776,0.07264551283821227,0,7441.80224609375,overall|small
2401526,5,9,stripes on cat thigh,459,0.00914779974489796,0.01216380612405637,0.012449936521236724,0.34609081127025465,0,12759.5576171875,overall|small
2401526,6,0,black top of television set,7182,0.14313616071428573,0.19089619537821315,0.2589225030076182,0.4208241279196255,1,11672.83203125,overall
2401527,0,0,The word Scenic on the blue and white sign.,464,0.009247448979591837,0.038625271691459524,0.041286700332796064,0.3746846955398033,0,4210.888671875,overall|small|text
2401527,1,1,this is a vehicle ,35,0.0006975446428571429,0.0006052146451389653,0.000605955738356145,0.33103855678013394,0,19120.78515625,overall|small
2401527,2,3,red double sided arrow,216,0.00430484693877551,0.0010768905876404982,0.001120553465831744,0.02689379232901114,0,5184.09814453125,overall|small
2401527,3,6,part of  a post,60,0.0011957908163265306,0.0003457783171121834,0.0003489538105797464,0.036606498559316,0,6294.2138671875,overall|small
2401527,4,7,part of a board,270,0.005381058673469388,0.019309463223887966,0.019720812066937845,0.4807166205512153,0,6581.548828125,overall|small
2401527,5,8,part of the sky,476,0.009486607142857142,0.016353687829769648,0.01737804904324541,0.21718222353638722,0,5948.8115234375,overall|small
2401527,6,9,A street light overhang,323,0.00643734056122449,0.005232027425740436,0.005797656146818548,0.05089835411992973,0,2835.65771484375,overall|small
2401528,0,2,the phone is gray,532,0.010602678571428572,0.008571562078497562,0.009550540602893514,0.07716802726114604,0,4298.541015625,overall|small
2401528,1,1,man in a black t-shirt,6204,0.12364477040816327,0.1735296019010657,0.28919764915354257,0.3025844237021982,0,6491.17919921875,overall|text
2401528,2,0,person wearing socks with polka dots,21063,0.41978236607142855,0.18177672016588145,0.3835095545511268,0.2568213328763709,1,14105.06640625,overall
2401529,0,4,wood framed round clock on wall,304,0.006058673469387755,0.002379380539272622,0.0026906252740629406,0.02015453106478641,0,2277.157470703125,overall|small
2401529,1,6,decorative mugs sitting on shelf,420,0.008370535714285714,0.012879977619209147,0.013049173335677008,0.4983356657482329,0,16039.4052734375,overall|small
2401529,2,5,a decorative sign above the TV,1426,0.02841996173469388,0.056666629049092025,0.06713784789857156,0.266500208187237,0,5660.43310546875,overall|text
2401529,3,0,paid of blue denim jeans,8142,0.1622688137755102,0.05594864031483719,0.12933102565365534,0.08975501588743168,0,5650.5029296875,overall
2401529,4,1,A television that is on,6300,0.12555803571428573,0.10707733866710044,0.2755730385887701,0.14902591765873016,0,3406.948974609375,overall
2401529,5,2,Fireplace tools in rack,1848,0.036830357142857144,0.008786117200504843,0.010950445901814756,0.042561456754610136,0,7182.68212890625,overall
2401529,6,3,wooden shelf attached to wall,1872,0.03730867346938776,0.02581861466400225,0.02989984832144557,0.15906446408002806,0,9958.869140625,overall
2401531,0,2,The mouth on the blue striped kite.,165,0.003288424744897959,0.008890775677353312,0.008937726298881737,0.6285961729107481,0,11604.55859375,overall|small
2401531,1,3,clear blue sky.,672,0.013392857142857142,0.0016893073936678736,0.003432015884013803,0.003315818806489309,0,649.2482299804688,overall|small
2401531,2,4,The blue hat on the adult walking with the child in the yellow coat.,21,0.0004185267857142857,0.0011020120283826618,0.0011024593826793661,0.7308787391299293,0,13922.0126953125,overall|small
2401531,3,5,black coat on man.,42,0.0008370535714285714,1.3936997970508285e-05,1.4325472446246957e-05,0.0005136798801166671,0,1506.0274658203125,overall|small
2401531,4,6,trees in the distance.,209,0.004165338010204082,0.001969706286085732,0.0020135142446529057,0.08301654614900288,0,8617.0029296875,overall|small
2401531,5,7,The hood on the adult's coat standing next to the child in the red coat.,888,0.017697704081632654,0.01253199624442354,0.014266792779008575,0.09343254673588383,0,5815.4697265625,overall|small
2401531,6,0,the people are in a field,12369,0.24651227678571427,0.16876188153252097,0.3659363739808572,0.2385044879714407,0,8061.68017578125,overall
2401532,0,3,this is a t shirt,280,0.005580357142857143,0.0001319526546502438,0.0001381953595564382,0.002912540946687971,0,5901.1494140625,overall|small|text
2401532,1,2,the ground is green in color ,420,0.008370535714285714,0.012765906467360935,0.013274252791622743,0.25001006353469124,0,7910.3681640625,overall|small
2401532,2,0,Man wearing white tennis shoe on foot.,1292,0.02574936224489796,0.02865645706336305,0.033234659767661864,0.17220360723442338,0,6694.4287109375,overall|part
2401532,3,4,A door.,5880,0.1171875,0.005060209068697182,0.009855109726588401,0.010293351387491032,0,6141.474609375,overall|part
2401532,4,1,Batting net behind man and little boy.,23875,0.4758250956632653,0.20744279605975785,0.596837559692241,0.24124822071335078,1,9650.5341796875,overall
2401533,0,3,White shirt on a woman,884,0.017617984693877552,0.06860884904207165,0.10690546908651405,0.16073756843670461,0,1329.136962890625,overall|small|text
2401533,1,5,kite with a long yellow tail,644,0.012834821428571428,0.029572241022636465,0.029679247439438786,0.891329652774408,0,19340.662109375,overall|small|part
2401533,2,0,boy holding a string,784,0.015625,0.03190450355213593,0.03537805751259121,0.24525257032744738,0,5434.951171875,overall|small
2401533,3,2,Child sitting on grass,375,0.007473692602040816,0.01663922824553985,0.01675408480978112,0.7082130533854166,0,15851.650390625,overall|small
2401533,4,6,white clouds in sky,495,0.009865274234693877,0.0008098315376413918,0.001088671747296862,0.0031518478586216167,0,1433.090087890625,overall|small
2401533,5,1,blue cloudy sky,7062,0.14074457908163265,0.0016945604359343397,0.006139622499611871,0.0023351005979855045,0,2685.9111328125,overall
2401533,6,4,Long green grass on a hill,2322,0.04627710459183673,0.033155926313114224,0.05026421325759804,0.08876540309699006,0,4100.5966796875,overall
2401534,0,0,the shirt is black in color,63,0.0012555803571428572,0.0020698308965739548,0.0020772169115510714,0.3679334852430556,0,11159.0703125,overall|small|text
2401534,1,5,the black shirt button,162,0.0032286352040816328,0.010970901774000341,0.011219601093788112,0.3310730545609086,1,4780.369140625,overall|small|text
2401534,2,2,He has red dots on his neck,294,0.005859375,0.001997230282275938,0.002105258599678632,0.037463901805228926,0,5231.84521484375,overall|small
2401534,3,4,smiling red lips,517,0.01030373086734694,0.0019378607895790716,0.002187300330079723,0.016708897898690612,0,3949.38916015625,overall|small
2401534,4,7,light on storefront,351,0.006995376275510204,0.0005921351002994538,0.0006134945973015201,0.01672308397428942,0,9567.814453125,overall|small
2401534,5,3,The man has white hair,7125,0.1420001594387755,0.0530631641582187,0.08964535277806963,0.11506954152960526,0,9145.7109375,overall|part
2401534,6,6,the man's left arm,5187,0.10337611607142858,0.1394213728088469,0.2224418521390113,0.2719649371324947,1,6341.8017578125,overall|part
2401535,0,5,part of  a leaf,297,0.005919164540816327,0.01602384641029199,0.01738318888284386,0.17006385366523305,0,2905.621337890625,overall|small|part
2401535,1,6,part of a leaf,280,0.005580357142857143,0.0017553884181245355,0.0019211738956679558,0.019936442375183105,0,2905.621337890625,overall|small|part
2401535,2,1,There is a white band on the tree,441,0.0087890625,0.01242802456830401,0.01360565796966898,0.12555753400806938,0,4069.694580078125,overall|small
2401535,3,3,the fruits are green in color,945,0.018833705357142856,0.003243087366623355,0.003390408372630718,0.0694520011780754,0,19358.181640625,overall|small
2401535,4,4,it is brown in color,296,0.005899234693877551,0.005964073235040377,0.006212610996459773,0.12973996755239126,0,6181.4638671875,overall|small
2401535,5,7,part of a fruit,140,0.0027901785714285715,0.011627360240400626,0.011633330965140626,0.957725088936942,0,11525.6337890625,overall|small
2401535,6,0,these are some leaves,2625,0.05231584821428571,0.07449820065584452,0.125683242217993,0.15463998558407738,0,3229.785888671875,overall|part
2401536,0,1,Face on a kite,891,0.01775749362244898,0.00043238886356538014,0.0005300716301396191,0.002340848464623311,0,3934.74365234375,overall|small|part
2401536,1,2,the kite is on air,255,0.005082110969387755,0.0006943064614567115,0.0007247993389271631,0.01623535530239928,0,5711.947265625,overall|small
2401536,2,6,the car is parked,36,0.0007174744897959184,0.0005330886816722354,0.0005344375178375217,0.17438687218560112,0,11746.7939453125,overall|small
2401536,3,8,the car is red,312,0.006218112244897959,0.004015433650318715,0.004091042470247842,0.17848761876424155,0,13612.2119140625,overall|small
2401536,4,9,the sky is blue in color,897,0.017877072704081634,0.003379995772054128,0.005149231834196778,0.009741401459726868,0,1696.9593505859375,overall|small
2401536,5,0,this is a man,2520,0.05022321428571429,0.18434334293575785,0.24998385311430563,0.4124728732638889,0,4157.9951171875,overall
2401536,6,3,Blue and purple kite,1840,0.03667091836734694,0.02471731774021404,0.028885593747172766,0.1462387914242952,0,9315.3486328125,overall
2401537,0,1,corner of a toilet,96,0.001913265306122449,0.0009804953588732873,0.001003637745317796,0.04078769187132517,0,3901.426025390625,overall|small
2401537,1,2,outer part of a toilet,72,0.0014349489795918368,0.0010185260012664141,0.0010308955852828675,0.078243441051907,0,5464.69287109375,overall|small
2401537,2,4,edge of the toilet wall,143,0.002849968112244898,0.0002963983412573118,0.0003024697569626642,0.014551299435275418,0,6879.48388671875,overall|small
2401537,3,5,the hinge of the lid of a toilet,72,0.0014349489795918368,0.0015729313307750517,0.0015936636304227615,0.107866989241706,0,4873.31396484375,overall|small
2401537,4,6,black tile in the toilet,20,0.0003985969387755102,0.0014650736822383883,0.0014704507241741387,0.2860464096069336,0,3890.594970703125,overall|small
2401537,5,7,part of the toilet cover,117,0.002331792091836735,0.0024162721711625925,0.0024275342562261647,0.3424624581622262,0,16505.681640625,overall|small
2401537,6,8,the toilet seat cover,96,0.001913265306122449,0.0014477337434883495,0.0014616649294524598,0.13186662395795187,0,8660.8056640625,overall|small
2401538,0,0,logo on woman's jacket,171,0.0034080038265306123,0.013366264206981875,0.01345872104064358,0.6605215686106543,0,8392.267578125,overall|small|text
2401538,1,8,a silver pen inside the pocket of a man's shirt,99,0.0019730548469387753,8.209265891652053e-05,8.506980373760972e-05,0.0023402499430107346,0,2723.46630859375,overall|small|text
2401538,2,5,a train window secured by many screws,520,0.010363520408163265,0.012515059128578964,0.013863703953181688,0.11398685161884015,0,4275.42041015625,overall|small|part
2401538,3,7,sunglasses on mans face,406,0.008091517857142858,0.000215563421175154,0.0002603909732163544,0.0012505829627877973,0,1949.9012451171875,overall|small|part
2401538,4,6,zipper pull on a sweater ,72,0.0014349489795918368,0.0015529866864071639,0.0015581026084029077,0.32110269864400226,0,14838.171875,overall|small
2401538,5,9,phone numbers on woman's shopping bag,804,0.01602359693877551,0.0038851164031704836,0.004064124090576268,0.0810565474021494,0,16035.3037109375,overall|small
2401538,6,2,woman with brown hair,2832,0.05644132653061224,0.06210120494584609,0.14289030922479062,0.09896706187792417,0,1961.4676513671875,overall|part
2401539,0,6,There is a package in the window,475,0.009466677295918368,0.0088795695882832,0.009402158793550983,0.1377501798930921,0,6959.18212890625,overall|small|part
2401539,1,7,reflection on window pane,315,0.006277901785714286,0.008531889536879993,0.011896700941640075,0.029282221718439982,0,775.3325805664062,overall|small|part
2401539,2,2,two gold hands on clock,986,0.019650829081632654,0.01709407984910559,0.019056082482234574,0.1423872199068205,0,7367.40087890625,overall|small
2401539,3,3,gold ball on clock,399,0.007952008928571428,0.017112549808122844,0.017290320251940446,0.624681248103168,0,14415.4541015625,overall|small
2401539,4,1,white curtain on window,1980,0.03946109693877551,0.07033020376582028,0.0833499209817725,0.31045966870857006,0,7375.0537109375,overall|part
2401539,5,4,white wood window frame,1232,0.024553571428571428,0.00023040103927409608,0.000263637794695117,0.0018242338261046968,0,8524.787109375,overall|part
2401539,6,0,Name of building in gold lettering,1472,0.029336734693877552,0.009844617627652793,0.0127641191456519,0.04126479314721149,0,4758.791015625,overall
2401540,0,3,a blue street sign,513,0.010224011479591837,0.0012402517585249912,0.0013450151068776176,0.015673529567309524,0,5978.01513671875,overall|small|text
2401540,1,4,a metal sign post,504,0.010044642857142858,0.012066201828454609,0.012261237868443733,0.4313529786609468,0,17730.828125,overall|small|text
2401540,2,7,part of a stop sign,170,0.0033880739795918366,0.0048319914054850786,0.004885199550618436,0.3073063569910386,0,10693.9501953125,overall|small|text
2401540,3,9,skylight window on roof,342,0.006816007653061225,0.00011236069413349792,0.00020230577132125617,0.00025265944892900033,0,427.1234130859375,overall|small|part
2401540,4,0,corner of a vehicle,48,0.0009566326530612245,1.3975483246064322e-05,1.4092004511332988e-05,0.0016873337638874848,0,5747.3740234375,overall|small
2401540,5,1,part of a shade,192,0.003826530612244898,0.006663701355703168,0.007233805582184205,0.07796099781990051,0,2069.244384765625,overall|small
2401540,6,5,purple flowers on top of fence,672,0.013392857142857142,0.009511382818067392,0.01026265575772212,0.11498854273841494,0,7529.46435546875,overall|small
2401541,0,2,blue eyes behind glasses,897,0.017877072704081634,0.0003074967078427801,0.00036741823940648335,0.0018819158558329877,0,4594.43310546875,overall|small|part
2401541,1,1,a man's right ear,490,0.009765625,0.006885637443625735,0.007660287144271798,0.0637493795278121,0,4077.81005859375,overall|small
2401541,2,3,reflection on man's nose,108,0.002152423469387755,6.471960768265549e-05,7.003255510328893e-05,0.0008523736011098932,0,1314.4793701171875,overall|small
2401541,3,5,the man is light skinned,72,0.0014349489795918368,0.003277931881916798,0.0032816686833686223,0.7421808772616916,0,16283.4912109375,overall|small
2401541,4,6,A crooked smile,406,0.008091517857142858,0.0034953365461999363,0.003828602676647876,0.03860469404699767,0,4093.792724609375,overall|small
2401541,5,7,a man's left ear,210,0.004185267857142857,0.0025998926388649314,0.0027277834881809368,0.05253961653936477,0,4044.79296875,overall|small
2401541,6,4,the hair is coiled,2028,0.04041772959183673,0.07597727031840981,0.07969459935582493,0.6196057923446746,0,15767.1982421875,overall|part
2401542,0,7,the number 311 on a person's chest,54,0.0010762117346938774,0.00058461836604113,0.0005907877998137576,0.05301534688031232,0,4845.78173828125,overall|small|text
2401542,1,1,group of people on the mountainside,240,0.0047831632653061226,0.010628257595040042,0.011206238618514696,0.17085863749186198,0,3659.21826171875,overall|small
2401542,2,2,a red ski,168,0.0033482142857142855,0.0018368929749622107,0.0018545604972747365,0.16164964721316383,0,14643.4375,overall|small
2401542,3,5,Dead plants sticking out of the snow,403,0.008031728316326531,0.008059022698579617,0.009186149125095225,0.061633353789450215,0,2703.879638671875,overall|small
2401542,4,6,a group of evergreen trees in front of a mountain ,525,0.010463169642857142,0.010551487363593777,0.011696989679184477,0.09726409185500372,0,4365.53759765625,overall|small
2401542,5,0,Patch of snow with ski prints in it,8410,0.16761001275510204,0.039889635579317864,0.08466043496253023,0.0701396275360434,0,6967.53173828125,overall
2401542,6,3,a yellow snowmobile,1380,0.027503188775510203,0.014678549391157605,0.016002959656789415,0.15064365552819292,0,12990.6123046875,overall
2401543,0,1,the cow's feet are tied,858,0.01709980867346939,0.0025329636870709067,0.0028225299025786067,0.024095012869312493,0,7324.46484375,overall|small
2401543,1,4,the grass is green in color,572,0.011399872448979591,0.03766964132937843,0.03823763067868765,0.7171913093620247,0,10728.5263671875,overall|small
2401543,2,5,a license plate on a motorcycle,350,0.006975446428571429,0.018101834157651004,0.018174895788138398,0.8182820347377232,0,15757.9287109375,overall|small
2401543,3,0,these are two people,12489,0.24890385841836735,0.41686462186354734,0.6809600452746627,0.5180420097811074,1,9501.037109375,overall
2401543,4,2,this is the road,1768,0.035235969387755105,0.021746069119861496,0.0533430045411294,0.03541236765244428,0,1173.7071533203125,overall
2401543,5,3,the cow is brown in color,3069,0.06116470025510204,0.06734826746130006,0.11295078411542708,0.14296378604594331,0,3884.487060546875,overall
2401544,0,0,scissor blades over woman's left eye,39565,0.7885243941326531,0.4904426880992353,0.9835336230339586,0.4945030626026791,1,19892.572265625,overall|part
2401545,0,4,Goggles on a woman,784,0.015625,0.0009014141976718743,0.0010781852740980801,0.005467960420919925,0,3976.01513671875,overall|small|part
2401545,1,8,ticket window for people to buy ski tickets,256,0.00510204081632653,0.014569887894397202,0.014709107709828856,0.6062006950378418,0,10550.427734375,overall|small|part
2401545,2,2,small child at ski slope,312,0.006218112244897959,0.0017047239381750192,0.0017509655560651195,0.06063626362727238,0,10804.6181640625,overall|small
2401545,3,5,light on side of building,108,0.002152423469387755,0.0005944214389730727,0.0007578587167036688,0.0027487559450997245,0,391.7163391113281,overall|small
2401545,4,6,child in red jacket,780,0.015545280612244899,0.010368265258569341,0.010809451782290124,0.2025718493339343,0,14617.396484375,overall|small
2401545,5,9,"woman in fuschia colored jacket, black pants and white shoes with her back to the camera",728,0.014508928571428572,0.00948382967125714,0.010988626841263976,0.06476912655673184,0,4290.97509765625,overall|small
2401545,6,0,A shaped cabin with a wreath hanging in front,1368,0.0272640306122449,0.10075107629933738,0.114111093587116,0.4625213355348821,0,5544.8525390625,overall
2401546,0,0,Red and white stop sign,266,0.005301339285714286,0.00796111814152461,0.00844915593636923,0.1211316818581488,0,3813.520263671875,overall|small|text
2401546,1,5,a red and white pole,540,0.010762117346938776,0.010664714910223116,0.012681631370479902,0.06284190283881294,0,2675.88818359375,overall|small
2401546,2,6,the grass are dry,414,0.00825095663265306,0.0006591969886892001,0.0009427732504567911,0.0021867636897137774,0,960.2734985351562,overall|small
2401546,3,7,Orange and white post in ground,180,0.003587372448979592,0.007105332522600938,0.007319945590612128,0.19507134755452474,0,4796.8720703125,overall|small
2401546,4,1,White teddy bear laying on ground,3869,0.07710857780612244,0.058617729238280965,0.06601249650772956,0.3435200572660894,0,20133.75,overall
2401546,5,2,the dusty mountains and hills,3990,0.07952008928571429,0.0017471003272140238,0.0025001723463535987,0.005766861420825012,0,9203.2763671875,overall
2401546,6,3,rocks and gravel mixed,8820,0.17578125,0.006305611359629191,0.012698162172146811,0.012370519140680361,0,8592.4228515625,overall
2401547,0,1,face of a bear,650,0.012954400510204082,0.017447058789577505,0.018772701224429193,0.198121337890625,0,6859.90087890625,overall|small|part
2401547,1,2,black bear eyes,200,0.003985969387755102,0.011214346528254324,0.0112512359255714,0.7737744140625,0,13754.478515625,overall|small|part
2401547,2,3,tree leaves and brown stem,742,0.014787946428571428,0.006566574103206239,0.006861926885223532,0.132367054407166,0,14313.232421875,overall|small|part
2401547,3,8,The eyes of the bear in the middle.,147,0.0029296875,0.0030158571079444275,0.003109822450076642,0.09075291302739358,0,4289.85205078125,overall|small|part
2401547,4,0,this is the ear,165,0.003288424744897959,0.0030636140461810135,0.003153682928252253,0.09687771074699633,0,5068.62060546875,overall|small
2401547,5,5,The nose of the bear in the middle.,55,0.001096141581632653,0.0006180878507794519,0.0006251899236276687,0.05160212950272994,0,4539.60791015625,overall|small
2401547,6,7,The nose of the bear on the left side.,180,0.003587372448979592,0.0015254846799118125,0.0017262029676527759,0.012949474652608236,0,1350.307861328125,overall|small
2401548,0,2,hand of person operating vehicle,798,0.015904017857142856,0.06954038121230671,0.07270769969261083,0.6148426180196586,0,6748.1767578125,overall|small|part
2401548,1,5,handle of door,336,0.006696428571428571,0.01589909489671028,0.01710908487345043,0.1835474513825916,0,3604.63134765625,overall|small|part
2401548,2,0,light on red vehicle,520,0.010363520408163265,0.015475624069192074,0.019085107490756145,0.0756379641019381,0,2060.8603515625,overall|small
2401548,3,3,light on top of vehicle,504,0.010044642857142858,0.008908519779707335,0.011810518640509735,0.034987290700276695,0,1493.04150390625,overall|small
2401548,4,8,orange reflector on side of tractor,252,0.005022321428571429,0.010534607352828913,0.01076256710330088,0.33216058640252977,0,7777.3701171875,overall|small
2401548,5,1,A lot of sheep.,19240,0.38345025510204084,0.4976398905326535,0.6028629890490832,0.7403384773746102,1,23627.4453125,overall
2401548,6,4,grey skies are overehead,3655,0.07284359056122448,0.028151725253201188,0.04795398851044638,0.06382240472837936,0,4864.47314453125,overall
2401549,0,4,Rubber bands on the man's arm. ,360,0.007174744897959184,0.010856239260574664,0.010965875610932943,0.5205781724717882,0,17090.12109375,overall|small|part
2401549,1,8,part of some leaves,56,0.0011160714285714285,0.0004545680828373776,0.0004643798590365716,0.021061062812805176,0,2539.773193359375,overall|small|part
2401549,2,0,part of a pocket,204,0.004065688775510204,0.005080165933508249,0.005383123892587515,0.0827936378179812,0,3137.565185546875,overall|small
2401549,3,1,Crack in the wall. ,700,0.013950892857142858,0.00940768719501072,0.009998510698241946,0.13734082903180803,0,9615.2900390625,overall|small
2401549,4,5,part of a belt,231,0.004603794642857143,0.0006814842783068305,0.0007095324848567674,0.01694727356815751,0,5517.46435546875,overall|small
2401549,5,6,part of a wall,360,0.007174744897959184,0.008921217312907292,0.009167246126374979,0.24948154025607638,0,9797.201171875,overall|small
2401549,6,9,part of a surface,225,0.00448421556122449,0.004787971699473262,0.005197725854662613,0.05725778367784288,0,2478.584228515625,overall|small
2401550,0,2,yellow sign with red lettering,240,0.0047831632653061226,0.0037660090862907097,0.003892492928433929,0.10386036237080892,0,6403.7333984375,overall|small|text
2401550,1,3,motorcyclist wearing white helmet,168,0.0033482142857142855,0.0022826929100591784,0.0023157701204033327,0.13779257592700778,0,9996.30859375,overall|small|part
2401550,2,4,teal car parked on a sidewalk,680,0.013552295918367346,0.00027988386098330313,0.0003330135419339998,0.0017512225052889656,0,3575.924560546875,overall|small
2401550,3,6,A brick sidewalk,986,0.019650829081632654,7.084224596739295e-05,8.098837675947672e-05,0.0005651569148831629,0,6880.5517578125,overall|small
2401550,4,7,bridge with advertisement,612,0.012197066326530613,0.004056756651342855,0.0042376369598454335,0.08679226021361507,0,12534.5478515625,overall|small
2401550,5,8,small white line on street,777,0.015485491071428572,0.026183802851082724,0.027603507956609027,0.33735120618665543,0,9495.962890625,overall|small
2401550,6,9,an air conditioner unit,615,0.01225685586734694,0.0009884032763540493,0.001458553170369564,0.0030569648355003296,0,1288.971435546875,overall|small
2401551,0,2,the sky is clear,650,0.012954400510204082,0.0002486711869943204,0.0003712038761841138,0.0007527642066662128,0,1318.134765625,overall|small
2401551,1,5,the water is blue,396,0.007892219387755101,0.000853394461512869,0.000978194805672634,0.006644527117411296,0,2689.88623046875,overall|small
2401551,2,7,the back pair of wheels on a skateboard,56,0.0011160714285714285,0.0030366712016005244,0.003043518643297766,0.574418340410505,0,10569.1572265625,overall|small
2401551,3,8,horizon on blue water,615,0.01225685586734694,0.0035130726299754046,0.00585698636431435,0.008702096706483422,0,913.7445678710938,overall|small
2401551,4,0,the dark grey ground,3874,0.07720822704081633,0.018686052591576897,0.028119468835577813,0.052761257094824876,0,7268.88232421875,overall
2401551,5,1,airborne skateboarder over board,3068,0.06114477040816327,0.0373527767628187,0.04447515251792584,0.1891322129708381,0,13046.7822265625,overall
2401551,6,3,a concrete railing down a flight of stairs,2948,0.0587531887755102,0.1207442316452628,0.12983861727209683,0.6328712163172066,1,14369.41015625,overall
2401552,0,1,power outlet near eating table,264,0.0052614795918367345,0.00016956393339785514,0.00017886609601341577,0.00324985430096135,0,4796.66943359375,overall|small
2401552,1,2,glass container on table,768,0.015306122448979591,0.05738228638191313,0.05983141993938013,0.5836504300435384,0,7491.77490234375,overall|small
2401552,2,3,Napkin on the table,850,0.016940369897959183,0.007516673184431661,0.007985531688427024,0.11349318560431985,0,12080.4990234375,overall|small
2401552,3,6,empty glass on table,294,0.005859375,0.01282349091834694,0.013551437249356015,0.19271630008204454,0,4181.00244140625,overall|small
2401552,4,7,meat on top of pizza,414,0.00825095663265306,0.015144934781438715,0.015770485170239695,0.27631282345684255,0,7253.6455078125,overall|small
2401552,5,0,white stripes on shirt,2964,0.059072066326530615,0.21113928478005517,0.21384077319371314,0.9435445396845479,1,13078.263671875,overall|text
2401552,6,4,yellow wall paper with pink pattern,3212,0.06401466836734694,0.014523901738916881,0.049847483445007924,0.020084020061184135,0,1294.14501953125,overall
2401553,0,1,the tree is brown,936,0.01865433673469388,0.00031015930126996574,0.00035181607995148144,0.0026126346017560386,0,6950.86474609375,overall|small
2401553,1,0,There is a baby elephant,17940,0.3575414540816326,0.46725872566726273,0.8400058482477767,0.5129062478226031,1,10954.1357421875,overall
2401553,2,2,a wooden fence,2430,0.04842952806122449,0.1767974141809262,0.18661214598835044,0.7707228170010288,1,10036.0908203125,overall
2401553,3,3,green grass and brown dirt,3550,0.07075095663265306,0.005472791332837833,0.017261002622053923,0.007949880680567782,0,1635.01953125,overall
2401554,0,7,edge of a window,30,0.0005978954081632653,0.0011028290250996542,0.00112456135009716,0.053986183802286786,0,1440.193115234375,overall|small|part
2401554,1,0,neck of a flower vase,130,0.002590880102040816,0.010463755633977894,0.01052191667073847,0.654337897667518,0,8084.45166015625,overall|small
2401554,2,1,part of a building,36,0.0007174744897959184,0.0010614558170858339,0.0010682087822845002,0.14376595285203722,0,4845.09619140625,overall|small
2401554,3,2,cement court ,736,0.014668367346938776,0.013286373555039291,0.013475709569335007,0.48602974933126697,0,26545.384765625,overall|small
2401554,4,4,top of a building,15,0.00029894770408163266,1.3653232523128288e-05,1.36955614990006e-05,0.004398081700007121,0,4816.978515625,overall|small
2401554,5,5,lights reflected on vase,352,0.00701530612244898,0.020872187738748434,0.0273438482692789,0.08104155280373314,0,1043.2557373046875,overall|small
2401554,6,6,bottom of a vase,104,0.002072704081632653,0.0005869325573020674,0.0006045275997511239,0.019767114749321572,0,3400.638671875,overall|small
2401555,0,0,white pourcelain sink,22272,0.44387755102040816,0.34959220970791194,0.5241181467602801,0.5121615618124775,1,21763.9140625,overall
2401555,1,1,tile on bathroom wall,13800,0.27503188775510207,0.14578383698935957,0.5530484123208971,0.16525344627490943,0,4123.50439453125,overall
2401556,0,2,dirt on toilet base,150,0.0029894770408163264,0.0010715335792750734,0.0010817698227030344,0.10172114054361979,0,14104.822265625,overall|small
2401556,1,3,the lid is closed,518,0.010323660714285714,0.027587723754200513,0.030303307654067857,0.23538778003118213,0,4023.681884765625,overall|small
2401556,2,5,the toilet sink is broken,990,0.019730548469387755,0.04401713322212302,0.046602826583290145,0.44237991487136996,0,9397.6298828125,overall|small
2401556,3,8,this is a container,825,0.016442123724489797,0.023083391380694377,0.028043013605894,0.11545097582267992,0,3396.462890625,overall|small
2401556,4,0,the trees are green,17301,0.3448062818877551,0.12887239622109956,0.5417380489263618,0.1446402884723065,0,4619.24658203125,overall
2401556,5,1,the grass are green in color,1044,0.020806760204081634,0.0007493385363617367,0.0008159002421434047,0.009101642959419337,0,11646.1728515625,overall
2401556,6,4,a lid for a toilet,1908,0.03802614795918367,0.054700355740122476,0.08498119665214943,0.13308299962329664,0,2987.98291015625,overall
2401557,0,3,The man has long hair.,630,0.012555803571428572,0.007431966744279388,0.009507921187605614,0.03291810050843254,0,2181.171142578125,overall|small|part
2401557,1,5,a hand hanging down,117,0.002331792091836735,0.0002504820814342441,0.0002987245513537425,0.001548620370718149,0,606.5406494140625,overall|small|part
2401557,2,0,bare feet with no shoes,546,0.010881696428571428,0.00010367265186540448,0.00012003609310441048,0.0007599259252513285,0,3456.623291015625,overall|small
2401557,3,6,a foot in the water,231,0.004603794642857143,0.0011579134382004228,0.0011925532292333333,0.038335589619425986,0,7425.68212890625,overall|small
2401557,4,1,open ocean with waves,18063,0.35999282525510207,0.29258978842646766,0.4679818329764948,0.43841974097602837,1,16921.97265625,overall
2401557,5,2,a human rear end.,1312,0.02614795918367347,0.003206501290167169,0.003695874990459284,0.02364375096995656,0,8393.3037109375,overall
2401557,6,4,There is white on top of the waves.,2597,0.0517578125,0.01215979570066593,0.014801704526513965,0.06378186754322897,0,11190.705078125,overall
2401558,0,3,The bottle cap is orange,120,0.0023915816326530613,0.0006195654254889531,0.0006305612804012136,0.034310189882914226,0,6529.45703125,overall|small
2401558,1,5,part of a sheet,192,0.003826530612244898,0.0016126853847824182,0.0017179859115502708,0.02563655624787013,0,2865.110107421875,overall|small
2401558,2,0,orange drink lable on bottle,3105,0.06188217474489796,0.05601603740395246,0.07128451480390872,0.20730809996477456,0,9029.89453125,overall
2401558,3,1,The box is white,10692,0.21308992346938777,0.041381577623961247,0.2689269078245254,0.04662687199596515,0,1853.7918701171875,overall
2401558,4,2,sheets are beige and white,3496,0.06967474489795919,0.07409806425720694,0.08699361465186316,0.3332741604244136,0,13393.2412109375,overall
2401558,5,4,The sheets are white,1980,0.03946109693877551,0.022061928879551603,0.02501934318225985,0.1572851932410038,0,12447.3564453125,overall
2401558,6,6,grease spot on box,1512,0.030133928571428572,0.017543166331051675,0.023665904419105228,0.06350266491925274,0,4057.14599609375,overall
2401559,0,0,number 14 on back of skier,238,0.004743303571428571,0.004389992287942581,0.004426903096305695,0.3449128094841452,0,18543.267578125,overall|small|text
2401559,1,1,white words on red flag,989,0.01971061862244898,0.015039813865779012,0.020032265579688895,0.05691286864246951,0,2809.808349609375,overall|small|text
2401559,2,2,the left shoe of a skier.,286,0.005699936224489796,0.0012744147904350661,0.0014303141881687703,0.011557113874208677,0,2310.9150390625,overall|small|part
2401559,3,7,the right shoe of a skier.,240,0.0047831632653061226,0.00016695849947163257,0.0001903178279396882,0.0013584300875663757,0,1713.046142578125,overall|small|part
2401559,4,3,red net of fence,713,0.01420998086734694,0.03584508042443893,0.036441807987741034,0.6864258497326438,0,13430.2236328125,overall|small
2401559,5,6,"red, white, and black glove",429,0.008549904336734694,0.033335198418249425,0.03415206472936731,0.5822365500710227,0,7313.74462890625,overall|small
2401559,6,8,small holes in the snow,658,0.013113839285714286,0.0058099516107579996,0.006713720593652189,0.04137400363353973,0,4054.99365234375,overall|small
2401560,0,2,blue ski stick of the man climbing up the hill left hand,150,0.0029894770408163264,6.302616199297032e-05,6.356518371469831e-05,0.00737764835357666,0,17409.64453125,overall|small|part
2401560,1,4,a pile of snow on a branch,324,0.0064572704081632655,0.00312305831561108,0.003483415345942291,0.02930456915019471,0,2725.681396484375,overall|small|part
2401560,2,0,orange backpack,198,0.003946109693877551,0.0030424882121741557,0.0030687729090209427,0.2621094289452139,0,16911.537109375,overall|small
2401560,3,1,man facing the camera looking down and to his left,2380,0.04743303571428571,0.014568070678575042,0.020656675737396674,0.04709701217523142,0,5426.3759765625,overall
2401560,4,3,This person is keeping on.,7344,0.14636479591836735,0.007605293777906439,0.0476816812625988,0.008967407908055258,0,1381.1728515625,overall
2401561,0,6,brown edge of large door,660,0.013153698979591837,0.002642326166272816,0.0031098305921287038,0.01727309949470289,0,3665.87353515625,overall|small|part
2401561,1,2,Shadow of man on floor.,400,0.007971938775510204,0.0009781895131281216,0.0010694450129709963,0.01133371114730835,0,4239.10009765625,overall|small
2401561,2,4,tow tone pink paint on wall,464,0.009247448979591837,0.0016912933594465693,0.0019307713633189819,0.013452474413246944,0,3232.8779296875,overall|small
2401561,3,5,ground with white snow scattered,644,0.012834821428571428,0.020829878886168277,0.022338202410726357,0.23576004312645574,0,6796.8525390625,overall|small
2401561,4,7,indent in pink paint,297,0.005919164540816327,0.0003599013764089417,0.00037441368216770355,0.009199936381895535,0,7297.759765625,overall|small
2401561,5,8,Plug plugged in to outlet.,630,0.012555803571428572,0.006376928497601148,0.006924211450487583,0.07465734330434648,0,6792.705078125,overall|small
2401561,6,9,tags are hanging off the suitcase,187,0.0037268813775510204,0.009829308814671435,0.009833915249128774,0.9545119994464405,0,18150.83203125,overall|small
2401563,0,3,metal faucet above white sink,950,0.018933354591836735,0.036852291274599866,0.03794372253634828,0.5616291889391447,0,14061.5546875,overall|small
2401563,1,4,white plastic outlet in metal wall,560,0.011160714285714286,0.0016547389171701573,0.0021971255253680705,0.006658462967191424,0,1697.098876953125,overall|small
2401563,2,6,part of a surface,943,0.018793845663265307,0.0006126277537078185,0.0016452313756582947,0.0009751384988948623,0,558.9217529296875,overall|small
2401563,3,7,edge of a sink,493,0.009825414540816327,0.0014049855698371103,0.0014617385054183447,0.03492328264650418,0,11778.5625,overall|small
2401563,4,1,white door jamb,4840,0.09646045918367346,0.2562308750116295,0.3510692401751249,0.486786342652376,1,6711.0576171875,overall|part
2401563,5,0,kitchen drawers for storage,3024,0.060267857142857144,0.015839690635652288,0.02296082260984705,0.04859062981983972,0,6399.51220703125,overall
2401563,6,2,White microwave sitting on a shelf,7138,0.14225924744897958,0.15478707906403516,0.24071168834109963,0.30246752361918605,0,8969.291015625,overall
2401564,0,2,a name tag on a woman's shirt.,377,0.007513552295918368,0.005281209804701432,0.006785985635617435,0.023262292067631488,0,1292.352294921875,overall|small|text
2401564,1,6,number 1 on fence in the background,243,0.004842952806122449,0.003202212176009111,0.00324394039235299,0.199320459562074,0,14930.8759765625,overall|small|text
2401564,2,3,white grip on handle,561,0.01118064413265306,0.0005390809394224782,0.0007356494048719309,0.002013426201016295,0,1535.4217529296875,overall|small|part
2401564,3,1,a section of a tennis court.,600,0.011957908163265306,0.0010501963011207169,0.0011190539570714703,0.01678106466929118,0,8997.4560546875,overall|small
2401564,4,4,strip on player's skirt,615,0.01225685586734694,0.01383951211050131,0.014637473322204742,0.2024668251595846,0,8506.734375,overall|small
2401564,5,5,edge of a racket,208,0.004145408163265306,0.000992260628070333,0.0010554504558131527,0.01630337880207942,0,3212.943603515625,overall|small
2401564,6,7,part of a vest,322,0.006417410714285714,0.02071412756068707,0.02085226170605479,0.7576893871615392,0,11700.216796875,overall|small
2401565,0,2,black eye in rat,204,0.004065688775510204,0.0001442777235650823,0.0001477062732150796,0.006177271698035446,0,8531.5498046875,overall|small|part
2401565,1,8,he eye of a puppy,90,0.001793686224489796,0.0008720357277362469,0.0009242208263553986,0.015209239059024387,0,1481.0654296875,overall|small|part
2401565,2,0,nose of a mouse,156,0.0031090561224489796,7.859597053871197e-05,8.777971576757717e-05,0.0007506690155237149,0,1334.0709228515625,overall|small
2401565,3,3,he ear of a cat,714,0.014229910714285714,0.03367608764085827,0.03376565272332027,0.9269845999923407,0,19601.783203125,overall|small
2401565,4,4,part of  a button,160,0.0031887755102040817,0.01229513625462809,0.012464886148462462,0.47447052001953127,0,6090.3310546875,overall|small
2401565,5,5,small white square line,128,0.002551020408163265,0.012028275953034859,0.012260648222714474,0.3882472813129425,0,4053.2646484375,overall|small
2401565,6,6,gray buttons on the remote,384,0.007653061224489796,0.0014458503645856003,0.0015047942674433067,0.035597532987594604,0,9083.9345703125,overall|small
2401566,0,7,gold metal sign plate on fire hydrant,500,0.009964923469387755,0.017577833388567395,0.01803909701426189,0.40738418579101565,0,11291.701171875,overall|small|text
2401566,1,0,part of a stocking,496,0.009885204081632654,0.0064850367142744595,0.007691327950438178,0.03970684928278769,0,2560.623779296875,overall|small
2401566,2,2,grey uggs on person,680,0.013552295918367346,0.030245769547473197,0.04317146016559188,0.09175133424646714,0,1445.188720703125,overall|small
2401566,3,4,metal grate in curb of sidewalk,561,0.01118064413265306,0.05288719500578994,0.05407103988226332,0.707223494422627,1,7337.61328125,overall|small
2401566,4,5,part of a line,330,0.006576849489795918,0.012370363616733555,0.013587310417694655,0.12135503364331794,0,2947.394287109375,overall|small
2401566,5,8,top of a tank,624,0.012436224489795918,0.0325336369504857,0.03322854465944902,0.6087128076797876,0,11431.0390625,overall|small
2401566,6,1,a woman in a black jacket,3276,0.06529017857142858,0.0442388089534018,0.05290878593488307,0.21257896563072345,0,13162.439453125,overall
2401567,0,6,leaves of a tree,432,0.00860969387755102,0.00031561631956986624,0.0004353876576632635,0.0011460001545923729,0,1137.0833740234375,overall|small|part
2401567,1,7,Head of a giraffe on the back right. ,198,0.003946109693877551,0.003949956785957698,0.0041266066567854165,0.08447751131924716,0,4053.341796875,overall|small|part
2401567,2,8,branches of a tree,180,0.003587372448979592,0.0009818530991642402,0.0011497210981333556,0.0066797528001997205,0,1045.7801513671875,overall|small|part
2401567,3,9,Two front legs of a giraffe on the left. ,338,0.0067362882653061226,0.0010755740724939782,0.0010907584760457558,0.07172151712270883,0,22224.78515625,overall|small|part
2401567,4,1,The giraffe has two horns.,70,0.0013950892857142857,0.0003015553054546382,0.00030390270579098,0.03757352488381522,0,8654.568359375,overall|small
2401567,5,2,part of a small twig,36,0.0007174744897959184,0.0005975755970309765,0.0006018332927763628,0.07788925038443671,0,4659.119140625,overall|small
2401567,6,4,section of a forest,592,0.011798469387755101,0.003410314502083998,0.0036382152188033576,0.05163144420933079,0,8401.3212890625,overall|small
2401568,0,0,part of some stands,918,0.01829559948979592,0.0015543182559720826,0.0016967010197042746,0.018185172984802645,0,9839.0869140625,overall|small
2401568,1,3,part of a  metal,176,0.00350765306122449,0.00031978852756684394,0.00042064606889624423,0.0013319639997048812,0,557.299072265625,overall|small
2401568,2,4,part of  a mesh,540,0.010762117346938776,0.016172241592783323,0.020619889545685416,0.06974725370053891,0,1826.5625,overall|small
2401568,3,5,toilet paper on roll,276,0.005500637755102041,0.004994891759653416,0.005043361877231279,0.34198545373004413,0,18715.291015625,overall|small
2401568,4,6,bucket with toilet brush,600,0.011957908163265306,0.0005347579568818129,0.0005758816789065012,0.007432894706726074,0,7744.189453125,overall|small
2401568,5,7,part of a surface,484,0.009646045918367346,0.0018427929952075958,0.0025940755856078473,0.0063226804260380015,0,1179.6793212890625,overall|small
2401568,6,8,drain in bathroom florr,342,0.006816007653061225,7.67424071220713e-05,7.928103655521991e-05,0.0023909242529618112,0,10313.892578125,overall|small
2401569,0,6,One window from the building,312,0.006218112244897959,0.01276959662351553,0.013036242328722216,0.38435109456380206,0,9198.78125,overall|small|part
2401569,1,1,part of an edge,108,0.002152423469387755,0.0007302756976703966,0.0007412655075984723,0.046944905210424354,0,6839.7216796875,overall|small
2401569,2,5,Roof of the building,110,0.002192283163265306,0.0009273434683976469,0.0009524532538165838,0.033980304544622246,0,3924.42724609375,overall|small
2401569,3,7,Gray awning on a building,651,0.012974330357142858,0.01272905926448393,0.013093457279836197,0.3138359058104719,0,15603.7607421875,overall|small
2401569,4,8,part of a tree,506,0.010084502551020409,0.039017371081983374,0.04237283411477916,0.3300783662456769,0,3941.668212890625,overall|small
2401569,5,9,Top of a tree,368,0.007334183673469388,0.0025413146591247034,0.0028576315084185896,0.022443177907363228,0,2890.18701171875,overall|small
2401569,6,0,Captain Misa's Edifice sign,1176,0.0234375,0.02306252085577602,0.025951218610283405,0.17162790103834502,0,7777.4541015625,overall|text
2401570,0,4,white light switch cover attached to wall,304,0.006058673469387755,5.704244836384522e-06,6.094038964125494e-06,8.917217584032762e-05,0,4448.33740234375,overall|small
2401570,1,6,closed window with white frame,1250,0.02491230867346939,0.00013888848668771085,0.00017298361026770595,0.0007041626930236817,0,5088.36279296875,overall|part
2401570,2,0,Cabinets are in the island.,7446,0.14839764030612246,0.11559263743739624,0.18629965070186685,0.233460849758889,0,9330.9326171875,overall
2401570,3,1,Outside can be seen through the doors.,2744,0.0546875,0.0016806837143501863,0.0034529300043326617,0.003263847820960398,0,2593.73876953125,overall
2401570,4,2,three hanging lights over island,2044,0.040736607142857144,0.017514104045859475,0.024962033595743956,0.05544466141851914,0,4540.05029296875,overall
2401570,5,3,empty white kitchen sink,3224,0.06425382653061225,0.00627817922642675,0.007184626110532547,0.04740288594816222,0,21271.37890625,overall
2401570,6,5,two hanging lights over sink,2310,0.04603794642857143,0.07358170094163727,0.12307282609957057,0.1546774860068317,0,2903.19970703125,overall
2401571,0,4,The writing on the bus is in kanji.,792,0.015784438775510203,0.06333089412394599,0.06412668767568258,0.8361551304056187,0,10326.9775390625,overall|small|text
2401571,1,3,a moped rider's white helmet,90,0.001793686224489796,7.648440245449152e-05,7.726252905249451e-05,0.007537126541137695,0,8779.6943359375,overall|small|part
2401571,2,0,pink pants on cyclist,330,0.006576849489795918,0.005107570199686494,0.00534043325494502,0.10485380924109257,0,6479.2041015625,overall|small
2401571,3,2,street lights blinking red,975,0.01943160076530612,0.0032231793038925757,0.0036277290690309894,0.02809136219513722,0,7549.923828125,overall|small
2401571,4,9,storm grate on side of road,275,0.0054807079081632655,0.0060949391015293255,0.006438424174906176,0.10253213362260298,0,4379.384765625,overall|small
2401571,5,6,black sign with white characters,1519,0.0302734375,0.0034846657600655943,0.008386434268204788,0.005926579845194914,0,1073.456787109375,overall|text
2401571,6,1,a woman crossing the street,3075,0.06128427933673469,0.1522811340352774,0.16722725063870292,0.6301534711636179,0,11587.357421875,overall
2401572,0,1,part of a logo,476,0.009486607142857142,0.04348469136833277,0.04375479494596806,0.8756868378454897,0,9526.4287109375,overall|small|text
2401572,1,0,Person has hat on head.,910,0.018136160714285716,0.04702277949553748,0.05346321776980788,0.2807537539974674,0,4778.72314453125,overall|small|part
2401572,2,3,edge of a laptop,672,0.013392857142857142,0.010920508349778528,0.012811982313131957,0.06887576693580263,0,3612.595947265625,overall|small
2401572,3,4,Man is wearing a baseball cap. ,756,0.015066964285714286,0.012520602389092916,0.013995727605375787,0.10617981764374587,0,5735.46044921875,overall|small
2401572,4,6,nose of a man,165,0.003288424744897959,0.01390315275608519,0.014712260040387337,0.2017915205522017,0,2263.119384765625,overall|small
2401572,5,7,Man has earbuds in ear.,665,0.013253348214285714,0.010447441949994023,0.011341562148499951,0.11701469708206062,0,6861.02783203125,overall|small
2401572,6,8,part of a table,288,0.005739795918367347,0.0037140040515597004,0.003761511741384757,0.2272402975294325,0,17398.64453125,overall|small
2401573,0,1,a woman walking next to a road,688,0.01371173469387755,0.02260298199375817,0.023165368025919664,0.48214553123296694,0,14319.484375,overall|small
2401573,1,2,this is electric wires,874,0.017418686224489797,0.044112382420932066,0.04692086566197055,0.42428756469447226,0,7903.25,overall|small
2401573,2,3,the bus is green in color,540,0.010762117346938776,0.03544952469839411,0.03565322553475035,0.8612005163122106,0,13043.65234375,overall|small
2401573,3,5,the front light is off,180,0.003587372448979592,0.005811912037306313,0.005982206050192801,0.16954893536037868,0,5101.59765625,overall|small
2401573,4,8,a white stripe on a road,285,0.00568000637755102,0.004989566294311262,0.005160063868718888,0.13119623284590873,0,7246.2138671875,overall|small
2401573,5,0,the door is closed,1376,0.0274234693877551,0.003536373170499286,0.015544681335257297,0.00455695252085841,0,403.3769836425781,overall|part
2401573,6,4,these are some buildings,3819,0.07611208545918367,0.003146099965680524,0.008685317198367633,0.00490877022135161,0,2158.423583984375,overall
2401574,0,1,small branch off the tree,270,0.005381058673469388,0.008495527137479109,0.009244756390721082,0.09488050672743055,0,2771.055908203125,overall|small|part
2401574,1,3,twigs on the branch,513,0.010224011479591837,0.016427899758222043,0.017030066098800322,0.3172210633870919,0,9555.7119140625,overall|small|part
2401574,2,5,The eye of a bear,204,0.004065688775510204,0.008886825143451032,0.009125331332433912,0.2537386277142693,0,5672.41650390625,overall|small|part
2401574,3,6,green leaves in horizon,338,0.0067362882653061226,0.026626433099611543,0.03686501748142796,0.08748388572557438,0,802.1033325195312,overall|small|part
2401574,4,0,The nose of a bear,840,0.016741071428571428,0.04785124962184202,0.06402800647667485,0.15923743475051153,0,2089.0771484375,overall|small
2401574,5,2,brown tree trunk,952,0.018973214285714284,0.02205015545717536,0.02279372898811943,0.4033171389283252,0,16844.892578125,overall|small
2401574,6,8,lines in bear's foot,504,0.010044642857142858,0.03309699633164383,0.03333455020240878,0.8228303818475633,0,12440.7412109375,overall|small
2401575,0,1,part of  a water,513,0.010224011479591837,0.025327252346881223,0.028829285292976473,0.17252650270220365,0,3070.006591796875,overall|small
2401575,1,3,part of a bird,176,0.00350765306122449,0.00014371818411047343,0.000161925832681716,0.0012764954431490464,0,1387.445068359375,overall|small
2401575,2,4,part of a metal,168,0.0033482142857142855,0.0001532435212206655,0.0001595306885186382,0.0038733425594511487,0,4078.97412109375,overall|small
2401575,3,5,sailboat with white sail in distance,12,0.00023915816326530612,5.606161679406434e-05,5.6117138060088655e-05,0.05362473428249359,0,11467.0283203125,overall|small
2401575,4,7,part of a bench,324,0.0064572704081632655,0.020466359161624002,0.02052015742865049,0.8864467291184414,0,13996.419921875,overall|small
2401575,5,8,part of a wood,594,0.011838329081632654,0.0002090227489742955,0.00027917996875992363,0.0008310829148148046,0,1768.26171875,overall|small
2401575,6,9,seagull shown closest to beach,56,0.0011160714285714285,0.0013133273488923412,0.0013167026843050578,0.3387655530657087,0,14407.8623046875,overall|small
2401576,0,1,a telephone cord hanging down,220,0.004384566326530612,0.001475432140032119,0.0015310134070172583,0.03905428106134588,0,5611.93115234375,overall|small
2401576,1,0,sunlight creating glare on a computer monitor,3822,0.076171875,0.001356453114177826,0.020775334729044106,0.001449101511437752,0,266.5885314941406,overall
2401576,2,2,a grey keyboard in front of a monitor,5040,0.10044642857142858,0.08240679711762801,0.15538612839487448,0.14926842583550348,0,4841.5703125,overall
2401576,3,3,laptop computer on a desk,11716,0.23349808673469388,0.06534292280454673,0.15381832244536225,0.10201270981590346,0,7770.08154296875,overall
2401576,4,4,Power cords hanging from computers.,2494,0.049705038265306124,0.014048183019722991,0.016021357777929186,0.10238662756435758,0,15938.240234375,overall
2401576,5,5,"Red, white, and blue wall paper on wall.",2160,0.043048469387755105,0.16517178432553864,0.17507275191586066,0.7449390552662037,0,9190.85546875,overall
2401577,0,0,part of the sky,88,0.001753826530612245,0.0023070939115182112,0.0023905338796877196,0.06199962442571467,0,2282.321533203125,overall|small
2401577,1,1,part of a green light,320,0.006377551020408163,0.022849770602558744,0.024741500375824933,0.2300863265991211,0,2975.87548828125,overall|small
2401577,2,3,part of a traffic,198,0.003946109693877551,0.000390528224660782,0.00039657988640789705,0.02495363023546007,0,12458.5712890625,overall|small
2401577,3,4,the red light is the one on top,266,0.005301339285714286,0.005520712093600925,0.005634420900650194,0.21479856161246622,0,10140.6015625,overall|small
2401577,4,7,edge of a board,672,0.013392857142857142,3.984850475442369e-05,4.268650511509279e-05,0.000599004328250885,0,9429.93359375,overall|small
2401577,5,8,the frame of the light is black in color ,198,0.003946109693877551,0.001996917987799794,0.002249073261249603,0.017499615447689788,0,1540.6007080078125,overall|small
2401577,6,9,the post is black in color,200,0.003985969387755102,0.00018398008165871677,0.000187188126280017,0.010621144771575927,0,11348.0966796875,overall|small
2401578,0,9,part of a door,444,0.008848852040816327,0.0007469639133891764,0.0008367234294522549,0.006914925467860591,0,3669.344970703125,overall|small|part
2401578,1,0,The windshield of an airplane,783,0.015605070153061224,0.05495293660550437,0.057965229478695895,0.513962279182132,0,6942.65283203125,overall|small
2401578,2,1,part of a runway,209,0.004165338010204082,0.0007219992098848801,0.0007318611294403896,0.05085531718422922,0,14522.9208984375,overall|small
2401578,3,3,very tall light,516,0.010283801020408163,0.0001376285736945167,0.00015236868093834426,0.0014206472524376803,0,4811.05419921875,overall|small
2401578,4,5,tip of  a wing,945,0.018833705357142856,0.011432987537292827,0.013489749403210126,0.06975523933531746,0,4886.5771484375,overall|small
2401578,5,7,passenger windows on body,676,0.013472576530612245,0.07138941050088213,0.07366177289493624,0.6982668363131009,0,6408.05078125,overall|small
2401578,6,8,tip of  a plane,336,0.006696428571428571,0.001786915368516703,0.0018508019631173107,0.04921920526595343,0,8935.3984375,overall|small
2401579,0,0,the waves are white,854,0.017020089285714284,0.041182667314395974,0.04848215511805191,0.21478058861904456,0,3783.3017578125,overall|small
2401579,1,1,part of the sky,384,0.007653061224489796,0.00023525571265832861,0.00025365068367203854,0.0032334827507535615,0,4895.14697265625,overall|small
2401579,2,2,part of a person,80,0.0015943877551020409,0.00010227108485748032,0.00010418327560430487,0.005541233345866203,0,4254.98876953125,overall|small
2401579,3,4,part of the sky,104,0.002072704081632653,0.002453551806115986,0.0024995460529656038,0.11765043552105243,0,4895.14697265625,overall|small
2401579,4,5,someone carrying a red surfboard,180,0.003587372448979592,0.0006212161343400343,0.0006282637747511825,0.052472623189290364,0,15033.609375,overall|small
2401579,5,7,blue sailboard on right side,84,0.0016741071428571428,0.0010353414461207883,0.0010538784721384233,0.055589755376180015,0,4430.81396484375,overall|small
2401579,6,8,the kite is pink in color,36,0.0007174744897959184,0.0014291090891350696,0.0014310574288103038,0.51211945215861,0,12882.9912109375,overall|small
2401580,0,3,part of a wheel,406,0.008091517857142858,7.691621201112558e-05,8.807849514243844e-05,0.0006065564642986054,0,2795.93701171875,overall|small|part
2401580,1,9,steering wheel of fire truck,272,0.005420918367346939,0.021350391597376197,0.021469184594998116,0.7941796919878792,0,10061.7177734375,overall|small|part
2401580,2,2,numbers on white stripe on side of fire truck,117,0.002331792091836735,0.0035467852628115145,0.003576803662706847,0.29706795195229035,0,9717.3212890625,overall|small
2401580,3,6,part of a yellow line,320,0.006377551020408163,0.0002077420071883924,0.00022092826484547157,0.0034685268998146056,0,5023.93212890625,overall|small
2401580,4,7,part of  a lamp,300,0.005978954081632653,2.7503976292980976e-05,2.93889492998887e-05,0.00042863557736078897,0,4375.47705078125,overall|small
2401580,5,8,woman wearing red scarf,170,0.0033880739795918366,0.007945255605495204,0.008167907176061638,0.22568817138671876,0,4697.28515625,overall|small
2401580,6,1,An American flag,5325,0.1061264349489796,0.03905593555975194,0.052409491016842544,0.13291174946816314,0,13504.330078125,overall|text
2401581,0,6,number 12 on clock,48,0.0009566326530612245,0.0011235113773050704,0.0011454725664850314,0.05535717805226644,0,2319.69287109375,overall|small|text
2401581,1,7,the number 9 on a clock.,32,0.0006377551020408163,0.0015044717168708425,0.0015058530938611091,0.6212178468704224,0,13201.1357421875,overall|small|text
2401581,2,9,number 2 on clock,35,0.0006975446428571429,0.001180975405012182,0.001201609826540607,0.0643467971256801,0,1874.2672119140625,overall|small|text
2401581,3,5,Black rectangle on the door. ,170,0.0033880739795918366,0.00034317713316474124,0.00034531870481521704,0.05243426491232479,0,25813.328125,overall|small|part
2401581,4,0,Hands of the clock are black. ,323,0.00643734056122449,0.00245234962164148,0.002641197988025373,0.03316075292534134,0,4055.32763671875,overall|small
2401581,5,4,a light embedded in a  ceiling.,390,0.007772640306122449,0.002610242001712209,0.00404215658273973,0.007314564020205767,0,705.732177734375,overall|small
2401581,6,3,a window on the side of a hallway.,1456,0.029017857142857144,0.001956298086664318,0.0032408496413152198,0.004911386704706883,0,2206.513671875,overall|part
2401582,0,1,red clay heart,744,0.01482780612244898,0.016177516497122978,0.01778297292756684,0.15196140863562144,0,6357.72705078125,overall|small
2401582,1,2,small black bow-tie,392,0.0078125,0.0032689792615030544,0.003530710199669893,0.04223552528692751,0,4689.23388671875,overall|small
2401582,2,4,small black tophat,792,0.015784438775510203,1.710434554879168e-05,2.148108855032679e-05,8.394121371134363e-05,0,3094.88232421875,overall|small
2401582,3,5,The face of a groom bear,1334,0.02658641581632653,0.03014452262574478,0.033988517799358874,0.21044560422425507,0,8259.6845703125,overall|part
2401582,4,0,the bear has two flowers,5103,0.10170200892857142,0.07833325492380733,0.12994289902096973,0.1647369845250343,1,6469.40185546875,overall
2401582,5,3,stone engraved with words HAPPY 2012,6099,0.12155213647959184,0.00022391523511390327,0.0006672828236310591,0.00033688627319035716,0,3079.158203125,overall
2401583,0,9,ear on cows head,209,0.004165338010204082,0.0015530743520218483,0.001582345077581634,0.07745468103144157,0,10230.4033203125,overall|small|part
2401583,1,0,two cows grazing on grass,357,0.007114955357142857,0.0002484578528488349,0.00025904329579640867,0.0060434294681923064,0,8328.740234375,overall|small
2401583,2,1,hills on top of mountain,527,0.010503029336734694,0.009727578541790375,0.010429547855146885,0.12627740964943815,0,6380.736328125,overall|small
2401583,3,2,rocky terrain on mountain,374,0.007453762755102041,0.006425618272864948,0.0067457666221196946,0.11924739572453626,0,6611.33544921875,overall|small
2401583,4,3,animal sitting in back ground,220,0.004384566326530612,0.007172122387894677,0.007317322469560771,0.2654821742664684,0,7981.89208984375,overall|small
2401583,5,4,a road going up a green hillside.,2214,0.04412468112244898,0.05627715190209503,0.07564018536480882,0.18022191599886375,0,5275.12353515625,overall
2401583,6,5,tall green grass of pasture,1036,0.020647321428571428,0.001066362249634181,0.0012708190228705122,0.006584426150819049,0,5367.77099609375,overall
2401584,0,0,a weathervane on a clock tower,345,0.006875797193877551,0.0005104789067648087,0.0005451953918128624,0.007952918177065641,0,5032.61181640625,overall|small
2401584,1,2,spotty blue areas between clouds,780,0.015545280612244899,0.0007153597444916875,0.0008392269698773889,0.00482333806844858,0,4482.939453125,overall|small
2401584,2,6,a building between two clock towers,175,0.0034877232142857145,0.0018489664433113972,0.0018668578352392317,0.16172671726771765,0,15160.3271484375,overall|small
2401584,3,7,black hands on clock,81,0.0016143176020408164,0.0011203829710443004,0.0011265721523360894,0.1693905488944348,0,12179.099609375,overall|small
2401584,4,8,a multi storied building behind the clock towers,616,0.012276785714285714,0.011139382320848665,0.011626651055624887,0.20998281008237368,0,11125.2509765625,overall|small
2401584,5,9,clock face reading 10:55,1008,0.020089285714285716,0.00352924027434735,0.006112269617069652,0.008282139187767393,0,1365.84228515625,overall|part
2401584,6,1,angry black clouds in sky,3538,0.07051179846938775,0.004735663751481035,0.024806405841493503,0.005818978347907705,0,829.9285888671875,overall
2401585,0,0,part of the ocean water,420,0.008370535714285714,0.014416515417777595,0.015802107216247238,0.14119925726027716,0,3752.8974609375,overall|small
2401585,1,1,section of a water wave,705,0.014050542091836735,0.006170624251433654,0.0069695934123332436,0.05107835269143395,0,5166.76318359375,overall|small
2401585,2,4,ripples of water on a wave,273,0.005440848214285714,0.0007022577163454345,0.0007593710524970746,0.009250746541844183,0,3325.7177734375,overall|small
2401585,3,5,section of a surf board,32,0.0006377551020408163,0.0016690331331746641,0.0016740614089403947,0.3571903109550476,0,6827.76025390625,overall|small
2401585,4,7,upper part of a wave,55,0.001096141581632653,0.0017234053620806202,0.0017277185432037988,0.40840287642045453,0,13001.0517578125,overall|small
2401585,5,8,the foot of a man,70,0.0013950892857142857,0.0024196874106505195,0.002442412554052885,0.20638628005981446,0,5915.0693359375,overall|small
2401585,6,9,lower part of a wave,180,0.003587372448979592,0.003641354347844906,0.003681731206804205,0.2492683834499783,0,12186.7421875,overall|small
