sample_id,slot_idx,source_idx,phrase,gt_area,area_frac,soft_iou,mass_in_gt,gt_coverage,peak_in_gt,pred_sum,slices
2401156,0,0,The person is wearing goggles.,180,0.003587372448979592,0.007178435383447528,0.007386223121578075,0.20329617394341362,0,4954.265625,overall|small|part
2401156,1,3,The person is wearing a shoe.,792,0.015784438775510203,0.023819827290401066,0.02640978039510202,0.19542424365727587,0,5860.55615234375,overall|small|part
2401156,2,7,a camera on a helmet,130,0.002590880102040816,0.0029005879815536704,0.003068949851314811,0.050217628479003906,0,2127.20703125,overall|small|part
2401156,3,1,The flag has the word forum on it.,4590,0.0914779974489796,0.0924983082090012,0.13321610921286856,0.23231993698086872,0,8004.6513671875,overall|text
2401156,4,5,the hoodie has yellow letters,1120,0.022321428571428572,0.02528450188966569,0.026750493788807256,0.3157132284981864,0,13218.4033203125,overall|text
2401156,5,6,a black metal rail,2556,0.0509406887755102,0.003367981411782729,0.004161379587561832,0.017358450076203204,0,10661.896484375,overall|part
2401156,6,2,the sky is gray,2610,0.05201690051020408,0.010289918126881181,0.0151548376044018,0.031058820819489345,0,5349.01953125,overall
2401157,0,2,Sign in the window.,986,0.019650829081632654,0.01108221036064105,0.017412505648634495,0.029581669619794308,0,1675.0906982421875,overall|small|text|part
2401157,1,3,England's flag shirt on man.,198,0.003946109693877551,0.002695341063773668,0.002832226567510128,0.05282211785364633,0,3692.7763671875,overall|small|text
2401157,2,4,There is an X on the building,180,0.003587372448979592,0.007760951154398155,0.00807171816259824,0.16776199340820314,0,3741.106689453125,overall|small
2401157,3,1,Advertising on the building.,1826,0.03639190051020408,0.03291546235802898,0.04577540786798923,0.1048760304445766,0,4183.54833984375,overall|text
2401157,4,0,Motorcycles lined up,15914,0.31716358418367346,0.29936181758481734,0.4351289868662802,0.4896511621056931,1,17908.04296875,overall
2401157,5,5,Brookes Bros store front,1540,0.030691964285714284,0.028230208423519736,0.03364115214367721,0.14930835079837154,0,6834.92822265625,overall
2401158,0,0,Power pole on the street,697,0.013891103316326531,0.011321925734074156,0.011989374413629567,0.16900428979947543,0,9825.0322265625,overall|small
2401158,1,1,Yellow garbage can on the street,15,0.00029894770408163266,0.00032607802964512505,0.00032651634919338726,0.195432980855306,0,8978.0947265625,overall|small
2401158,2,7,license plate on the bus,85,0.0016940369897959183,0.0070400244349499074,0.007284645189710469,0.17331274817971623,1,2022.27880859375,overall|small
2401158,3,8,Red words on the bus,420,0.008370535714285714,0.006732730651883027,0.007119306150376483,0.1103141603015718,0,6507.93017578125,overall|small
2401158,4,6,The trees have a few leaves.,5440,0.10841836734693877,0.04923230581102151,0.08216462793920437,0.10939508325913373,0,7242.888671875,overall|part
2401158,5,2,The tree is bare.,11832,0.23580994897959184,0.1277596939978208,0.28358170021246404,0.18864813360352223,0,7871.04638671875,overall
2401158,6,3,Traffic on the streets.,3808,0.07589285714285714,0.04662916823364803,0.06650272440022192,0.13497415109842764,0,7728.7294921875,overall
2401159,0,0,books sitting on a coffee table,899,0.017916932397959183,0.02646987519720199,0.03132490494569317,0.14587222429218227,0,4186.41748046875,overall|small
2401159,1,2,a vent in the floor,475,0.009466677295918368,0.013899090147786144,0.014553175994394553,0.2362038060238487,0,7709.43798828125,overall|small
2401159,2,5,corner of a mounted painting,986,0.019650829081632654,0.012471616639522728,0.017506351547717344,0.0415628599588576,0,2340.920654296875,overall|small
2401159,3,6,TV on the wall,704,0.01403061224489796,0.005084545415337122,0.007009769802564154,0.018176405267281967,0,1825.479248046875,overall|small
2401159,4,8,White pillow on the couch,405,0.008071588010204082,0.0210003707946461,0.02119713921043473,0.6934671284239969,0,13249.626953125,overall|small
2401159,5,3,A door you can see through,7203,0.1435546875,0.2562877503126942,0.30215053749413695,0.6280398439669235,1,14971.9111328125,overall|part
2401159,6,7,trees outside the window,3584,0.07142857142857142,0.10462914061298768,0.15233256171234558,0.2504393884113857,0,5892.20556640625,overall|part
2401160,0,0,black laptop with stickers,16472,0.3282844387755102,0.23395837733553362,0.4596638248131492,0.32270956016270036,0,11564.259765625,overall
2401160,1,1,a laptop screen across from the young man,4092,0.08155293367346939,0.10245452032089164,0.12150328762258886,0.39522593508484544,0,13310.458984375,overall
2401160,2,2,a picture is hanging on the wall,1026,0.020448022959183673,0.050292285176473085,0.07076206253541417,0.14810647648445113,0,2147.439453125,overall
2401160,3,3,Bottle on the table.,2904,0.05787627551020408,0.07753746886532668,0.09885775824680877,0.26444906439662963,0,7768.333984375,overall
2401161,0,2,The head of the teddy bear.,1260,0.025111607142857144,0.02753423681306273,0.029631143038224807,0.2801006983196925,0,11910.673828125,overall|part
2401161,1,0,Windows on the building.,8428,0.16796875,0.054797205031863465,0.14370124200602447,0.08136548303460192,0,4772.04150390625,overall
2401161,2,1,feet of the teddy bear,1240,0.024713010204081634,0.017646990552357585,0.02127128592270689,0.09385129867061492,0,5471.01904296875,overall
2401161,3,3,white wispy clouds,1760,0.035076530612244895,0.01625282215316309,0.026227420582447463,0.04098404104059393,0,2750.248046875,overall
2401161,4,4,building made of grey concrete,6604,0.13161670918367346,0.0548182278899238,0.09096660901750381,0.12122589425561213,0,8800.765625,overall
2401161,5,5,building holding the bear,1110,0.022122130102040817,0.025888240664674565,0.029677926158452134,0.16856300422737192,0,6304.51513671875,overall
2401163,0,5,yellow umbrella in garden,288,0.005739795918367347,0.006011560009392974,0.0062305648369299724,0.1460476451449924,0,6750.8681640625,overall|small
2401163,1,0,Flower pedals on the path,2090,0.04165338010204082,0.016352208058692603,0.026562142618816318,0.04080590791109076,0,3210.748046875,overall
2401163,2,1,blue umbrella in garden,1960,0.0390625,0.026007438680277536,0.03301907591298249,0.1091105791987205,0,6476.76318359375,overall
2401163,3,2,The tree has pink flowers,4850,0.09665975765306123,0.0909979567876406,0.13771264417466605,0.21151664183311855,0,7449.24853515625,overall
2401163,4,3,The flowers are pink,1591,0.03170838647959184,0.01754689721691591,0.026476675960648812,0.04945343804014771,0,2971.68798828125,overall
2401163,5,4,The woman is wearing a skirt,1749,0.034857302295918366,0.00988151821044812,0.02415299544855696,0.016448371542597442,0,1191.0821533203125,overall
2401164,0,1,car with back to camera,729,0.014528858418367346,0.015721850676098784,0.01752530907474249,0.1325309240605442,0,5512.88671875,overall|small
2401164,1,0,The trees are green.,33726,0.6721540178571429,0.30789356060981093,0.8535747485581221,0.32506243444412325,1,12843.697265625,overall
2401165,0,6,The nose and nostril of the baby.,560,0.011160714285714286,0.010961942834128751,0.012873871637100104,0.0687379973275321,0,2990.03125,overall|small
2401165,1,8,dark eyelashes on a baby,252,0.005022321428571429,0.003694435888448833,0.004037501034976479,0.041667771717858695,0,2600.6875,overall|small
2401165,2,9,edge of white wall,621,0.012376434948979591,0.009618617573653319,0.009987333972340135,0.2066874481053744,0,12851.568359375,overall|small
2401165,3,3,blue shirt on kid,3230,0.0643734056122449,0.03627537886875645,0.04630258856889895,0.1434752662115422,0,10008.6220703125,overall|text
2401165,4,0,brown hair on kid's head,4200,0.08370535714285714,0.03532123733532323,0.049104220667288076,0.11177267165411087,0,9560.1806640625,overall|part
2401165,5,1,The open mouth of the baby.,1125,0.022421077806122448,0.02290514290914187,0.03068655284951498,0.08284486897786458,0,3037.176513671875,overall
2401165,6,2,eyebrow of the kid,1586,0.03160873724489796,0.03108264333439078,0.0353836277264548,0.20363954637871415,0,9127.7333984375,overall
2401166,0,3,a white arm cast,986,0.019650829081632654,0.021249800691093033,0.023051627342748387,0.2137492181805036,0,9142.8134765625,overall|small|part
2401166,1,1,a pair of blue and white socks,858,0.01709980867346939,0.00785231834115339,0.008789098804851797,0.06861714716557857,0,6698.4697265625,overall|small
2401166,2,4,wrist tag on the man,270,0.005381058673469388,0.004385008091375747,0.004479228891778516,0.1725018960458261,0,10398.109375,overall|small
2401166,3,0,head of a man in wheelchair,2450,0.048828125,0.048154178327984874,0.058387386505076015,0.2155338209502551,0,9044.0400390625,overall|part
2401166,4,5,Left wheel on man's wheelchair.,3560,0.07095025510204081,0.03212965056530637,0.04933306523228865,0.08436313586288624,0,6087.859375,overall|part
2401166,5,6,a metal gated window,4154,0.08278858418367346,0.16203850411320542,0.22363923193783847,0.3703861006992507,0,6879.75830078125,overall|part
2401166,6,8,Window with metal covering.,1170,0.023317920918367346,0.017955604150397306,0.02835994085303657,0.046659388093866855,0,1924.9505615234375,overall|part
2401167,0,2,branches of a small tree,195,0.0038863201530612247,0.005686449849708416,0.0058395750460692635,0.17821154472155448,0,5950.98974609375,overall|small|part
2401167,1,3,edge of a river bank,297,0.005919164540816327,0.006910279535955264,0.007111380280297336,0.1963761197998869,0,8201.4609375,overall|small
2401167,2,4,water rippling around the back of the elephant ,390,0.007772640306122449,0.006328543656115464,0.006680951755172959,0.10712413298778045,0,6253.3623046875,overall|small
2401167,3,5,photographers name and copy right ,918,0.01829559948979592,0.014948396234743285,0.02432756918563262,0.03732571570701849,1,1408.484619140625,overall|small
2401167,4,7,section of water plantation,253,0.005042251275510204,0.0049251769477000416,0.005025072555079781,0.19855891291803052,0,9996.951171875,overall|small
2401167,5,0,elephants splashing water,11800,0.23517219387755103,0.140993890978922,0.2646469694148091,0.2318094958289195,1,10335.8525390625,overall
2401167,6,1,river has brown water,10309,0.20545679209183673,0.1402633628799427,0.28095233490638616,0.21881249753704288,0,8028.8994140625,overall
2401168,0,2,blue corner of a napkin,992,0.019770408163265307,0.005322896191009123,0.006537708508783039,0.027848282167988438,0,4225.5625,overall|small
2401168,1,3,melted mozzarella cheese on pizza,798,0.015904017857142856,0.015992973760982777,0.017024763642954927,0.208790427760074,0,9786.6123046875,overall|small
2401168,2,6,cheese on a pizza,238,0.004743303571428571,0.005870324930226759,0.005994765002986946,0.2204531341039834,0,8752.27734375,overall|small
2401168,3,0,The bottle on the table,4400,0.08769132653061225,0.03611162736121021,0.07565487978646257,0.06462455749511718,0,3758.4892578125,overall
2401168,4,1,round basic white plate,1404,0.027981505102040817,0.028750164622180642,0.05662470448149607,0.05518071535985354,0,1368.196533203125,overall
2401168,5,4,tomatoes on a pizza,4131,0.08233019770408163,0.034865225320081496,0.04146671891450786,0.17965743305665244,0,17897.84375,overall
2401168,6,5,metallic finish picture frame,2320,0.04623724489795918,0.04542313668372518,0.0664270603136584,0.12561068041571255,0,4387.01904296875,overall
2401169,0,1,The man's blue tie,330,0.006576849489795918,0.015239932232090064,0.015295778621727627,0.8067284786339962,0,17404.828125,overall|small
2401169,1,4,three grapes on top of round red cheese,221,0.004404496173469388,0.010445564653452172,0.010483696479047679,0.741724212784573,0,15635.806640625,overall|small
2401169,2,5,A green apple.,800,0.01594387755102041,0.026590592196600184,0.03123607525636926,0.1516755485534668,0,3884.625,overall|small
2401169,3,0,the light is turned on,5124,0.10212053571428571,0.046911658910931596,0.11234580885022658,0.07454023279313647,0,3399.71875,overall
2401169,4,2,a small picture on a wall,1440,0.028698979591836735,0.03868957427033632,0.08858850657172936,0.06427309248182508,0,1044.754638671875,overall
2401169,5,3,The table the cake is on,6496,0.12946428571428573,0.05747332203839614,0.14210591008273615,0.08800979200842346,0,4023.137451171875,overall
2401170,0,2,The leaves are green.,240,0.0047831632653061226,0.0011214477527647154,0.001180463021772972,0.02193979819615682,0,4460.58154296875,overall|small|part
2401170,1,5,Wall is made of brick.,432,0.00860969387755102,0.008159337277383286,0.009288431113965228,0.0629003401155825,0,2925.46142578125,overall|small
2401170,2,6,white and blue sneakers,276,0.005500637755102041,0.0009667199990452491,0.0010252768024584993,0.016644660977349766,0,4480.66943359375,overall|small
2401170,3,7,The pants are black.,108,0.002152423469387755,0.0006119177047228966,0.0006371529430305812,0.015214957572795727,0,2578.996826171875,overall|small
2401170,4,8,White line on the road.,225,0.00448421556122449,0.0009793055870435743,0.0010221349556882842,0.02283765580919054,0,5027.19580078125,overall|small
2401170,5,4,large blue and red sign,3591,0.07156808035714286,0.026127397981525715,0.0307072867243686,0.14906598704334623,0,17432.212890625,overall|text
2401170,6,1,black umbrella over person's head,1518,0.030253507653061226,0.06026715048600813,0.06334333305223151,0.5537693189538043,0,13270.880859375,overall|part
2401171,0,8,red flag with yellow design,385,0.007672991071428571,0.005778618952244741,0.006072342500045284,0.10671634426364651,0,6766.05322265625,overall|small|text
2401171,1,7,Handle on a car door,96,0.001913265306122449,0.001850526798184939,0.0019010383137577284,0.06511121491591136,0,3288.032958984375,overall|small|part
2401171,2,0,Black and white pole by the road,264,0.0052614795918367345,0.004530494360553143,0.00461485468950304,0.19861299341375177,0,11361.9677734375,overall|small
2401171,3,2,a policeman,144,0.0028698979591836736,0.005213021475136951,0.0052790188055544624,0.2942742771572537,0,8027.15380859375,overall|small
2401171,4,6,Light on a car,450,0.00896843112244898,0.012431390055958643,0.013726789235895329,0.11639710320366753,0,3815.801025390625,overall|small
2401171,5,1,the bus is red and white.,3025,0.06028778698979592,0.034543158344040176,0.04454327817408324,0.13334726885330578,0,9055.810546875,overall
2401171,6,3,street light on top of metal pole,1272,0.025350765306122448,0.03013137743092526,0.03398291650972789,0.21002029322978086,0,7861.1796875,overall
2401172,0,3,flowers planted in boxes attached to railing,720,0.014349489795918368,0.011891227139300334,0.012410863585588386,0.22118805779351128,0,12831.935546875,overall|small
2401172,1,6,path in garden,864,0.01721938775510204,0.013224374886369558,0.014800369187170776,0.1104721051675302,0,6449.021484375,overall|small
2401172,2,0,tall white building in background,9100,0.18136160714285715,0.18877265369028856,0.31908562102838306,0.3161133349072802,0,9015.2333984375,overall
2401172,3,1,white post with lamp,2834,0.0564811862244898,0.02201688126192664,0.035900227943491646,0.05386561983979413,0,4252.2060546875,overall
2401172,4,2,white chairs on patio,3481,0.06937579719387756,0.041649495649427125,0.06283058282121065,0.10996166339930157,0,6092.201171875,overall
2401172,5,4,A green tree in the distance.,3675,0.0732421875,0.031886597300158775,0.05546314533290386,0.06977808115433673,0,4623.5107421875,overall
2401172,6,5,A little black fence.,2040,0.04065688775510204,0.03558659371142981,0.044505930215669384,0.15079421997070314,0,6911.892578125,overall
2401173,0,6,The eyes of the dog.,98,0.001953125,0.0008381776942118672,0.0008767853606518986,0.018679561663647086,0,2087.850830078125,overall|small|part
2401173,1,1,a chair facing away from the poo,266,0.005301339285714286,0.006306984591938679,0.006726058069307805,0.09192121118531191,0,3635.270751953125,overall|small
2401173,2,2,a lounge at a pool,714,0.014229910714285714,0.014520093532282704,0.015305163021278547,0.22062144559972427,0,10292.1943359375,overall|small
2401173,3,3,Swimming pool drain,48,0.0009566326530612245,0.0005569988531651038,0.0005615113097701618,0.06481803953647614,0,5540.87841796875,overall|small
2401173,4,4,a hill in the distance,392,0.0078125,0.02103786753307088,0.021378345245631494,0.5691423610765107,0,10435.9716796875,overall|small
2401173,5,8,top side of pool with blue designs,588,0.01171875,0.012831036239925937,0.013538374916536138,0.197164029491191,0,8563.2470703125,overall|small
2401173,6,0,a man holding a dog,7590,0.15126753826530612,0.26180141618694674,0.3711719203612046,0.4704731696208004,1,9620.5859375,overall
2401174,0,5,red shirt on young boy.,182,0.003627232142857143,0.0039614318940941395,0.004033211615109651,0.18206286168360447,0,8215.646484375,overall|small|text
2401174,1,3,backpack strap on boy's shoulder.,153,0.003049266581632653,0.005375614238156804,0.005483545548380634,0.21452366448695365,0,5985.5654296875,overall|small
2401174,2,4,A white clouded sky,476,0.009486607142857142,0.014331855626844182,0.015758241950248986,0.136690828980518,0,4128.93994140625,overall|small
2401174,3,6,red heart shaped pillow.,377,0.007513552295918368,0.00649429803228556,0.007069084670887844,0.0739634030693722,0,3944.528076171875,overall|small
2401174,4,7,pole supporting the traffic light.,256,0.00510204081632653,0.002359173948789578,0.002424534372225056,0.08047091215848923,0,8496.705078125,overall|small
2401174,5,8,giant stuffed animal.,651,0.012974330357142858,0.013116958157540291,0.0139819685221084,0.17493220738002233,0,8144.837890625,overall|small
2401174,6,0,back of traffic sign,2288,0.045599489795918366,0.03103904741390168,0.0362219227381751,0.17825650835370685,0,11259.7802734375,overall|text
2401175,0,2,part of a leg,420,0.008370535714285714,0.005154127361070952,0.005385132925681153,0.10726360139392671,0,8365.7568359375,overall|small|part
2401175,1,3,part of a doll,15,0.00029894770408163266,0.0004499320165080376,0.00045126379109462924,0.13228847980499267,0,4397.2666015625,overall|small
2401175,2,4,part of a pillow,108,0.002152423469387755,0.0018065249192790833,0.001839792585666758,0.09083119145146122,0,5331.9970703125,overall|small
2401175,3,7,section of a duve,364,0.007254464285714286,0.006899795556690678,0.007231548733266589,0.13073834220131675,0,6580.71435546875,overall|small
2401175,4,8,part of a doll,189,0.0037667410714285715,0.002006847126499484,0.0020889117910301833,0.04860053995929698,0,4397.2666015625,overall|small
2401175,5,9,part of a blanket,312,0.006218112244897959,0.00845835827437851,0.008737704000309024,0.20921765840970552,0,7470.60205078125,overall|small
2401175,6,0,bare human foot on top of bed sheet,4664,0.09295280612244898,0.038915783174115974,0.0502734619819675,0.14694419324295804,0,13632.3955078125,overall
2401176,0,4,Tail light on taxi cab,480,0.009566326530612245,0.01304214276654096,0.013938974245722519,0.1685423533121745,0,5803.89404296875,overall|small|part
2401176,1,0,man driving a car,462,0.009207589285714286,0.013413278521155559,0.013803541009268493,0.3217700446322883,0,10769.5380859375,overall|small
2401176,2,2,a white fire hydrant,250,0.0049824617346938774,0.0008474407185500323,0.0008654011442977933,0.03923097991943359,0,11333.177734375,overall|small
2401176,3,3,red and white cap,770,0.015345982142857142,0.0014043528410339278,0.0016440092968503228,0.009541739426650011,0,4469.03759765625,overall|small
2401176,4,5,Headlights and grill on front of car,288,0.005739795918367347,0.011091370434783235,0.011797152209122162,0.15639750162760416,0,3818.080810546875,overall|small
2401176,5,6,round metal manhole cover,564,0.011240433673469387,0.004901106425293118,0.00542024121832295,0.04868092435471555,0,5065.46484375,overall|small
2401176,6,7,Tire on car,378,0.007533482142857143,0.0034597016752663553,0.0035939309121884133,0.08477881093504568,0,8916.8076171875,overall|small
2401177,0,4,a surfer waiting to catch a wave,8,0.00015943877551020407,0.00016565017324802995,0.0001657307126847736,0.25421446561813354,0,12271.2060546875,overall|small
2401177,1,6,a surfboard standing on end,756,0.015066964285714286,0.024569161349615586,0.026390032507807262,0.26258192112836887,0,7522.2314453125,overall|small
2401177,2,0,sun shining on ocean,1406,0.028021364795918366,0.0393059073490737,0.04926669816329691,0.16276619749761068,0,4645.11083984375,overall
2401177,3,1,Orange color in the sky.,1400,0.027901785714285716,0.045072218436257666,0.048476016188859536,0.3909521048409598,0,11290.798828125,overall
2401177,4,2,Silhouette of a person.,1400,0.027901785714285716,0.013827751856374058,0.0175176508229447,0.061602696010044644,0,4923.25,overall
2401177,5,3,blue sky,3835,0.07643096301020408,0.08411371085786273,0.13389616673037877,0.18449522413828226,0,5284.23779296875,overall
2401177,6,5,the wet sand has a reflection of the sun,10990,0.21902901785714285,0.10296641410820273,0.335373806930538,0.12936347496303457,1,4239.1640625,overall
2401179,0,2,glasses around man's face,960,0.01913265306122449,0.0272309666296406,0.033470705361668185,0.12745307286580404,0,3655.583251953125,overall|small|part
2401179,1,8,hair of a man,1000,0.01992984693877551,0.009593775961376677,0.011884672059187579,0.047410774230957034,0,3989.237060546875,overall|small|part
2401179,2,9,part of  a hair,960,0.01913265306122449,0.02551556395295284,0.030298214039300792,0.1391494115193685,0,4408.9541015625,overall|small|part
2401179,3,3,A thick black watch,286,0.005699936224489796,0.004529763905140024,0.00462827065150758,0.17548063584974596,0,10843.6748046875,overall|small
2401179,4,4,part of an elbow,247,0.004922672193877551,0.005499455020520698,0.005609002968793228,0.2197128790110229,0,9675.3525390625,overall|small
2401179,5,5,A white corded phone,725,0.014449139030612245,0.02362959032698673,0.02511523933075826,0.28544054754849135,0,8239.7939453125,overall|small
2401179,6,7,part of a top,414,0.00825095663265306,0.0027394674160443016,0.0028527769983488958,0.0645210385898461,0,9363.40625,overall|small
2401180,0,5,wheel on the chair,182,0.003627232142857143,0.0040945399892585695,0.0041614537521570205,0.20296163873358086,0,8876.4697265625,overall|small|part
2401180,1,1,a light fixture is hanging from the ceiling,672,0.013392857142857142,0.03391260830661726,0.03558895333687601,0.4185937245686849,0,7903.9970703125,overall|small
2401180,2,2,edge of a wall,182,0.003627232142857143,0.0030550302086004458,0.003128323778966591,0.11535357380961324,0,6711.05419921875,overall|small
2401180,3,6,part of a floor,780,0.015545280612244899,0.014708441382452045,0.016676728141912404,0.11081107702010717,0,5182.82958984375,overall|small
2401180,4,7,part of a wall,72,0.0014349489795918368,0.002936847659402655,0.002955752004348049,0.31468598047892254,0,7665.52490234375,overall|small
2401180,5,8,computer monitor on wooden desk,403,0.008031728316326531,0.008718729377165437,0.00939512392509939,0.10802145453895588,0,4633.5361328125,overall|small
2401180,6,3,a blanket folded on the arm of a chair,1728,0.03443877551020408,0.025315281622775496,0.02932640799532995,0.15617990493774414,0,9202.5888671875,overall|part
2401181,0,0,two tall giraffes,27342,0.544921875,0.3826519227894451,0.5739427930583357,0.5344714918897666,0,25461.630859375,overall
2401182,0,0,Two buildings are in the distance.,676,0.013472576530612245,0.025198233764440418,0.025932909620087773,0.470747772758529,0,12271.1064453125,overall|small
2401182,1,3,A patch of blue sky.,408,0.008131377551020409,0.015870674870870266,0.016595273001530544,0.26658349878647747,0,6554.0390625,overall|small
2401182,2,1,The trees are bare.,9360,0.18654336734693877,0.05288847850905785,0.08838225077966352,0.11637080265925481,0,12324.0888671875,overall
2401182,3,2,The ground is concrete.,19184,0.3823341836734694,0.17462070011264574,0.3668195226235706,0.24996490096727741,0,13072.7138671875,overall
2401182,4,4,a cloud in the sky,1400,0.027901785714285716,0.02460633427588893,0.033107587825944466,0.08744785853794643,0,3697.853271484375,overall
2401183,0,3,black number five on sign,162,0.0032286352040816328,0.002005470789314382,0.002119624860483847,0.03590092246915087,0,2743.85791015625,overall|small|text
2401183,1,5,a partial speed limit sign,96,0.001913265306122449,0.003101260129255363,0.0031148301780339256,0.41583816210428876,0,12816.2568359375,overall|small|text
2401183,2,0,The person is wearing a jacket.,595,0.011858258928571428,0.006271159436982933,0.006969689616044532,0.05888680209632681,0,5027.14599609375,overall|small
2401183,3,1,house next to trees,4752,0.09470663265306123,0.09660488059330521,0.13387715625975893,0.25760517056140836,1,9143.75390625,overall
2401183,4,2,a tall tree trunk,1375,0.027403539540816327,0.03456458401968333,0.039809414606977435,0.20782841352982956,0,7178.3037109375,overall
2401183,5,4,a woman holding an umbrella,1752,0.03491709183673469,0.05776978429053677,0.06716184231554512,0.2923395165569706,1,7626.0390625,overall
2401183,6,6,a row of street lights,1100,0.021922831632653062,0.019024318024170227,0.022309881057351093,0.11440189708362926,0,5640.6435546875,overall
2401186,0,5,a small portion of road,693,0.013811383928571428,0.005594755868580496,0.0060048886408342085,0.07571268012857368,0,8737.6953125,overall|small
2401186,1,0,A white clouded sky,1190,0.023716517857142856,0.0719362754562338,0.08343094443367731,0.3430258871126576,0,4892.6787109375,overall
2401186,2,1,the water has waves in it,15228,0.30349170918367346,0.1411734914573494,0.3733320272380394,0.18501723028713554,0,7546.7470703125,overall
2401186,3,2,many trees are in the background,5974,0.1190609056122449,0.13524623599334806,0.21829936791682242,0.2622568483611274,0,7176.9443359375,overall
2401186,4,3,shadow of person on ground,2280,0.04544005102040816,0.018999839726457492,0.03619549037796926,0.03845522027266653,0,2422.34326171875,overall
2401186,5,4,A small patch of grass,1696,0.03380102040816327,0.04177912864086319,0.048003995262152106,0.24367677940512603,0,8609.1962890625,overall
2401187,0,3,a typewriter on a small desk,609,0.012137276785714286,0.008835468391842117,0.009802629493449521,0.0821912417858105,0,5106.228515625,overall|small
2401187,1,4,a large clock on the wall,671,0.013372927295918368,0.046689529761490295,0.050790519246655404,0.36638567451215537,1,4840.36767578125,overall|small
2401187,2,6,a picture leaning against the wall on top of the fireplace,403,0.008031728316326531,0.00616264439230941,0.006502677483685373,0.10542745093258084,0,6533.810546875,overall|small
2401187,3,0,flat screen TV,1768,0.035235969387755105,0.006482579823075379,0.0074106103863614756,0.04921762975632335,0,11742.1865234375,overall
2401187,4,1,bay windows at the far end,5850,0.11658960459183673,0.15259084233072934,0.2398353463211557,0.2955129874465812,1,7208.07421875,overall
2401187,5,2,picture on a wall,3636,0.07246492346938775,0.04261834439176862,0.14476907934830596,0.05695888993501401,0,1430.571533203125,overall
2401187,6,5,the floor is brown,5720,0.11399872448979592,0.18697272732988707,0.22519128941874156,0.5241901957905376,0,13314.759765625,overall
2401188,0,6,The number 8 on the boy's shirt.,156,0.0031090561224489796,0.0036401093996630187,0.0037005085547083196,0.18235228611872747,0,7687.31005859375,overall|small|text
2401188,1,0,black and grey sneaker cleats,289,0.0057597257653061226,0.0024512550959818824,0.0025536002157452,0.05763589139628163,0,6522.8583984375,overall|small
2401188,2,1,The red sneakers the player is wearing.,561,0.01118064413265306,0.011613938131577583,0.012917904336730525,0.10318319555272393,0,4481.0498046875,overall|small
2401188,3,7,The black shorts worn by the player in red sneakers.,161,0.003208705357142857,0.003324352495759147,0.003390030455404087,0.14645880942018877,0,6955.65087890625,overall|small
2401188,4,8,The ball is white,266,0.005301339285714286,0.0023442959167291103,0.0025059449386056728,0.035067733965421975,0,3722.355224609375,overall|small
2401188,5,2,The white and black shirt the player in red sneakers is wearing.,1248,0.024872448979591837,0.025620126441119308,0.02831304453545868,0.2122058868408203,0,9353.7431640625,overall|text
2401188,6,3,soccer player in black and white uniform,3636,0.07246492346938775,0.08497600707786243,0.10318512583322646,0.32502268171153054,1,11453.03125,overall
2401189,0,5,Nose on the face of a white cat. ,196,0.00390625,0.010524744846886513,0.010869967617012952,0.2489057073787767,0,4488.1015625,overall|small|part
2401189,1,3,Two front paws on a white and tan cat. ,882,0.017578125,0.015232134731181096,0.01613724358788271,0.21357353366151147,0,11673.1123046875,overall|small
2401189,2,4,Pink tongue of a cat. ,84,0.0016741071428571428,0.0014404185687892257,0.0014694050773167587,0.06804982821146648,0,3890.135986328125,overall|small
2401189,3,1,the pussy cat has blue eyes,1020,0.02032844387755102,0.038010779360330836,0.048190315909152105,0.1525025012446385,0,3227.8798828125,overall|part
2401189,4,0,the cycle has a backrest for a passenger,3773,0.0751953125,0.05911244213599331,0.06872037425347548,0.29716029446478265,0,16315.1875,overall
2401189,5,2,copyright mark on side,6438,0.12830835459183673,0.10031784959879564,0.16083861422483414,0.2104862873211304,0,8425.2822265625,overall
2401189,6,6,A cat's left side whiskers. ,1334,0.02658641581632653,0.018068737435346593,0.028727923694496744,0.046436309814453125,0,2156.300537109375,overall
2401190,0,0,white snow on a hill,13392,0.2669005102040816,0.1327262082866664,0.438254209606466,0.1599353530500952,0,4887.24169921875,overall
2401190,1,1,The rock the elephant is leaning on.,9880,0.19690688775510204,0.1445822152252789,0.271059671120966,0.23656010801492916,1,8622.5068359375,overall
2401190,2,2,small rocks in a pile,2992,0.05963010204081633,0.01853094510165915,0.032351386838594454,0.04157448834913937,0,3844.993408203125,overall
2401191,0,3,Handle of racket is white,384,0.007653061224489796,0.006753292489239031,0.007340714142644423,0.07782469193140666,0,4071.08642578125,overall|small|part
2401191,1,2,a tennis ball,864,0.01721938775510204,0.005299790743027734,0.006996400088423786,0.021387607962996873,0,2641.2001953125,overall|small
2401191,2,4,chains holding a banner in place,946,0.018853635204081634,0.015087324844000603,0.017018299923246678,0.11736363739594345,0,6523.91845703125,overall|small
2401191,3,5,a wristband,154,0.0030691964285714285,0.0055746872731290515,0.005621403753281604,0.4014854926567573,0,10998.8125,overall|small
2401191,4,0,Man's face who is playing tennis,2597,0.0517578125,0.023015401719133494,0.027448681230716167,0.12472649340359669,0,11800.73828125,overall|part
2401191,5,1,Socks are white,5069,0.10102439413265306,0.06797451337316157,0.13301124485799531,0.12205191405479385,0,4651.3447265625,overall
2401192,0,3,part of a doll's hair,15,0.00029894770408163266,0.0004916483958897114,0.0004926012166529404,0.20266536076863606,0,6171.28076171875,overall|small|part
2401192,1,5,The yellow ribbon in the doll's hair.,152,0.0030293367346938774,0.0023754469540206965,0.0024182033434309354,0.11843774193211605,0,7444.591796875,overall|small|part
2401192,2,9,tail of a doll,60,0.0011957908163265306,0.001352825822860827,0.0013692597355189206,0.10129833221435547,0,4438.82177734375,overall|small|part
2401192,3,1,The cat's right ear.,364,0.007254464285714286,0.006262458423284844,0.006842812613051273,0.06876178888174203,0,3657.7490234375,overall|small
2401192,4,4,multi colored cloth on a doll,21,0.0004185267857142857,0.00043541581074840106,0.0004357606099289594,0.3549563998267764,0,17105.916015625,overall|small
2401192,5,6,white patch of a doll,132,0.0026307397959183672,0.002500664589250204,0.0026191143416136476,0.0523965141989968,0,2640.717041015625,overall|small
2401192,6,7,green and yellow behind toy,621,0.012376434948979591,0.012313187434742951,0.013029947490133465,0.18290029823684079,0,8716.92578125,overall|small
2401193,0,0,The black phone on the table in front of the mirror.,120,0.0023915816326530613,0.0020962449845849025,0.002154926773939096,0.0714766263961792,0,3980.272216796875,overall|small
2401193,1,2,The lamp is white.,598,0.011918048469387755,0.0051119229220611,0.0054943542876424705,0.06841773093743468,0,7446.51708984375,overall|small
2401193,2,1,large patterned headboard for bed,2842,0.056640625,0.045657318334644,0.054333116398087904,0.22235502582633268,0,11630.71484375,overall
2401193,3,3,dark blanket on bed,14476,0.2885044642857143,0.22836118421348123,0.43595038154121035,0.32412926325253866,1,10762.9111328125,overall
2401193,4,4,view of city from hotel room,2464,0.049107142857142856,0.19153607791160676,0.2130790428487192,0.654512628332361,1,7568.642578125,overall
2401193,5,5,wall made of brick,4200,0.08370535714285714,0.05267153489580894,0.10489697791517115,0.09567159016927083,0,3830.6220703125,overall
2401194,0,3,brown branches of a tree,931,0.0185546875,0.01968694749963242,0.02174244414134594,0.1723517756969153,0,7380.01220703125,overall|small|part
2401194,1,2,bare branches of a tree,3800,0.07573341836734694,0.058985285974100285,0.08331777157091229,0.16803505345394737,0,7663.82958984375,overall|part
2401194,2,0,The church has a steeple,8778,0.17494419642857142,0.11511746044702713,0.292426416288423,0.1595630311129386,1,4789.732421875,overall
2401194,3,1,The tree is green.,1380,0.027503188775510203,0.011974805063962216,0.014486306452571316,0.06460800723753114,0,6154.71240234375,overall
2401194,4,4,patch of brow grass,1144,0.022799744897959183,0.021297355886103105,0.023795830290799208,0.16863360104860958,0,8107.169921875,overall
2401194,5,5,brownish green grass in a field,8778,0.17494419642857142,0.08251210746421468,0.12355197522481713,0.19897829456898639,0,14136.8154296875,overall
2401195,0,1,black and white square platform sign hanging from ceiling,720,0.014349489795918368,0.0037549742202083185,0.004866701791927198,0.016171954737769233,0,2392.5458984375,overall|small|text
2401195,1,2,sign with light writing,500,0.009964923469387755,0.0076724814236773615,0.00932214678343657,0.041554985046386717,0,2228.831298828125,overall|small|text
2401195,2,0,post on ground,972,0.019371811224489797,0.03342521492141075,0.03499065777747013,0.42762875655060445,1,11879.0322265625,overall|small
2401195,3,3,copper ring around pole,115,0.002291932397959184,0.0005469010725305811,0.00055313264193581,0.04629709409630817,0,9625.4775390625,overall|small
2401195,4,4,metal ceiling vent,288,0.005739795918367347,0.0013088082888219363,0.0014021503983716833,0.019281350904040866,0,3960.3662109375,overall|small
2401195,5,7,person in black walking along train platform,180,0.003587372448979592,0.00790445014715843,0.007966516525378928,0.5036171383327908,0,11379.01171875,overall|small
2401195,6,9,white rectangular ceiling light,308,0.006138392857142857,0.018103592599969097,0.01841041676523023,0.5206762536779627,0,8710.736328125,overall|small
2401196,0,5,an airplane cabin window,96,0.001913265306122449,0.0015933905080937332,0.001667317454639645,0.03469001998504003,0,1997.365234375,overall|small|part
2401196,1,6,open door on front of plane,992,0.019770408163265307,0.02432840904488177,0.028620506578082853,0.1395824186263546,0,4837.9912109375,overall|small|part
2401196,2,8,an airplane cabin window,60,0.0011957908163265306,0.0012209133732117446,0.0012560555553424995,0.041813361644744876,0,1997.365234375,overall|small|part
2401196,3,0,part  of a road,828,0.01650191326530612,0.00741743416618131,0.00816994248347304,0.07452882775937877,0,7553.28076171875,overall|small
2401196,4,2,gray words on plane,266,0.005301339285714286,0.006263824192640209,0.0064065486762913265,0.21946197165582412,0,9112.064453125,overall|small
2401196,5,4,Two rear airplane wheels,288,0.005739795918367347,0.009538862476468872,0.009589777932507324,0.6424251132541232,0,19293.296875,overall|small
2401196,6,9,edge of a wing,576,0.011479591836734694,0.010889932038837803,0.011924977241467238,0.11147855387793647,0,5384.634765625,overall|small
2401197,0,0,papayas on display at fruit stand,190,0.003786670918367347,0.0011593463666256696,0.001188786818541746,0.044720157824064556,0,7147.47998046875,overall|small
2401197,1,2,pink fruit next to green bananas,504,0.010044642857142858,0.003671564096949342,0.003842064925833355,0.07641298051864381,0,10023.8134765625,overall|small
2401197,2,3,sunlight next to fruit stand.,140,0.0027901785714285715,0.0013613895438456078,0.0013792991182391666,0.0948972225189209,0,9632.146484375,overall|small
2401197,3,4,orange round fruit by bananas,272,0.005420918367346939,0.009380116449325761,0.009597891269866703,0.29248902376960306,0,8289.009765625,overall|small
2401197,4,5,a banana beginning to ripen,228,0.004544005102040816,0.0056179633392615105,0.005818466453712817,0.14017661412556967,0,5492.90234375,overall|small
2401197,5,6,sand on the ground.,80,0.0015943877551020409,0.004542618963135146,0.004635086453552528,0.18547295331954955,0,3201.199462890625,overall|small
2401197,6,7,pole next to hanging bananas,590,0.01175860969387755,0.002059856738156662,0.0022454380238823685,0.02431714494349593,0,6389.45068359375,overall|small
2401198,0,2,colored part of obstacle bar.,156,0.0031090561224489796,0.002313338117465883,0.002346560561892214,0.14044685852833283,0,9336.9462890625,overall|small
2401198,1,4,the woman's socks are black.,848,0.016900510204081634,0.015170930785183352,0.018515860167868412,0.07747265077986808,0,3548.136962890625,overall|small
2401198,2,5,saddle on horse's back.,160,0.0031887755102040817,0.005843358628740924,0.005881481097741174,0.47410082817077637,0,12897.4541015625,overall|small
2401198,3,7,green grass on the ground.,80,0.0015943877551020409,0.000403942928894957,0.0004127152209272336,0.018650105595588683,0,3615.10400390625,overall|small
2401198,4,8,black saddle used by young woman,192,0.003826530612244898,0.00550802796752045,0.005690845584312734,0.14636208613713583,0,4938.02197265625,overall|small
2401198,5,6,brown tree with green leaves,4784,0.09534438775510204,0.04821005534738727,0.08395897574742604,0.10170889379188768,0,5795.39404296875,overall|part
2401198,6,0,the trees are green,9345,0.18624441964285715,0.13192507949650706,0.2249773260233476,0.24182817307049223,0,10044.9423828125,overall
2401199,0,9,The word WHITE.,120,0.0023915816326530613,0.00030273388480344087,0.0003065128835928131,0.023966129620869955,0,9382.755859375,overall|small|text
2401199,1,3,rear wheel of a car,90,0.001793686224489796,0.004254428071938344,0.004275787594744913,0.4599437713623047,0,9681.2431640625,overall|small|part
2401199,2,5,leaves of a palm tree,171,0.0034080038265306123,0.003129016790068535,0.003300166873120018,0.05690150233040079,0,2948.38330078125,overall|small|part
2401199,3,7,branches of a palm tree,126,0.0025111607142857145,0.0021997373213081405,0.0022449044595193755,0.09855636717781188,0,5531.68408203125,overall|small|part
2401199,4,1,leggings on a woman,264,0.0052614795918367345,0.01209430600481423,0.01220604075990472,0.5691877422910748,0,12310.75390625,overall|small
2401199,5,2,wind screen of a car,200,0.003985969387755102,0.01072477461024329,0.0109674245642639,0.3264833068847656,0,5953.69140625,overall|small
2401199,6,8,part of a palm tree,96,0.001913265306122449,0.002227260539811512,0.002271158572485472,0.10332565506299336,0,4367.490234375,overall|small
2401200,0,2,Person has dark hair.,288,0.005739795918367347,0.007988350590537218,0.00855516395556105,0.10759837759865655,0,3622.1787109375,overall|small|part
2401200,1,1,A guy in red standing by a picnic table,490,0.009765625,0.01300285596392094,0.013319458760274554,0.35359982860331635,0,13008.330078125,overall|small
2401200,2,5,part of a floor,247,0.004922672193877551,0.005713650334646887,0.006215130908568327,0.06612967672618295,0,2628.107177734375,overall|small
2401200,3,6,part of a bench,72,0.0014349489795918368,0.0019616645279285044,0.002038548438657477,0.049441231621636286,0,1746.2271728515625,overall|small
2401200,4,7,part of a wood,285,0.00568000637755102,0.0024591429924548627,0.002751619650581166,0.02261245794463576,0,2342.093505859375,overall|small
2401200,5,8,part of a line,702,0.013990752551020409,0.021506978600798508,0.022235559566364305,0.396270665008458,0,12510.681640625,overall|small
2401200,6,9,Someone in grey sitting at a picnic table,540,0.010762117346938776,0.007756200801323606,0.007986769321448296,0.2117733425564236,0,14318.380859375,overall|small
2401202,0,1,A street light hanging from a building,289,0.0057597257653061226,0.014087919203035875,0.0143289541268225,0.45578034608834345,0,9192.6123046875,overall|small
2401202,1,0,A train is on the tracks.,41736,0.8317920918367347,0.435588018630216,0.8542794488733454,0.47055056635758097,1,22988.845703125,overall
2401203,0,1,tusk on the elephant,504,0.010044642857142858,0.0025649462122715465,0.0027345192106633122,0.0397192258683462,0,7320.66162109375,overall|small
2401203,1,0,man leaning over in water,14208,0.28316326530612246,0.14595545412071964,0.3262914925838268,0.20891388901719102,0,9096.9228515625,overall
2401203,2,2,brown lake water,3780,0.07533482142857142,0.077540147037868,0.09939277502216207,0.2607254916397983,0,9915.6337890625,overall
2401203,3,3,overcast grey cloud sky,3100,0.06178252551020408,0.08165649090771752,0.10122077430020493,0.29699773973034277,0,9095.8896484375,overall
2401204,0,2,Registration sticker on right front window,190,0.003786670918367347,0.0037265943641951074,0.0039048494862322365,0.07547338385331004,0,3672.342041015625,overall|small|part
2401204,1,0,a rearview mirror in a car,120,0.0023915816326530613,0.0028542893176506734,0.0029531185469316634,0.07858651479085287,0,3193.36376953125,overall|small
2401204,2,4,the plant is green,703,0.014010682397959183,0.03630748732655721,0.038309542473724506,0.40994167192223063,0,7522.642578125,overall|small
2401204,3,7,white top of licence plate,913,0.01819595025510204,0.03314649378263301,0.03431858047124094,0.4925212880998425,0,13102.87109375,overall|small
2401204,4,1,Pavement on left side of car,5625,0.11210538903061225,0.1741924582714896,0.25184464297923215,0.36100108506944445,0,8063.03076171875,overall
2401204,5,3,grey cat on hood,4366,0.08701371173469388,0.06658982731998903,0.12411215381802171,0.12562687550997767,1,4419.28466796875,overall
2401204,6,5,the headlights are off,11948,0.2381218112244898,0.18722966730282495,0.34238727689745685,0.2923664901421786,0,10202.466796875,overall
2401205,0,8,leaves of a tree,36,0.0007174744897959184,0.0006173269652611914,0.0006226064691609304,0.06786044438680013,0,3923.788330078125,overall|small|part
2401205,1,0,green tree near river,450,0.00896843112244898,0.011028635526240465,0.012148642761623571,0.10684529622395833,0,3957.67529296875,overall|small
2401205,2,1,a wooden walkway,304,0.006058673469387755,0.008945148847142736,0.009104750113896321,0.3378766461422569,0,11281.4189453125,overall|small
2401205,3,4,plantations on the edge of the lake,660,0.013153698979591837,0.01839843505850762,0.01988503891317238,0.1974963563861269,0,6555.05859375,overall|small
2401205,4,6,part of a hilly terrain,18,0.0003587372448979592,0.0004112012089518673,0.0004114799711009687,0.3777119583553738,0,16522.833984375,overall|small
2401205,5,7,a section of a house,30,0.0005978954081632653,0.0003427161921121925,0.0003467800095445388,0.028414213657379152,0,2458.11865234375,overall|small
2401205,6,5,brown branches and green leaves on tree,2160,0.043048469387755105,0.02723952378869386,0.03697476848543828,0.09375681700529875,0,5477.10595703125,overall|part
2401206,0,1,electrical poles visible in background,817,0.01628268494897959,0.005994497492814351,0.006352238919824569,0.0962015289717526,0,12373.0625,overall|small
2401206,1,4,side of railroad tracks and rocks,684,0.01363201530612245,0.006761345238420784,0.007289441121993945,0.08536185995180007,0,8009.875,overall|small
2401206,2,5,red metal pane on second train car,169,0.0033681441326530613,0.006011195866721904,0.0061411378795232785,0.22124004928318,0,6088.3779296875,overall|small
2401206,3,6,front driver wheels and connecting rod,460,0.009167729591836735,0.01355530741699592,0.01426907378003614,0.21321013077445652,0,6873.37255859375,overall|small
2401206,4,9,cab for train conductor,200,0.003985969387755102,0.01079242564035518,0.01098440006204024,0.3817701721191406,0,6951.1337890625,overall|small
2401206,5,0,The grass is green.,4440,0.08848852040816327,0.07008274466433052,0.1213544633608542,0.1422773756422438,0,5205.50732421875,overall
2401206,6,2,trees in photograph,3915,0.07802535076530612,0.09019984259887578,0.15202858428817803,0.18152828289631226,1,4674.66845703125,overall
2401207,0,3,Word that says photography.,434,0.008649553571428572,0.010238041188863766,0.011423009049712255,0.08982848242131246,0,3412.897705078125,overall|small|text
2401207,1,1,back wheel of a truck,135,0.002690529336734694,0.002122324280316677,0.0021432288365893946,0.1787056110523365,0,11256.5009765625,overall|small|part
2401207,2,4,numbers 1105 on door,80,0.0015943877551020409,0.0010454669277845433,0.0010615478799115418,0.06455868482589722,0,4865.2490234375,overall|small|part
2401207,3,6,Small orange truck light.,56,0.0011160714285714285,0.0014945919680565054,0.0015007829692011653,0.2659523827689035,0,9923.708984375,overall|small
2401207,4,7,side of a truck,504,0.010044642857142858,0.010305650035053486,0.010733199512176909,0.20553770519438244,0,9651.4560546875,overall|small
2401207,5,9,steel diamond plate panel,320,0.006377551020408163,0.003007501947100705,0.0033216354909433587,0.03082105815410614,0,2969.24169921875,overall|small
2401207,6,8,door of the truck,1702,0.03392059948979592,0.037890555599810416,0.04418120343898982,0.21018377678374706,0,8096.9453125,overall|part
2401208,0,2,a blue base on the upper engine,56,0.0011160714285714285,0.0011634913491605182,0.0011713481656491567,0.14782020023890904,0,7067.01171875,overall|small
2401208,1,4,large flood light on front of boat,756,0.015066964285714286,0.011622077245890879,0.012491606285682449,0.14307415674603174,0,8658.939453125,overall|small
2401208,2,6,a tree on the shore,558,0.011120854591836735,0.01898474570711923,0.022393455179624853,0.11088977663320453,0,2763.15087890625,overall|small
2401208,3,7,white lettering on red boat,259,0.005161830357142857,0.0057830046647373325,0.00584294852324507,0.3604873598312319,0,15979.2998046875,overall|small
2401208,4,0,Blue Ocean Water,13608,0.27120535714285715,0.10998406955542007,0.3013918793484783,0.1476170238784171,0,6664.9853515625,overall
2401208,5,1,people are visible through the small windows,2058,0.041015625,0.08747689015928584,0.11892176552015955,0.24858919223381318,0,4301.958984375,overall
2401208,6,3,Light Post in Background,1526,0.030412946428571428,0.023803783009111953,0.03073453670630639,0.0954795927395202,0,4740.65576171875,overall
2401210,0,4,a silver meter,430,0.008569834183673469,0.004498517283884547,0.005051123010986582,0.03949495359908703,0,3362.18896484375,overall|small
2401210,1,6,two black windshield wipers,551,0.010981345663265306,0.021012558785212816,0.022636278002436908,0.22656662624241436,0,5514.9619140625,overall|small
2401210,2,8,two windows on a train engine,240,0.0047831632653061226,0.006867460476138405,0.007004304588255096,0.26008570988972984,0,8911.744140625,overall|small
2401210,3,0,two round black things on train nose,1680,0.033482142857142856,0.06779026766704273,0.07792560615744662,0.3426267714727493,0,7386.69873046875,overall
2401210,4,1,a luggage cart rack,1242,0.024752869897959183,0.005931658154574117,0.006465063685913726,0.06707175188786357,0,12885.119140625,overall
2401210,5,2,two red lights seen,1045,0.02082669005102041,0.008706450104103626,0.010698826091808238,0.0446644395162044,0,4362.56640625,overall
2401210,6,3,The ceiling is white.,12900,0.2570950255102041,0.3143794263473697,0.6371717287756592,0.38293135295542635,1,7752.720703125,overall
2401211,0,3,Moist green leaf.,1058,0.02108577806122449,0.046414330490065436,0.0719124812768339,0.1157504119584601,0,1702.9580078125,overall|part
2401211,1,0,shadow on water ,2592,0.051658163265306124,0.03308157824729059,0.04527755378513643,0.10938160507767289,0,6261.7587890625,overall
2401211,2,1,A blue spare net,4088,0.08147321428571429,0.0628511059927974,0.08810835579442262,0.17982514263832405,0,8343.421875,overall
2401211,3,2,A net the man is holding out into the water,1950,0.03886320153061224,0.01138304011169355,0.017745320066729634,0.030771969526241987,0,3381.47412109375,overall
2401211,4,4,a red and white baseball cap,3120,0.062181122448979595,0.016192612330421848,0.01965692844677393,0.08414738972981771,0,13356.09765625,overall
2401213,0,2,the lowercase letter A,56,0.0011160714285714285,0.0014223980423052995,0.0014317575546756035,0.17870496000562394,0,6989.6455078125,overall|small|text
2401213,1,5,the silver letter V,56,0.0011160714285714285,0.0009353184913936755,0.0009430761399240505,0.10209544215883527,0,6062.4423828125,overall|small|text
2401213,2,6,The letter M on the building.,36,0.0007174744897959184,0.0006934115035430533,0.0006951174394161691,0.2202998267279731,0,11409.2861328125,overall|small|text
2401213,3,9,The letter I on the building.,28,0.0005580357142857143,0.000557987336847119,0.0005588486589785634,0.2658055509839739,0,13317.658203125,overall|small|text
2401213,4,1,part of a window,75,0.0014947385204081632,0.0006862470634759113,0.0006960396421696098,0.04650869369506836,0,5011.42724609375,overall|small|part
2401213,5,3,part of a wall,99,0.0019730548469387753,0.0017578324203084343,0.0017914908402211608,0.08555689725008878,0,4727.97998046875,overall|small
2401213,6,4,a brick in the wall,28,0.0005580357142857143,0.0006981130360257216,0.0007049761880422763,0.06691130570002965,0,2657.56005859375,overall|small
2401214,0,2,white lines on grey pavement,944,0.01881377551020408,0.05308687135182199,0.057796054797742684,0.3945037712485103,0,6443.54638671875,overall|small
2401214,1,0,sign leaning against pole,2886,0.057517538265306124,0.0700815861619512,0.07797101034381397,0.4091981291688323,0,15145.9599609375,overall|text
2401214,2,1,the building is orange yellow and red,31584,0.6294642857142857,0.25102215386215665,0.6989424400623512,0.281453945233346,1,12718.4169921875,overall
2401214,3,3,cloudy blue sky in the background,4431,0.08830915178571429,0.12044624556317426,0.16499831717507038,0.3084714592942479,1,8283.9453125,overall
2401215,0,1,a man wearing a light brown coat,658,0.013113839285714286,0.019186386410831747,0.02118595611343902,0.16894148620790986,0,5247.037109375,overall|small
2401215,1,0,A crowd of people.,4510,0.08988360969387756,0.06864839565399931,0.09249858780136629,0.21026041576444707,0,10251.7724609375,overall
2401215,2,2,vehicles are parked by building,1188,0.023676658163265307,0.07352592104804899,0.07743967148807823,0.5926390368529041,0,9091.66015625,overall
2401215,3,3,The sky is overcast.,5451,0.10863759566326531,0.17364712424310302,0.23585775236517934,0.3969889591646028,0,9174.9658203125,overall
2401215,4,4,Flags are flying.,1058,0.02108577806122449,0.0292966709527824,0.036821474613793044,0.12538389267227376,0,3602.6845703125,overall
2401215,5,5,The snow is dirty.,3072,0.061224489795918366,0.04006817841937493,0.05343019339962534,0.13809385895729065,0,7939.78662109375,overall
2401216,0,0,helmet on man's head,483,0.009626116071428572,0.006570244410629195,0.006874445225021099,0.12928155144796113,0,9083.349609375,overall|small|part
2401216,1,3,dark snow covered snowboard,875,0.017438616071428572,0.007530164287913194,0.008039886669457543,0.10616427176339285,0,11554.1103515625,overall|small
2401216,2,6,black stone on top of the snow,255,0.005082110969387755,0.011959566792396563,0.012726683961656639,0.1655627680759804,0,3317.32177734375,overall|small
2401216,3,7,one black glove,40,0.0007971938775510204,0.0016991484689717596,0.001710132300798725,0.20920462608337403,0,4893.296875,overall|small
2401216,4,1,white snow dust from snow drift on hill ,1452,0.02893813775510204,0.03593109008701481,0.040338024850319947,0.247491295344245,0,8908.650390625,overall
2401216,5,2,Clear blue sky,3468,0.06911670918367346,0.07918576314239299,0.11655845509069065,0.1980532741876622,0,5892.74072265625,overall
2401216,6,4,snowy mountains in the distance,8649,0.17237324617346939,0.14001177738094348,0.2855727040250444,0.2154930415546595,1,6526.53173828125,overall
2401217,0,5,street sign with electric,228,0.004544005102040816,0.0035208699166659266,0.0036417075961743587,0.09593005765948379,0,6005.98828125,overall|small|text
2401217,1,9,The white street sign with one arrow on it.,476,0.009486607142857142,0.009180483062756341,0.00973982997247156,0.13782584567029937,0,6735.75439453125,overall|small|text
2401217,2,1,sewer drain opening on street corner,225,0.00448421556122449,0.003091459800113593,0.0031829190732013193,0.09713672214084201,0,6866.578125,overall|small
2401217,3,2,cars parked on side of street,612,0.012197066326530613,0.01686848329344878,0.017737778934474122,0.25606172848371117,0,8834.802734375,overall|small
2401217,4,3,white line on asphalt street,156,0.0031090561224489796,0.001507171657327629,0.00154938757669661,0.05241604340382111,0,5277.50634765625,overall|small
2401217,5,6,a red and silver fire hydrant,200,0.003985969387755102,0.0027868415467408904,0.002836504911776341,0.13731334686279298,0,9681.869140625,overall|small
2401217,6,8,electric avenue sign suspended,1450,0.02889827806122449,0.03118140786343619,0.03671167516896649,0.1714941721949084,0,6773.50048828125,overall|text
2401218,0,2,The head of the zebra,391,0.007792570153061225,0.0008068955850768797,0.0008817799735900096,0.009411944757642038,0,4173.45654296875,overall|small|part
2401218,1,7,Thin tail of a giraffe. ,130,0.002590880102040816,0.0012595182262971987,0.001273291256776001,0.10429590665377103,0,10648.36328125,overall|small|part
2401218,2,1,large brown boulder in animal enclsure,688,0.01371173469387755,0.01787460282174982,0.01897858579851615,0.2350544153257858,0,8521.0478515625,overall|small
2401218,3,5,trees next to fence,990,0.019730548469387755,0.022598261106146177,0.025861981539301925,0.15187424168442235,0,5813.765625,overall|small
2401218,4,8,Silver long pole,273,0.005440848214285714,0.003356653847229896,0.0035631932909323404,0.054738739907959875,0,4193.89990234375,overall|small
2401218,5,3,Two front legs of a giraffe. ,1508,0.03005420918367347,0.013701499761570571,0.015610032867315536,0.10077245292360018,0,9735.076171875,overall|part
2401218,6,0,The zebra facing to the right,4680,0.09327168367346939,0.12041703401724663,0.17841403214656948,0.2703044141459669,1,7090.3876953125,overall
2401219,0,1,player is wearing headband,255,0.005082110969387755,0.0112282193559706,0.011361630006363617,0.48881189682904413,0,10970.8759765625,overall|small
2401219,1,4,Man is wearing white socks.,238,0.004743303571428571,0.006886142439935698,0.007310997093423499,0.10594412859748392,0,3448.873291015625,overall|small
2401219,2,0,Tennis court is green.,3168,0.06313775510204081,0.040764313496303044,0.05870152421377581,0.11770344743824969,0,6352.2119140625,overall
2401219,3,2,black and red long shorts,2542,0.050661670918367346,0.03116017661413914,0.039785905857945295,0.12566420752452548,0,8028.93408203125,overall
2401219,4,3,racket is yellow and black,1196,0.02383609693877551,0.015052810594020668,0.019850971256798383,0.05862555615479332,0,3532.127685546875,overall
2401220,0,3,partial label on wine bottle on counter,124,0.0024713010204081634,0.003546812076807596,0.0036132659347644755,0.16167108474239225,0,5548.2255859375,overall|small|text
2401220,1,2,a removable tray for the toaster,551,0.010981345663265306,0.018014133060459802,0.01833975205659459,0.5036248347287602,1,15130.91796875,overall|small
2401220,2,4,splotch of worn off paint,322,0.006417410714285714,0.0012660907133251497,0.0015265356650774223,0.007366223364883328,0,1553.7952880859375,overall|small
2401220,3,0,The cabinet has a small lock,3640,0.07254464285714286,0.07161270229587306,0.09529320947973283,0.2237098442329155,0,8545.2451171875,overall
2401220,4,1,old marble looking counter top,4116,0.08203125,0.025048091288898688,0.04156423032983269,0.059297726615409,0,5872.10302734375,overall
2401220,5,5,gray wall next to bottle,2679,0.053392059948979595,0.06929377722745948,0.09267071412951725,0.21549798126049832,0,6229.7900390625,overall
2401220,6,6,a faux wooden wall,8160,0.16262755102040816,0.09186824438726006,0.17824192943793327,0.15936758003982843,0,7295.92333984375,overall
2401221,0,1,the man's left foot,780,0.015545280612244899,0.008808037538439959,0.010330261941358285,0.05640252920297476,0,4258.7470703125,overall|small
2401221,1,3,the man wears sneakers,598,0.011918048469387755,0.006262147934706276,0.006789580508551727,0.07459840806431595,0,6570.33935546875,overall|small
2401221,2,5,the man's left sock,682,0.013592155612244899,0.0077961957681736875,0.009298280517671712,0.04603856330043759,0,3376.78564453125,overall|small
2401221,3,6,the man is wearing a green color baseball cap,741,0.014768016581632654,0.005730163806296981,0.006064086858179788,0.0942525619115585,0,11517.1748046875,overall|small
2401221,4,7,section of green grass,851,0.01696029974489796,0.009408281435772499,0.011068082885641073,0.05903378048458615,0,4538.974609375,overall|small
2401221,5,8,this is the white fence,88,0.001753826530612245,0.0007015177591499052,0.0007306607256964447,0.01728417385708202,0,2081.6875,overall|small
2401221,6,0,the opponent is wearing a long sleeve white jersey,4836,0.09638073979591837,0.09551223850591391,0.11082900042869032,0.4086714650699183,0,17832.29296875,overall|text
2401222,0,1,The door lock on the car is down.,714,0.014229910714285714,0.03114863997068969,0.033158237763151424,0.3394764705198486,0,7309.984375,overall|small|part
2401222,1,6,shadow of the woman's hair,693,0.013811383928571428,0.0069814555849594,0.0073857359272028935,0.11311597947950487,0,10613.6171875,overall|small|part
2401222,2,2,The lady has on a black bra.,378,0.007533482142857143,0.005811349636690743,0.0060353444048765964,0.13538322246894635,0,8479.1943359375,overall|small
2401222,3,4,The girl nose is blemish red.,850,0.016940369897959183,0.02589344885234884,0.029508891208104255,0.17446782729204963,0,5025.5244140625,overall|small
2401222,4,3,green leaves outside car window,1575,0.03138950892857143,0.055776091733784394,0.06763309333706073,0.24136121961805557,0,5620.67919921875,overall|part
2401222,5,5,right eye of a woman looking down,1058,0.02108577806122449,0.016685053323120723,0.021039323323776178,0.0746055127091579,0,3751.671630859375,overall|part
2401222,6,0,brown and black baby kitten,11704,0.23325892857142858,0.07792189130336996,0.16253334779116063,0.13019510140096335,0,9375.328125,overall
2401223,0,1,Left flip flop shoe on rock deck,989,0.01971061862244898,0.011312763395975842,0.01231451539430614,0.12208894241687863,0,9805.173828125,overall|small|part
2401223,1,3,bottom part of a door,44,0.0008769132653061224,0.0005897038740759694,0.0005943651478725705,0.06993521343577992,0,5177.20361328125,overall|small|part
2401223,2,8,section of a door,156,0.0031090561224489796,0.006447916228548806,0.006615082496341961,0.20328636658497345,0,4793.9951171875,overall|small|part
2401223,3,4,foot of a man,102,0.002032844387755102,0.003667447807144919,0.00379278469698578,0.09989347644880706,0,2686.4521484375,overall|small
2401223,4,5,a small brown bird,572,0.011399872448979591,0.018873938926550156,0.019447684666694467,0.39015131063394615,0,11475.224609375,overall|small
2401223,5,6,The yellow jug on the bottom of the cart.,850,0.016940369897959183,0.010972934396864954,0.011657041896254489,0.15752326516544118,0,11486.1708984375,overall|small
2401223,6,9,Flip flops of left foot of person,980,0.01953125,0.023393339095160913,0.027572923822231494,0.13369434901646204,0,4751.77978515625,overall|small
2401224,0,4,tail of a zebra ,528,0.010522959183673469,0.010585901903273017,0.01121619245767478,0.15851762078025125,0,7462.18505859375,overall|small|part
2401224,1,2,a black mane goes down the back of the zebra,689,0.013731664540816327,0.012311846405949229,0.013358363146278536,0.13581209224263538,0,7004.93994140625,overall|small
2401224,2,5,the ears are up on the zebra,918,0.01829559948979592,0.012552458650395833,0.014131536239283732,0.1009901790577342,0,6560.43212890625,overall|small
2401224,3,3,legs of a zebra ,10374,0.20675223214285715,0.07341835600033222,0.12639812068503753,0.14905213473135964,0,12233.3056640625,overall|part
2401224,4,0,the zebra's nose is black,1216,0.02423469387755102,0.025368846667038498,0.029134807607560924,0.16406298938550448,0,6847.5,overall
2401224,5,1,dried grass on the ground ,7056,0.140625,0.07353684103302582,0.16594610499970072,0.11665108955366,0,4959.984375,overall
2401225,0,0,cingular logo of phone,798,0.015904017857142856,0.007385355534838754,0.007920764461996603,0.098496401220336,0,9923.30078125,overall|small|text
2401225,1,3,Small rectangular speaker on the top of a cell phone. ,300,0.005978954081632653,0.003201517939237579,0.0033328264505545144,0.07515289306640625,0,6764.7890625,overall|small
2401225,2,4,sony ericisson branding of phone,342,0.006816007653061225,0.010768735967632273,0.011152865385373889,0.23818864878158122,0,7303.9990234375,overall|small
2401225,3,6,Circle of green light on the far right. ,252,0.005022321428571429,0.006411803474516964,0.006725987338376323,0.12069564395480686,0,4522.0576171875,overall|small
2401225,4,7,silver edge of phone,280,0.005580357142857143,0.00807562901715334,0.00858673186104631,0.11946546009608677,0,3895.583251953125,overall|small
2401225,5,1,man in black shirt,16400,0.3268494897959184,0.14462483046896402,0.33831829677034725,0.2016679717273247,0,9775.8671875,overall|text
2401225,6,2,Man on cellphone.,2079,0.04143415178571429,0.04305812083383455,0.05202134897677536,0.19993819566573473,0,7990.40234375,overall
2401226,0,2,brown pants worn by young woman,230,0.004583864795918368,0.002231841332201524,0.0022803246648697797,0.09499851724375849,0,9581.8193359375,overall|small
2401226,1,4,white spherical lamp in transportation center,416,0.008290816326530613,0.0010518246529326388,0.0010952813518308522,0.02582551882817195,0,9808.818359375,overall|small
2401226,2,5,street light over shelter,255,0.005082110969387755,0.0033721888938497346,0.003579614838717638,0.05499452329149433,0,3917.629150390625,overall|small
2401226,3,6,white spherical lamp in transportation center,208,0.004145408163265306,0.0008271150772025763,0.0008439563412588621,0.0397991079550523,0,9808.818359375,overall|small
2401226,4,8,woman sitting on bench,624,0.012436224489795918,0.010302298395557737,0.011342887492417516,0.10096170352055477,0,5554.150390625,overall|small
2401226,5,0,man standing on sidewalk while reading a paper,1098,0.02188297193877551,0.01950681323419189,0.022776654298064542,0.11962387557455316,0,5766.73876953125,overall
2401226,6,1,There is a white house,1656,0.03300382653061224,0.03324434305074809,0.04146037165884524,0.14365982203091976,0,5738.025390625,overall
2401227,0,1,The white laptop on the center table.,775,0.01544563137755102,0.0040363598520379825,0.004587937801871914,0.03248321533203125,0,5487.10400390625,overall|small
2401227,1,5,The stuffed dog toy next to the orange bench.,225,0.00448421556122449,0.005149884148819317,0.005223546110035215,0.26750155978732637,0,11522.412109375,overall|small
2401227,2,6,The brown pillow against the wall.,532,0.010602678571428572,0.0030419551313602146,0.003336900639613852,0.0332704952784947,0,5304.29443359375,overall|small
2401227,3,7,glass with a drink on a coaster,759,0.015126753826530613,0.01256628981859306,0.015806309069304317,0.057763045641430436,0,2773.712158203125,overall|small
2401227,4,0,two brown and white decorative pillows,3400,0.06776147959183673,0.06891312702545702,0.0959925961222277,0.19632659912109374,0,6953.77001953125,overall
2401227,5,2,a standing lamp,3048,0.06074617346938776,0.1105837998046203,0.11885653915888048,0.6137184683732161,1,15738.41796875,overall
2401227,6,3,The frame hanging on the wall.,1050,0.020926339285714284,0.024883033896159642,0.034917360139758616,0.07968777611142112,0,2396.291259765625,overall
2401228,0,0,section of a lawn,48,0.0009566326530612245,0.0006962152566579524,0.0007041601611558287,0.05811953047911326,0,3961.7939453125,overall|small
2401228,1,1,"red, white, and black baseball uniform",11543,0.23005022321428573,0.24004044263817534,0.32749865055187777,0.4733689807269557,1,16684.337890625,overall
2401228,2,2,green grass on baseball field,10320,0.20567602040816327,0.08303073023026353,0.2338254730994621,0.11406358822371608,0,5034.25146484375,overall
2401228,3,3,brown baseball pitcher's mound,5656,0.11272321428571429,0.09853409134999921,0.1310504903710144,0.28424231975722686,1,12267.5966796875,overall
2401228,4,4,brown dirt on baseball field,2052,0.040896045918367346,0.033370833963016114,0.044857517905605646,0.11529397499723973,0,5274.1044921875,overall
2401229,0,0,a child bending over on the beach,63,0.0012555803571428572,0.00041802669628132144,0.0004212671345869866,0.05154365206521655,0,7708.2919921875,overall|small
2401229,1,4,Person in red on a beach,80,0.0015943877551020409,0.0012742489135027862,0.0012892401793729493,0.09876188039779663,0,6128.37744140625,overall|small
2401229,2,5,Girl and boy on left behind flags,210,0.004185267857142857,0.004680579544634104,0.004796420373294364,0.16233920142764136,0,7107.640625,overall|small
2401229,3,6,Belongings on sand near girl in red top,132,0.0026307397959183672,0.0027072260373468917,0.002757637030806304,0.12899089582038648,0,6174.416015625,overall|small
2401229,4,7,Person a black outfit on a beach,682,0.013592155612244899,0.004373040598492124,0.004870655389133319,0.04104641385791588,0,5747.41015625,overall|small
2401229,5,1,the foamy part of the wave,1246,0.024832589285714284,0.025109001287835993,0.027310079688293385,0.23753883521017255,0,10837.5146484375,overall
2401229,6,2,a kite flying in the air,3431,0.06837930484693877,0.033314331616810446,0.04933087223051907,0.09305935634256139,0,6472.349609375,overall
2401230,0,0,the leaves are dry,462,0.009207589285714286,0.004415375653233934,0.005241143506650656,0.02726040670882056,0,2402.969482421875,overall|small|part
2401230,1,1,black bag on girl,851,0.01696029974489796,0.03815791048207039,0.04434518728238736,0.21475244829153203,0,4121.17626953125,overall|small
2401230,2,3,Pink and blue hat worn by young man,420,0.008370535714285714,0.01665870583647776,0.01696722035657078,0.4781257992699033,0,11835.3408203125,overall|small
2401230,3,4,the leaves are green,3239,0.06455277423469388,0.05923849422722016,0.10184492943022079,0.12403768343335134,0,3944.8017578125,overall|part
2401230,4,2,red pants on a woman,3848,0.07669005102040816,0.054912207293823394,0.09332597440933593,0.11770582298231225,0,4853.2255859375,overall
2401230,5,5,grey cement sidewalk by bench,1836,0.03659119897959184,0.031569029462338326,0.03462779658508068,0.26329083743957654,0,13959.9404296875,overall
2401230,6,6,image of a bowling ball and pins,1224,0.024394132653061226,0.01996061025180814,0.022214297420825098,0.1644029679641225,0,9058.5458984375,overall
2401231,0,0,A Thomas the Tank Engine cake,35280,0.703125,0.3307201597719544,0.7833122956690048,0.3640236367984694,1,16395.4453125,overall
2401231,1,1,a red cake or baking sheet,1748,0.034837372448979595,0.025934271715210774,0.028136262552436085,0.24889906265642878,0,15463.1611328125,overall
2401231,2,2,a wood table against the wall,2808,0.055963010204081634,0.023523706430093685,0.04082029353497398,0.05259645358789341,0,3618.073974609375,overall
2401233,0,1,A man in a white shirt,12540,0.2499202806122449,0.24963916561315538,0.4045742031383456,0.3946256354665072,0,12231.638671875,overall|text
2401233,1,2,Man holding cellphone in right hand.,3936,0.0784438775510204,0.07386677097971862,0.08772118008976393,0.31866095318057674,0,14298.1376953125,overall|part
2401233,2,0,Brown wood liquor cabinet,16044,0.3197544642857143,0.07969945994386021,0.34070000880272006,0.09423291727777908,0,4437.548828125,overall
2401233,3,3,A tall standing lamp,2695,0.0537109375,0.08601698691593998,0.101919145673904,0.3553772085894017,0,9397.072265625,overall
2401234,0,0,green flower leaf,621,0.012376434948979591,0.013894964205928152,0.015424720332628202,0.12288752999666616,0,4947.4580078125,overall|small|part
2401234,1,3,a large shiny leaf,855,0.017040019132653062,0.013642394769459143,0.014550990345418244,0.1793056554961623,0,10535.80078125,overall|small|part
2401234,2,2,shadow of leaves on wall,4757,0.0948062818877551,0.08792477156147858,0.22665771107233748,0.12560573254710164,0,2636.162109375,overall|part
2401234,3,1,two glass vases,3311,0.06598772321428571,0.13381114663238156,0.13820316879884853,0.8080841589823694,1,19359.662109375,overall
2401234,4,4,white border between white and blue painted wall,1740,0.034677933673469385,0.03702239903223739,0.05558908198601637,0.0997851492344648,0,3123.385986328125,overall
2401234,5,5,blue painted wall,3999,0.07969945790816327,0.036873366589232334,0.05829719737830592,0.09118794285973837,0,6255.19921875,overall
2401234,6,6,white wall,7424,0.14795918367346939,0.03320227377068098,0.10403064034164504,0.04649893990878401,0,3318.331298828125,overall
2401235,0,0,3 different boats,15128,0.3014987244897959,0.2077511450732511,0.33920079977368023,0.34899811969113564,1,15564.9501953125,overall
2401235,1,1,mountains in the distance,2952,0.05883290816326531,0.03837932389703203,0.05202933917318255,0.12761985964891387,0,7240.7958984375,overall
2401235,2,2,dark blue water with waves,1596,0.03180803571428571,0.03703295185926931,0.03875942969911162,0.45396660443834197,0,18693.017578125,overall
2401236,0,2,a protective metal bar on a door,1656,0.03300382653061224,0.009052308725752554,0.024369323912444275,0.014197716966343386,0,964.7957153320312,overall|part
2401236,1,0,a tan-colored horse,14664,0.2922512755102041,0.18419720773829318,0.3648202831891487,0.27115788852589673,1,10899.2275390625,overall
2401236,2,1,padding in the horse holder,2304,0.04591836734693878,0.028308333028553095,0.037376245823690986,0.10448964436848958,0,6441.10009765625,overall
2401236,3,3,reflection of sun shining in,1050,0.020926339285714284,0.010956653066015478,0.012921108266965381,0.06722234816778273,0,5462.64794921875,overall
2401236,4,4,The strap attached to the horse's harness.,2728,0.054368622448979595,0.04077790029000491,0.055524148665248435,0.13310429637383156,0,6539.650390625,overall
2401237,0,6,Blue and white toothbrush,390,0.007772640306122449,0.006441504443822634,0.006754697346577337,0.12197927817320213,0,7042.79052734375,overall|small
2401237,1,5,window on batrhoom wall,6669,0.13291214923469388,0.06456302423310849,0.15592912023053593,0.09924995489859799,0,4244.8642578125,overall|part
2401237,2,7,Bathroom window reflection mirrow,3960,0.07892219387755102,0.04804985980820949,0.07962137088280394,0.10808154790088384,0,5375.47802734375,overall|part
2401237,3,0,Silver hot cold water faucet,1230,0.02451371173469388,0.02460229765235346,0.027139246084706945,0.20835057700552592,0,9442.8271484375,overall
2401237,4,1,The towel is pink.,3360,0.06696428571428571,0.01756903888295369,0.023317893478782895,0.06652125403994606,0,9585.4033203125,overall
2401237,5,2,The cabinet is white.,4953,0.0987125318877551,0.08784627027910322,0.13034194928911433,0.2122513393476807,0,8065.560546875,overall
2401237,6,3,green tooth brush holder,1240,0.024713010204081634,0.024268390938216994,0.02827034257935408,0.14634635679183466,0,6419.076171875,overall
2401238,0,5,steel track on urinal area floor,441,0.0087890625,0.006359697594467077,0.006619303820722761,0.13953050193873123,0,9295.9853515625,overall|small
2401238,1,6,Special button for disabled,483,0.009626116071428572,0.011002203138153203,0.011926748016705674,0.12428945537432874,0,5033.3759765625,overall|small
2401238,2,4,handle to a door,2812,0.05604272959183673,0.04581338580268574,0.0813360412616483,0.0949396320630612,1,3282.311767578125,overall|part
2401238,3,0,built-in floor white porcelain urinal,7068,0.1408641581632653,0.10610444455724283,0.16170432670580565,0.23581849698907045,1,10307.486328125,overall
2401238,4,1,a green shelf,3760,0.07493622448979592,0.010495739767489645,0.017350122952264745,0.025879734120470413,0,5608.47900390625,overall
2401238,5,2,plastic bag in trash can,1225,0.0244140625,0.028414222776405738,0.030461261024654237,0.2971714564732143,0,11950.75390625,overall
2401238,6,3,A paper towel dispenser,3904,0.0778061224489796,0.0674031079485359,0.11562569511574002,0.13913015459404618,1,4697.607421875,overall
2401239,0,3,The nose of the zebra,247,0.004922672193877551,0.0085854957075929,0.009015529752070074,0.1525368014810539,0,4179.07666015625,overall|small
2401239,1,4,Zebra has black and white mane.,348,0.0069355867346938774,0.007552931046779125,0.007869969926890997,0.15788702033031946,0,6981.56201171875,overall|small
2401239,2,5,Roof is made from tree branches.,3036,0.06050701530612245,0.07140735957072875,0.0877798657588755,0.2768530361894248,0,9575.3828125,overall|part
2401239,3,0,The shadow of the tree the zebras are under,17171,0.3422154017857143,0.08571526624245603,0.2757438523085333,0.11061972476532016,0,6888.462890625,overall
2401239,4,1,The lone zebra,1035,0.020627391581632654,0.023039110214557075,0.02513380899095898,0.21657169360469505,0,8918.333984375,overall
2401239,5,2,Tips of zebra's ears are black.,1763,0.03513632015306122,0.03946269164618245,0.048159414586205734,0.1793394472811348,0,6565.1845703125,overall
2401240,0,0,part of a short,299,0.0059590242346938774,0.0037785344339248323,0.0038666426162422382,0.1422358484172502,0,10998.8232421875,overall|small
2401240,1,1,part of a sock,32,0.0006377551020408163,0.0006572478940836725,0.0006600206813312968,0.13528326153755188,0,6558.98291015625,overall|small
2401240,2,2,part of a white line,165,0.003288424744897959,0.004367740531820817,0.004521676438342929,0.11370850765343868,0,4149.32470703125,overall|small
2401240,3,3,white baseball cap,270,0.005381058673469388,0.0051060365377796225,0.0052795839564276845,0.13444914641203703,0,6875.7822265625,overall|small
2401240,4,4,Person wearing black shorts.,260,0.005181760204081632,0.005401533596676152,0.005519595317267157,0.20161675673264723,0,9497.1376953125,overall|small
2401240,5,5,edge of a racket,108,0.002152423469387755,0.003390264633901376,0.003427691319576032,0.23692927537141023,0,7465.1884765625,overall|small
2401240,6,6,part of a shade,135,0.002690529336734694,0.004573410689042896,0.004685310904944316,0.16071523030598958,0,4630.76123046875,overall|small
2401241,0,1,black nose of bear,572,0.011399872448979591,0.015056087126125743,0.018846585353303656,0.06964608172436694,0,2113.78125,overall|small
2401241,1,5,rock on ground,814,0.016222895408163265,0.013153455391798295,0.016373818854827197,0.06268593134399714,0,3116.337646484375,overall|small
2401241,2,2,Right arm of a black bear. ,2409,0.0480110012755102,0.03512449840178673,0.049893618365165794,0.1060725014553173,0,5121.4697265625,overall|part
2401241,3,6,Left side front arm of a black bear. ,3071,0.061204559948979595,0.046331608543225544,0.06264650138067339,0.15103563801235348,0,7403.93212890625,overall|part
2401241,4,0,Wooden barricade on ground,5720,0.11399872448979592,0.0976135567491396,0.12975525541728883,0.2826725886418269,0,12461.0537109375,overall
2401241,5,3,Bears ears pointing straight up,2144,0.04272959183673469,0.02988428069257822,0.03546485002665896,0.15960481273594188,0,9648.78515625,overall
2401241,6,4,Part of a tree trunk to the right of a black bear. ,7104,0.14158163265306123,0.10091581585744601,0.15482246988472165,0.2247070449966568,0,10310.640625,overall
2401242,0,5,Black handle on the bottom suitcase. ,851,0.01696029974489796,0.02054952613688008,0.021592483409442143,0.2984620216450316,0,11762.9443359375,overall|small|part
2401242,1,3,Bottom right latch on a brown suitcase. ,350,0.006975446428571429,0.005676355921228403,0.005849608289809979,0.16083003452845981,0,9622.9541015625,overall|small
2401242,2,4,There is a red ribbon on the suitcase,567,0.011300223214285714,0.008446500048622674,0.00898900950363263,0.12277062902164627,0,7744.00634765625,overall|small
2401242,3,1,The round handle is sticking out,2576,0.05133928571428571,0.061822988377504044,0.09857256257638947,0.14223937514405813,1,3717.146240234375,overall|part
2401242,4,0,White tag on a bottom suitcase. ,1092,0.021763392857142856,0.03189415147676694,0.03560159294816129,0.23446219308035715,0,7191.6083984375,overall
2401242,5,2,stitches were on the seams of the case,14136,0.2817283163265306,0.09011473314973656,0.24238422513922642,0.12545031130347606,0,7316.3408203125,overall
2401244,0,3,the stop sign is red.,880,0.017538265306122448,0.01799319798715054,0.019548764508313624,0.18441918113014916,0,8301.74609375,overall|small|text
2401244,1,5,and advertising sign,255,0.005082110969387755,0.008073491818415875,0.008964639498215004,0.07511589947868796,0,2136.6787109375,overall|small|text
2401244,2,8,The green street sign.,133,0.002650669642857143,0.004618976138478928,0.004665879162795425,0.3148302924364133,0,8974.177734375,overall|small|text
2401244,3,1,The side view mirror of the black pickup truck.,84,0.0016741071428571428,0.004767178668495626,0.0048335404257564395,0.2577325730096726,0,4479.0224609375,overall|small
2401244,4,4,a billboard in the distance,285,0.00568000637755102,0.009806284882928982,0.010134006681453154,0.2326791060598273,0,6543.6650390625,overall|small
2401244,5,6,a set of traffic lights,630,0.012555803571428572,0.012028260747625691,0.012516253513772838,0.2357697259812128,0,11867.36328125,overall|small
2401244,6,9,The date is 9/19/2008.,312,0.006218112244897959,0.009757782162530435,0.010046426537714329,0.25352243276742786,0,7873.3466796875,overall|small
2401245,0,0,black socks,210,0.004185267857142857,0.007292689056095998,0.00749954945159276,0.20910497392926897,0,5855.291015625,overall|small
2401245,1,1,A HUB CAP ON A TIRE,630,0.012555803571428572,0.009202491755529287,0.01181678519663514,0.039934769887772815,0,2129.08203125,overall|small
2401245,2,2,green tire on board,704,0.01403061224489796,0.01472601109618579,0.015380505989453622,0.25709022175181995,0,11767.591796875,overall|small
2401245,3,3,the back right wheel,2200,0.043845663265306124,0.052924031484795145,0.06183518363626424,0.26860165682705966,0,9556.4306640625,overall|part
2401245,4,4,the right black shoelaces,1470,0.029296875,0.02443295235445643,0.03257226178686838,0.08906810526945153,0,4019.681396484375,overall
2401245,5,5,green and white sneakers on a black skateboard,2610,0.05201690051020408,0.06434864109902476,0.07417625542771673,0.32691056408644636,0,11502.826171875,overall
2401245,6,6,cement under board,4895,0.09755660076530612,0.04384391064248889,0.08046781243653943,0.08786685931913943,0,5345.09716796875,overall
2401246,0,1,section of a boys hair,105,0.0020926339285714285,0.0008653782453352602,0.0008807391145486996,0.04727225076584589,0,5635.70556640625,overall|small|part
2401246,1,2,string of wii controller,912,0.018176020408163265,0.02574303275160157,0.027567522426661606,0.28004201253255206,0,9264.4638671875,overall|small
2401246,2,3,back of a boy,420,0.008370535714285714,0.010070166813560107,0.010274305861846245,0.3363555181594122,0,13749.767578125,overall|small
2401246,3,6,the books are on the shelf,363,0.00723453443877551,0.0005472870851715996,0.0005921206642334575,0.007176194309203093,0,4399.37109375,overall|small
2401246,4,8,the boy looks down,108,0.002152423469387755,0.0029580754559484566,0.0029856131144129225,0.24283289026331017,0,8784.109375,overall|small
2401246,5,9,section of a remote,50,0.0009964923469387755,0.0015613930922402902,0.001577148276156991,0.13517315864562987,0,4285.3662109375,overall|small
2401246,6,4,indians logo on tshirt,1560,0.031090561224489797,0.030853131853637535,0.04143767923322884,0.10777029379820212,0,4057.217041015625,overall|text
2401247,0,0,a green leaf laying on the ground ,475,0.009466677295918368,0.008957290088692085,0.00966225089856688,0.10934512489720395,0,5375.44873046875,overall|small|part
2401247,1,5,The cat has yellow eyes.,816,0.016262755102040817,0.01137533777760992,0.01225670730685756,0.1365840949264227,0,9093.1943359375,overall|small|part
2401247,2,7,green leaf next to cat,552,0.011001275510204082,0.01731375766979848,0.01766949650445722,0.4623574519502944,0,14444.17578125,overall|small|part
2401247,3,8,dead brown leaf on the ground ,132,0.0026307397959183672,0.003373172848789005,0.0034344633407669477,0.15897021149144028,0,6109.853515625,overall|small|part
2401247,4,2,a small pink nose of a cat,48,0.0009566326530612245,0.0002758215399502477,0.00027852478355544827,0.027633557717005413,0,4762.27197265625,overall|small
2401247,5,4,white paw of cat,405,0.008071588010204082,0.013555214330217707,0.014924768398777991,0.12870619032118055,0,3492.583984375,overall|small
2401247,6,6,leaves on the ground,4760,0.09486607142857142,0.06421023242049698,0.10196838075287272,0.14777858958524817,0,6898.47265625,overall|part
2401248,0,8,yellow mustard container on door,504,0.010044642857142858,0.010950008461743842,0.011707559073154955,0.14473394363645523,0,6230.66748046875,overall|small|part
2401248,1,0,jar of jam,506,0.010084502551020409,0.013886199806126504,0.014997767300489104,0.15779462067977243,0,5323.73095703125,overall|small
2401248,2,1,five beers in fridge,343,0.0068359375,0.004796694739966503,0.00486157736325826,0.264387080690256,0,18653.36328125,overall|small
2401248,3,4,jar of pickle relish,120,0.0023915816326530613,0.0024316628275422043,0.0025364895992444035,0.05556922753651937,0,2628.951171875,overall|small
2401248,4,5,bottle of salad dressing,145,0.002889827806122449,0.0032314582795508096,0.0033369743294205277,0.09272015670250203,0,4028.926025390625,overall|small
2401248,5,6,There is butter on the shelf,176,0.00350765306122449,0.004332825175476087,0.004455806435816082,0.13568466359918768,0,5359.41162109375,overall|small
2401248,6,7,carton of eggs at top,192,0.003826530612244898,0.004293456631296867,0.004378337092599387,0.18131214380264282,0,7950.9482421875,overall|small
2401249,0,0,wake of a person sailing,25,0.0004982461734693878,0.0008449083894654025,0.0008464456131394741,0.31751523971557616,0,9377.8984375,overall|small
2401249,1,1,hands holding camera to take a photo,224,0.004464285714285714,0.002925052468226214,0.0033911672501323897,0.020837460245404924,0,1376.3966064453125,overall|small
2401249,2,2,a person is skydiving,968,0.019292091836734693,0.023262981588666003,0.02626640172328798,0.16905310134257168,0,6230.1416015625,overall|small
2401249,3,4,part of tree trunk to left of the woman,845,0.016840720663265307,0.01063480870059309,0.01142264964310916,0.13359199839936206,0,9882.5791015625,overall|small
2401249,4,6,part of coat woman in red boots is wearing,162,0.0032286352040816328,0.0010291034261529094,0.0010493759993584844,0.050575668429151,0,7807.7431640625,overall|small
2401249,5,7,part of scarf woman is wearing,231,0.004603794642857143,0.010155639989571516,0.010342353957028585,0.3600145150056649,0,8041.046875,overall|small
2401249,6,8,grass by picnic bench,147,0.0029296875,0.004389883244710502,0.004456819125659097,0.22618191258436968,0,7460.1953125,overall|small
2401250,0,5,Red stop sign on the road,176,0.00350765306122449,0.004914213627700184,0.0049797090792946044,0.2720042575489391,0,9613.5634765625,overall|small|text
2401250,1,2,fire hydrant to the right of skateboarder,63,0.0012555803571428572,0.0009133391078340019,0.0009190969682141138,0.12724087730286612,0,8721.794921875,overall|small
2401250,2,4,Dirty white skate shoes with black accents,510,0.01016422193877551,0.011526594422921343,0.012908430198649092,0.09720874861174938,0,3840.626708984375,overall|small
2401250,3,7,mini van parked in drive way,575,0.011459661989795918,0.01319327255485096,0.013763795803709405,0.241439208984375,0,10086.4287109375,overall|small
2401250,4,8,Black wheels on the skateboard,210,0.004185267857142857,0.003262365590936737,0.00338244898462433,0.08415907905215309,0,5225.03271484375,overall|small
2401250,5,9,Windows with white frames,182,0.003627232142857143,0.0026209933199480293,0.002706662327932286,0.07647588226821396,0,5142.35205078125,overall|small
2401250,6,0,boy wearing a hooded sweatshirt,3388,0.06752232142857142,0.11531077799610787,0.1498071871564135,0.3336704438805158,0,7546.203125,overall
2401251,0,9,The design on the man's shirt,989,0.01971061862244898,0.041391874237278595,0.04362477441257671,0.44711189540018326,0,10136.296875,overall|small|text
2401251,1,5,black beard on man's face,816,0.016262755102040817,0.024784658623565534,0.028420757877707262,0.16228524376364314,0,4659.43798828125,overall|small|part
2401251,2,0,cell phone in man's pocket,952,0.018973214285714284,0.03804548040197702,0.04207139499031815,0.2844778750123096,0,6437.22265625,overall|small
2401251,3,4,white wii remote control,360,0.007174744897959184,0.004750495767573065,0.00499068155726329,0.08983990351359049,0,6480.55078125,overall|small
2401251,4,7,drawer in desk without cover,480,0.009566326530612245,0.009822564183577897,0.010346958756062397,0.16234677632649738,0,7531.3388671875,overall|small
2401251,5,8,The man's glasses,420,0.008370535714285714,0.009914133072281383,0.01128081249797365,0.07564291272844587,0,2816.28857421875,overall|small
2401251,6,1,black office chairs,2448,0.04878826530612245,0.030874825714350275,0.036002016747085856,0.1781697491415186,0,12114.8642578125,overall
2401252,0,0,Arm band is red and green.,846,0.01686065051020408,0.01613042700588307,0.020080682642550342,0.07578320875235484,0,3192.749755859375,overall|small|part
2401252,1,3,left hand of a girl,1386,0.027622767857142856,0.005718652189594734,0.006459016856792254,0.047519359065684746,0,10196.8818359375,overall|part
2401252,2,1,a white wii remote,3956,0.07884247448979592,0.02853516007140913,0.05496330875443219,0.056020746337150054,0,4032.109375,overall
2401252,3,2,an asian young child,17667,0.3521006058673469,0.2499644044269634,0.42008386198303416,0.3816659082788532,1,16051.298828125,overall
2401253,0,0,empty white beach chairs,546,0.010881696428571428,0.010389971556177534,0.011032800469973458,0.15133548219562012,0,7489.41064453125,overall|small
2401253,1,1,blue beach chair in sand,630,0.012555803571428572,0.015699792958071758,0.0170059688999052,0.16971519106910343,0,6287.23779296875,overall|small
2401253,2,3,yellow umbrella on beach,342,0.006816007653061225,0.0064334763221272585,0.006665687227461059,0.1558866110461497,0,7998.158203125,overall|small
2401253,3,4,yellow umbrella on beach,90,0.001793686224489796,0.0014862793134152073,0.0015007732378633557,0.13337135314941406,0,7998.158203125,overall|small
2401253,4,7,blue beach chair in sand,738,0.014708227040816327,0.01457315570268722,0.016049864875391253,0.13673349189241404,0,6287.23779296875,overall|small
2401253,5,8,A person standing on the beach.,198,0.003946109693877551,0.0073619830310397965,0.007544712741869353,0.23311021592881945,0,6117.63818359375,overall|small
2401253,6,9,yellow umbrella on beach,418,0.008330676020408163,0.005855814179252219,0.00612597833650423,0.11721661216334293,0,7998.158203125,overall|small
2401254,0,5,A small gray logo over the man's chest on the left side,72,0.0014349489795918368,0.0009303940511874659,0.0009357689007537071,0.13940215110778809,0,10725.890625,overall|small|text
2401254,1,9,Man wearing yellow shirt.,660,0.013153698979591837,0.014724641311324808,0.015637382986875784,0.20144842899206913,0,8502.443359375,overall|small|text
2401254,2,1,Man has dark hair.,783,0.015605070153061224,0.004942326975122941,0.005696213027522592,0.03599892295944584,0,4948.40283203125,overall|small|part
2401254,3,2,The man's thick metal bracelet,84,0.0016741071428571428,7.323721791128565e-05,7.539170810947943e-05,0.0025562264380000884,0,2848.0986328125,overall|small
2401254,4,4,metal railing along sidewalk.,420,0.008370535714285714,0.005925458154216579,0.006141442679871932,0.1441933858962286,0,9861.07421875,overall|small
2401254,5,6,grass on the ground.,230,0.004583864795918368,0.003499441378035466,0.0036400590901525514,0.08306282706882642,0,5248.39013671875,overall|small
2401254,6,7,metal pole on sidewalk.,272,0.005420918367346939,0.01119320530535231,0.011443708994040768,0.3383341677048627,0,8041.70166015625,overall|small
2401255,0,1,hood of car is white.,264,0.0052614795918367345,0.009610507211746402,0.010099995117818608,0.1654853242816347,0,4325.55908203125,overall|small
2401255,1,2,Statue on the right side of the stairs,945,0.018833705357142856,0.018044658449155832,0.019353133132034114,0.2106663779606895,0,10286.6923828125,overall|small
2401255,2,3,metal parking meter,1003,0.019989636479591837,0.035286166703290864,0.040865158056540174,0.20538124700605215,0,5040.9052734375,overall|small
2401255,3,4,Woman walking in the street,390,0.007772640306122449,0.004480546209986757,0.004808233134687707,0.0616885258601262,0,5003.6103515625,overall|small
2401255,4,5,two people leaving building,154,0.0030691964285714285,0.001982448303003081,0.00201752379089275,0.10235761667226816,0,7813.0791015625,overall|small
2401255,5,6,statue of religious figure,300,0.005978954081632653,0.005918857594464312,0.006031146087603664,0.24122212727864584,0,11998.8203125,overall|small
2401255,6,7,the hub caps are circles.,99,0.0019730548469387753,0.004374524605193158,0.004431021949107076,0.2554476766875296,0,5707.33349609375,overall|small
2401256,0,5,logo on the arm of a baseball uniform ,210,0.004185267857142857,0.004988046803607213,0.005046519928926763,0.3009403592064267,0,12522.9814453125,overall|small|text|part
2401256,1,2,left hand giving a signal ,364,0.007254464285714286,0.013452452492264906,0.015644542099833347,0.08759764262608119,1,2038.1256103515625,overall|small|part
2401256,2,3,The mitt is black.,1000,0.01992984693877551,0.010981893780562657,0.013885974178842408,0.04989058303833008,0,3592.8759765625,overall|small
2401256,3,4,baseball cap on player,744,0.01482780612244898,0.011425772807130932,0.012509100271254292,0.11655512163715978,0,6932.31396484375,overall|small
2401256,4,6,pocket on left side,324,0.0064572704081632655,0.0032023508205305056,0.0035298140020597743,0.0333672011340106,0,3062.760009765625,overall|small
2401256,5,0,name and number of baseball player,1375,0.027403539540816327,0.028179215263971883,0.029976829706698033,0.3196879216974432,0,14663.6884765625,overall|text
2401256,6,1,bright green grass of baseball field,7238,0.14425223214285715,0.06241844514440695,0.11650316032319746,0.11851926046236011,0,7363.25439453125,overall
2401257,0,1,text reading'09,40,0.0007971938775510204,0.0007108758249868991,0.0007145919190384872,0.12025958299636841,0,6731.65087890625,overall|small|text
2401257,1,2,arm of a human in back,7315,0.14578683035714285,0.16770887541802593,0.20819176734137387,0.4630809311987355,1,16270.75390625,overall|part
2401257,2,0,The plate is white.,29104,0.5800382653061225,0.22867266314563356,0.6393021728691741,0.2625459122618454,1,11952.3076171875,overall
2401258,0,8,man with grey hair,459,0.00914779974489796,0.02335073759754821,0.02634388122692311,0.1704820288032748,0,2970.376708984375,overall|small|part
2401258,1,4,black backpack on a woman,444,0.008848852040816327,0.010719488322100101,0.011203102506837813,0.19892395294464385,0,7883.72998046875,overall|small
2401258,2,6,dark purple backpack,468,0.00932716836734694,0.014644094859380402,0.01530255156266879,0.25391461299015927,0,7765.5048828125,overall|small
2401258,3,0,tan duffel bag in middle,1960,0.0390625,0.028473424095341607,0.031904586530945966,0.2093358409648039,0,12860.1650390625,overall
2401258,4,1,blue instrument case,1386,0.027622767857142856,0.010095171204744065,0.013620967319497324,0.037536078889304596,0,3819.4794921875,overall
2401258,5,2,man wearing blue shorts,1520,0.030293367346938774,0.030342652797368877,0.03460131365824653,0.19777422453227797,0,8688.017578125,overall
2401258,6,3,large round white column,2352,0.046875,0.04436351660178929,0.05862296710121857,0.1542523442482462,0,6188.7265625,overall
2401259,0,2,a green carrot leaf,432,0.00860969387755102,0.009131095569072881,0.010201746790433407,0.0800419118669298,0,3389.429931640625,overall|small|part
2401259,1,6,a green carrot leaf,256,0.00510204081632653,0.0036218813312189476,0.0038813802369858904,0.05138932168483734,0,3389.429931640625,overall|small|part
2401259,2,3,brown spots on carrots,338,0.0067362882653061226,0.007788298387342375,0.0080853106357533,0.17492715282553045,0,7312.69091796875,overall|small
2401259,3,5,an unpeeled orange carrot,910,0.018136160714285716,0.01355313617465371,0.015365105729585608,0.10308079981541896,0,6104.97119140625,overall|small
2401259,4,0,large carrots are toward the bottom,7208,0.14365433673469388,0.08526658665348577,0.1323992968409362,0.19323622082235017,0,10520.0458984375,overall
2401259,5,1,The umbrella is yellow and red,17280,0.34438775510204084,0.2610004816546744,0.5277357465546585,0.34053881609881365,1,11150.4873046875,overall
2401259,6,4,purple carrots on the table,1280,0.025510204081632654,0.020670879169265494,0.02337212312361019,0.151716947555542,0,8308.9453125,overall
2401260,0,1,red pasta on a white dish on a table,768,0.015306122448979591,0.012017478024536522,0.012218378659502196,0.4222589333852132,0,26541.5625,overall|small
2401260,1,0,broccoli rabe,33790,0.6734295280612245,0.16136777714286046,0.5657525136699488,0.18418014991491566,0,11000.2998046875,overall
2401261,0,0,person is flying a kite,252,0.005022321428571429,0.0031461555386867244,0.0032321475285903055,0.10574824469430107,0,8244.845703125,overall|small
2401261,1,5,wave in the ocean,310,0.0061782525510204085,0.003693370452945925,0.0038758031512527128,0.07275710567351311,0,5819.3623046875,overall|small
2401261,2,7,white wave in ocean,276,0.005500637755102041,0.008521083211605343,0.008828333281981968,0.1966836072396541,0,6148.91552734375,overall|small
2401261,3,8,bird next to bird,12,0.00023915816326530612,0.0002096297132222893,0.0002097909448879332,0.21430923541386923,0,12258.4453125,overall|small
2401261,4,1,white cloud in grey sky,2440,0.04862882653061224,0.03765916271509991,0.05652050940419029,0.10140681657634798,0,4377.74951171875,overall
2401261,5,2,flock of birds flying above the ocean,1944,0.038743622448979595,0.02348318877229428,0.028821929291257705,0.11251313794296955,0,7588.8583984375,overall
2401261,6,3,huge kite in the air,2968,0.05915178571428571,0.042168713475956944,0.06139245135589424,0.118685678651712,0,5737.82421875,overall
2401262,0,1,the hand of the woman,40,0.0007971938775510204,0.0014342237378584075,0.0014875396664769847,0.03847588896751404,0,1034.6181640625,overall|small|part
2401262,1,2,part of a building,21,0.0004185267857142857,0.0011183036569836513,0.0011197055431896206,0.47179499126615976,0,8848.482421875,overall|small
2401262,2,3,edge of a building ,70,0.0013950892857142857,0.0035441975942025854,0.0035788417615459636,0.26800297328404016,0,5241.9775390625,overall|small
2401262,3,4,a kite in the sky,448,0.008928571428571428,0.01697865444024699,0.017291099709132646,0.4844349111829485,0,12551.361328125,overall|small
2401262,4,6,a lady pointing to something,304,0.006058673469387755,0.010791402483246304,0.011267775574697375,0.2033471057289525,0,5486.22216796875,overall|small
2401262,5,7,part of sea water,140,0.0027901785714285715,0.002768458080528067,0.0027870062419237764,0.29377656664167134,0,14757.3115234375,overall|small
2401262,6,8,A person's knee.,72,0.0014349489795918368,0.0007317882430609951,0.0007545907007887886,0.02364413109090593,0,2256.027587890625,overall|small
2401263,0,0,the color light brown,60,0.0011957908163265306,0.0004654474412475319,0.0004691501937919725,0.05568942228953044,0,7122.16552734375,overall|small
2401263,1,1,black arch design on bed,330,0.006576849489795918,0.004992065534050497,0.005225725979098934,0.10043274850556344,0,6342.23974609375,overall|small
2401263,2,3,brownish red carpeted floor,198,0.003946109693877551,0.004732849509179527,0.004829468610386809,0.1913112293590199,0,7843.43505859375,overall|small
2401263,3,5,pastel colored lamp with a white shade,575,0.011459661989795918,0.015479758867254471,0.01687899753640397,0.157349853515625,0,5360.28076171875,overall|small
2401263,4,6,the white bed skirt,280,0.005580357142857143,0.008529757722714387,0.008731099520907422,0.27001397269112726,0,8659.1513671875,overall|small
2401263,5,8,vent above the bed,374,0.007453762755102041,0.00645834127331227,0.006887626901718054,0.09389114379882812,0,5098.314453125,overall|small
2401263,6,9,small table on the headboard,186,0.003706951530612245,0.004091858167885637,0.004152921765275947,0.2177026810184602,0,9750.412109375,overall|small
2401264,0,0,shadow cast on white plate,648,0.012914540816326531,0.010309976348213325,0.013232496150162445,0.04459925051088686,0,2184.041015625,overall|small
2401264,1,3,a splash of gravy on the side of the plate,378,0.007533482142857143,0.005237137950860934,0.005583007835811022,0.07794798997344163,0,5277.5029296875,overall|small
2401264,2,5,red plate with food,888,0.017697704081632654,0.015156173543186633,0.016021800960732233,0.21906964413754576,0,12141.8212890625,overall|small
2401264,3,8,a red bowl with food inside it,594,0.011838329081632654,0.008231641685909173,0.008447867536780389,0.24334560098872843,0,17110.505859375,overall|small
2401264,4,1,Shiny light green piece of broccoli on the bottom left. ,5082,0.10128348214285714,0.03865035605630252,0.13315399293220131,0.05164520611963794,0,1971.1082763671875,overall
2401264,5,2,some cooked broccoli,4000,0.07971938775510204,0.030923350911428515,0.04942178538044465,0.07631240081787109,0,6176.41796875,overall
2401264,6,4,Pile of thin sliced carrots on the top of the photo. ,5488,0.109375,0.04168199017619971,0.0813337576138274,0.07876397847434174,0,5314.60400390625,overall
2401265,0,1,white sign on building,429,0.008549904336734694,0.009311480893216288,0.009617213878226871,0.22654754354125692,0,10105.72265625,overall|small|text
2401265,1,7,red letter on sign.,144,0.0028698979591836736,0.004260199105477889,0.004341415989006916,0.18548683325449625,0,6152.39453125,overall|small|text
2401265,2,2,street light on pole.,120,0.0023915816326530613,0.0017450760834966657,0.0017708796147843822,0.10695423285166422,0,7247.53271484375,overall|small
2401265,3,3,a blue pickup truck,676,0.013472576530612245,0.00921384133482937,0.009965275948387382,0.10888601901263174,0,7386.34326171875,overall|small
2401265,4,4,wood beam of garden bed,917,0.018275669642857144,0.023789574730993298,0.025878775351645907,0.22760820128795495,0,8065.169921875,overall|small
2401265,5,5,stop lights over road,468,0.00932716836734694,0.011107026643767325,0.011599813886030258,0.20726176204844418,0,8362.07421875,overall|small
2401265,6,6,yellow paint on curb,400,0.007971938775510204,0.008757823709581263,0.009897402380726724,0.07068633079528809,0,2856.762939453125,overall|small
2401266,0,1,the eye of a giraffe,72,0.0014349489795918368,0.0018274169164807293,0.001849079767386555,0.13493548499213326,0,5254.15673828125,overall|small|part
2401266,1,2,back leg of a giraffe,234,0.00466358418367347,0.003029349448094665,0.003088893739176583,0.13580721667689136,0,10288.11328125,overall|small|part
2401266,2,3,front leg of a giraffe,60,0.0011957908163265306,0.0011898906759634173,0.0011973787980682103,0.15985306104024252,0,8010.14990234375,overall|small|part
2401266,3,6,tail of a giraffe,40,0.0007971938775510204,0.0009241196675054914,0.0009286699108888213,0.15867815017700196,0,6834.6416015625,overall|small|part
2401266,4,9,branch of a tree,156,0.0031090561224489796,0.005572679794121091,0.0056421136224513325,0.3116880319057367,0,8617.9287109375,overall|small|part
2401266,5,4,neck of a giraffe,297,0.005919164540816327,0.009367348102434168,0.009761709100384047,0.18822743836476746,0,5726.81982421875,overall|small
2401266,6,7,part of a grass,336,0.006696428571428571,0.01136343658068464,0.011929199225844503,0.19328812190464564,0,5444.1884765625,overall|small
2401267,0,0,a field of tall grass,30459,0.6070432079081632,0.1704041066967955,0.45263431410280164,0.21463307360919598,0,14443.24609375,overall
2401267,1,1,the trees are green,16568,0.3301977040816326,0.2433236957960974,0.46761218116443004,0.33656123155329554,1,11924.724609375,overall
2401268,0,2,Knob of cotton ball container top,117,0.002331792091836735,0.0007956389546449731,0.000829163665381262,0.019298698148156844,0,2723.162841796875,overall|small
2401268,1,5,Silver fixtures on sink.,957,0.019072863520408163,0.038749733839271855,0.04457321668334444,0.22874755221599072,0,4911.27685546875,overall|small
2401268,2,7,Cotton balls inside of container.,540,0.010762117346938776,0.0068296021440531944,0.007288629671631588,0.09783383828622323,0,7248.3134765625,overall|small
2401268,3,0,Black and white keyboard,7392,0.14732142857142858,0.11112520584118163,0.24629101792450042,0.1683892584466315,0,5053.9130859375,overall
2401268,4,1,a medical chart lying open,12740,0.25390625,0.06766360895140476,0.175951500437761,0.09905296816743524,0,7172.060546875,overall
2401268,5,3,Wooden tongue depressors in container.,2535,0.05052216198979592,0.044551429442384785,0.04867104706564876,0.3448426857972756,0,17960.908203125,overall
2401268,6,4,Water bottle sitting on desktop,1127,0.0224609375,0.020597959313773433,0.024636567114691116,0.11162672745197773,0,5106.36572265625,overall
2401269,0,7,yellow shirt on boy's torso.,48,0.0009566326530612245,0.0008342180669431153,0.0008381506319944302,0.1509576439857483,0,8645.1845703125,overall|small|text
2401269,1,0,clear blue sky above.,714,0.014229910714285714,0.020107843682624593,0.022864348241392645,0.1429465050790824,0,4463.88427734375,overall|small
2401269,2,2,pattern on woman's dress.,289,0.0057597257653061226,0.010417687495883576,0.01172662638050579,0.08536374445192542,0,2103.769775390625,overall|small
2401269,3,3,The brown pants the boy is wearing.,180,0.003587372448979592,0.0035357269236809745,0.0036287277341758174,0.12123281690809462,0,6013.65234375,overall|small
2401269,4,4,umbrella behind the boy.,75,0.0014947385204081632,0.0010211680100484625,0.0010243191980102207,0.24921483357747395,0,18247.3515625,overall|small
2401269,5,6,yellow bag near inflatable gym.,40,0.0007971938775510204,0.001172885633593688,0.001176567438395065,0.27262701988220217,0,9268.5556640625,overall|small
2401269,6,8,bracelet on woman's wrist.,32,0.0006377551020408163,0.0012384539981869695,0.0012645319235307195,0.05665117874741554,0,1433.603759765625,overall|small
2401270,0,1,herd of zebras walking behind other zebras,232,0.004623724489795918,0.002681713788197102,0.00274647072561381,0.10212181354391164,0,8626.4384765625,overall|small
2401270,1,0,large group of zebras walking,12627,0.2516541772959184,0.13857518882141576,0.3074638847238464,0.20145512994228637,0,8273.4072265625,overall
2401270,2,2,herd of zebras in the lower field,3680,0.07334183673469388,0.042107759215315316,0.05925970228914485,0.12700479756230892,0,7886.93896484375,overall
2401270,3,3,bunch of low bushes in background,3393,0.06762197066326531,0.05945181182995407,0.07651664738386818,0.2104689881684258,0,9332.8876953125,overall
2401270,4,4,tall brown grass covering the ground,2993,0.059650031887755105,0.03476810012071778,0.040523026538928496,0.19666960945983336,0,14525.8681640625,overall
2401271,0,0,Dog's long furry pointy tail,854,0.017020089285714284,0.010070119234128958,0.011276847091435003,0.0860109887580961,0,6513.6455078125,overall|small|part
2401271,1,1,Dog's big red tongue,260,0.005181760204081632,0.004592438608977723,0.004665657495007787,0.22638916602501502,0,12615.8388671875,overall|small
2401271,2,2,a dog collar ,800,0.01594387755102041,0.02753641149450786,0.03213196531593899,0.16144927978515625,0,4019.6552734375,overall|small
2401271,3,4,The dog's nose is black.,140,0.0027901785714285715,0.00309385421518626,0.003166705841078306,0.11854144505092076,0,5240.71484375,overall|small
2401271,4,7,Dog's brown back left paw,420,0.008370535714285714,0.008348044829994315,0.008896211972736446,0.11931559244791666,0,5633.02099609375,overall|small
2401271,5,5,Dog's brown left front leg,2254,0.044921875,0.03841405456779687,0.049373975951448455,0.14752408478676796,0,6734.70751953125,overall|part
2401271,6,3,The circle designed curtain.,5896,0.1175063775510204,0.15737085048138535,0.22109265019427218,0.35317889644462347,0,9418.4169921875,overall
2401272,0,0,Tail of a smaller zebra. ,204,0.004065688775510204,0.004406479956209863,0.0045189689713230645,0.15039638444489123,0,6789.35009765625,overall|small|part
2401272,1,1,Back two legs of a larger black and white zebra. ,612,0.012197066326530613,0.011135831683917935,0.012113561200692189,0.1212400299271727,0,6125.275390625,overall|small|part
2401272,2,3,front leg of a zebra,87,0.0017338966836734694,0.0011302658217309514,0.001139654191071657,0.12064950219516096,0,9210.255859375,overall|small|part
2401272,3,5,head of a zebra,90,0.001793686224489796,0.0016871625168894868,0.0017005247204486893,0.17676142586602106,0,9355.0703125,overall|small|part
2401272,4,4,Light colored rock in between two zebras. ,234,0.00466358418367347,0.005021707658656741,0.00516752768819547,0.15107316237229568,0,6841.01220703125,overall|small
2401272,5,6,A dark grey rock beside the grazing deer,240,0.0047831632653061226,0.007590585933397796,0.007836943434392205,0.19450078010559083,0,5956.427734375,overall|small
2401272,6,7,The shadow of the little zebra,416,0.008290816326530613,0.011893382116223027,0.012582515452158634,0.17841186890235314,0,5898.60888671875,overall|small
2401273,0,1,the dog's eyes are black,3111,0.062001753826530615,0.12371355552833838,0.15672315539135767,0.37002631162608485,0,7345.12939453125,overall|part
2401273,1,0,a black skateboard under the dog,15456,0.3080357142857143,0.11062747570663108,0.22719924139307465,0.17737029650196526,0,12066.216796875,overall
2401274,0,1,cheese mixed with carrots,598,0.011918048469387755,0.015475109588077036,0.016083869875312677,0.2902078532853653,0,10789.958984375,overall|small
2401274,1,6,A leaf of spinach.,2337,0.046576052295918366,0.03455620207906733,0.05735689646285214,0.07997651726555814,0,3258.6337890625,overall|part
2401274,2,0,the salad has spinach ,4736,0.09438775510204081,0.025340101466326828,0.041874008911111024,0.060306433084848766,0,6820.72900390625,overall
2401274,3,2,Two pieces of broccoli. ,2337,0.046576052295918366,0.016896357648001403,0.020516391119746232,0.08739091108433956,0,9954.6044921875,overall
2401274,4,3,the table is made of metal,1144,0.022799744897959183,0.004243047967530661,0.004744496435650733,0.03859646003563087,0,9306.435546875,overall
2401274,5,4,A sliver of carrots.,2448,0.04878826530612245,0.015194997191017369,0.027060354325096913,0.033493316251468036,0,3029.954345703125,overall
2401274,6,5,the rim of a table,1189,0.02369658801020408,0.01681008606563299,0.01933400943073841,0.11408016118209235,0,7015.6845703125,overall
2401275,0,5,an exit sign,200,0.003985969387755102,0.007315183199128745,0.007396034429440078,0.4009004211425781,0,10840.9560546875,overall|small|text
2401275,1,3,a tennis player's left shoe,551,0.010981345663265306,0.012170669893106603,0.013513437044215175,0.10911875757677801,0,4449.2333984375,overall|small|part
2401275,2,4,a tennis player's right shoe,320,0.006377551020408163,0.0072061774367621415,0.007757788304345542,0.09202079176902771,0,3795.753662109375,overall|small|part
2401275,3,2,blue tennis shorts,855,0.017040019132653062,0.009455538589595424,0.010344351153198738,0.09913747687088816,0,8194.08984375,overall|small
2401275,4,6,2 men are sitting in first row,864,0.01721938775510204,0.015451179642032346,0.016410348757274592,0.20908164978027344,0,11008.0869140625,overall|small
2401275,5,8,a long black umbrella,312,0.006218112244897959,0.0052694310459823895,0.00542156383458193,0.1580981963720077,0,9098.23046875,overall|small
2401275,6,9,green plants behind the barrier fence,806,0.016063456632653062,0.016933074004670336,0.02146205022020502,0.07428233144301043,0,2789.647705078125,overall|small
2401276,0,0,surfer walking in the water,2907,0.057936065051020405,0.037023379546899784,0.04711941419933858,0.1473343110716052,0,9089.689453125,overall
2401276,1,1,the ship has a white sail,2397,0.047771843112244895,0.04473229874191201,0.04847916735808086,0.36659652589011005,0,18125.96875,overall
2401276,2,2,white wave moved by the wind,3568,0.07110969387755102,0.04334084787572065,0.056553125609872745,0.15648391107807244,0,9872.7451171875,overall
2401277,0,7,round logo on surfboard,456,0.009088010204081632,0.00872653924678105,0.00898948544250331,0.22978511609529195,0,11656.0634765625,overall|small|text
2401277,1,3,boy has brown curly hair,999,0.019909917091836735,0.03595422299938406,0.03887080490978713,0.323950048681494,0,8325.685546875,overall|small|part
2401277,2,1,ripple in ocean water,390,0.007772640306122449,0.003617833788582421,0.00461161423843303,0.016511271550105167,0,1396.3431396484375,overall|small
2401277,3,2,dirt spots on surfboard,882,0.017578125,0.01031533673697035,0.012363148491384191,0.058625288290772036,0,4182.3896484375,overall|small
2401277,4,0,wetsuit bottoms of kid,3204,0.06385522959183673,0.0419413450803963,0.05123261985982489,0.18782845448316557,0,11746.46875,overall
2401277,5,4,dark blue ocean water,4028,0.08027742346938775,0.05574963884404819,0.08586202921769209,0.13716020934513096,0,6434.5244140625,overall
2401277,6,5,dark blue ocean water,2968,0.05915178571428571,0.03612336693295801,0.05094537591936078,0.110447865612102,0,6434.5244140625,overall
2401278,0,1,pencil holder on shelf,224,0.004464285714285714,0.00581020241253868,0.005921375588576552,0.23633030482700892,0,8940.150390625,overall|small
2401278,1,3,section of a shelf,738,0.014708227040816327,0.004811307482481937,0.005897069083271277,0.0254660634813593,0,3186.999267578125,overall|small
2401278,2,4,part of a drawer ,160,0.0031887755102040817,0.003417042557079579,0.0034654168845599676,0.19665064811706542,0,9079.45703125,overall|small
2401278,3,6,section of a brown surface,299,0.0059590242346938774,0.009427994223402607,0.009871160424079041,0.1735542450461499,0,5257.0029296875,overall|small
2401278,4,7,red basket on top of dresser,900,0.01793686224489796,0.0207242576267749,0.021359429580763305,0.4106939019097222,0,17304.98046875,overall|small
2401278,5,8,part of a wooden floor,180,0.003587372448979592,0.006056773166298017,0.006357984877331513,0.11335454516940646,0,3209.164306640625,overall|small
2401278,6,9,unsolved Rubik's cube,96,0.001913265306122449,0.0010016023816359046,0.0010306346704400113,0.03433563063542048,0,3198.243408203125,overall|small
2401279,0,1,Flower centerpiece on table,512,0.01020408163265306,0.01247786884043405,0.012923169918284749,0.2658517360687256,0,10532.716796875,overall|small
2401279,1,0,Smiling couple,33166,0.6609933035714286,0.40169592299032814,0.7885007180134374,0.4502039397933878,1,18936.525390625,overall
2401280,0,1,circular red sign with one flat white line,722,0.014389349489795918,0.016868299584450262,0.02068730613374552,0.08372420947637585,0,2922.027587890625,overall|small|text
2401280,1,3,red stop sign on a city street,476,0.009486607142857142,0.010700099048136525,0.011101461820786812,0.22837037799739035,0,9791.890625,overall|small|text
2401280,2,6,black and white sign with arrow pointing right,143,0.002849968112244898,0.0033077594002738965,0.0034224277946558806,0.0898536468719269,0,3754.373291015625,overall|small|text
2401280,3,7,"red, white, and black caution sign",418,0.008330676020408163,0.009717567913038221,0.010118331055629079,0.19701020455246337,0,8138.72021484375,overall|small|text
2401280,4,0,metal divider on a pole,702,0.013990752551020409,0.010991776227804527,0.011898985242942717,0.12600287412985778,0,7433.74462890625,overall|small
2401280,5,2,small black tire on a car,70,0.0013950892857142857,0.0006502704026026361,0.0006544265545067032,0.0928811686379569,0,9934.9296875,overall|small
2401280,6,4,person driving small white car,460,0.009167729591836735,0.006461807561041831,0.0067804712472286635,0.12087389075237771,0,8200.3134765625,overall|small
2401281,0,1,steeple on top of church,330,0.006576849489795918,0.004486525754940498,0.0045906777979444376,0.1651020859227036,0,11868.33203125,overall|small
2401281,1,0,wintry day in front of the clock tower,26568,0.5294961734693877,0.3485315661093635,0.5876996824859299,0.4613330798564062,1,20855.375,overall
2401282,0,5,The text is white.,880,0.017538265306122448,0.03773041918793191,0.04550147185220016,0.18094626339999112,0,3499.5068359375,overall|small|text
2401282,1,7,the black face of the sheep,414,0.00825095663265306,0.015808314320607433,0.016126633087866726,0.44471567494857717,0,11416.66015625,overall|small|part
2401282,2,0,trough for the sheep.,279,0.005560427295918368,0.004770665786244386,0.004935816127799412,0.12478773055538055,0,7053.7021484375,overall|small
2401282,3,1,hazy sky in the background.,372,0.00741390306122449,0.009225082227977905,0.010012972563397502,0.10493536918394027,0,3898.538330078125,overall|small
2401282,4,6,pasture in the distance.,126,0.0025111607142857145,0.0020037052783509193,0.0020277555157605432,0.14452340867784289,0,8980.34765625,overall|small
2401282,5,8,grass on the ground.,210,0.004185267857142857,0.0008467597838389805,0.0008723045032686168,0.028102670397077287,0,6765.482421875,overall|small
2401282,6,3,a tree with green leaves,4264,0.08498086734693877,0.0618111972940167,0.08720470192282796,0.17509985775258707,0,8561.7607421875,overall|part
2401283,0,6,corner of street sign to exit,156,0.0031090561224489796,0.001960923502734614,0.002020501173649758,0.062355457208095454,0,4814.37548828125,overall|small|text
2401283,1,7,dust covered ford logo,357,0.007114955357142857,0.009928497025408883,0.010455093529611657,0.1646627324635909,0,5622.57958984375,overall|small|text
2401283,2,1,white house with dark roof,165,0.003288424744897959,0.011257818946541733,0.011335254436715295,0.6223501494436553,0,9059.150390625,overall|small
2401283,3,3,clean spots on dirty SUV,777,0.015485491071428572,0.013496137512272592,0.014250615837494025,0.20313364075571108,0,11075.650390625,overall|small
2401283,4,4,a fence alongside a road,912,0.018176020408163265,0.01748524012414332,0.01972714892386082,0.13334167212770695,0,6164.4794921875,overall|small
2401283,5,8,grass and dirt,440,0.008769132653061224,0.004149106208654741,0.004557249280241014,0.04427687905051492,0,4274.9091796875,overall|small
2401283,6,0,white line on road,1452,0.02893813775510204,0.01215567356424123,0.013912397797654807,0.08781345882363227,0,9164.857421875,overall
2401284,0,0,A number sign,121,0.0024115114795918366,0.00028757165878794117,0.000294494612100861,0.012085136303231736,0,4965.4609375,overall|small|text
2401284,1,4,tracks in the snow,425,0.008470184948979591,0.00461759313545705,0.004782227140123102,0.11826696059283089,0,10510.470703125,overall|small
2401284,2,1,A man skiing on a road,11832,0.23580994897959184,0.1507124861282704,0.23759671924088435,0.2918567876706178,0,14534.0791015625,overall
2401284,3,2,A clear blue sky,3750,0.07473692602040816,0.09939436164425787,0.16159703965142166,0.205225,1,4762.4248046875,overall
2401284,4,3,group of evergreen trees,2522,0.05026307397959184,0.08782545395251223,0.10708888178672249,0.32806427945795746,1,7726.087890625,overall
2401285,0,0,Both people are skiing.,27495,0.5479711415816326,0.2874870139109215,0.5186139051982783,0.39212591209765413,0,20789.072265625,overall
2401286,0,0,black and white ram face,1517,0.030233577806122448,0.02672602881245384,0.034200420412438495,0.10896450135766006,0,4833.2490234375,overall|part
2401286,1,1,sheep grazing on a dry grassy hillside,25415,0.5065170599489796,0.1811298048658375,0.5240681163640619,0.21679024674773756,0,10513.3740234375,overall
2401286,2,2,A white sheep in the back eating grass,2700,0.053810586734693876,0.03651222144669766,0.04197840245726101,0.2189949092158565,0,14085.4873046875,overall
2401286,3,3,a black sheep eating grass,4108,0.08187181122448979,0.055842396135806584,0.073917228922666,0.18591177846579846,0,10332.1728515625,overall
2401287,0,6,the surfer's hair is dark colored,264,0.0052614795918367345,0.004451947805653425,0.004718583438931801,0.07303123040632768,0,4086.02392578125,overall|small|part
2401287,1,7,legs of a man,45,0.000896843112244898,0.0009587995723725155,0.000969858357613302,0.07756478521558974,0,3598.891845703125,overall|small|part
2401287,2,0,green ocean water,820,0.01634247448979592,0.017386837945209524,0.02142215982584281,0.08450130369605088,0,3234.551025390625,overall|small
2401287,3,2,back of person,110,0.002192283163265306,0.003715815905801096,0.0038075863970281213,0.13357678326693448,0,3858.9921875,overall|small
2401287,4,4,back of surf board,20,0.0003985969387755102,0.0002920275874645035,0.00029228662242334263,0.2478456974029541,0,16959.0859375,overall|small
2401287,5,1,"a large, dark rock face",25606,0.5103236607142857,0.19823209063604777,0.4670861710960567,0.2561698948732719,0,14043.41796875,overall|part
2401287,6,3,the shore is rocky,5740,0.11439732142857142,0.05378773650995038,0.11770443945415635,0.09012466058498475,0,4395.03857421875,overall
2401288,0,0,a glass cup is next to bowl,1584,0.031568877551020405,0.042124259513962384,0.048255969640831856,0.2489751565335977,0,8172.59814453125,overall
2401288,1,1,orange pasta,1972,0.03930165816326531,0.01998155420590447,0.02396320636020309,0.10734780178108758,0,8833.9541015625,overall
2401288,2,2,fork to the left of the plate,3925,0.07822464923469388,0.05251490622831077,0.06731804231473856,0.1927765164709395,0,11239.896484375,overall
2401288,3,3,The edge of a brown plate or tray,1020,0.02032844387755102,0.012325664492279505,0.013659792710891315,0.1120576821121515,0,8367.5380859375,overall
2401288,4,4,green broccoli,1320,0.026307397959183673,0.012782659587720782,0.016010220671593477,0.0596271630489465,0,4916.1005859375,overall
2401289,0,4,Short yellow pole,234,0.00466358418367347,0.0021463961603404233,0.0021759227602972464,0.1365731883252788,0,14687.16015625,overall|small
2401289,1,5,'sherrif' is written on  trunk,256,0.00510204081632653,0.003161218609302119,0.003295337467401974,0.07207389175891876,0,5599.09765625,overall|small
2401289,2,6,part of a pole,180,0.003587372448979592,0.003426638855393616,0.0035091451369219846,0.12720262739393445,0,6524.80078125,overall|small
2401289,3,7,back light of a car,88,0.001753826530612245,0.0053600509459657926,0.005425845205122916,0.30653147263960406,0,4971.533203125,overall|small
2401289,4,8,Short wooden post in the grass,168,0.0033482142857142855,0.0038972494839009065,0.004036006177467124,0.10181713104248047,0,4238.16943359375,overall|small
2401289,5,9,License plate on a police car,130,0.002590880102040816,0.00694350921455508,0.007014422686820271,0.4071681096003606,0,7546.1455078125,overall|small
2401289,6,0,Back tire of the sheriff car.,1152,0.02295918367346939,0.014413113128683196,0.016684913075510146,0.09572237067752415,0,6609.0947265625,overall
2401290,0,0,leaves of a tree,245,0.0048828125,0.0032967656558980925,0.003373288814931633,0.12688751999212772,0,9215.7666015625,overall|small|part
2401290,1,2,woman's hand holding string,380,0.007573341836734694,0.0032205394516010054,0.003526212742325605,0.03582096852754292,0,3860.22314453125,overall|small|part
2401290,2,5,top part of pole with string running through it,320,0.006377551020408163,0.0033786426771791897,0.0034607538270267696,0.12465007305145263,0,11525.8193359375,overall|small
2401290,3,6,sky over the colorful fabric,225,0.00448421556122449,0.0015968883076054232,0.0016251742161183518,0.08403907775878906,0,11634.9326171875,overall|small
2401290,4,7,tip of tree,91,0.0018136160714285715,0.0024924684697305785,0.002520556337574059,0.18278606121356672,0,6599.15087890625,overall|small
2401290,5,8,edge of a fence,10,0.0001992984693877551,0.0001323850814856282,0.00013277818371961294,0.04280180931091308,0,3223.557373046875,overall|small
2401290,6,9,part of a fence,56,0.0011160714285714285,0.0011707846550444098,0.0011853238096770195,0.08713294778551374,0,4116.55029296875,overall|small
2401291,0,2,white sign with drwaing,168,0.0033482142857142855,0.001725516398918771,0.0018413617969635873,0.026694908028557188,0,2435.55859375,overall|small|text
2401291,1,3,Business name visible through trees,468,0.00932716836734694,0.02183547896470076,0.022935019664212693,0.31293213673127,0,6385.529296875,overall|small
2401291,2,6,The coin slot on the right meter.,66,0.0013153698979591836,0.0015327466689017415,0.0015615645873727922,0.07668617277434378,0,3241.164306640625,overall|small
2401291,3,1,a sign about Jesus taped to a parking meter,1225,0.0244140625,0.01845424009142052,0.025330359540497744,0.06365465436662947,0,3078.39892578125,overall|text
2401291,4,0,A row of shops on a city street,2323,0.04629703443877551,0.043961145122389765,0.050578397465579114,0.25150441281815,0,11551.2705078125,overall
2401291,5,4,The pole of a parking meter,2139,0.04262994260204082,0.03249458966781445,0.03669274017614009,0.22118969418390602,0,12894.2333984375,overall
2401291,6,5,Mud guard on the back of bicycle tire,2303,0.0458984375,0.02060087093322256,0.024574732112302072,0.11300158283268427,0,10589.8466796875,overall
2401292,0,1,A guard rail along the road,510,0.01016422193877551,0.008842283172516462,0.009202570859707673,0.18424091713101257,0,10210.501953125,overall|small|part
2401292,1,3,rear wheel of a vehicle ,280,0.005580357142857143,0.004640158029074992,0.004769430165890282,0.1461721556527274,0,8581.361328125,overall|small|part
2401292,2,5,licence plate on a vehicle ,96,0.001913265306122449,0.006639863140822104,0.006819374557460561,0.2014301617940267,0,2835.640625,overall|small
2401292,3,6,side rear view mirror on a vehicle ,63,0.0012555803571428572,0.0014572915257073168,0.0015374211607939222,0.027200047931973895,0,1114.595703125,overall|small
2401292,4,8,Rock along the train track,841,0.016761001275510203,0.0032127711014261822,0.0033927826215118836,0.057095667128046965,0,14152.82421875,overall|small
2401292,5,9,windows on a train car ,345,0.006875797193877551,0.013466097759194585,0.014337120734482655,0.18143711919369904,0,4365.99560546875,overall|small
2401292,6,0,train engine on tracks ,1353,0.026965082908163265,0.037110076571747426,0.04121269310076567,0.27155540223837077,0,8915.080078125,overall
2401293,0,7,part of a number plate,40,0.0007971938775510204,0.0017335342890683163,0.0017660071118931094,0.08615443706512452,0,1951.39501953125,overall|small|text
2401293,1,4,Glasses on man on motorcycle,156,0.0031090561224489796,0.0023437755060096727,0.002373328142863976,0.15840862958859175,0,10412.275390625,overall|small
2401293,2,5,Round motorcycle headlight,840,0.016741071428571428,0.024192141711680024,0.025035806122914492,0.4178951808384487,0,14021.1962890625,overall|small
2401293,3,6,engine of a bike,336,0.006696428571428571,0.006920162499681657,0.007109534284579464,0.20622435070219494,0,9746.26171875,overall|small
2401293,4,8,small circular orange indicator light,240,0.0047831632653061226,0.004165578189618624,0.004410697661452127,0.06972912152608236,0,3794.181884765625,overall|small
2401293,5,9,part of a jeans,88,0.001753826530612245,0.0007680545954162099,0.0007807125920889521,0.04522905295545405,0,5098.107421875,overall|small
2401293,6,0,hand on a man,1204,0.023995535714285716,0.028338274212675447,0.033996650576939715,0.14549048794464414,0,5152.58251953125,overall|part
2401294,0,1,a man in a white shirt,345,0.006875797193877551,0.010491823709631006,0.010933238562303568,0.20626607701398325,0,6508.75732421875,overall|small|text
2401294,1,2,a white patch on a pony's head,484,0.009646045918367346,0.014801119210119154,0.015438300250311754,0.2639575359249903,0,8275.2275390625,overall|small|part
2401294,2,0,group of carotts,165,0.003288424744897959,0.004538533320120685,0.004630977982614798,0.18524046233206085,0,6600.0478515625,overall|small
2401294,3,4,nose of a horse,54,0.0010762117346938774,0.0007046454797171134,0.0007117016227994143,0.0663563366289492,0,5034.75341796875,overall|small
2401294,4,6,pieces of carrot ,208,0.004145408163265306,0.006808723052813864,0.007051095133496458,0.1653308868408203,0,4877.08984375,overall|small
2401294,5,8,red lead attached to horse halter,935,0.0186344068877551,0.024288471125743106,0.025528897575952447,0.33327767275233955,0,12206.3486328125,overall|small
2401294,6,9,leg of a small horse ,2175,0.04334741709183673,0.016161468652802435,0.021087723672051795,0.06470561411188937,0,6673.7744140625,overall|part
2401295,0,0,button is on shirt,28728,0.5725446428571429,0.1402273324256414,0.7758186970699262,0.14614933601364521,1,5411.80322265625,overall|text
2401295,1,1,foliage in the background,1426,0.02841996173469388,0.03808739526218397,0.04005969042931006,0.4361752888597914,0,15526.4794921875,overall
2401296,0,0,An Airplane in a hanger,39537,0.7879663584183674,0.29635512470452263,0.8282840639244259,0.3157547637339707,1,15072.119140625,overall
2401297,0,0,The kite is blue and black,759,0.015126753826530613,0.027630526798802565,0.03167009896602203,0.17805223628309247,0,4267.16845703125,overall|small
2401297,1,1,upper part of a kite,176,0.00350765306122449,0.004978898205407083,0.0050535670082161,0.25204042954878375,0,8777.783203125,overall|small
2401297,2,3,ripples of ocean water,144,0.0028698979591836736,0.0035640720468286882,0.003621366768195492,0.1838537057240804,0,7310.75732421875,overall|small
2401297,3,5,Man hovering over water,120,0.0023915816326530613,0.004304794071047623,0.004371615946983069,0.2197423458099365,0,6031.88427734375,overall|small
2401297,4,6,part of a sandy beach,56,0.0011160714285714285,0.0010905581121286821,0.0010966419674214565,0.16428344590323313,0,8389.130859375,overall|small
2401297,5,7,yellow part of a kite,72,0.0014349489795918368,0.0008256188193479924,0.0008355155734157963,0.06515965859095256,0,5615.09033203125,overall|small
2401297,6,2,Kite strings in the sand,10240,0.20408163265306123,0.12541016470255048,0.22806156898813804,0.2179098129272461,0,9784.1845703125,overall
2401298,0,5,a red rock in the dirt,42,0.0008370535714285714,0.0005753619652804996,0.0005787651428470321,0.08912839208330427,0,6467.8955078125,overall|small
2401298,1,0,some weeds hanging over the street,15184,0.3026147959183674,0.057470498411778634,0.12964460722724258,0.09357305271482316,0,10959.29296875,overall
2401298,2,1,the street is made of asphalt,6216,0.12388392857142858,0.08512338639872366,0.1742949649070911,0.14264821331166547,0,5087.3603515625,overall
2401298,3,2,the case has white lines,7750,0.1544563137755102,0.03652151972676243,0.1408568620544424,0.046988702589465726,0,2585.3369140625,overall
2401298,4,3,small brown wood pieces,1508,0.03005420918367347,0.019039662167372438,0.021343240224166563,0.14995430255758352,0,10594.974609375,overall
2401298,5,4,brown dirt next to a suitcase,3318,0.06612723214285714,0.031481218564180784,0.0500117078014699,0.0783106623966339,0,5195.47900390625,overall
2401299,0,0,black rimmed glasses on man's face,624,0.012436224489795918,0.016972402602610438,0.01757475899732256,0.3311924078525641,0,11759.140625,overall|small|part
2401299,1,6,a golden door knob,36,0.0007174744897959184,0.00019552602485272736,0.00019675057499658963,0.03045862913131714,0,5573.10009765625,overall|small|part
2401299,2,7,part of a door,48,0.0009566326530612245,0.0027415753965471705,0.002759750307975373,0.29393072923024494,0,5112.30126953125,overall|small|part
2401299,3,8,edge of a door,105,0.0020926339285714285,0.006434570975154772,0.006503045366286678,0.37930385044642856,0,6124.3466796875,overall|small|part
2401299,4,1,part of a silver bangle ,6,0.00011957908163265306,0.00026408243175598417,0.00026424892598424145,0.2953452269236247,0,6706.068359375,overall|small
2401299,5,5,part of a beard,70,0.0013950892857142857,0.0018798424756769772,0.0018950200109820107,0.19009407588413785,0,7021.87060546875,overall|small
2401299,6,9,section of a wall a painting,120,0.0023915816326530613,0.00478104715593306,0.004830766497008313,0.3171870549519857,0,7879.17333984375,overall|small
2401300,0,2,The word Travel on the wall behind the girl.,180,0.003587372448979592,0.004993845214558693,0.0053310718769412355,0.07316917843288845,0,2470.50732421875,overall|small|text
2401300,1,1,the shoe is blue,632,0.012595663265306123,0.008626092587017348,0.011438781226222283,0.0338920520830758,0,1872.5576171875,overall|small|part
2401300,2,3,The pink design on the dress next to the girl's thigh.,253,0.005042251275510204,0.006783949841378568,0.007000463139567563,0.17988657291698834,0,6501.1845703125,overall|small
2401300,3,5,The design on the front of the girl's dress.,247,0.004922672193877551,0.008536551597629685,0.008818714180199947,0.2106103626822653,0,5898.9052734375,overall|small
2401300,4,0,The woman is holding an umbrella.,5885,0.11728714923469388,0.07672312471121412,0.09411286642076445,0.2933979355286215,0,18346.5546875,overall
2401300,5,4,a dirty red carpet,1769,0.035255899234693876,0.016129685850509227,0.023237163635893374,0.05009273272439408,0,3813.462158203125,overall
2401300,6,6,pink and white patterned wallpaper,1887,0.037607621173469385,0.04463336604838498,0.049878464930883305,0.29797104520651163,0,11272.828125,overall
2401302,0,3,a triangular metal piece on the front of a bench leg,304,0.006058673469387755,0.004427488359988523,0.0047070825522337635,0.06936798597636976,0,4480.029296875,overall|small|part
2401302,1,6,woman has polka dotted scarf,960,0.01913265306122449,0.022983221974934062,0.023581893269677478,0.4751532236735026,0,19343.107421875,overall|small
2401302,2,0,a pair of blue jeans on a woman,2775,0.05530532525510204,0.01741708604214866,0.038128640424209805,0.031067592861416103,0,2261.097412109375,overall
2401302,3,1,a grey and black speckled floor,2720,0.054209183673469385,0.11136448295889473,0.1398563608323239,0.35344052034265855,1,6873.89697265625,overall
2401302,4,2,bench is silver metal,1564,0.0311702806122449,0.021736282902492708,0.02556348228504851,0.1267792684647738,0,7756.4853515625,overall
2401302,5,4,a  white wall behind a bench,3783,0.07539461096938775,0.08033340682091923,0.12106017116489876,0.192761188520189,0,6023.57958984375,overall
2401302,6,5,back of a laptop screen ,1596,0.03180803571428571,0.051660308876622534,0.07192779630913186,0.15493331756209372,1,3437.802734375,overall
2401303,0,1,section of a snow,126,0.0025111607142857145,0.00276432915479914,0.0027766975942656734,0.38294005015539745,0,17376.91796875,overall|small
2401303,1,0,a striped cat,29744,0.5927933673469388,0.22816776757990267,0.6340466463997683,0.26277279661444325,0,12327.033203125,overall
2401304,0,0,the eyes of the crow are yellow,60,0.0011957908163265306,0.001039895353282601,0.0010512809509015094,0.08760621547698974,0,4999.9697265625,overall|small|part
2401304,1,4,the elongated beak is gray,400,0.007971938775510204,0.005474526463400638,0.006074904698217852,0.05248637199401855,0,3455.947021484375,overall|small
2401304,2,3,a bird's black tail,3604,0.07182716836734694,0.03873696683346142,0.057236190383861005,0.10702431665011966,0,6739.0166015625,overall|part
2401304,3,1,bird's feet on top of the wood,3456,0.06887755102040816,0.020434393790710693,0.03789733332761705,0.042462808114510996,0,3872.3427734375,overall
2401304,4,2,the top of the wings have turquoise blue feathers,4453,0.08874760841836735,0.09241219159165952,0.12360286165161329,0.2680494101588817,0,9656.9287109375,overall
2401304,5,5,wooden floor surface outdoors,3720,0.0741390306122449,0.06489109912727829,0.07726899088244014,0.2882981167044691,0,13879.681640625,overall
2401305,0,2,A silver toilet paper holder,216,0.00430484693877551,0.006279594401268415,0.006483908108305025,0.16616867206714772,0,5535.6171875,overall|small
2401305,1,4,A white light switch on the white wall,72,0.0014349489795918368,0.002292226162440029,0.002321630079611487,0.15325000551011828,0,4752.6953125,overall|small
2401305,2,0,rectangular mirror over sink,4680,0.09327168367346939,0.07583781746252757,0.14466397952898172,0.13748609754774305,0,4447.78955078125,overall
2401305,3,1,Toilet seat is up.,2275,0.04534040178571429,0.032465435474471636,0.043479357326961725,0.11360319368131869,0,5944.13720703125,overall
2401305,4,3,The white wall in the bathroom.,9000,0.17936862244897958,0.05799148895578655,0.11989452040243208,0.1009770033094618,0,7579.93798828125,overall
2401305,5,5,Black tile in the bathroom.,1656,0.03300382653061224,0.023931679465707508,0.02738057406729071,0.15965836750712373,0,9656.271484375,overall
2401306,0,2,a black hand bag,400,0.007971938775510204,0.010354838012149127,0.010860015815247964,0.1820724868774414,0,6706.1591796875,overall|small|part
2401306,1,6,a man's right shoe,138,0.0027503188775510204,0.004139658527077489,0.0043238202860468936,0.08858289580414261,0,2827.231201171875,overall|small|part
2401306,2,3,bonnet of a car,190,0.003786670918367347,0.005916677273369187,0.006026744303695394,0.24469528198242188,0,7714.29833984375,overall|small
2401306,3,4,a closed umbrella ,260,0.005181760204081632,0.006511627393204506,0.006620104449186609,0.2843799591064453,0,11168.8251953125,overall|small
2401306,4,5,part of a road,55,0.001096141581632653,0.000820447088961654,0.0008262157724912107,0.10515180067582564,0,6999.8046875,overall|small
2401306,5,0,a woman's lace stockings ,6545,0.13044084821428573,0.03329971325580949,0.08332369774678093,0.05255164254977559,0,4127.88330078125,overall
2401306,6,1,the umbrella is open,8556,0.17051977040816327,0.05670853319139769,0.09685267971959115,0.1203503994364335,0,10631.796875,overall
2401307,0,1,lower part of a sculpture,132,0.0026307397959183672,0.000531210213334053,0.0005498174098746239,0.015453967181119051,0,3710.183837890625,overall|small
2401307,1,0,Shiny green and blue vase,42174,0.8405213647959183,0.193668982384481,0.9053242709550706,0.19767249130832978,1,9208.45703125,overall
2401308,0,3,face of a doll,216,0.00430484693877551,0.0018628687179937664,0.0021063882706846473,0.015857863205450552,0,1626.147705078125,overall|small|part
2401308,1,0,This teddy bear is bright green.,806,0.016063456632653062,0.01244068917607648,0.013378008795957037,0.1507872777896247,0,9084.6513671875,overall|small
2401308,2,1,edge of a shelf,65,0.001295440051020408,0.0014568011414362299,0.001470478895190803,0.1354110130896935,0,5985.61181640625,overall|small
2401308,3,2,floor of a shop,132,0.0026307397959183672,0.002260026533027645,0.002337911156347258,0.06353066184303978,0,3586.98291015625,overall|small
2401308,4,4,hot pink shirts on display,180,0.003587372448979592,0.003684660703174702,0.0037643198467022763,0.14829822116427951,0,7091.23583984375,overall|small
2401308,5,7,light pink shirts on display,294,0.005859375,0.006454902603921747,0.006757118844879188,0.12612032728130315,0,5487.45361328125,overall|small
2401308,6,8,tag on stuffed teddy bear,54,0.0010762117346938774,0.0012966678600643997,0.001299027602202832,0.4165047186392325,0,17313.916015625,overall|small
2401309,0,0,the girl is carrying a brown purse,1638,0.03264508928571429,0.05051805150480844,0.05316732644042278,0.5034333206940629,1,15509.97265625,overall
2401309,1,1,a sewage hole closed,10890,0.2170360331632653,0.07775092558938573,0.19185509460601766,0.11561607732151057,0,6562.55224609375,overall
2401310,0,1,numbers on the plane,204,0.004065688775510204,0.003459757430026106,0.003506723776066952,0.20529049518061618,0,11942.560546875,overall|small
2401310,1,3,the nose of the plane,988,0.019690688775510203,0.016224980546878157,0.018031110601835692,0.13939895321000442,0,7638.251953125,overall|small
2401310,2,5,the afterburner of the plane,496,0.009885204081632654,0.00984687764561398,0.010096423923154057,0.28489500476467994,0,13995.8388671875,overall|small
2401310,3,0,one window on fighter jet,1410,0.02810108418367347,0.0180510834067277,0.023478254567850958,0.07243367729457557,0,4350.0458984375,overall|part
2401310,4,2,cloudy blue skies,4400,0.08769132653061225,0.04535466506802448,0.18108839318120462,0.05705716219815341,0,1386.347900390625,overall
2401310,5,4,the jet has a stinger on the left wing,3025,0.06028778698979592,0.031365382779281616,0.044113342099148495,0.09791054969976756,0,6714.05517578125,overall
2401311,0,2,The door opens in,1786,0.03559470663265306,0.0321048849146643,0.04963026994958145,0.08334087444446389,0,2999.11328125,overall|part
2401311,1,0,white flowers in a pot,1824,0.03635204081632653,0.02178275685289483,0.027908284849213552,0.09028352770889014,0,5900.65478515625,overall
2401311,2,1,white toilet bowl in a bathroom,2059,0.04103555484693878,0.0588635141372944,0.07344139870197591,0.22872022172095072,0,6412.390625,overall
2401311,3,3,Wicker four legged vanity stool ,2275,0.04534040178571429,0.06492610553522256,0.07164692693421107,0.4090326933808379,0,12987.9873046875,overall
2401311,4,4,a dark brown stand to hold magazines and toiletries ,2376,0.047353316326530615,0.08754016107530277,0.09527523854651429,0.5188278044113005,1,12938.669921875,overall
2401311,5,5,The floor is made of tile,2100,0.04185267857142857,0.014559890991329132,0.027033231927612127,0.03059009007045201,0,2376.304443359375,overall
2401311,6,6,Brass three globe lighting,3195,0.06367586096938775,0.009059007666947526,0.013349605503397751,0.027413193011694297,0,6560.87939453125,overall
2401312,0,0,White writing on the side of bike.,132,0.0026307397959183672,0.006160149121315442,0.006233252063450233,0.3443723736387311,0,7292.6865234375,overall|small|text
2401312,1,1,extended side view mirror,273,0.005440848214285714,0.008816300592839787,0.016043190239096214,0.019195878025376315,0,326.6479187011719,overall|small
2401312,2,4,round headlight turned off,170,0.0033880739795918366,0.0036728544269860964,0.003770668942132114,0.12402532240923714,0,5591.66162109375,overall|small
2401312,3,7,The black mark on a cross,77,0.0015345982142857143,0.00062157815430549,0.0006292798944060805,0.04833215242856509,0,5914.02294921875,overall|small
2401312,4,2,The road the motorcycle is parked on,19401,0.3866589604591837,0.09763613528845196,0.29050182639199446,0.1282085723271352,0,8562.3369140625,overall
2401312,5,3,Multi colored sky beyond artwork.,1849,0.03685028698979592,0.04818697538529979,0.051188563736888376,0.45108396985067944,0,16293.76171875,overall
2401312,6,5,concrete pillar on bridge,4888,0.09741709183673469,0.050613819700205065,0.08618777723987434,0.10923140255792246,0,6194.8818359375,overall
2401313,0,0,white spot on the floor,260,0.005181760204081632,0.008265225145446135,0.009108671816997909,0.08194471505972055,0,2339.048583984375,overall|small
2401313,1,3,gray edge of wall,648,0.012914540816326531,0.010779276869850436,0.01161651390360451,0.1301023577466423,0,7257.455078125,overall|small
2401313,2,5,blue line on the dirty floor,609,0.012137276785714286,0.003958814181366054,0.004685949416555872,0.024877498106807713,0,3233.154052734375,overall|small
2401313,3,1,Two doors in the wall.,5590,0.1114078443877551,0.065486121154056,0.08755424293224114,0.20623148199910554,0,13167.0830078125,overall
2401313,4,2,The wall has two colors.,7980,0.15904017857142858,0.08254043718710169,0.15946825188413818,0.14610413668448466,0,7311.2421875,overall
2401313,5,4,small white spots on the wall,1558,0.031050701530612245,0.027001988051514776,0.034000206274228034,0.11597263399841544,0,5314.2431640625,overall
2401314,0,1,section of a hill,180,0.003587372448979592,0.006834359254630716,0.006958576592208298,0.2768591562906901,0,7161.615234375,overall|small
2401314,1,2,tip of a hill,60,0.0011957908163265306,0.0010307991920275536,0.0010408130605750118,0.09677050908406576,0,5578.552734375,overall|small
2401314,2,4,section of a white cap,12,0.00023915816326530612,0.00035266343291885394,0.00035383887225050336,0.09597261746724446,0,3254.79052734375,overall|small
2401314,3,5,a small patch of white snow,315,0.006277901785714286,0.013027982552255502,0.013207244872409034,0.4897551521422371,0,11680.927734375,overall|small
2401314,4,6,back of a man,96,0.001913265306122449,0.0031656972446521443,0.003190020639970219,0.2933771808942159,0,8828.8486328125,overall|small
2401314,5,7,edge of an ocean shore,104,0.002072704081632653,0.001825069001916593,0.0018426667072786573,0.16044282913208008,0,9055.3837890625,overall|small
2401314,6,8,section of a rocky landscape,162,0.0032286352040816328,0.0010796494068710863,0.0011163357676969988,0.03180786415382668,0,4615.8818359375,overall|small
2401315,0,7,sign hanging above the blue bus,460,0.009167729591836735,0.007840831446550548,0.008480219881595951,0.09419722349747367,0,5109.62255859375,overall|small|text
2401315,1,3,steering wheel on the blue bus,272,0.005420918367346939,0.01339071418861651,0.01384901612789086,0.2880748299991383,0,5657.900390625,overall|small|part
2401315,2,6,bus interior window,228,0.004544005102040816,0.013904550883907761,0.015105012391610072,0.1489045829103704,0,2247.614501953125,overall|small|part
2401315,3,0,The license plate is white.,430,0.008569834183673469,0.006535675401681257,0.006937198194547727,0.10146145487940589,0,6289.0556640625,overall|small
2401315,4,1,child in background of blue bus,147,0.0029296875,0.0031841776012623154,0.0032215933357854516,0.2151729557789913,0,9818.2548828125,overall|small
2401315,5,4,part of shadow of the blue bus,738,0.014708227040816327,0.020032980679843878,0.021406039127468045,0.23798783878646892,0,8204.9287109375,overall|small
2401315,6,5,man walking in convention building,384,0.007653061224489796,0.006511805576960273,0.006663032081195465,0.22294477621714273,0,12848.6240234375,overall|small
2401316,0,0,Three blue containers full of mushrooms,13104,0.2611607142857143,0.11045556312753378,0.22612001261654602,0.17758884825840393,0,10291.544921875,overall
2401316,1,1,The box is cardboard.,3420,0.06816007653061225,0.04323473224472204,0.06654945790275471,0.10985227885999177,0,5645.34716796875,overall
2401316,2,2,grey cement ground under the boxes,4750,0.09466677295918367,0.15212244870652425,0.1829445291684175,0.4744927014802632,0,12319.8017578125,overall
2401316,3,3,Three red apples on top of an onion ,2967,0.05913185586734694,0.05450251876511855,0.07270380847418902,0.17878410974495493,0,7296.0751953125,overall
2401316,4,4,The table is blue.,3204,0.06385522959183673,0.052797706914814474,0.08067765844712903,0.1325343938058384,0,5263.41748046875,overall
2401316,5,5,potato in a box,1462,0.029137436224489797,0.01271409506313262,0.015469642333258187,0.06662167863545763,0,6296.26025390625,overall
2401316,6,6,The sidewalk is dirty.,2800,0.05580357142857143,0.0194711684662428,0.03655547032503629,0.03999632154192243,0,3063.55517578125,overall
2401317,0,3,arrows on sign giving directions,782,0.01558514030612245,0.012202370633996963,0.014663335903427586,0.06777830684886259,0,3614.636962890625,overall|small|text
2401317,1,0,yellow traffic light on pole,400,0.007971938775510204,0.008267050288512346,0.008449438433148238,0.27692638397216796,0,13109.8125,overall|small
2401317,2,5,a person crossing on the street,713,0.01420998086734694,0.013305760395596198,0.015134548197960932,0.09919229429868294,0,4673.02392578125,overall|small
2401317,3,6,yellow traffic light on pole,336,0.006696428571428571,0.00613810228840967,0.006257013556535062,0.24413176945277623,0,13109.8125,overall|small
2401317,4,7,the front of a car,135,0.002690529336734694,0.007664090368269597,0.007965266092532527,0.1685333251953125,0,2856.401611328125,overall|small
2401317,5,1,vehicle driving on the street,7722,0.1538982780612245,0.08268492497066843,0.1820844862659478,0.13154178788334062,1,5578.54052734375,overall
2401317,6,2,Buildings are in the background.,4746,0.09458705357142858,0.04797297288639026,0.07581066776503058,0.11554929891619259,0,7233.7705078125,overall
2401318,0,1,glass over the cockpit.,30,0.0005978954081632653,0.0005990080105793545,0.0006079157973900413,0.03927405675252279,0,1938.133056640625,overall|small
2401318,1,2,black stripe underneath wing.,260,0.005181760204081632,0.005483037745644064,0.005609522663197253,0.19560420696551983,0,9066.20703125,overall|small
2401318,2,4,blue circle with white star,528,0.010522959183673469,0.010230163728047437,0.011131263886449853,0.11219455979087135,0,5321.8330078125,overall|small
2401318,3,5,pilot inside the plane.,42,0.0008370535714285714,0.0007237131114348018,0.0007259630905273095,0.18930426098051525,0,10952.04296875,overall|small
2401318,4,0,yellow tail with red lion on airplane,1113,0.022181919642857144,0.01805498781240754,0.02093893165695716,0.11589595935201173,0,6160.400390625,overall|part
2401318,5,3,propeller on the front of a plane,2387,0.047572544642857144,0.033315508192005516,0.041766210843548236,0.1413776859559921,0,8079.94140625,overall
2401318,6,6,clear blue sky,5724,0.11407844387755102,0.07427982517199731,0.11485932754983462,0.17372259303958662,0,8657.443359375,overall
2401319,0,1,designer tile border on counter,114,0.002272002551020408,0.0022162189443828686,0.002257492270941683,0.10811330561052289,0,5459.56103515625,overall|small
2401319,1,6,beige wall phone ,200,0.003985969387755102,0.0038771838234125944,0.004068803398931836,0.07606496334075928,0,3738.935302734375,overall|small
2401319,2,8,A kitchen sink is visible.,759,0.015126753826530613,0.01026795192106899,0.011023631918085284,0.13027277608476923,0,8969.5517578125,overall|small
2401319,3,9,metal fixture on wall,44,0.0008769132653061224,0.00016731342642988054,0.00017072480856146323,0.008303777738050981,0,2140.088623046875,overall|small
2401319,4,5,two panel kitchen window,1176,0.0234375,0.051369074849765994,0.059596397707356565,0.2711917591743729,0,5351.35546875,overall|part
2401319,5,0,Cabinets are on the wall.,6324,0.1260363520408163,0.13328740924287807,0.19880195925865163,0.28798089217415795,1,9160.8310546875,overall
2401319,6,2,white wall with grey floorboards,3013,0.060048628826530615,0.09331521383624397,0.10209770262602633,0.5203383401743487,0,15355.677734375,overall
2401320,0,0,Two people are surfing,7107,0.14164142219387754,0.11321232172472559,0.15550690664801814,0.2939120596331082,0,13432.4130859375,overall
2401320,1,1,A cloud in the sky.,8307,0.16555723852040816,0.34291770817130474,0.47136324065634,0.5572131372637534,0,9819.962890625,overall
2401320,2,2,Water in the ocean.,3672,0.07318239795918367,0.049287710431596694,0.06809328130759511,0.1514395088411884,0,8166.53076171875,overall
2401320,3,3,Ripples in the water.,5031,0.1002670599489796,0.1451007868651581,0.19417035746979597,0.3647445651414356,0,9450.6181640625,overall
2401321,0,0,a pedestrian directional sign,319,0.006357621173469388,0.010056741846307483,0.010505307550406576,0.19062853008975802,0,5788.55029296875,overall|small|text
2401321,1,2,train on the track pulling into the station,84,0.0016741071428571428,0.002559259983353002,0.0025755844861309824,0.2876402309962681,0,9381.0859375,overall|small
2401321,2,4,outside board posted with train schedules,96,0.001913265306122449,0.0014642465224613066,0.0014937383057006695,0.06904265284538269,0,4437.2529296875,overall|small
2401321,3,5,the back of a parked van,224,0.004464285714285714,0.004237199693533121,0.0044950122877935195,0.0687941312789917,0,3428.21875,overall|small
2401321,4,7,group of people waiting on platform for train,104,0.002072704081632653,0.0023385572573026005,0.0023614314831870444,0.19447218454801118,0,8564.765625,overall|small
2401321,5,9,A bench sitting in the train station.,180,0.003587372448979592,0.008688978171089833,0.008828876389935866,0.35415335761176214,0,7220.35302734375,overall|small
2401321,6,1,Yellow and white train.,4312,0.0859375,0.05722490964193586,0.07468068664486184,0.19667367457458837,0,11355.7724609375,overall
2401322,0,0,two metal handles to wooden cabinets,224,0.004464285714285714,0.01043776881673165,0.010950167865475178,0.18237808772495814,0,3730.7822265625,overall|small
2401322,1,6,Blue Moon beer on counter,264,0.0052614795918367345,0.006048169516113426,0.006153741089340902,0.2606537847807913,0,11182.23828125,overall|small
2401322,2,2,the door is white,2294,0.04571906887755102,0.07299922283093971,0.10776928796193075,0.18451224396097837,0,3927.56689453125,overall|part
2401322,3,5,white cabinet with glass door,1836,0.03659119897959184,0.04333235667039792,0.05701271056864972,0.1529637920570789,0,4925.94580078125,overall|part
2401322,4,1,Oven,4554,0.09076052295918367,0.06418172713728132,0.12753437138913157,0.11441994299739927,0,4085.709716796875,overall
2401322,5,3,lady is wearing a jacket,8712,0.17362882653061223,0.3328856638128634,0.37184124495042514,0.7606212941739842,1,17820.865234375,overall
2401322,6,4,the man is wearing eyeglasses,1715,0.0341796875,0.022406953559914428,0.030262909131090025,0.07945807543162355,0,4502.8916015625,overall
2401323,0,0,a toilet in the bathroom,20550,0.40955835459183676,0.13860614406229202,0.38525440624141666,0.1779676094890511,0,9493.037109375,overall
2401323,1,1,another metal pipe on the wall,2520,0.05022321428571429,0.05622926550378846,0.07751132362443278,0.1699815174889943,0,5526.33349609375,overall
2401323,2,2,Brown tile wall in bathroom,2365,0.04713408801020408,0.036046886778921046,0.04071774242998299,0.2391012631309461,0,13887.66796875,overall
2401324,0,1,white plates on top of table,840,0.016741071428571428,0.015923994995910837,0.0183520023676952,0.10743048531668527,0,4917.26220703125,overall|small
2401324,1,2,man wearing grey tie,780,0.015545280612244899,0.014475107704160049,0.016087710542861827,0.12618509928385416,0,6117.9853515625,overall|small
2401324,2,3,two champagne glasses ,171,0.0034080038265306123,0.004377877636370011,0.004454822125739489,0.20221090037920322,0,7761.9404296875,overall|small
2401324,3,4,pearl earring on woman's ear,90,0.001793686224489796,0.0031462422232924844,0.0032409501248864873,0.09720072216457791,0,2699.228515625,overall|small
2401324,4,6,The red flower is a decoration on the cake.,220,0.004384566326530612,0.0012497957485825206,0.0012705974074182754,0.07092507102272727,0,12280.4560546875,overall|small
2401324,5,8,pink and yellow ball decorations ,550,0.010961415816326531,0.006281752957721002,0.006678694923061359,0.0955896689675071,0,7871.94482421875,overall|small
2401324,6,9,The yellow flower is a decoration on the cake.,117,0.002331792091836735,0.0012289150510045542,0.001244247709372968,0.0906831301175631,0,8527.181640625,overall|small
2401325,0,0,The woman is wearing a white shirt with black sleeves,363,0.00723453443877551,0.010454895752973724,0.012888261447788502,0.05246869131881672,0,1477.789306640625,overall|small|text
2401325,1,5,The sign on the wall says Claro,504,0.010044642857142858,0.014317349469727228,0.018903493417168356,0.05572565775068979,0,1485.742919921875,overall|small|text
2401325,2,1,a red motorcycle between a blue and black motorcycle,989,0.01971061862244898,0.03230850230785145,0.03335987104681991,0.5062086762986603,0,15007.263671875,overall|small
2401325,3,6,blue and black motor bike next to a building,912,0.018176020408163265,0.01600017816364803,0.017483022349305148,0.15870607944956996,0,8278.8857421875,overall|small
2401325,4,2,the building has a window,4620,0.09207589285714286,0.12656189083885944,0.19661015921265382,0.26211870201738363,1,6159.337890625,overall|part
2401325,5,3,the motorcycle is red and black,3213,0.06403459821428571,0.045885507528874915,0.05565562543372268,0.20722220094635077,0,11962.9404296875,overall
2401325,6,4,black bike next to a red building,1475,0.02939652423469388,0.01189136191054607,0.014738096965720019,0.05799356751522775,0,5804.04052734375,overall
2401326,0,3,roof of a house,117,0.002331792091836735,0.004171226319901825,0.00427206195334429,0.15018062102488983,0,4113.033203125,overall|small
2401326,1,6,lower chin of a man,12,0.00023915816326530612,0.00033997047596407006,0.00034024564316413586,0.2959606846173604,0,10438.1298828125,overall|small
2401326,2,7,a section of a wall.,161,0.003208705357142857,0.0010931867216070282,0.001154669178728789,0.02011753165203592,0,2805.0654296875,overall|small
2401326,3,9,ceramic vase near a wall,204,0.004065688775510204,0.0006880698143067789,0.0007415820945771037,0.009445321326162302,0,2598.290283203125,overall|small
2401326,4,1,Windows on the door,5320,0.10602678571428571,0.20967107217516742,0.3002859095896721,0.40996786705533367,1,7263.1748046875,overall|part
2401326,5,2,a door is open next to the man,7176,0.14301658163265307,0.08585943629842553,0.13324271339017696,0.19448280972381898,0,10474.18359375,overall|part
2401326,6,5,mans head on a body,2304,0.04591836734693878,0.045347360450997576,0.051386187324009874,0.27843382623460555,0,12484.1240234375,overall|part
2401327,0,1,bicycle peddle ,324,0.0064572704081632655,0.007833760691577875,0.008006270176506562,0.2666307614173418,0,10790.0888671875,overall|small
2401327,1,0,the truck is yellow,36023,0.7179328762755102,0.40977368088858507,0.8199135688512209,0.4503022320375177,1,19784.08203125,overall
2401328,0,0,The ball in mid air,84,0.0016741071428571428,0.000307838405669277,0.0003158365372823576,0.012010168461572556,0,3194.228759765625,overall|small
2401328,1,1,Large field for playing baseball,33896,0.6755420918367347,0.2614342144307437,0.7795169441839116,0.2823097673766816,0,12275.771484375,overall
2401328,2,2,telephone wires suspended on poles,1887,0.037607621173469385,0.08296140997833826,0.08525832101568787,0.7548670281034712,0,16707.2734375,overall
2401329,0,3,BROWN CRUST OF A CAKE,209,0.004165338010204082,0.004670180920637904,0.004846952046376909,0.11351714065770784,0,4894.845703125,overall|small
2401329,1,4,CHOCOLTAE CAKE ICING,630,0.012555803571428572,0.0061505371902628005,0.00649679214139126,0.10346282474578374,0,10032.88671875,overall|small
2401329,2,6,AIR POCKET IN A YELLOW CAKE,110,0.002192283163265306,0.001343483494861128,0.0013657800561487562,0.07603777972134677,0,6124.0869140625,overall|small
2401329,3,5,SILVER HANDLE OF A FORK,5044,0.10052614795918367,0.10422194585490123,0.1594318995960248,0.2313402313547036,0,7318.98779296875,overall|part
2401329,4,0,the edge of a piece of cake ,1104,0.022002551020408163,0.022525686418000276,0.034525115974519946,0.06086670834085216,0,1946.3177490234375,overall
2401329,5,1,crumbly texture of vanilla cake ,1378,0.027463329081632654,0.023190639162953768,0.02542299366801139,0.2089263295919698,0,11324.4130859375,overall
2401329,6,2,prongs of a fork ,2600,0.05181760204081633,0.032610300683504186,0.04120134716878063,0.1352428494966947,0,8534.4638671875,overall
2401330,0,2,wheel of the plane,378,0.007533482142857143,0.006314301761455109,0.006813480255925418,0.07934766093259135,0,4402.06982421875,overall|small|part
2401330,1,1,specks of yellow on the side of the plane,702,0.013990752551020409,0.0038931934316519578,0.004815937690704808,0.019914502092236466,0,2902.857421875,overall|small
2401330,2,3,the front landing gear of the jet,112,0.002232142857142857,0.0019284350204412882,0.0019412575762850167,0.22597828933170863,0,13037.7177734375,overall|small
2401330,3,4,green grass next to cement,783,0.015605070153061224,0.03594394889045891,0.04183993678297345,0.2032320063994153,0,3803.31982421875,overall|small
2401330,4,5,the tarmac marker cones,21,0.0004185267857142857,0.00036417177864531375,0.0003647327411985371,0.19144952864873976,0,11022.9755859375,overall|small
2401330,5,6,nondescript buildings,980,0.01953125,0.013415096096963317,0.015077339092943315,0.10848120086047114,0,7051.08349609375,overall|small
2401330,6,7,Pilot sitting in the back seat,187,0.0037268813775510204,0.006099371657140989,0.0062048874731117695,0.2639889640604111,0,7955.97607421875,overall|small
2401331,0,0,black and white flower shaped knob,520,0.010363520408163265,0.004735514231141934,0.005393747474297578,0.037354616018442005,0,3601.281005859375,overall|small
2401331,1,6,person wearing a floral shirt,2120,0.04225127551020408,0.05477959335266969,0.062134814814814816,0.3163619707215507,0,10794.0673828125,overall|text
2401331,2,7,number keys on cell phone,2242,0.04468271683673469,0.023167655704791398,0.029825641996717944,0.09402536601492807,0,7067.9072265625,overall|text
2401331,3,3,this is a hand,2756,0.05492665816326531,0.013159433369566655,0.02815292711396556,0.024113335353369635,0,2360.548583984375,overall|part
2401331,4,1,display area on small cell phone,2592,0.051658163265306124,0.023457037634391324,0.029427130442168666,0.10363894333074122,0,9128.7236328125,overall
2401331,5,2,this is a jacket,1333,0.026566485969387755,0.023106094735837905,0.027339871655280804,0.12983626918692565,0,6330.37890625,overall
2401331,6,4,orange fall colored sweater,2378,0.04739317602040816,0.05334977777897921,0.06170430848390075,0.28265380859375,0,10893.0927734375,overall
2401332,0,0,A lot of meat is in the sandwich.,17286,0.34450733418367346,0.11035610168835702,0.33755171257481137,0.1408636182956945,0,7213.6162109375,overall
2401332,1,1,The bowl has cut tomatoes in it.,3854,0.07680963010204081,0.0700767989853747,0.08014115726716278,0.3581565457053548,0,17223.80078125,overall
2401332,2,2,White doily sitting on white surface.,1320,0.026307397959183673,0.03371562953754999,0.03567365249837653,0.38052590110085227,0,14080.2568359375,overall
2401333,0,0,black and white sign on front of train,88,0.001753826530612245,0.006450105223033028,0.006496422150038897,0.4749810478904031,0,6434.05419921875,overall|small|text
2401333,1,5,The text is red.,165,0.003288424744897959,0.0005471954253601207,0.0005776193470880606,0.010282067096594608,0,2937.12646484375,overall|small|text
2401333,2,3,rock and gravel on ground on the side of train ,546,0.010881696428571428,0.008537748110497697,0.008896762333506556,0.17462784204727563,0,10717.0224609375,overall|small
2401333,3,6,trees next to a train track,648,0.012914540816326531,0.014586198662606754,0.015353015068818334,0.2260309855143229,0,9540.0205078125,overall|small
2401333,4,1,The tracks are brown.,2112,0.042091836734693876,0.014659480355810125,0.01729007905365582,0.08788422382239139,0,10735.1435546875,overall
2401333,5,2,The sky is blue.,17640,0.3515625,0.0727380560425152,0.7202651859064086,0.07485262985402494,0,1833.2142333984375,overall
2401333,6,4,Graffiti on the train car.,1221,0.0243343431122449,0.01546856484975915,0.017563856846405233,0.1147824224148687,0,7979.4169921875,overall
2401334,0,2,an american flag on the wall,4270,0.08510044642857142,0.10741792559073508,0.1397561358333555,0.31704641873719264,0,9686.7890625,overall|text
2401334,1,0,Military men posing for picture with medals around their necks,27192,0.5419323979591837,0.3295596686852151,0.7098636429265233,0.38086088337102825,1,14589.2373046875,overall
2401334,2,1,beams on the ceiling of a building,4914,0.09793526785714286,0.1843544457924799,0.319400949934044,0.30363089872367216,1,4671.376953125,overall
2401335,0,4,rectangular window ,936,0.01865433673469388,0.034008724231189065,0.037384521815510205,0.27358421912560094,0,6849.75537109375,overall|small|part
2401335,1,0,part of a lounge,35,0.0006975446428571429,0.0005379118125940794,0.000539414988660713,0.16179793221609934,0,10498.2763671875,overall|small
2401335,2,2,light blue pillows ,912,0.018176020408163265,0.02042498056484234,0.023832844774543564,0.12498823801676433,0,4782.86474609375,overall|small
2401335,3,3,silver part on a seat,204,0.004065688775510204,0.006625075301188442,0.006880347205306706,0.15151106142530255,0,4492.25244140625,overall|small
2401335,4,5,white part of a seat,56,0.0011160714285714285,0.0011778295403390754,0.0011878244848497576,0.12278873579842704,0,5788.87646484375,overall|small
2401335,5,6,part of a blue surface,104,0.002072704081632653,0.0014274452703967237,0.0014434775469403427,0.11388450402479905,0,8205.1767578125,overall|small
2401335,6,8,a silver and white bench stool,660,0.013153698979591837,0.021762435890160248,0.022769531943995065,0.3297717470111269,0,9558.7978515625,overall|small
2401336,0,4,the helmet is closed,156,0.0031090561224489796,0.005337673646869777,0.005738945669680415,0.07092449603936611,0,1927.9188232421875,overall|small|part
2401336,1,0,this is knee cap,135,0.002690529336734694,0.003271865054607542,0.003466839238020283,0.054978593190511064,0,2140.88671875,overall|small
2401336,2,5,grass on side of the road.,510,0.01016422193877551,0.00467844490939109,0.004905222512929804,0.09189581777535233,0,9554.4833984375,overall|small
2401336,3,6,the bike has a white stripe,308,0.006138392857142857,0.010409614423311897,0.010560606314382857,0.42131790557465,0,12287.7333984375,overall|small
2401336,4,7,he is wearing gloves,143,0.002849968112244898,0.00670809128015989,0.006832819767406527,0.2687276826871859,0,5624.041015625,overall|small
2401336,5,8,white barrier along the road.,250,0.0049824617346938774,0.0023605452741268284,0.002409009120651397,0.10501441955566407,0,10898.0927734375,overall|small
2401336,6,9,shade on the road.,621,0.012376434948979591,0.01761959001984902,0.018703192829367537,0.23319793553743962,0,7742.8447265625,overall|small
2401337,0,3,the leaves are bright,4845,0.09656010841836735,0.10738777679412635,0.15007806424944356,0.2740591137770898,0,8847.5048828125,overall|part
2401337,1,0,a long elephant trunk,5310,0.10582748724489796,0.11486114031282293,0.132043484944762,0.4688448056438324,1,18854.13671875,overall
2401337,2,1,Little green plants on the ground.,2385,0.047532684948979595,0.02996363723721087,0.042926486126944045,0.09026782277745021,0,5015.28955078125,overall
2401337,3,2,Patterned hide of an elephant,7221,0.14391342474489796,0.12888720590764788,0.19201391539800933,0.28162936295288915,1,10591.13671875,overall
2401338,0,0,the bread is toasted,19493,0.388492506377551,0.23595308835148357,0.5088206781767898,0.3055486114005669,0,11705.615234375,overall
2401338,1,1,the cup has soup,5405,0.10772082270408163,0.13375861028489927,0.15390955172831622,0.5053486897259482,0,17746.849609375,overall
2401338,2,2,Green chair next to table.,3456,0.06887755102040816,0.07946449836209679,0.09688141853639821,0.3065285152859158,0,10934.630859375,overall
2401339,0,2,large door on a building ,759,0.015126753826530613,0.01355603848398645,0.014957821106322775,0.12637101928550107,0,6412.40478515625,overall|small|part
2401339,1,3,windshield of orange train engine,200,0.003985969387755102,0.006297973789452568,0.00654450730587024,0.14323906898498534,0,4377.3828125,overall|small
2401339,2,4,top of tall green evergreen tree,744,0.01482780612244898,0.01545360158538888,0.016654233050664324,0.1765212602512811,0,7885.7919921875,overall|small
2401339,3,5,small windows on a building ,168,0.0033482142857142855,0.0023473580224661265,0.0024952031824721564,0.03810701199940273,0,2565.714111328125,overall|small
2401339,4,0,the tracks are dark,23192,0.4622130102040816,0.12196765723989529,0.37433745362625526,0.15319781058325607,0,9491.3388671875,overall
2401339,5,1,electrical wire above the ground ,2820,0.05620216836734694,0.02079062911007714,0.02774429390549458,0.0765981525394088,0,7785.62939453125,overall
2401339,6,6,black power line and electric tower,5037,0.10038663903061225,0.06632617824129948,0.08907589722325189,0.2061591391670389,0,11657.7392578125,overall
2401340,0,4,Person has dark hair.,264,0.0052614795918367345,0.012798217589613609,0.013527911934157989,0.1917677070155288,0,3742.386474609375,overall|small|part
2401340,1,9,shoe on man's foot.,180,0.003587372448979592,0.0002573165485205278,0.00030055140191923333,0.001785567733976576,0,1069.3751220703125,overall|small|part
2401340,2,1,bus tire in the water.,56,0.0011160714285714285,0.0010487101600798136,0.0010551046812824166,0.14751313413892472,0,7829.30419921875,overall|small
2401340,3,2,the trousers are folded,40,0.0007971938775510204,0.0017622604920484756,0.0017739936748759153,0.210387659072876,0,4743.81982421875,overall|small
2401340,4,3,rocks on the shore.,576,0.011479591836734694,0.01594068408037019,0.01654625357716539,0.3034051259358724,0,10561.9892578125,overall|small
2401340,5,5,Person wearing big sweater.,540,0.010762117346938776,0.004418208360702285,0.004624040661811087,0.09029333326551649,0,10544.5439453125,overall|small
2401340,6,0,Large object on top of bus.,1722,0.03431919642857143,0.05194076170292485,0.05665287213741335,0.38441635645778893,1,11684.5791015625,overall
2401341,0,3,black letters on the bus,476,0.009486607142857142,0.012183771820847315,0.013010218149732682,0.1609339994542739,0,5888.0322265625,overall|small|text
2401341,1,0,Marquee display on the side of the bus.,234,0.00466358418367347,0.009911735662987175,0.010054976703885086,0.41029605702457267,0,9548.43359375,overall|small
2401341,2,6,yellow step ,264,0.0052614795918367345,0.0017094703736936687,0.0017563616650532285,0.060176852977637085,0,9045.2265625,overall|small
2401341,3,7,J222 in blue on the front of a bus,143,0.002849968112244898,0.004701788538476354,0.0047630091701559895,0.26782973496230333,0,8041.06201171875,overall|small
2401341,4,8,Back tire on the side of the bus.,275,0.0054807079081632655,0.0018273675071888032,0.0019006055939498258,0.04527507435191761,0,6550.88330078125,overall|small
2401341,5,9,Front tire on the side of the bus.,816,0.016262755102040817,0.006624554661878637,0.007342028527398654,0.06348640778485466,0,7055.939453125,overall|small
2401341,6,2,Sign that reads Tesco Free Bus,1012,0.020169005102040817,0.009846399585534743,0.012188941438927486,0.048736775816664864,0,4046.42333984375,overall|text
2401342,0,9,Window on a door,675,0.013452646683673469,0.027143189233745788,0.030251893059287074,0.20894834165219908,0,4662.19189453125,overall|small|part
2401342,1,0,spice rack with jars on it,448,0.008928571428571428,0.010136457004901882,0.010627965104628769,0.17977816717965261,0,7578.1787109375,overall|small
2401342,2,6,Iron skillet hanging from ceiling,560,0.011160714285714286,0.03293168067023874,0.03693873114754937,0.23288089207240514,1,3530.530029296875,overall|small
2401342,3,8,metal cabinet hinge,100,0.001992984693877551,0.0011587163484205291,0.0011718025306347978,0.09400371551513671,0,8022.146484375,overall|small
2401342,4,1,Stainless steel double door fridge,3807,0.07587292729591837,0.1172598735372977,0.14471115317853553,0.38200757983853756,1,10049.6943359375,overall|part
2401342,5,2,cutting board on countertop,1344,0.026785714285714284,0.019063788953761273,0.02120274226450374,0.15893806729997909,0,10074.7705078125,overall
2401342,6,3,various items on shelf,1092,0.021763392857142856,0.04802309357448629,0.05381781132700802,0.30844149746737637,0,6258.48779296875,overall
2401343,0,1,calm gray waters in the bay,500,0.009964923469387755,0.013143719723359194,0.014212863287837513,0.148739501953125,0,5232.56640625,overall|small
2401343,1,2,white and blue building,924,0.018415178571428572,0.007399635917662262,0.00847786689038806,0.05498256105365175,0,5992.53173828125,overall|small
2401343,2,3,red thing in the water,650,0.012954400510204082,0.015421327052866989,0.018093492717933677,0.09454679048978365,0,3396.5478515625,overall|small
2401343,3,0,There are trees on the land,18020,0.3591358418367347,0.18570575674229514,0.6756312256396797,0.20388335334870977,0,5437.84521484375,overall
2401343,4,4,large white boat in the water,3128,0.0623405612244898,0.05028483912948843,0.07210063697416579,0.14250684577180905,0,6182.4892578125,overall
2401343,5,5,The motor boat is black and white,2170,0.043247767857142856,0.08679075174170656,0.09666355013013793,0.4593891196536578,0,10312.826171875,overall
2401343,6,6,large gray home on the shore,1672,0.033322704081632654,0.03547472292571154,0.038464716451364955,0.31335843464974583,0,13621.1923828125,overall
2401344,0,1,ripples in the water,475,0.009466677295918368,0.003489643014691225,0.0038080670665881305,0.04006113955849095,0,4997.0341796875,overall|small
2401344,1,0,four birds standing,19323,0.38510443239795916,0.07895105839080754,0.2704271074315763,0.10031880800850994,0,7168.1435546875,overall
2401344,2,2,Concrete on the side of the water,2610,0.05201690051020408,0.04939896073635206,0.07054908131918491,0.14146649006226053,0,5233.62646484375,overall
2401344,3,3,crack in concrete by water,1472,0.029336734693877552,0.018817184125100243,0.02438663635564689,0.07612175526826279,0,4594.77978515625,overall
2401345,0,0,Nut and bolt on top of fire hydrant,30,0.0005978954081632653,0.0006514655041462029,0.0006528497489701973,0.23503532409667968,0,10800.4326171875,overall|small
2401345,1,3,car tire with hubcap,171,0.0034080038265306123,0.00404075004934774,0.0041473592511414165,0.1358414700156764,0,5600.88720703125,overall|small
2401345,2,7,fresh gum on sidewalk,414,0.00825095663265306,0.011227774817613782,0.012283745609705611,0.11552080900772758,0,3893.406494140625,overall|small
2401345,3,1,the road is wet,6900,0.13751594387755103,0.0734799671816236,0.16765716242017573,0.11567917091259058,1,4760.82421875,overall
2401345,4,2,Grayish colored sidewalk,2928,0.05835459183673469,0.05951429396569431,0.07718968407432376,0.20628819700147286,0,7825.033203125,overall
2401345,5,4,Red fire hydrant,6603,0.1315967793367347,0.12218450748215315,0.17232205872088063,0.29574808192653906,0,11332.412109375,overall
2401345,6,5,dirty line in the sidewalk,5520,0.11001275510204081,0.03589328281693871,0.0667249947880134,0.07207997639973958,0,5963.0048828125,overall
2401346,0,0,part of a glass of wine,2484,0.049505739795918366,0.04923030451638081,0.0715192428445686,0.13641744420148325,0,4738.03857421875,overall
2401346,1,1,salt shaker with finger puppet,8256,0.16454081632653061,0.1586517475564137,0.2231720171393334,0.35432531667310135,1,13107.8701171875,overall
2401346,2,2,Lights in the ceiling.,1740,0.034677933673469385,0.04231927064704975,0.05342364705123301,0.16915911093525504,0,5509.486328125,overall
2401346,3,3,A horse shaker cover.,3060,0.06098533163265306,0.04254356446363795,0.04982404430701571,0.22549506293402777,0,13849.0341796875,overall
2401346,4,4,painting hanging on wall,1144,0.022799744897959183,0.05196739857628281,0.05689508924133902,0.37500597546984266,0,7540.31396484375,overall
2401347,0,1,clear water bottle sitting in seat to chair,480,0.009566326530612245,0.010344439878068115,0.01071004758139745,0.2325568993886312,0,10422.671875,overall|small
2401347,1,3,a section of a wooden floor.,72,0.0014349489795918368,0.003915624686670033,0.003925812519804613,0.6014125082227919,0,11029.9970703125,overall|small
2401347,2,4,coffee cup on desk,377,0.007513552295918368,0.008952844618442451,0.009481078751396208,0.1384444704738789,0,5505.02392578125,overall|small
2401347,3,6,white cordless phone on chair,204,0.004065688775510204,0.001349449354699822,0.0013793669904811035,0.058572787864535465,0,8662.5595703125,overall|small
2401347,4,2,mini blinds in a window.,2650,0.052814094387755105,0.07180406488455254,0.11653906583484108,0.15758020940816628,0,3583.240966796875,overall|part
2401347,5,5,a large door in a room.,3741,0.07455755739795919,0.08001411150858483,0.10832137759102152,0.2344112197398757,0,8095.65380859375,overall|part
2401347,6,0,black computer monitor screen,6171,0.12298708545918367,0.09927031200917662,0.2840159464122609,0.13240515387941076,0,2876.853271484375,overall
2401348,0,6,Logo on front of white shirt,90,0.001793686224489796,0.0019319485321892312,0.0019534832788471856,0.14911938773261177,0,6870.1611328125,overall|small|text
2401348,1,1,blue and white advertising wall sign,2080,0.04145408163265306,0.05064456453084427,0.062410207443162544,0.21175513634314905,0,7057.35009765625,overall|text
2401348,2,2,Man wearing a red bandana on his head,1224,0.024394132653061226,0.024793762314988133,0.026559389841053948,0.27164628770616317,0,12518.9267578125,overall|part
2401348,3,0,the socks are white,4416,0.08801020408163265,0.03049348126824894,0.0495468337784976,0.07347015021503836,0,6548.232421875,overall
2401348,4,3,the line is white,1500,0.029894770408163265,0.050350490447860836,0.07068354398509298,0.14895992024739582,0,3161.130126953125,overall
2401348,5,4,green turf on tennis court,3481,0.06937579719387756,0.05544328761176258,0.09466905714705252,0.11801728706392739,0,4339.51904296875,overall
2401348,6,5,Concrete wall in between blue advertisement signs,4360,0.08689413265306123,0.11011941411475457,0.14387205098668732,0.31944487685457285,0,9680.6826171875,overall
2401349,0,7,the acer computer logo,221,0.004404496173469388,0.005042559431758207,0.005235346644889833,0.12044316287493814,0,5084.2744140625,overall|small|text
2401349,1,0,power display is green,130,0.002590880102040816,0.0014244906089477625,0.001506622576572094,0.02546531970684345,0,2197.293212890625,overall|small
2401349,2,1,a blue duffle bag,980,0.01953125,0.008592108069012443,0.008894854152634841,0.20155924582967952,0,22207.00390625,overall|small
2401349,3,2,Wall outlets on wall,720,0.014349489795918368,0.024320173455141276,0.03288291826951537,0.08541750907897949,0,1870.2904052734375,overall|small
2401349,4,3,cat sleeping in photograph,7392,0.14732142857142858,0.09413293890476286,0.21656715107565133,0.1427395147678656,0,4872.07080078125,overall
2401349,5,4,bottom wheels of black office chair,2418,0.04819036989795918,0.019746516793756802,0.02519767824691104,0.08364248472959962,0,8026.43505859375,overall
2401349,6,5,purple and green graphs on a computer screen,6177,0.12310666454081633,0.005728435152242256,0.01164025382545739,0.01115337444081244,0,5918.63330078125,overall
2401350,0,5,orange t-shirt on boy's torso.,259,0.005161830357142857,0.0058571824302214755,0.005919348551632196,0.3580322265625,0,15665.6337890625,overall|small|text
2401350,1,8,ID tag of man wearing red and black shirt,624,0.012436224489795918,0.008018512563718716,0.008625386523736256,0.10230623147426507,0,7401.3017578125,overall|small|text
2401350,2,9,Writing on black sweatshirt of man playing Wii,874,0.017418686224489797,0.011045559427843896,0.011657493467999209,0.17384090467230406,0,13033.4150390625,overall|small|text
2401350,3,0,black hair on girl's head.,162,0.0032286352040816328,0.0032028519911543696,0.003302192512831048,0.09622204156569493,0,4720.4912109375,overall|small|part
2401350,4,6,shoe on boy's foot.,96,0.001913265306122449,0.0019304195598603495,0.0020139407734523457,0.04447771112124125,0,2120.15185546875,overall|small|part
2401350,5,2,yellow paint on the wall.,54,0.0010762117346938774,0.0051376228179451765,0.005348569923144548,0.1152513998526114,0,1163.59619140625,overall|small
2401350,6,4,white cord for the controller.,442,0.008808992346938776,0.016539179280662612,0.01745455123220962,0.2397595919095553,0,6071.41015625,overall|small
2401351,0,9,"white sign reading, ""one car per green""",270,0.005381058673469388,0.009138915917872524,0.009435843082209235,0.22505808229799623,0,6439.87841796875,overall|small|text
2401351,1,1,back wheel  of  truck,8,0.00015943877551020407,0.00031045501836663824,0.0003107085317429465,0.275623083114624,0,7096.6337890625,overall|small|part
2401351,2,0,a taillight on a truck,54,0.0010762117346938774,0.0010564721455129725,0.0010629185722115045,0.1483536649633337,0,7536.8876953125,overall|small
2401351,3,2,part of a bolt,40,0.0007971938775510204,0.000866672598072069,0.0008692024545840341,0.2294471025466919,0,10558.9716796875,overall|small
2401351,4,4,a section of a freeway.,630,0.012555803571428572,0.002629543717387857,0.002801459057147127,0.04108925168476407,0,9240.2666015625,overall|small
2401351,5,5,a patch of clear sky.,420,0.008370535714285714,0.013271703024990962,0.014167206355698214,0.17352874392554873,0,5144.4208984375,overall|small
2401351,6,6,part of the sky,784,0.015625,0.02750614160203487,0.031816171921136574,0.1687775047457948,0,4158.9404296875,overall|small
2401353,0,2,window in a yellow house,60,0.0011957908163265306,0.002687249469611895,0.0027286096087514753,0.1505866527557373,0,3311.283203125,overall|small|part
2401353,1,4,window in a white house,98,0.001953125,0.0036334006293912277,0.0036878298354889546,0.19754748441735093,0,5249.60595703125,overall|small|part
2401353,2,1,pole holding up power lines ,540,0.010762117346938776,0.0140743058996806,0.015412298026076233,0.1395048353407118,0,4887.82470703125,overall|small
2401353,3,5,a wood electric pole,654,0.013034119897959183,0.011598037223898046,0.013069090765157365,0.09341369418922914,0,4674.58349609375,overall|small
2401353,4,0,a yellow fire hydrant,13608,0.27120535714285715,0.1253512895849909,0.28670778463999774,0.1821590291269382,0,8645.806640625,overall
2401353,5,3,a silver vehicle parked next to the grass,4266,0.08502072704081633,0.08351973568825388,0.1055190012240547,0.28602058564448546,0,11563.451171875,overall
2401354,0,2,French bread,805,0.016043526785714284,0.024997504844552047,0.026444889970080022,0.3135284044727776,0,9544.0126953125,overall|small
2401354,1,4,Circular shape tomato on white plate,420,0.008370535714285714,0.0064262387312085285,0.006837968692642617,0.09643423897879465,0,5923.15966796875,overall|small
2401354,2,8,Spinach in the sandwich,324,0.0064572704081632655,0.00342421139971895,0.0035676442987949927,0.07848651320845992,0,7127.84912109375,overall|small
2401354,3,0,a white ceramic plate with a cup on it,2080,0.04145408163265306,0.04085348569793583,0.04891595477863369,0.1986299368051382,0,8446.125,overall
2401354,4,1,A white plate with bread,1980,0.03946109693877551,0.039525987461676085,0.04518560906533741,0.23987311160925662,0,10511.0625,overall
2401354,5,3,a white ceramic dinner plate,5904,0.11766581632653061,0.04375806904771296,0.08283997668581856,0.08487911276054899,0,6049.3291015625,overall
2401354,6,5,A piece of broccoli,2397,0.047771843112244895,0.022056063963446906,0.04167262130438667,0.04475787962084767,0,2574.46337890625,overall
2401355,0,0,A white piece of paper in hand,775,0.01544563137755102,0.008170449206456725,0.009734157797814176,0.04839974188035534,0,3853.420166015625,overall|small|part
2401355,1,1,black glasses on a man's face,480,0.009566326530612245,0.013131779706977941,0.013908735443337482,0.1903355916341146,0,6568.61181640625,overall|small|part
2401355,2,4,a game controller is on the table,1000,0.01992984693877551,0.023113453864611746,0.025668963775338168,0.18841998291015624,0,7340.38134765625,overall|small
2401355,3,5,A brown necklace on the man,576,0.011479591836734694,0.017310239689973177,0.01755749537893789,0.5514067543877496,0,18089.7265625,overall|small
2401355,4,6,a vent in a wall,480,0.009566326530612245,0.012009498460144749,0.01271008862843768,0.17889835039774576,0,6756.1455078125,overall|small
2401355,5,9,the remote is white in color,160,0.0031887755102040817,0.002201313437336062,0.002251107106609214,0.0905110001564026,0,6433.17236328125,overall|small
2401355,6,2,the man's shoe is brown,2201,0.043865593112244895,0.026693387171120964,0.07643791830680863,0.0394011813366971,0,1134.5416259765625,overall|part
2401356,0,7,a folded dark red shirt,1056,0.021045918367346938,0.018816119381065297,0.02016047642173179,0.22007435018366034,0,11527.431640625,overall|text
2401356,1,0,a stack of khaki pants,3416,0.06808035714285714,0.04339194399855634,0.05796006801316144,0.14722131733592836,0,8676.8017578125,overall
2401356,2,1,three bras in white grey and black,2090,0.04165338010204082,0.03563765024245627,0.04835344095301939,0.11934370561079545,0,5158.4404296875,overall
2401356,3,2,A brown wooden coffee table.,3944,0.07860331632653061,0.11095133515294703,0.18472667107276874,0.2174122406067761,1,4641.85205078125,overall
2401356,4,3,a pair of black mary janes with brown inner soles,2379,0.04741310586734694,0.015249034914128106,0.02293856887606042,0.04351000086306123,0,4512.5,overall
2401356,5,4,An empty black piece of luggage,4488,0.08944515306122448,0.06321863699555959,0.09931899114315433,0.14815797312799409,0,6694.9228515625,overall
2401356,6,5,a pair of dark grey sneakers with white shoelaces,1681,0.033502072704081634,0.025567053811059566,0.029604657884264068,0.15786893845739144,0,8964.0517578125,overall
2401357,0,8,maroon shirt on woman.,798,0.015904017857142856,0.010038402583318078,0.010551202662802007,0.1711883927347666,0,12947.181640625,overall|small|text
2401357,1,0,the left bare foot of a woman,224,0.004464285714285714,0.006638721693548823,0.007206331593108104,0.07773299728121076,0,2416.235107421875,overall|small
2401357,2,2,footrest on the carpet.,480,0.009566326530612245,0.003968573499028748,0.004359675756636765,0.04236416816711426,0,4664.2919921875,overall|small
2401357,3,4,a white wii controller in a woman's hands,480,0.009566326530612245,0.002446912043929871,0.0025461968280250423,0.059046709537506105,0,11131.2763671875,overall|small
2401357,4,6,fan near the footrest.,224,0.004464285714285714,0.002800916976465525,0.0029366140709657213,0.05715036392211914,0,4359.333984375,overall|small
2401357,5,7,Vase of pink and white flowers on fireplace mantel,924,0.018415178571428572,0.03723733012434485,0.04036676497507655,0.32447336040017927,0,7427.2333984375,overall|small
2401357,6,9,white statue,189,0.0037667410714285715,0.0082091093721439,0.008355103088825616,0.3196356637137277,0,7230.4482421875,overall|small
2401358,0,1,a sign.,940,0.01873405612244898,0.02366283295167714,0.029804072231573886,0.10300883841007313,0,3248.828125,overall|small|text
2401358,1,5,a window in a building.,675,0.013452646683673469,0.02350341738168449,0.02578631992826286,0.2097864673755787,0,5491.51123046875,overall|small|part
2401358,2,0,There are white stripes on the road,5117,0.10198102678571429,0.013818918506920444,0.031263756355698655,0.024167056192707825,0,3955.46923828125,overall
2401358,3,2,The awning is painted on the building,2916,0.058115433673469385,0.07004632740725614,0.08906851321434069,0.24697737831147118,0,8085.75341796875,overall
2401358,4,3,The sky is white.,2000,0.03985969387755102,0.0799222942000595,0.10722928600580675,0.23887197875976562,1,4455.349609375,overall
2401358,5,4,a grey fire hydrant,5600,0.11160714285714286,0.14156123101817503,0.17602145050074625,0.4196469988141741,0,13350.77734375,overall
2401359,0,2,the headband is white,600,0.011957908163265306,0.003343055077590832,0.0036862091093058376,0.03466663678487142,0,5642.6484375,overall|small
2401359,1,3,woman is wearing wristband,550,0.010961415816326531,0.009109457354867519,0.010044341878145525,0.08914654818448153,0,4881.4150390625,overall|small
2401359,2,4,plant behind woman,943,0.018793845663265307,0.009996511394522959,0.011611706553254315,0.0670469896917252,0,5444.962890625,overall|small
2401359,3,6,woman wears a watch,600,0.011957908163265306,0.022888869993931048,0.02495683572050566,0.21644205729166666,0,5203.59375,overall|small
2401359,4,0,woman wearing black watch,20295,0.404476243622449,0.11789707501072609,0.3423534612458064,0.15241539826619857,0,9035.3125,overall
2401359,5,1,balcony railing,1656,0.03300382653061224,0.032922971073632866,0.03954544389986331,0.16429624695708786,0,6880.048828125,overall
2401359,6,5,the floor is red,2478,0.04938616071428571,0.12322834436554785,0.13048067691623072,0.6891579985907234,0,13088.0185546875,overall
2401360,0,1,white lamp on window sill,646,0.01287468112244898,0.025763415352054203,0.029862501934476402,0.158029881055141,0,3418.578369140625,overall|small|part
2401360,1,0,this is a pillow ,135,0.002690529336734694,0.002430916533200122,0.0024683532631986655,0.1381391030770761,0,7555.14990234375,overall|small
2401360,2,3,wooden baseboard of a bed frame,286,0.005699936224489796,0.0019047114425381848,0.0019574077486071914,0.06607573182432802,0,9654.431640625,overall|small
2401360,3,5,this is a bed cover ,462,0.009207589285714286,0.018886438492341017,0.019376336222255427,0.42758773209212664,0,10195.1953125,overall|small
2401360,4,2,white wall in a bedroom,6039,0.12035634566326531,0.14688110802300683,0.2728699035864425,0.24134317528512586,0,5341.2685546875,overall
2401360,5,4,the room has wooden floors,9348,0.18630420918367346,0.08515364351162187,0.15988399031187908,0.154108284985759,0,9010.3095703125,overall
2401361,0,4,a red sign with a white light through the middle,40,0.0007971938775510204,0.0012487814389798729,0.0012552856913184897,0.19420348405838012,0,6188.34375,overall|small|text
2401361,1,0,this is a tent,399,0.007952008928571428,0.013973249753328847,0.014415316501851598,0.31302285254151,0,8664.1259765625,overall|small
2401361,2,1,this is the roof ,300,0.005978954081632653,0.00979941586110792,0.009974213304083919,0.35863306681315105,0,10786.8076171875,overall|small
2401361,3,2,the wall is orange,399,0.007952008928571428,0.0021088069849620936,0.0023312950726774653,0.021618986488284923,0,3700.078857421875,overall|small
2401361,4,3,an umbrella with rainbow colors in blocks,336,0.006696428571428571,0.010887205310959948,0.011172575073645927,0.29885936918712797,0,8987.7890625,overall|small
2401361,5,5,Street name signs corner building,360,0.007174744897959184,0.004669900378583496,0.004898703935588496,0.09089501698811848,0,6679.76806640625,overall|small
2401361,6,6,dome in the background,396,0.007892219387755101,0.00887868038034296,0.009474746337031544,0.1236762422503847,0,5169.08740234375,overall|small
2401362,0,7,the left eye of a dog.,378,0.007533482142857143,0.0062267334676495536,0.00695577927085544,0.05607737182940125,0,3047.429443359375,overall|small|part
2401362,1,2,another piece of luggage or furniture,588,0.01171875,0.008827203284379945,0.009447302899422291,0.11854173050445764,0,7378.03564453125,overall|small
2401362,2,4,gold zipper for closing/opening a suitcase,500,0.009964923469387755,0.012431473417079775,0.012818849579391904,0.29147149658203125,0,11368.86328125,overall|small
2401362,3,5,the black nose of a dog.,256,0.00510204081632653,0.00811534854373787,0.008448679703793151,0.17060166597366333,0,5169.33154296875,overall|small
2401362,4,8,silver zipper tab,416,0.008290816326530613,0.011264507447266795,0.011471554691573276,0.38428027813251203,0,13935.390625,overall|small
2401362,5,0,black suitcase handle,1025,0.0204280931122449,0.005270413980719252,0.0076409440982332,0.016704380686690168,0,2240.8212890625,overall|part
2401362,6,6,a door in a bedroom.,3024,0.060267857142857144,0.12127754547773939,0.15464541233925821,0.3598230755518353,0,7036.12841796875,overall|part
2401363,0,3,lines in man's hand,864,0.01721938775510204,0.02542089571689846,0.026151915086550834,0.47628130736174407,0,15735.2548828125,overall|small|part
2401363,1,6,this is a shoe ,378,0.007533482142857143,0.0078691056615083,0.008466633438526628,0.10031554812476748,0,4478.67236328125,overall|small|part
2401363,2,0,finger nail on man'shand,600,0.011957908163265306,0.016999017515441077,0.017949868574814648,0.24294164021809897,0,8120.67138671875,overall|small
2401363,3,1,red button on blue remote,224,0.004464285714285714,0.005906995579179322,0.006174644267535974,0.11993069308144706,0,4350.77294921875,overall|small
2401363,4,4,the man has a light skin ,168,0.0033482142857142855,0.0035485437519470133,0.003610951334899746,0.17034583999997094,0,7925.36328125,overall|small
2401363,5,8,a tan bench,380,0.007573341836734694,0.005379284385311064,0.005762521614682256,0.07483241934525339,0,4934.70068359375,overall|small
2401363,6,9,the floor is brown in color ,532,0.010602678571428572,0.029247615071644202,0.03168123717363755,0.2757557173420612,0,4630.5654296875,overall|small
2401364,0,0,A typical scene in India.,46221,0.9211774553571429,0.4602052737199696,0.9234025854432749,0.4784707066322667,1,23949.89453125,overall
2401365,0,0,Ground has a serials of hills,22338,0.4451929209183674,0.04352296543968735,0.18757986712709376,0.05363278146054369,0,6386.87451171875,overall
2401365,1,1,The clouds are long in shape,13065,0.26038345025510207,0.10914501987287124,0.2600516246350622,0.15830971345197092,0,7953.48388671875,overall
2401366,0,1,a yellow sleeve on a man's shirt,819,0.016322544642857144,0.007732395438502482,0.008136293166168445,0.13477203406402624,0,13566.1650390625,overall|small|text
2401366,1,9,a pony tail on a man,540,0.010762117346938776,0.004024280541716566,0.00519201751822678,0.01757831750092683,0,1828.2471923828125,overall|small|part
2401366,2,0,part of a trouser,592,0.011798469387755101,0.0017329149807061056,0.0019456867967987514,0.015599402221473487,0,4746.31689453125,overall|small
2401366,3,3,a divider between urinals,900,0.01793686224489796,0.015482370695368885,0.016549661114313313,0.1935960896809896,0,10528.099609375,overall|small
2401366,4,4,part of  a wall,600,0.011957908163265306,0.0057393709226720895,0.006266398109880815,0.06388218561808268,0,6116.6416015625,overall|small
2401366,5,6,a flushing device for a urinal,315,0.006277901785714286,0.007209563542878054,0.00737337115437885,0.24500931028335812,0,10467.1162109375,overall|small
2401366,6,7,edge of a board,700,0.013950892857142858,0.009405413930270834,0.011548881669678952,0.04823165348597935,0,2923.41357421875,overall|small
2401367,0,0,part of a surface,209,0.004165338010204082,0.004965395635296217,0.005593128268890556,0.04236749712930342,0,1583.158203125,overall|small
2401367,1,1,two white metal canisters in grass,638,0.012715242346938776,0.0079570633527719,0.008147208541660393,0.25425375815842965,0,19910.365234375,overall|small
2401367,2,2,part of an edge,768,0.015306122448979591,0.00592968310325914,0.007158285643029515,0.03339475393295288,0,3582.864990234375,overall|small
2401367,3,3,green plant in white pot,440,0.008769132653061224,0.003703740275016602,0.0038513295182531237,0.08813104629516602,0,10068.642578125,overall|small
2401367,4,6,part of a metal,70,0.0013950892857142857,0.0021157660307832547,0.0021465002404213508,0.12874279022216797,0,4198.4599609375,overall|small
2401367,5,7,part of a surface,36,0.0007174744897959184,0.0007620177844328082,0.0007787521560885409,0.034246885114245944,0,1583.158203125,overall|small
2401367,6,9,a right hand.,1015,0.020228794642857144,0.011515776661068915,0.012633997878282654,0.11512935995468365,0,9249.3525390625,overall|part
2401368,0,5,the word sicko stylized for graffiti,805,0.016043526785714284,0.01717557645004841,0.02010882897901149,0.10534289816151494,0,4217.1044921875,overall|small|text
2401368,1,3,white graffiti on floor on bottom right,240,0.0047831632653061226,0.004434624143369234,0.004797036096793352,0.055444053808848065,0,2773.91552734375,overall|small
2401368,2,4,red stylized graffiti on a wall,684,0.01363201530612245,0.01970963967460858,0.021946141676869396,0.16206145704838268,0,5051.00341796875,overall|small
2401368,3,6,potential hazard jutting up from the ground,156,0.0031090561224489796,0.006663997220204603,0.006905248032334572,0.160187195508908,0,3618.87109375,overall|small
2401368,4,0,large exclamation point in graffiti ,2211,0.044064891581632654,0.05209429915876467,0.07698997666798195,0.13874908681910053,0,3984.599609375,overall
2401368,5,1,boy riding skateboard,5635,0.1123046875,0.13792644997718584,0.15290171946193462,0.584763805318323,1,21550.732421875,overall
2401368,6,2,metal gate at a skate park,5100,0.1016422193877551,0.08551981378166418,0.12352625605636278,0.21749760646446079,0,8979.7734375,overall
2401369,0,3,The eye glasses the man behind the girl in the white blouse is wearing.,104,0.002072704081632653,0.0010042349055611381,0.0010222638359541575,0.05387377738952637,0,5480.84814453125,overall|small|part
2401369,1,1,part of  a pocket,60,0.0011957908163265306,0.0003345570016143384,0.0003403913163903877,0.01914535363515218,0,3374.707763671875,overall|small
2401369,2,5,part of an edge,416,0.008290816326530613,0.0040777731769207045,0.006078040676122574,0.01223912605872521,0,837.683837890625,overall|small
2401369,3,6,The black sunglasses the lady is wearing.,143,0.002849968112244898,0.0018861271926192236,0.0019324408732222399,0.07295712557705966,0,5398.8037109375,overall|small
2401369,4,7,The black shirt the lady is wearing with the sunglasses.,2774,0.05528539540816327,0.047142225238596076,0.05827502920626438,0.19792585641081245,0,9421.6396484375,overall|text
2401369,5,0,woman on cellphone,18837,0.3754185267857143,0.21216601343629887,0.4167626515498501,0.3017644483762011,0,13639.2666015625,overall
2401369,6,2,A black fence,2450,0.048828125,0.07392926437434066,0.08286785783558341,0.4066630460778061,0,12023.05078125,overall
2401370,0,0,man flying a huge red and white kite,16799,0.3348014987244898,0.2030354948566451,0.2983051121217251,0.38865519106420027,0,21887.048828125,overall
2401370,1,1,shadow on cut grass,7018,0.13986766581632654,0.06889501107358491,0.18596234098474315,0.09864456207197118,0,3722.729736328125,overall
2401371,0,1,food bits on spoon,720,0.014349489795918368,0.008635322778845385,0.010086003851235165,0.05663753615485297,0,4043.130126953125,overall|small
2401371,1,0,pan handle for holding dish ,7904,0.15752551020408162,0.05944719339264703,0.13081886910426854,0.09825600689721976,0,5936.57080078125,overall|part
2401371,2,2,onion is white,1560,0.031090561224489797,0.01204647808581961,0.018808767102952064,0.03242004101092999,0,2688.919677734375,overall
2401371,3,3,broccoli and beef in stew,5640,0.11240433673469388,0.09844369094340688,0.12288814826188678,0.3310589513034685,0,15194.0810546875,overall
2401371,4,4,brown gravy,1596,0.03180803571428571,0.02279497944008725,0.029520298912762862,0.09095611189839833,0,4917.49609375,overall
2401371,5,5,sliced cooked beef strips,1560,0.031090561224489797,0.03430396442629689,0.037718308218224146,0.27481392102363783,0,11366.0908203125,overall
2401371,6,6,top of green broccoli floret,1715,0.0341796875,0.0287135567866156,0.035850999255315034,0.12604730455937954,0,6029.7099609375,overall
2401372,0,3,old paint on the sign post ,675,0.013452646683673469,0.01990916735656019,0.021073665595680694,0.264863597728588,0,8483.712890625,overall|small|text
2401372,1,9,torn white sign on wooden pole,494,0.009845344387755101,0.018354152485304163,0.019000796535564794,0.35035952672302,0,9108.9658203125,overall|small|text
2401372,2,1,blue car moving on the street,902,0.01797672193877551,0.020927966263572625,0.022819079509874638,0.20161394005075525,0,7969.46142578125,overall|small
2401372,3,4,The blue box on the side of the street,208,0.004145408163265306,0.001836582872253999,0.0019126662099427615,0.04413243440481333,0,4799.345703125,overall|small
2401372,4,5,cobblestone side walk in a city,299,0.0059590242346938774,0.0026414194603412706,0.002755542693426001,0.059954180765311456,0,6505.54248046875,overall|small
2401372,5,6,The red light over the road,42,0.0008370535714285714,0.0009307357583827475,0.000936624990003128,0.12893842515491305,0,5781.837890625,overall|small
2401372,6,7,curbing on a street corner,675,0.013452646683673469,0.0053746792725611345,0.005825347286033063,0.06496025368019387,0,7527.13427734375,overall|small
2401373,0,7,the t-shirt is white in color,312,0.006218112244897959,0.0044052298532338465,0.004511921881252895,0.15703843190119818,0,10859.228515625,overall|small|text
2401373,1,5,the hand is raised,496,0.009885204081632654,0.013693267663344494,0.014557249849290223,0.18746623685283045,0,6387.4189453125,overall|small|part
2401373,2,6,the handle is back in color,32,0.0006377551020408163,0.0005688749598158067,0.0005708663797497798,0.14021050930023193,0,7859.52099609375,overall|small|part
2401373,3,9,A man's head.,665,0.013253348214285714,0.015790161210866092,0.01992414815821935,0.0707202366420201,0,2360.39990234375,overall|small|part
2401373,4,0,this is a tennis ball,187,0.0037268813775510204,0.0020873486893304392,0.0021374232906331446,0.08180899798551346,0,7157.34814453125,overall|small
2401373,5,2,this is a short,646,0.01287468112244898,0.01534612197671975,0.017036857650569063,0.13392667504656056,0,5078.20361328125,overall|small
2401373,6,3,the short is black in color ,161,0.003208705357142857,0.0017213683384342795,0.0017448249895014132,0.11350985935756139,0,10473.8798828125,overall|small
2401374,0,0,part of a ceiling,780,0.015545280612244899,0.03276702182374347,0.03586608516035067,0.2749521695650541,0,5979.5400390625,overall|small
2401374,1,3,part of a sheet,468,0.00932716836734694,0.0031431311064115982,0.003410163551940404,0.03859064314100477,0,5296.05712890625,overall|small
2401374,2,4,flat screen TV mounted to wall,760,0.015146683673469387,0.019971776807618188,0.02083982470869682,0.32408511513157895,0,11818.9423828125,overall|small
2401374,3,5,part of  a floor,612,0.012197066326530613,0.01869747829814019,0.019905195130105278,0.23557087019378065,0,7242.80126953125,overall|small
2401374,4,6,edge of a table,285,0.00568000637755102,0.005812498936231688,0.005960991598239285,0.18918905425489996,0,9045.287109375,overall|small
2401374,5,7,part of a switch,153,0.003049266581632653,0.0019084519442237324,0.0019411413159292738,0.10179096421385123,0,8023.1240234375,overall|small
2401374,6,9,edge of a wall,576,0.011479591836734694,0.013459029714783707,0.01604157583818222,0.07715129190021092,0,2770.248046875,overall|small
2401375,0,1,Person floating on the water,304,0.006058673469387755,0.004826349503036286,0.005179654211347004,0.06608138586345472,0,3878.394287109375,overall|small
2401375,1,3,a small area of trees in the distance,228,0.004544005102040816,0.007891392274775609,0.007984651164930854,0.40321530793842514,0,11513.7265625,overall|small
2401375,2,4,Person standing on a surfboard,429,0.008549904336734694,0.008558181578380482,0.00908206537941225,0.12919664716387128,0,6102.7265625,overall|small
2401375,3,6,Two people on top of a wave,527,0.010503029336734694,0.015441539998076159,0.016306550091282672,0.225462361576435,0,7286.560546875,overall|small
2401375,4,7,Underside of large wave,330,0.006576849489795918,0.00417758794066969,0.004386663142012694,0.08058751424153646,0,6062.439453125,overall|small
2401375,5,0,Stretch of calm water,4004,0.07979910714285714,0.07866384150380035,0.10003672844316462,0.2691071135895355,0,10771.0927734375,overall
2401375,6,2,the area where the white waves meet the grey sky,1196,0.02383609693877551,0.02153105462885032,0.026604105984720784,0.10145732790331378,0,4561.0615234375,overall
2401376,0,4,yellow line on pink shirt,98,0.001953125,0.0008258417136013997,0.0008535612891655048,0.02479927393854881,0,2847.281005859375,overall|small|text
2401376,1,8,white button on man's shirt,36,0.0007174744897959184,0.0009104742989556063,0.0009141152474798742,0.18605772654215494,0,7327.38916015625,overall|small|text
2401376,2,9,This man's shirt is a light purple color,252,0.005022321428571429,0.006559108052212909,0.00677439715661257,0.17108220902700272,0,6364.06689453125,overall|small|text
2401376,3,1,onyx stone ring on man's finger,66,0.0013153698979591836,0.001820055137919291,0.00184010780798473,0.14311302069461707,0,5133.10107421875,overall|small
2401376,4,2,The lights seen in the black background,300,0.005978954081632653,0.007922601969259696,0.00804942104920451,0.3346024322509766,0,12470.552734375,overall|small
2401376,5,5,"This man has a very, very large nose",650,0.012954400510204082,0.032826689304153917,0.03401800952765959,0.4838342754657452,1,9244.8759765625,overall|small
2401376,6,6,This man is wearing very dark black slacks,15,0.00029894770408163266,0.0004720894937889557,0.00047290934025831803,0.214030392964681,0,6788.734375,overall|small
2401377,0,1,Pet food dishes floor corner,286,0.005699936224489796,0.008580840938065075,0.008921344831812422,0.18355458933156688,0,5884.38330078125,overall|small
2401377,1,2,yellow and silver stripe on floor,520,0.010363520408163265,0.024743402510842838,0.026540400025327784,0.2676368419940655,0,5243.74755859375,overall|small
2401377,2,3,wooden molding on wall,500,0.009964923469387755,0.05290610572424831,0.05480877956693956,0.60380712890625,0,5508.306640625,overall|small
2401377,3,0,this is a chair,32376,0.6452487244897959,0.3063534433969715,0.7593944536683995,0.33928612364289906,1,14465.1142578125,overall
2401379,0,2,Cup sitting on table,336,0.006696428571428571,0.014598753534904977,0.01556295883775689,0.19069903237479074,0,4117.1396484375,overall|small
2401379,1,8,pizza slice on a paper plate,528,0.010522959183673469,0.02374348175473012,0.024653696035108853,0.3913966670180812,0,8382.412109375,overall|small
2401379,2,6,woman wearing a blue T-shirt,1938,0.03862404336734694,0.0598959451384799,0.06695151006005386,0.3623926184371775,0,10489.93359375,overall|text
2401379,3,7,man wearing black and white striped shirt,1118,0.02228156887755102,0.029178967746172988,0.031871926311182984,0.25669421364881484,0,9004.2919921875,overall|text
2401379,4,0,Napkins in blue and gray napkin holder,1560,0.031090561224489797,0.01891106356334866,0.028153868188630346,0.05446622799604367,0,3017.96240234375,overall
2401379,5,1,the little boy is drinking from his cup,6204,0.12364477040816327,0.08685797532567839,0.16637887512210606,0.15378300502636907,0,5734.3203125,overall
2401379,6,3,the little girl is smiling,1680,0.033482142857142856,0.019347796215034872,0.022362064220516016,0.12551961626325334,0,9429.94140625,overall
2401380,0,4,the leaves are green,925,0.018435108418367346,0.026532252368351474,0.030453534700028435,0.17085059913429054,0,5189.4404296875,overall|small|part
2401380,1,2,the grass is green,255,0.005082110969387755,0.001558031574869292,0.0016178127127904392,0.040457991057751226,0,6376.99755859375,overall|small
2401380,2,0,person running in photo,11324,0.22568558673469388,0.08645705205516888,0.3348307376534768,0.10438573709944035,1,3530.333251953125,overall
2401380,3,1,a  tall tree trunk.,1125,0.022421077806122448,0.03204531987404519,0.0358894405322653,0.230284423828125,0,7218.55712890625,overall
2401380,4,3,a net for a sporting game.,2244,0.04472257653061224,0.010637020715747498,0.012941127577078208,0.056375292745716,0,9775.5126953125,overall
2401380,5,5,a log on the ground ,1140,0.02272002551020408,0.00975899079171187,0.013505309866688454,0.033985097784745066,0,2868.724365234375,overall
2401381,0,3,A plastic wall mounted door bell,132,0.0026307397959183672,0.006299566369962444,0.0064086113374731265,0.2701943137428977,0,5565.26953125,overall|small|part
2401381,1,4,A closed silver laptop,285,0.00568000637755102,0.006101713225963278,0.006681243040826109,0.06572180630867941,0,2803.4775390625,overall|small
2401381,2,8,A brown table book.,418,0.008330676020408163,0.012587101271961705,0.012875266941682931,0.35995607512989686,0,11686.0986328125,overall|small
2401381,3,9,white phone in the corner,180,0.003587372448979592,0.0077875849296113004,0.007960225640914153,0.2642053392198351,0,5974.3232421875,overall|small
2401381,4,0,purple orchid sitting on table,2730,0.054408482142857144,0.05129555406474559,0.06547925939881127,0.19146614493904532,0,7982.7197265625,overall
2401381,5,1,brown tile on the floor,3276,0.06529017857142858,0.06454612858931193,0.09117698712841499,0.1809916700053419,0,6503.05224609375,overall
2401381,6,2,orange pillow on a sofa,2310,0.04603794642857143,0.06957638413535419,0.08060424046520523,0.3371092164671266,1,9661.05859375,overall
2401382,0,4,United States of America flag,192,0.003826530612244898,0.003111696544636152,0.003181598842626064,0.12405844529469807,0,7486.55712890625,overall|small|text
2401382,1,0,row of three benches,368,0.007334183673469388,0.009113778005218067,0.0092690505847566,0.35235263990319293,0,13989.1103515625,overall|small
2401382,2,3,black trash can next to bench,120,0.0023915816326530613,0.0014391650233093044,0.001457477986649546,0.10276817480723063,0,8461.3154296875,overall|small
2401382,3,6,wood chips around the base of a tree,396,0.007892219387755101,0.004397063872600224,0.004869122925932907,0.043386411185216425,0,3528.5654296875,overall|small
2401382,4,1,Wood carved eagle,1040,0.02072704081632653,0.02583073954350607,0.032037041695187334,0.11765126448411208,0,3819.2451171875,overall
2401382,5,2,Large white building with trees in front of it,5160,0.10283801020408163,0.11754178902731596,0.17391348442211893,0.2661253936531008,0,7895.92041015625,overall
2401382,6,5,black clock with Roman numeral numbers,2800,0.05580357142857143,0.07278640704404933,0.10587873438077938,0.18889088221958705,1,4995.28515625,overall
2401383,0,2,a peeling price tag label,208,0.004145408163265306,0.0017660496048573539,0.0019131005574182125,0.022459880663798407,0,2441.9287109375,overall|small|text
2401383,1,1,a section of porcelain.,950,0.018933354591836735,0.017381944529525177,0.01851343417380212,0.22142839933696545,0,11362.396484375,overall|small
2401383,2,6,a grey countertop in a bathroom,285,0.00568000637755102,0.008501069023430759,0.008982123886992929,0.13698589927271793,0,4346.52001953125,overall|small
2401383,3,0,green spray bottle visible in photo,4956,0.09877232142857142,0.04429551101731908,0.07957871156984817,0.09083084217283974,0,5656.759765625,overall
2401383,4,3,the slug's antenna are protruding,1596,0.03180803571428571,0.02980067696784747,0.03934673716514744,0.10939462800372514,0,4437.31396484375,overall
2401383,5,4,filth inside of a toilet.,4641,0.09249441964285714,0.08316615180511042,0.10329332893017876,0.29913652284832204,0,13440.29296875,overall
2401383,6,5,a section of the inside of a toilet bowl.,3360,0.06696428571428571,0.04065007045747588,0.054519997749168846,0.1377731232416062,0,8490.787109375,overall
2401384,0,1,Man has ring on finger.,345,0.006875797193877551,0.005955533278436146,0.006197329800195997,0.13242824388586957,0,7372.166015625,overall|small
2401384,1,2,The phone in the man's hand.,4620,0.09207589285714286,0.1259946845887706,0.14410548978770435,0.5006303267045454,0,16050.1318359375,overall|part
2401384,2,3,hair stubble on the face of a man,7134,0.1421795280612245,0.08117435369595379,0.19790363864576138,0.12097460567901072,0,4360.8740234375,overall|part
2401384,3,4,Man has short hair on his head.,4368,0.08705357142857142,0.08385541708880494,0.1261043015095122,0.20018639756646348,1,6934.05517578125,overall|part
2401384,4,0,Man has brown eyebrows.,2436,0.048549107142857144,0.042077370884787815,0.058537055040467155,0.13016516273636342,0,5416.77978515625,overall
2401385,0,2,HAND HOLDING FOOD UP TO MOUTH,30,0.0005978954081632653,7.024476004306595e-05,7.041376778889157e-05,0.028433952728907266,0,12114.3720703125,overall|small|part
2401385,1,1,MULTI COLORED DESIGN ON THE FLOOR,140,0.0027901785714285715,0.0035196826478948776,0.0035759346230286766,0.18283696855817522,0,7158.177734375,overall|small
2401385,2,4,a doorway in a wall,837,0.0166812818877551,0.015312009383280067,0.018072329279773175,0.09111613612021169,0,4219.943359375,overall|small
2401385,3,0,man looking up to ceiling,29808,0.5940688775510204,0.10767337176496508,0.5579234465696994,0.11771648773504596,0,6289.20166015625,overall
2401385,4,3,lighting recessed into ceiling,1870,0.0372688137755102,0.03735315282178162,0.04400547825382975,0.19813521278095755,0,8419.6982421875,overall
2401386,0,8,arched window on building.,216,0.00430484693877551,0.006122595061993545,0.006299097671076488,0.17932266659206814,0,6149.08642578125,overall|small|part
2401386,1,0,edge of a road,336,0.006696428571428571,0.005163935006718946,0.005407877268795443,0.10271862574986049,0,6382.0712890625,overall|small
2401386,2,2,part of a road,255,0.005082110969387755,0.007855388050128144,0.008043122952821521,0.2518040376551011,0,7983.22119140625,overall|small
2401386,3,6,stoplight on the corner.,155,0.0030891262755102043,0.00199191797876271,0.002018642044445618,0.1307843485186177,0,10042.18359375,overall|small
2401386,4,7,electronic billboard on building.,420,0.008370535714285714,0.005270336466500215,0.005746648700372194,0.05978450775146484,0,4369.4150390625,overall|small
2401386,5,9,a billboard,405,0.008071588010204082,0.006022455697458494,0.006456118830851005,0.0822814847216194,0,5161.615234375,overall|small
2401386,6,1,Evergreen tree,2430,0.04842952806122449,0.034181671636356506,0.04101313238781212,0.17027042844167953,0,10088.40625,overall
2401387,0,4,flashlight next to knives,598,0.011918048469387755,0.004775574009868072,0.0054558586257582205,0.03688715931563872,0,4043.0888671875,overall|small
2401387,1,6,hand towel on counter,1386,0.027622767857142856,0.024583676057404174,0.029772011928978603,0.12362764476869702,0,5755.33544921875,overall|part
2401387,2,0,black stove top by counter,4410,0.087890625,0.10831206344535241,0.17659195281469298,0.21882749112014596,1,5464.74072265625,overall
2401387,3,1,a bag of croutons,3234,0.064453125,0.0924249970023195,0.12531746810751918,0.26042682031974723,1,6720.69384765625,overall
2401387,4,2,brightly colored container holding kitchen utensils,1736,0.03459821428571429,0.07126231828525777,0.08518601665381913,0.3036149196361067,0,6187.34765625,overall
2401387,5,3,stack of two blue plates,7826,0.15597098214285715,0.15684946212542197,0.21151619644423691,0.3776763752236136,1,13973.8486328125,overall
2401387,6,5,tiled floor is white,2405,0.047931281887755105,0.10279622199613232,0.12112869051314817,0.4044814016615774,0,8030.9443359375,overall
2401388,0,0,This is at a beach.,41748,0.83203125,0.2753643228426467,0.758902898213614,0.3017628183535738,0,16600.271484375,overall
2401389,0,2,The shoe lace of a tennis player.,27,0.0005381058673469387,0.0004752839450300605,0.00047882735295807295,0.060349972159774216,0,3402.99951171875,overall|small|part
2401389,1,3,Strings on a tennis racket,240,0.0047831632653061226,0.0024224398820140718,0.0025654017640407557,0.041658941904703775,0,3897.30224609375,overall|small
2401389,2,0,Shadow of tennis player holding a racket,25098,0.5001992984693877,0.1627585964688467,0.5615519074760837,0.1864527380792294,1,8333.318359375,overall
2401389,3,1,Black shorts worn by a tennis player,3403,0.06782126913265306,0.07156187589718435,0.08115178829378608,0.37716867613365046,0,15816.1025390625,overall
2401390,0,3,fence outside of window,432,0.00860969387755102,0.013600058649459535,0.014366341284407483,0.20317151811387804,0,6109.42578125,overall|small|part
2401390,1,2,a light color wooden floor,784,0.015625,0.017897689435568544,0.01854557340403747,0.33876360679159356,0,14320.9736328125,overall|small
2401390,2,0,black stand with tv,4000,0.07971938775510204,0.06771410701946652,0.11377025143867604,0.1433008117675781,1,5038.25244140625,overall
2401390,3,1,lights in the ceiling,1045,0.02082669005102041,0.033004935037449265,0.03871447492735056,0.1828699431350927,0,4936.11474609375,overall
2401390,4,4,a wooden table between the chairs,1932,0.03850446428571429,0.02585801917221092,0.031282036196592075,0.1297775331738079,0,8015.1494140625,overall
2401391,0,4,blue sign on a train,432,0.00860969387755102,0.005493635240677327,0.005770630202180901,0.1026954209363019,0,7687.96826171875,overall|small|text
2401391,1,3,silver door to cargo compartment,720,0.014349489795918368,0.012408786744532416,0.013390673166386799,0.14473431905110676,0,7782.18603515625,overall|small|part
2401391,2,1,tall building in the background.,462,0.009207589285714286,0.01527917425201954,0.016469486175479473,0.17451353196973923,0,4895.43212890625,overall|small
2401391,3,2,Front windshield of passenger train,465,0.009267378826530613,0.012519764474111883,0.013008014450941234,0.2501235797841062,0,8941.2158203125,overall|small
2401391,4,6,white building behind the train.,210,0.004185267857142857,0.004903555023994831,0.005054580110714747,0.14097799573625838,0,5857.13916015625,overall|small
2401391,5,7,train wheels on cargo train carrier,800,0.01594387755102041,0.006438528482153528,0.0069598126042020175,0.07915799617767334,0,9098.865234375,overall|small
2401391,6,8,vent on side of train.,112,0.002232142857142857,0.0032187035565185208,0.0032691456426506937,0.1725989920752389,0,5913.1923828125,overall|small
2401393,0,3,red tomato sauce on pizza,828,0.01650191326530612,0.018067673571163432,0.018644135253968373,0.36882686154278005,0,16379.876953125,overall|small
2401393,1,5,melted cheese on  pizza,475,0.009466677295918368,0.009767333500074166,0.010211851829926111,0.18326240941097863,0,8524.3740234375,overall|small
2401393,2,0,spinach on the pizza,2520,0.05022321428571429,0.07141152810670506,0.07934163452287497,0.4167329818483383,0,13236.015625,overall
2401393,3,1,fork and a knife,2652,0.052853954081632654,0.01228156329153243,0.02763340407890634,0.021628742304322945,0,2075.727783203125,overall
2401393,4,2,the pinky is curled,2050,0.0408561862244898,0.03807697499855627,0.16058445740689728,0.047539051335032396,0,606.8772583007812,overall
2401393,5,4,burnt crust of pizza,1596,0.03180803571428571,0.006879882176511484,0.010266125937337318,0.020431681085648693,0,3176.364990234375,overall
2401393,6,6,wooden pizza board,3649,0.07272401147959184,0.09240223449357517,0.13455667153174808,0.22776779797868424,0,6176.76318359375,overall
2401394,0,2,window air conditioning unit in apartment building,224,0.004464285714285714,0.0031946001174201965,0.0032499284898692467,0.15799920899527414,0,10890.03125,overall|small|part
2401394,1,0,Street sign says Cumming St,1554,0.030970982142857144,0.030186522567305234,0.03791587072617945,0.1289792251095962,0,5286.27490234375,overall|text
2401394,2,5,NO PARKING SIGN IN PICTURE,1833,0.03653140943877551,0.04324886840415899,0.05717559062952334,0.15078382393212117,0,4833.9990234375,overall|text
2401394,3,1,apartment building fire escape,12654,0.2521922831632653,0.14465590168633324,0.28546318759851147,0.2267636352944227,0,10051.96875,overall
2401394,4,3,apartment building light,1204,0.023995535714285716,0.021077067279438175,0.025419294240071888,0.10983295377306763,0,5202.30322265625,overall
2401394,5,4,Building exterior is brick,2838,0.056560905612244895,0.025010914036900547,0.036286234900789006,0.07449408027804848,0,5826.2919921875,overall
2401394,6,6,There is a black ladder on the building,1105,0.022022480867346938,0.02562746430755057,0.028402111288007407,0.20781433657823106,0,8085.1328125,overall
2401395,0,9,front wheel of a motor cycle,90,0.001793686224489796,0.0012202101176164235,0.001235931410062489,0.08753044340345595,0,6373.9296875,overall|small|part
2401395,1,0,black tire on bike,988,0.019690688775510203,0.0172143938920867,0.019175450655633648,0.14407336277517713,0,7423.2666015625,overall|small
2401395,2,1,part of a name,272,0.005420918367346939,0.005009386148831,0.005856111708039143,0.03348570711472455,0,1555.3173828125,overall|small
2401395,3,3,edge of a seat,180,0.003587372448979592,0.0022000330672262212,0.002337433607836698,0.03607635762956407,0,2778.1513671875,overall|small
2401395,4,5,part of a building,33,0.0006576849489795918,0.0017674246634058746,0.0017736908159545796,0.33346017201741535,0,6204.1171875,overall|small
2401395,5,8,engine of a motor cycle,544,0.010841836734693877,0.012392243448542244,0.012651058481733613,0.37723473941578584,0,16221.2275390625,overall|small
2401395,6,2,The awning is black with Pub on the side,2070,0.04125478316326531,0.02812398325297627,0.03324075393754602,0.15448101246414553,0,9619.9892578125,overall
2401396,0,6,part of  a hair,420,0.008370535714285714,0.020147481692950883,0.021690890589215254,0.22066812061128163,0,4272.78955078125,overall|small|part
2401396,1,1,Pair of sunglasses,410,0.00817123724489796,0.0220122501558422,0.02394501578724976,0.21427478325076219,0,3668.93310546875,overall|small
2401396,2,2,orange life preserver on a large boat,25,0.0004982461734693878,0.0005467254726173509,0.0005473850667720232,0.31210840225219727,0,14254.517578125,overall|small
2401396,3,4,Small watercraft operate water,481,0.00958625637755102,0.0025855461368441556,0.0026747116767830755,0.07197657246103902,0,12943.724609375,overall|small
2401396,4,5,part of a chin,48,0.0009566326530612245,0.0024267430420499806,0.00244917187437003,0.20948255062103271,0,4105.53564453125,overall|small
2401396,5,7,part of a water,736,0.014668367346938776,0.022235330255693752,0.02810960785169241,0.0961682070856509,0,2517.9931640625,overall|small
2401396,6,8,woman wearing glasses,372,0.00741390306122449,0.015694668159147437,0.016135443824410938,0.36489129835559475,0,8412.5087890625,overall|small
2401397,0,4,a top of a table.,837,0.0166812818877551,0.005837607018609419,0.006411105874069314,0.061260474055756235,0,7997.8427734375,overall|small
2401397,1,7,a section of a table.,456,0.009088010204081632,0.011497320875989848,0.012171665196046275,0.17185800117358827,0,6438.49853515625,overall|small
2401397,2,0,the dressing is white,2912,0.05803571428571429,0.05134977740979414,0.05748986818411186,0.32468462514353325,0,16446.056640625,overall
2401397,3,1,the pickle is green,2046,0.04077646683673469,0.012303984756431028,0.024247161821131038,0.024370900114027753,0,2056.441162109375,overall
2401397,4,2,lettuce and slices of carrots ,1650,0.032884247448979595,0.04460548086692912,0.05188731904144778,0.24118249141808712,0,7669.525390625,overall
2401397,5,3,a piece of wheat bread ,7353,0.1465441645408163,0.04223446039382863,0.08140924881826983,0.08068595314518734,0,7287.6708984375,overall
2401397,6,5,the lettuce is green,1015,0.020228794642857144,0.01788884671581433,0.025398306805981888,0.057051413399832586,0,2279.96240234375,overall
2401398,0,5,a distant flag kite ,42,0.0008370535714285714,0.000728952369975187,0.0007346758488044367,0.08556347233908516,0,4891.49853515625,overall|small|text
2401398,1,8,a streamer flag kite,440,0.008769132653061224,0.019116210408146747,0.01969831524308198,0.39279448769309305,1,8773.8251953125,overall|small|text
2401398,2,0,Buildings in the distance.,456,0.009088010204081632,0.0035787672072634708,0.004029154506868941,0.031022370907298306,0,3510.960205078125,overall|small
2401398,3,3,man wearing white walking on the sand,45,0.000896843112244898,0.0011584867854604669,0.0011649343323743427,0.17308482064141167,0,6686.056640625,overall|small
2401398,4,9,a vehicle on the far end of the beach,24,0.00047831632653061223,0.0009830071372643864,0.0009856813576505886,0.2659597396850586,0,6475.7578125,overall|small
2401398,5,2,green and red legs to kite,2610,0.05201690051020408,0.04864038306067678,0.054851483799387576,0.3004806577017481,0,14297.78125,overall|part
2401398,6,6,The eyes and the mouth on the cat are black.,1560,0.031090561224489797,0.01861080314449163,0.023415496417996427,0.08315682044396033,0,5540.119140625,overall|part
2401399,0,6,left arm of a surfer,306,0.006098533163265306,0.006433634829377758,0.006537898048701601,0.28745775908426524,0,13454.1826171875,overall|small|part
2401399,1,3,white crashing water from a wave,805,0.016043526785714284,0.01786875991211309,0.019762174811347323,0.15718637786296583,0,6402.89013671875,overall|small
2401399,2,7,white foam from the ocean water,196,0.00390625,0.001616128344009191,0.0016778582162997385,0.042079001056904694,0,4915.4833984375,overall|small
2401399,3,0,The birds are white.,2600,0.05181760204081633,0.02771591761376583,0.03583334948666662,0.10901100745567908,0,7909.63232421875,overall
2401399,4,1,Foamy and motionless water ,7616,0.15178571428571427,0.0846784808948738,0.1582997119693681,0.1540299263321051,0,7410.5751953125,overall
2401399,5,2,Rock in the ocean.,1128,0.022480867346938774,0.021408369843348544,0.02602958492886004,0.10760927538499765,0,4663.28076171875,overall
2401399,6,4,Dark blue clear ocean water,3618,0.07210618622448979,0.04851367156712236,0.07715507649951757,0.11558240022759467,0,5419.9560546875,overall
2401400,0,4,Giraffe has black hair on the end of tail.,408,0.008131377551020409,0.006212123181856946,0.0063892059133792405,0.18309699787813075,0,11692.1533203125,overall|small|part
2401400,1,9,green leaves on the trees.,414,0.00825095663265306,0.00203571553084217,0.0021836403828479575,0.029174161993938942,0,5531.177734375,overall|small|part
2401400,2,2,A small rock on the ground.,16,0.00031887755102040814,0.000459155540395838,0.000463007327052322,0.05230623856186867,0,1807.5303955078125,overall|small
2401400,3,7,Two of the feet of the tallest giraffe. ,413,0.008231026785714286,0.015602716396058246,0.016211238280946057,0.29361663892251816,0,7480.22265625,overall|small
2401400,4,8,rocks in the ditch.,198,0.003946109693877551,0.004293111881598609,0.004409273123897264,0.14012434988310843,0,6292.33447265625,overall|small
2401400,5,0,Housing structure in the background.,1320,0.026307397959183673,0.02823503292295379,0.03029732701306001,0.29318787545868846,0,12773.66796875,overall
2401400,6,1,Wires in the sky over giraffes area.,13056,0.2602040816326531,0.043796643680137234,0.16107762350936877,0.05673883475509344,0,4598.91455078125,overall
2401401,0,2,tail of plane number two,192,0.003826530612244898,0.0043447233376994335,0.0044009054576719196,0.2539176146189372,0,11077.76171875,overall|small|text|part
2401401,1,3,Tail end of black airplane,231,0.004603794642857143,0.004799866257733599,0.004877985316478155,0.23060224789045589,0,10920.3115234375,overall|small|part
2401401,2,1,back wings of a jet.,156,0.0031090561224489796,0.0031095041234243917,0.003162239869832729,0.15715511028583234,0,7752.794921875,overall|small
2401401,3,6,Lights on bottom of airplane,64,0.0012755102040816326,0.0013961233462387816,0.0014089778048808638,0.1327192336320877,0,6028.505859375,overall|small
2401401,4,0,the left outer plane,2640,0.052614795918367346,0.02815186897893572,0.04361499655454424,0.07356334455085523,0,4452.7626953125,overall
2401401,5,4,a section of clear blue sky.,1908,0.03802614795918367,0.03648683653374569,0.04932236602704685,0.12296543081351546,0,4756.82861328125,overall
2401401,6,5,Clear blue sky,12900,0.2570950255102041,0.0765295634104673,0.24788572882015197,0.0996737789183624,0,5187.0341796875,overall
2401402,0,0,Identifying number of airplane.,117,0.002331792091836735,0.001738704829008506,0.0017613074422801228,0.11932175791161692,0,7926.296875,overall|small|text
2401402,1,3,the grass is green,504,0.010044642857142858,0.009861843347108172,0.010474430316932952,0.1442931644500248,0,6942.9794921875,overall|small
2401402,2,6,open windows,220,0.004384566326530612,0.0015470778636455977,0.0016101950191501732,0.037969264117154206,0,5187.71826171875,overall|small
2401402,3,1,the roof is gray,2379,0.04741310586734694,0.06047628341974268,0.07788624171201038,0.2129394993054461,0,6504.140625,overall
2401402,4,2,brown hotel,16472,0.3282844387755102,0.21969925143588126,0.4360700726527853,0.3068927396206441,0,11592.48828125,overall
2401402,5,4,the water ,1680,0.033482142857142856,0.09283871176476216,0.1033920438830606,0.4763164338611421,0,7739.5859375,overall
2401402,6,5,Water movement from the airplane.,1080,0.021524234693877552,0.021005546024341935,0.025761425692836508,0.10215811552824798,0,4282.78955078125,overall
2401403,0,5,Head of a man walking in the water. ,200,0.003985969387755102,0.006706647049949341,0.006821042616844637,0.28566120147705076,0,8375.880859375,overall|small|part
2401403,1,3,decal on surf board,144,0.0028698979591836736,0.0024292344693244597,0.002470162516591664,0.12786653306749132,0,7454.07666015625,overall|small
2401403,2,4,Top black tip of a surfboard. ,72,0.0014349489795918368,0.0015604791967045882,0.0015673217152130706,0.2633178499009874,0,12096.3583984375,overall|small
2401403,3,0,The foam is white.,14381,0.2866111288265306,0.07566827798159526,0.31381944392214967,0.09066978938953742,0,4155.0078125,overall
2401403,4,1,The waves are white.,9768,0.1946747448979592,0.0889925258067382,0.21727883491648467,0.13098404468033376,0,5888.5263671875,overall
2401403,5,2,small wave crashing down,5112,0.1018813775510204,0.03292757175669584,0.05860653494263756,0.06989711588350633,0,6096.82958984375,overall
2401404,0,1,neck of a sheep,464,0.009247448979591837,0.010335618698472972,0.011356345259433126,0.10313215749017124,0,4213.7958984375,overall|small
2401404,1,3,part of the sky,238,0.004743303571428571,0.007878348914031595,0.00813850828947043,0.1977258089209805,0,5782.23193359375,overall|small
2401404,2,4,stomach of a sheep,648,0.012914540816326531,0.026151018272348416,0.027361023233146164,0.37159691327883876,0,8800.650390625,overall|small
2401404,3,5,part of a tree,187,0.0037268813775510204,0.008105317730627103,0.008431491671963786,0.17322564762543868,0,3841.929443359375,overall|small
2401404,4,7,part of a cloth,125,0.0024912308673469387,0.002839987418743478,0.002929273995316507,0.08523173522949219,0,3637.0673828125,overall|small
2401404,5,0,Man wearing white shirt.,1463,0.029157366071428572,0.08680345309493005,0.09639030387892888,0.4660284911942498,0,7073.322265625,overall|text
2401404,6,2,The sky is bright.,5472,0.1090561224489796,0.17960455142792178,0.20177138678591017,0.6204692104406524,1,16827.001953125,overall
2401405,0,0,The plane in the sky,11745,0.23407605229591838,0.12646248564642504,0.2397869435287582,0.21109897163686675,0,10339.8349609375,overall
2401405,1,1,clouds in the sky,13244,0.26395089285714285,0.11814478344836198,0.31250827299191664,0.15963537734068256,1,6765.2958984375,overall
2401406,0,0,Yellow and red left boot,320,0.006377551020408163,0.0046154050648829275,0.005065879922611801,0.049342185258865356,0,3116.83251953125,overall|small
2401406,1,1,Yellow and red right boot,360,0.007174744897959184,0.004530500890232622,0.004920320963314671,0.05409097671508789,0,3957.6181640625,overall|small
2401406,2,2,red hat with a white patterned stripe,342,0.006816007653061225,0.00777219521478876,0.007929025828000973,0.2820969966419956,0,12167.5947265625,overall|small
2401406,3,3,person wearing white hat ,714,0.014229910714285714,0.021204759169608695,0.022466587190038908,0.27407161595106794,0,8710.140625,overall|small
2401406,4,5,light blue jacket,925,0.018435108418367346,0.0212289499491827,0.023742311002828902,0.16704009184966218,0,6507.87890625,overall|small
2401406,5,7,bright yellow hat,154,0.0030691964285714285,0.0036301526160330212,0.0036620807929538734,0.293969439221667,0,12362.177734375,overall|small
2401406,6,8,"black ski boot with small areas of yellow, pink and blue on the side",210,0.004185267857142857,0.0046737566407281965,0.0049433063947497075,0.07894594101678758,0,3353.7568359375,overall|small
2401407,0,3,green leaves on the plate,550,0.010961415816326531,0.00970138809489082,0.010397804403883762,0.12652009443803267,0,6692.37939453125,overall|small|part
2401407,1,1,side of a plate,60,0.0011957908163265306,0.0011424659755381024,0.0011636042842124918,0.05916845401128133,0,3050.95751953125,overall|small
2401407,2,2,cutting edge of a knife,12,0.00023915816326530612,0.00030941954685144484,0.00030995616121402326,0.15162582198778787,0,5870.216796875,overall|small
2401407,3,4,part of a dinner table,42,0.0008370535714285714,0.0008185136117565241,0.0008197737002168577,0.34747105553036645,0,17802.2109375,overall|small
2401407,4,5,front part of a fork,270,0.005381058673469388,0.0033994069808594624,0.0035998688448433945,0.05753389994303385,0,4315.19970703125,overall|small
2401407,5,7,napkin for meal,416,0.008290816326530613,0.010251262044697994,0.010761879470113736,0.17767062553992638,0,6867.8505859375,overall|small
2401407,6,8,part of a silver knife,60,0.0011957908163265306,0.0006597902305949708,0.0006664486118326061,0.06194847027460734,0,5577.1865234375,overall|small
2401408,0,7,Japan airline logo on side of plane.,513,0.010224011479591837,0.0225182982100776,0.023305433151190758,0.4000192385667946,0,8805.2373046875,overall|small|text
2401408,1,1,Luggage transport vehicles.,725,0.014449139030612245,0.02310606840205035,0.024422275097026772,0.30007972454202586,0,8908.1708984375,overall|small
2401408,2,3,an orange and white cone,117,0.002331792091836735,0.004711895687131788,0.004853794565491023,0.13880348205566406,0,3345.83740234375,overall|small
2401408,3,4,One person at the luggage carrier.,364,0.007254464285714286,0.010001675072691377,0.010342681592327471,0.23274606138795287,0,8191.25732421875,overall|small
2401408,4,5,Landing gear on JAL airline.,270,0.005381058673469388,0.0018006318615807174,0.0018497723998556466,0.06347773516619647,0,9265.4580078125,overall|small
2401408,5,8,this is the propeller,399,0.007952008928571428,0.003943680390110713,0.004158292658641335,0.07098778746181861,0,6811.47998046875,overall|small
2401408,6,0,The lines are white.,6695,0.13343032525510204,0.06320407562756343,0.14153227556632533,0.10249852129912715,0,4848.55908203125,overall
2401409,0,3,shadow in the snow.,285,0.00568000637755102,0.003194083697551102,0.003505536569074486,0.03470318442896793,0,2821.36767578125,overall|small
2401409,1,4,trunk of a tree.,605,0.012057557397959183,0.019451345569983392,0.02118588381303089,0.19197231324251032,0,5482.10546875,overall|small
2401409,2,5,a shed in the background,132,0.0026307397959183672,0.0015100225328572164,0.001532041424047015,0.09507593964085434,0,8191.7001953125,overall|small
2401409,3,6,ski trail in the snow.,448,0.008928571428571428,0.007757572241352359,0.007968662255336774,0.22651439053671701,0,12734.6904296875,overall|small
2401409,4,7,a round barrel in the snow,56,0.0011160714285714285,0.00018100449248367945,0.0001819959283279778,0.03215813211032322,0,9895.03125,overall|small
2401409,5,0,a black bench in snow,9100,0.18136160714285715,0.06073011537337975,0.12670202728697957,0.10445215246179601,0,7501.96826171875,overall
2401409,6,1,a person walking in the snow,2880,0.05739795918367347,0.08587844357780185,0.14326265390112136,0.17654807832505967,0,3549.134765625,overall
2401410,0,3,front wheel of a bicycle,25,0.0004982461734693878,0.0002541909113392438,0.00025492642145005676,0.08096858978271484,0,7940.38818359375,overall|small|part
2401410,1,0,yellow bananas in cart,648,0.012914540816326531,0.021275100483870192,0.021882565911912025,0.4338727409456983,0,12848.1064453125,overall|small
2401410,2,1,section of tomatoes,40,0.0007971938775510204,0.000423428340283489,0.0004254955254695259,0.0801685094833374,0,7536.484375,overall|small
2401410,3,2,a boot on a man,234,0.00466358418367347,0.00846296375184444,0.00879168759599286,0.18456622066660824,0,4912.423828125,overall|small
2401410,4,4,part of a path,75,0.0014947385204081632,0.001872258551702318,0.001893335145221299,0.1439728037516276,0,5703.142578125,overall|small
2401410,5,6,pedal of a bicycle,21,0.0004185267857142857,0.00011425739850175456,0.00011481779192554708,0.02287446033386957,0,4183.7041015625,overall|small
2401410,6,7,inside of a shop,558,0.011120854591836735,0.015452259701659891,0.016421240743568145,0.20752417998501904,0,7051.75048828125,overall|small
2401411,0,0,Lightly brown bread toasted,19890,0.3964046556122449,0.10746302785245218,0.43492252123427827,0.12490217190642283,0,5712.0615234375,overall
2401411,1,1,black hinged box sitting on desk behind plate,2256,0.04496173469387755,0.036366972750843385,0.04762501840936158,0.13333137999189662,0,6315.91552734375,overall
2401411,2,2,The plate is covered in toast crumbs ,5238,0.10439253826530612,0.0839311617139458,0.11593452329247636,0.2331563476935376,0,10534.1611328125,overall
2401411,3,3,white wall in the background,1015,0.020228794642857144,0.0385656302138675,0.045008976643967885,0.21222259070485683,1,4785.84375,overall
2401412,0,0,a section of night sky.,931,0.0185546875,0.01534083022776877,0.018659644656365066,0.07940332103364578,0,3961.73095703125,overall|small
2401412,1,1,the front lights are on,126,0.0025111607142857145,0.0006317160678301834,0.0006450640131224208,0.029624441313365148,0,5786.52587890625,overall|small
2401412,2,2,Top of clock tower,200,0.003985969387755102,0.002634070803960684,0.0026783908121822673,0.1373247718811035,0,10254.2744140625,overall|small
2401412,3,5,Small part of the street,540,0.010762117346938776,0.007778614099521826,0.008199918400799462,0.1314894640887225,0,8659.1484375,overall|small
2401412,4,6,clock on a side of a building,189,0.0037667410714285715,0.0024069751903759043,0.0024924312880931837,0.0655972818848948,0,4974.2138671875,overall|small
2401412,5,7,green light on side of street pole,60,0.0011957908163265306,0.0010048332120737202,0.0010095224346235764,0.1778521219889323,0,10570.470703125,overall|small
2401412,6,8,a tall light.,621,0.012376434948979591,0.011732074505119643,0.012802322636568605,0.12306796947731104,0,5969.63623046875,overall|small
2401413,0,6,a tennis player wearing an orange shirt,270,0.005381058673469388,0.00576021575266755,0.005877491404479284,0.22401464956778067,0,10290.77734375,overall|small|text
2401413,1,1,blue surface on the court.,323,0.00643734056122449,0.006341352864672474,0.006797849684813699,0.08628339737930533,0,4099.7578125,overall|small
2401413,2,3,an advertisement on the wall,644,0.012834821428571428,0.03623021984371791,0.03914596304064845,0.32724124600428234,0,5383.52734375,overall|small
2401413,3,4,green floor next to court,529,0.010542889030612245,0.004009227420224658,0.00443087739551103,0.040427433295150784,0,4826.60888671875,overall|small
2401413,4,5,ball boy near the net.,207,0.00412547831632653,0.0041060222988745735,0.0041549106702765855,0.25868895894663346,0,12888.0302734375,overall|small
2401413,5,7,green surface on the court.,196,0.00390625,0.007272007194441251,0.007544283691092365,0.16770288895587532,0,4356.91015625,overall|small
2401413,6,9,scoreboard on the court.,220,0.004384566326530612,0.004119352024103416,0.004210795597151759,0.159443491155451,0,8330.3896484375,overall|small
2401415,0,0,The eyes of the man holding the phone.,299,0.0059590242346938774,0.008834319623761463,0.009062076022513355,0.26008355896608487,0,8581.365234375,overall|small|part
2401415,1,5,The ear of the man holding the phone.,612,0.012197066326530613,0.014328111135738626,0.01607497346376065,0.11649079416312423,0,4434.9912109375,overall|small
2401415,2,6,Bicycle tire in the background,987,0.019670758928571428,0.01307352501816899,0.014373262915867201,0.12631302884767603,0,8673.810546875,overall|small
2401415,3,2,person with sunglasses in hand,1512,0.030133928571428572,0.053869601844572804,0.06023233902225812,0.33772740036091475,0,8477.9013671875,overall|part
2401415,4,1,There is a drink with a straw,1287,0.02564971301020408,0.004479152523879461,0.00524213086638505,0.02985573852349365,0,7329.90771484375,overall
2401415,5,3,Man looking at something,3504,0.06983418367346939,0.048452878103117714,0.0675643116315242,0.14624382262904895,0,7584.453125,overall
2401415,6,4,The phone is black,2010,0.04005899234693878,0.03188827549186667,0.04309756266372076,0.10921418299129353,0,5093.5712890625,overall
2401416,0,1,the gold letter G,60,0.0011957908163265306,0.0010590283294464136,0.0010756934336589843,0.06398399273554484,0,3568.8974609375,overall|small|text
2401416,1,9,the gold letter E,85,0.0016940369897959183,0.0018698706318702053,0.001908234519628373,0.08509368335499483,0,3790.395263671875,overall|small|text
2401416,2,2,string hanging from case,848,0.016900510204081634,0.010610626031559272,0.012394415685777854,0.06866410543333809,0,4697.8544921875,overall|small
2401416,3,8,tan stitching on leather,935,0.0186344068877551,0.02726751781481558,0.028069378204705675,0.4883623255765374,0,16267.505859375,overall|small
2401416,4,0,cream leather handle of suitcase,1584,0.031568877551020405,0.02459525438276992,0.0286251470088105,0.1487225137575708,0,8229.703125,overall|part
2401416,5,3,closed pink storage chest,4278,0.08525988520408163,0.045444221895359765,0.06413557596758657,0.13489765383027993,0,8998.00390625,overall
2401416,6,4,books on blue bookshelf,1725,0.03437898596938776,0.05978842278576074,0.07746305553977342,0.20762971297554347,0,4623.6396484375,overall
2401417,0,0,toilets in bathroom,24948,0.49720982142857145,0.1665928518017551,0.4086704366118301,0.21950528192390173,0,13400.0830078125,overall
2401417,1,1,geometrically patterned lavendar and burgundy wallpaper,5332,0.10626594387755102,0.09136627274655955,0.13185207863032247,0.22932091818120545,1,9273.5673828125,overall
2401418,0,0,This is a baseball game.,32308,0.6438934948979592,0.43080049341249355,0.7507350155769315,0.5027065241677758,1,21634.0546875,overall
2401418,1,1,The ground is brown.,7242,0.14433195153061223,0.13229568159181407,0.2247089729879126,0.24339042016729667,0,7844.072265625,overall
2401419,0,3,the letters Slazerx,240,0.0047831632653061226,0.0097614466124103,0.010547843700070874,0.11577122211456299,0,2634.196533203125,overall|small|text
2401419,1,1,a greenish yellow tennis ball flying through the air,45,0.000896843112244898,0.000603586811224316,0.0006139445926358378,0.03454108503129747,0,2531.7412109375,overall|small
2401419,2,5,The dark blue jacket the person behind the player has on.,675,0.013452646683673469,0.01430874066875231,0.015127394409653161,0.20911250361689815,0,9330.81640625,overall|small
2401419,3,0,tennis player lunging for tennis ball,10614,0.21153539540816327,0.20875183561083033,0.285518593938578,0.4370671069754569,1,16247.734375,overall
2401419,4,2,green tennis court grass with spray painted white lines,1696,0.03380102040816327,0.028251646666214863,0.04247106529766874,0.07781662131255528,0,3107.45654296875,overall
2401419,5,4,the green back fence of a tennis court,3024,0.060267857142857144,0.07802160674275241,0.1114689439211482,0.20636198255750868,0,5598.318359375,overall
2401419,6,6,a long green metal bar at the top of the court wall,1106,0.022042410714285716,0.0578505188009725,0.06032597151291619,0.5850274912056397,0,10725.7353515625,overall
2401420,0,1,part of a forest,120,0.0023915816326530613,0.005848259372110969,0.0058856999515061684,0.4789910316467285,0,9765.8603515625,overall|small
2401420,1,2,white rocks by trees,161,0.003208705357142857,0.006205131159845685,0.006255414485793931,0.435646531004343,0,11212.541015625,overall|small
2401420,2,3,part of a lake,63,0.0012555803571428572,0.0008944740241716044,0.0009015149104723492,0.10275954291934059,0,7181.08056640625,overall|small
2401420,3,4,part of a sea,672,0.013392857142857142,0.013809810884305702,0.01589807618459278,0.09513303779420398,0,4021.20361328125,overall|small
2401420,4,5,ripples of water,270,0.005381058673469388,0.007271440008484115,0.007693184242504632,0.11710762447781033,0,4110.00927734375,overall|small
2401420,5,0,surfer in the middle is woman,14868,0.2963169642857143,0.26492406658281487,0.5314732269549746,0.3456494955083905,1,9669.568359375,overall
2401421,0,1,Blue solution in Windex bottle,912,0.018176020408163265,0.016815584916837472,0.01870676118793563,0.14261197207266824,0,6952.6796875,overall|small
2401421,1,2,reflection of faucet in mirror,837,0.0166812818877551,0.024131353411170658,0.027318465816396884,0.1713917320916872,0,5251.20556640625,overall|small
2401421,2,0,The sink has just been cleaned.,39894,0.7950813137755102,0.151842036643138,0.8235376738316984,0.1569484695967752,1,7602.93359375,overall
2401422,0,4,If that were a wedding ring it would be on his other hand. ,256,0.00510204081632653,0.011669975750671104,0.012091471233090343,0.2508114278316498,0,5310.16650390625,overall|small|part
2401422,1,1,squirt of red ketchup,435,0.008669483418367346,0.0025694014381415766,0.002770619428663133,0.034169828480687635,0,5364.8203125,overall|small
2401422,2,2,the boat is white in color,80,0.0015943877551020409,0.0016315812756695913,0.001636228321968384,0.3648700475692749,0,17839.56640625,overall|small
2401422,3,7,A narrow ladder in the wall.,190,0.003786670918367347,0.013405798297670166,0.01364001207961408,0.4384292200991982,0,6107.146484375,overall|small
2401422,4,8,He needs to wash his hands. Dirt on fingernail. ,546,0.010881696428571428,0.017649761902530477,0.019355789417439918,0.16683741978236608,0,4706.25244140625,overall|small
2401422,5,9,this is some meat,286,0.005699936224489796,0.007796447298456451,0.00802989745531833,0.21146310126031195,0,7531.65869140625,overall|small
2401422,6,0,The thumb of a man holding a hotdog.,2352,0.046875,0.0546868089400488,0.08862439695269247,0.12496296889116974,0,3316.38818359375,overall
2401423,0,2,this is a writing,672,0.013392857142857142,0.008616281229585566,0.011654702698719717,0.031992756185077485,0,1844.6744384765625,overall|small|text
2401423,1,9,single front landing wheel,99,0.0019730548469387753,0.00212668292568651,0.0021389975120157797,0.2697515006017203,0,12485.0068359375,overall|small|part
2401423,2,1,part of an engine,308,0.006138392857142857,0.007650721625963188,0.007886703178734907,0.20362737581327364,0,7952.27490234375,overall|small
2401423,3,4,the clouds are white in color ,110,0.002192283163265306,0.0020406383836679273,0.0020824969220021223,0.09216639778830789,0,4868.34033203125,overall|small
2401423,4,5,front windows on airplane ,55,0.001096141581632653,0.0004643561975073062,0.00046982293045523565,0.03837627064098011,0,4492.53271484375,overall|small
2401423,5,6,six landing wheels,280,0.005580357142857143,0.002863587760367683,0.0029473846498299615,0.09150445120675223,0,8692.875,overall|small
2401423,6,8,wheels on airplane,196,0.00390625,0.00311844661324971,0.0031706725661650756,0.1591855068596042,0,9840.296875,overall|small
2401424,0,5,Left hand arrow on traffic sign.,500,0.009964923469387755,0.008876376139201798,0.009354804064193731,0.1478931121826172,0,7904.6611328125,overall|small|text|part
2401424,1,9,section of a sign post,224,0.004464285714285714,0.005937162806043389,0.006166602195364152,0.1376129048211234,0,4998.748046875,overall|small|text
2401424,2,1,Traffic Lights in Background,1000,0.01992984693877551,0.01898480596655235,0.020234417774617906,0.23513055419921874,0,11620.3271484375,overall|small
2401424,3,3,Lady with Yellow Bag,171,0.0034080038265306123,0.0026189688703051306,0.002657818266013253,0.1519476572672526,0,9776.08203125,overall|small
2401424,4,4,Exclamation point.,720,0.014349489795918368,0.012706821799813013,0.01679205779192169,0.04963783688015408,0,2128.342041015625,overall|small
2401424,5,7,part of a road,300,0.005978954081632653,0.003429697966538547,0.003616689293005519,0.062208792368570964,0,5160.14404296875,overall|small
2401424,6,0,Green leaves on the tree.,2205,0.0439453125,0.047629097403337935,0.05713708745219216,0.2225287266599348,0,8587.6943359375,overall|part
2401425,0,6,The eye of the elephant.,198,0.003946109693877551,0.004801979017320651,0.005178421882049038,0.06196382310655382,0,2369.22314453125,overall|small|part
2401425,1,0,the back left leg of an elephant.,2349,0.04681521045918367,0.02984215213903127,0.04014382839302151,0.10417515026756731,0,6095.76708984375,overall|part
2401425,2,2,Elephant's right front leg,2727,0.05434869260204082,0.04305649653280023,0.05548650997115882,0.1612149089257884,0,7923.2421875,overall|part
2401425,3,3,the tail on an elephant.,1672,0.033322704081632654,0.03937221544385793,0.04401533952742854,0.27179309169641525,1,10324.5380859375,overall|part
2401425,4,5,The elephant's front right leg.,2790,0.05560427295918367,0.04673666506610733,0.05724412523821005,0.20294530724966398,0,9891.275390625,overall|part
2401425,5,1,The trunk of an elephant.,4760,0.09486607142857142,0.050040454773775674,0.08331119119121885,0.11135061568572742,0,6362.03759765625,overall
2401425,6,4,Left ear of elephant,4081,0.08133370535714286,0.05500514755213536,0.08164840500856364,0.1442485230718574,0,7209.9169921875,overall
2401426,0,5,legs of a chair,920,0.01833545918367347,0.004527699260878886,0.005432013838044494,0.0264767833378004,0,4484.2744140625,overall|small|part
2401426,1,8,metal handle on oven door,330,0.006576849489795918,0.007254861864594105,0.007613745864811778,0.1333830399946733,0,5781.17578125,overall|small|part
2401426,2,2,steel pan for cooking pizza,639,0.01273517219387755,0.00947237571584797,0.009900088335275913,0.17982580814749607,0,11606.8349609375,overall|small
2401426,3,6,the table is of glass,999,0.019909917091836735,0.014163692448983564,0.018940215132407588,0.05317636438318201,0,2804.78271484375,overall|small
2401426,4,7,burn marks on a pizza crust,476,0.009486607142857142,0.017242241180219452,0.017701154971959215,0.3994229100331539,0,10740.841796875,overall|small
2401426,5,1,a pizza oven door,3162,0.06301817602040816,0.12023191186805095,0.16918286897835974,0.29355682623982055,0,5486.52880859375,overall|part
2401426,6,0,the pizza is spicy,5184,0.10331632653061225,0.08630551997832159,0.12387071733122114,0.22154226420838155,0,9271.5625,overall
2401427,0,2,2 blue garbage cans,570,0.01136001275510204,0.005575293405593265,0.0061116534767891376,0.05973388939573054,0,5571.04833984375,overall|small
2401427,1,3,banner on side of building,238,0.004743303571428571,0.009833566156386935,0.009989098173117099,0.3870912439682904,0,9222.826171875,overall|small
2401427,2,1,man in black shirt,27777,0.5535913584183674,0.2526087894948678,0.6882377361054549,0.2852493990925496,1,11512.5517578125,overall|text
2401427,3,0,white line on road,1800,0.03587372448979592,0.022976100464561368,0.03166756525883736,0.07724730597601996,0,4390.77490234375,overall
2401428,0,0,the glass is shinny ,690,0.013751594387755101,0.03754203581035944,0.04810556262227098,0.14600263954936593,0,2094.182373046875,overall|small
2401428,1,2,the table is brown in color ,156,0.0031090561224489796,0.003463161326538235,0.003503228169991192,0.2324225352360652,0,10349.8583984375,overall|small
2401428,2,4,round red pepperoni slice,792,0.015784438775510203,0.018509456297466663,0.019247452287778185,0.3255727363355232,0,13396.765625,overall|small
2401428,3,5,patch of green spice,550,0.010961415816326531,0.003957502863576888,0.0046169143422423045,0.026961652582341976,0,3211.86572265625,overall|small
2401428,4,6,round red pepperoni slice,704,0.01403061224489796,0.01779073767206469,0.01839832118628797,0.35011079094626685,0,13396.765625,overall|small
2401428,5,7,this is a knife,16,0.00031887755102040814,0.000436088777013939,0.00043839929103029043,0.07642059028148651,0,2789.0771484375,overall|small
2401428,6,8,corner of a white napkin,336,0.006696428571428571,0.006790531196787057,0.007203715595096384,0.1058578264145624,0,4937.48388671875,overall|small
2401429,0,0,bare feet in water and sand,90,0.001793686224489796,0.0019223347448257156,0.0019463243782241145,0.13492015202840169,0,6238.84375,overall|small
2401429,1,1,the sky is blue in color,294,0.005859375,0.007494126189640735,0.007726408785534053,0.19953693986749974,0,7592.642578125,overall|small
2401429,2,3,the grass is green in color,225,0.00448421556122449,0.0014187693152482932,0.001442488543079228,0.07942930433485243,0,12389.41796875,overall|small
2401429,3,5,Boogie board in a man's hands,256,0.00510204081632653,0.003366181842693759,0.003673292767504797,0.03870392590761185,0,2697.36328125,overall|small
2401429,4,6,man's blue floral swimming trunk,180,0.003587372448979592,0.004112477332980308,0.004164900296312092,0.2462660895453559,0,10643.20703125,overall|small
2401429,5,7,this is the sky,464,0.009247448979591837,0.020192613234741683,0.02133787348323644,0.2733708907817972,0,5944.5517578125,overall|small
2401429,6,2,white cloud in the sky at the beach,9048,0.1803252551020408,0.07738325358647546,0.21098534980687164,0.10889655399069546,0,4669.9736328125,overall
2401431,0,5,A blue and gold sign.,288,0.005739795918367347,0.0022081351776574074,0.002281744132703234,0.06406317816840278,0,8086.00537109375,overall|small|text
2401431,1,0,this is the roof ,500,0.009964923469387755,0.01390534257027918,0.014193801335610417,0.40625384521484376,0,14310.9599609375,overall|small
2401431,2,1,the carpet is brown,729,0.014528858418367346,0.007422697873721767,0.008386440489664415,0.06067296408822016,0,5274.06005859375,overall|small
2401431,3,3,part of a metal,104,0.002072704081632653,0.0006540545477918894,0.00069801424228968,0.010278660517472487,0,1531.459716796875,overall|small
2401431,4,4,A central vendor kiosk,720,0.014349489795918368,0.024347658317940748,0.025819482965427475,0.29928747812906903,0,8345.90625,overall|small
2401431,5,6,part of a metal,65,0.001295440051020408,0.0007105187350783458,0.0007401495100758681,0.017438602447509766,0,1531.459716796875,overall|small
2401431,6,7,part of  a castle,208,0.004145408163265306,0.004250786489543764,0.004312138535453955,0.23003908304067758,0,11096.1484375,overall|small
2401432,0,3,Company logo truck cab,336,0.006696428571428571,0.016680506181060324,0.016984187514453065,0.48264312744140625,0,9548.1806640625,overall|small|text
2401432,1,6,the logo on the side of the truck,396,0.007892219387755101,0.008601634179501313,0.009039852269318183,0.15069996226917615,0,6601.56640625,overall|small|text
2401432,2,7,the freeway sign on the side of the road,195,0.0038863201530612247,0.001991200226730761,0.0020240699163769564,0.10922294029822717,0,10522.59765625,overall|small|text
2401432,3,0,the light is off,70,0.0013950892857142857,0.0008899321830053898,0.0009254844651772386,0.022641869953700475,0,1712.5418701171875,overall|small
2401432,4,1,the front screen is clear,660,0.013153698979591837,0.008571996979724255,0.012496653244194092,0.026569242188424776,0,1403.231689453125,overall|small
2401432,5,4,part of the sky,624,0.012436224489795918,0.025970167658137543,0.02863712683911731,0.21805420900002503,0,4751.37841796875,overall|small
2401432,6,5,part of a road,504,0.010044642857142858,0.010706538007665486,0.010934562709455163,0.33924272325303817,0,15636.50390625,overall|small
2401433,0,9,There is a yield sign.,420,0.008370535714285714,0.004133261154196761,0.004278051739860828,0.10883234114873977,0,10684.6728515625,overall|small|text
2401433,1,8,a clock face that says 1:55 ,384,0.007653061224489796,0.013121409383843747,0.013683454537007034,0.24210935831069946,0,6794.33642578125,overall|small|part
2401433,2,0,a street light over the public street,75,0.0014947385204081632,0.001444860275394006,0.0014575733623233783,0.14211343129475912,0,7312.50146484375,overall|small
2401433,3,4,part of gutter on red brick building,20,0.0003985969387755102,0.000406530663165221,0.0004081877501442964,0.09102485179901124,0,4459.9501953125,overall|small
2401433,4,5,chimney top on red brick building,60,0.0011957908163265306,0.001888610156826138,0.001902920002251153,0.20073337554931642,0,6329.2216796875,overall|small
2401433,5,7,part of roof on red brick building,36,0.0007174744897959184,0.0012411437220466873,0.0012442340867644826,0.33320257398817277,1,9640.7041015625,overall|small
2401433,6,1,a grey decorative brick triangle,1764,0.03515625,0.03204580079245014,0.042105810147364024,0.11826418749058869,0,4954.61376953125,overall
2401434,0,1,Utility pole in park.,504,0.010044642857142858,0.010591185703137086,0.010908262600726987,0.2670578124031188,0,12339.0078125,overall|small
2401434,1,3,part of a bench,225,0.00448421556122449,0.00563874245618397,0.005896310844907596,0.1143257564968533,0,4362.6083984375,overall|small
2401434,2,5,tattoo on a shoulder,432,0.00860969387755102,0.020496215214817905,0.02136597322860016,0.3348844669483326,0,6771.05078125,overall|small
2401434,3,6,Green garbage can.,576,0.011479591836734694,0.009998315319200066,0.010892827020835145,0.1085385415289137,0,5739.3916015625,overall|small
2401434,4,7,a blue bench,42,0.0008370535714285714,0.0007650386983062069,0.0007709902388757774,0.0901702018011184,0,4912.0576171875,overall|small
2401434,5,0,brown mulch on ground,2550,0.05082110969387755,0.04027753797971781,0.05300324099013573,0.14365827971813724,0,6911.43798828125,overall
2401434,6,2,brown belt of a man,1007,0.020069355867346938,0.04454705567597084,0.0473456807105696,0.4297522930308155,0,9140.4443359375,overall
2401435,0,4,this is a t shirt,338,0.0067362882653061226,0.0071238152726561255,0.00736981532153705,0.1758826893462232,0,8066.4638671875,overall|small|text
2401435,1,2,right arm of a boy,80,0.0015943877551020409,0.001655166462637364,0.0016701090984692494,0.15611437559127808,0,7478.04443359375,overall|small|part
2401435,2,7,wheel of a skate board,66,0.0013153698979591836,0.0009088301386484767,0.0009375659932379871,0.028798495278213963,0,2027.2713623046875,overall|small|part
2401435,3,8,part of a shoe,20,0.0003985969387755102,0.00024626012274199115,0.0002483465647079598,0.028477305173873903,0,2293.35205078125,overall|small|part
2401435,4,0,the lady is light skinned,35,0.0006975446428571429,0.0001469826051703355,0.00014736399460371202,0.05374017442975725,0,12763.6748046875,overall|small
2401435,5,3,ram of a skating court,252,0.005022321428571429,0.0034167633215214876,0.0035127451836285163,0.11114803949991862,0,7973.623046875,overall|small
2401435,6,5,black and silver wrist watch,60,0.0011957908163265306,0.0007604750990575973,0.0007646596852655565,0.1220087210337321,0,9573.5703125,overall|small
2401436,0,8,woman wearing red shirt,396,0.007892219387755101,0.018091770062544043,0.018594043869945807,0.40110886699021464,0,8542.47265625,overall|small|text
2401436,1,0,Lights are giving an orange glow.,832,0.016581632653061226,0.005349635323129176,0.005624066654288314,0.0988010626572829,0,14616.2001953125,overall|small
2401436,2,1,Pictures are hanging on the wall.,799,0.015923947704081634,0.022851446927584274,0.027178526909594717,0.12551536130368038,0,3689.9267578125,overall|small
2401436,3,5,the walls are brick,868,0.017299107142857144,0.017875913269481732,0.02020145241016111,0.13441209749142696,0,5775.3125,overall|small
2401436,4,4,woman in white shirt,1085,0.021623883928571428,0.09336671249754898,0.10162828429104043,0.5345664310015841,0,5707.11767578125,overall|text
2401436,5,7,A window.,1598,0.03184789540816327,0.04089737872184523,0.04996717772708625,0.1838807450964096,0,5880.68896484375,overall|part
2401436,6,2,large white and gray clock,2430,0.04842952806122449,0.03653545902913187,0.04960846927583041,0.12176082909352495,0,5964.2802734375,overall
2401437,0,2,a wooden support beam.,714,0.014229910714285714,0.012732967543150195,0.013591831732747413,0.16770962840702688,0,8810.046875,overall|small
2401437,1,6,red and gold Griffindor scarf ,315,0.006277901785714286,0.0020717498418768928,0.0021522639073802185,0.05247492109026228,0,7680.09912109375,overall|small
2401437,2,9,Blue bath robe,455,0.009068080357142858,0.007690403089715843,0.008353543005999038,0.08831963172325721,0,4810.58544921875,overall|small
2401437,3,7,There is one window,1062,0.02116549744897959,0.01612767534953542,0.02063237300581228,0.0687867001176105,0,3540.6240234375,overall|part
2401437,4,0,The trunk has the initials HP,1804,0.03595344387755102,0.027259366713871924,0.03429771526711526,0.11725835525275863,0,6167.5849609375,overall
2401437,5,1,Dark wooden coat rack,1311,0.026128029336734693,0.031031373739648628,0.035999706124587104,0.18357226432142687,0,6685.14453125,overall
2401437,6,3,a large wooden support beam.,1152,0.02295918367346939,0.02525329056147419,0.02690457697387157,0.2915109528435601,0,12481.9140625,overall
2401438,0,1,The back left leg of the sheep.,144,0.0028698979591836736,0.0016054198744906033,0.0016357499826503438,0.07968356874254015,0,7014.78466796875,overall|small|part
2401438,1,5,The back right leg of the sheep.,216,0.00430484693877551,0.001982146175313891,0.0020286962601328454,0.07951498031616211,0,8466.14453125,overall|small|part
2401438,2,7,the eye is closed,60,0.0011957908163265306,0.002330188025545821,0.0023534471398979164,0.19079279899597168,0,4864.17041015625,overall|small|part
2401438,3,2,The mouth of the sheep.,121,0.0024115114795918366,0.0026809386649870575,0.0027121363685186964,0.1890122910176427,0,8432.646484375,overall|small
2401438,4,3,a sheep's hoof,153,0.003049266581632653,0.0008933310507943407,0.0009210047163753617,0.028872464996537353,0,4796.37841796875,overall|small
2401438,5,6,The right ear of the sheep.,120,0.0023915816326530613,0.0035267171994656254,0.003572317281363318,0.2164750576019287,0,7271.75244140625,overall|small
2401438,6,9,sheep has black nose,70,0.0013950892857142857,0.0015161387004162272,0.001525201236569041,0.20329021726335797,0,9330.123046875,overall|small
2401439,0,2,"Black, brown and white cat's left eye",176,0.00350765306122449,0.00628826254131313,0.006554513618574116,0.13405153968117453,0,3599.51513671875,overall|small|part
2401439,1,6,"Right eye of black, brown and white cat",288,0.005739795918367347,0.007076245421443251,0.0076572320065992515,0.08530686961279975,0,3208.51953125,overall|small|part
2401439,2,3,part of a wall,437,0.008709343112244899,0.02954471950984297,0.030400236518787267,0.5121599629487271,0,7362.2421875,overall|small
2401439,3,4,"Tail of black, brown and white cat",1596,0.03180803571428571,0.025508422668973532,0.03079187908845214,0.12942232404436385,0,6708.1982421875,overall|part
2401439,4,0,White wall in the background,1081,0.021544164540816327,0.029248378681999813,0.033012948162061094,0.20413227769426456,0,6684.255859375,overall
2401439,5,1,white blanket on bed,28458,0.5671635841836735,0.36538602846162377,0.6530761694614319,0.4533879629080575,1,19756.5234375,overall
2401439,6,5,Painting or poster against the wall,1638,0.03264508928571429,0.04697556304527006,0.07059417420717805,0.12311951726929754,0,2856.748046875,overall
2401440,0,0,shadow of a man on the water ,190,0.003786670918367347,0.0015941206510602184,0.0016770460409374212,0.031231905284680818,0,3538.4013671875,overall|small
2401440,1,1,slopes of a mountain,196,0.00390625,0.007813210563441902,0.0078873343499746,0.45396516761001277,0,11281.01953125,overall|small
2401440,2,2,section of the sea water,80,0.0015943877551020409,0.0014230737685469131,0.0014316706188056154,0.191586434841156,0,10705.615234375,overall|small
2401440,3,3,peak of a mountain,3,5.978954081632653e-05,2.4515946257988878e-05,2.4527497490389163e-05,0.049480557441711426,0,6052.05126953125,overall|small
2401440,4,4,small birds on the water in the distance,440,0.008769132653061224,0.0030213653689949763,0.003219632113391804,0.04676896875554865,0,6391.52099609375,overall|small
2401440,5,6,group of people on boat,910,0.018136160714285716,0.009315531389197603,0.010185417114703556,0.09834752344823146,0,8786.7041015625,overall|small
2401440,6,8,ripples of water,98,0.001953125,0.0020770748970030603,0.002132152822623065,0.0744227292586346,0,3420.68701171875,overall|small
2401441,0,0,BMW logo on bike,198,0.003946109693877551,0.005530681763391404,0.005577488146690671,0.3972420355286261,0,14102.033203125,overall|small|text
2401441,1,5,the letters BIA on the side of a bucket,84,0.0016741071428571428,0.0009013997559455515,0.0009470063412388359,0.018373381523858933,0,1629.7293701171875,overall|small|text
2401441,2,6,There is a green leaf on the bike,408,0.008131377551020409,0.011925137695552101,0.012240153881484249,0.31664059208888634,0,10554.5537109375,overall|small|part
2401441,3,8,small purple flowers with green leaves,550,0.010961415816326531,0.01851343524614127,0.019527804656906345,0.2627572909268466,0,7400.55078125,overall|small|part
2401441,4,9,leaf on ground near bike,625,0.012456154336734694,0.0144393383527353,0.01662227570588006,0.09905877685546875,0,3724.62451171875,overall|small|part
2401441,5,4,Red and orange brake light,350,0.006975446428571429,0.004096879500418818,0.004317197402501146,0.07431374141148159,0,6024.69775390625,overall|small
2401441,6,7,the road is grey in color,187,0.0037268813775510204,0.006551000448702002,0.006688942562302898,0.24108127859186998,0,6739.8095703125,overall|small
2401442,0,4,a black motorcycle helmet,288,0.005739795918367347,0.005446159808784434,0.005587235382040573,0.17742372883690727,0,9145.4951171875,overall|small|part
2401442,1,8,white van parked on road,288,0.005739795918367347,0.005202556280333884,0.005344178759164236,0.16410357422298855,0,8843.609375,overall|small
2401442,2,0,an American flag,5883,0.11724728954081633,0.09500168998534295,0.15108860367346622,0.20376992051382162,0,7934.2744140625,overall|text
2401442,3,1,The motorcycle's front tire.,1350,0.026905293367346938,0.019854480533826352,0.024429030391463685,0.09586292408130787,0,5297.58837890625,overall
2401442,4,2,The motorcycle's back tire.,1833,0.03653140943877551,0.02642622054289199,0.03487056804897856,0.09838912972191677,0,5171.9052734375,overall
2401442,5,3,tall buildings in city,2925,0.058294802295918366,0.14964405081419432,0.17174942907367705,0.5376087990785257,1,9155.8134765625,overall
2401442,6,5,white painted lines on the street,6237,0.12430245535714286,0.10867133789467472,0.2301365438336001,0.17074135295163942,0,4627.31298828125,overall
2401443,0,5,the floor is brown in color ,252,0.005022321428571429,0.0018858731794300218,0.0019269401659883312,0.08129502099657816,0,10631.5419921875,overall|small
2401443,1,6,some children are not wearing shoes,986,0.019650829081632654,0.03996994052055626,0.04529596690887256,0.2536924567232267,0,5522.36279296875,overall|small
2401443,2,3,a boy wearing a white striped shirt,4214,0.083984375,0.10429690283299123,0.13292220910584782,0.32628395142122985,0,10344.099609375,overall|text
2401443,3,0,wooden stool in the garden,1617,0.0322265625,0.052913752622114056,0.05864646902067977,0.35120330980403525,1,9683.375,overall
2401443,4,1,solid blue plates,8036,0.16015625,0.1793816043104743,0.3366102247622013,0.2774762105680687,1,6624.275390625,overall
2401443,5,2,this is a child ,5586,0.111328125,0.027771405374755528,0.05711073150043642,0.05128621594094052,0,5016.30419921875,overall
2401443,6,4,plants in garden,2698,0.05377072704081633,0.0924748095606833,0.1816622696560531,0.15850283747871688,0,2354.042236328125,overall
2401444,0,5,baseball players number on back of uniform shirt,400,0.007971938775510204,0.008077759377379713,0.008235823566701845,0.2962137603759766,0,14386.6005859375,overall|small|text
2401444,1,1,a human arm.,493,0.009825414540816327,0.00823317424140098,0.008710546848526875,0.1306082859000618,0,7392.1748046875,overall|small|part
2401444,2,3,baseball hat on players head,195,0.0038863201530612247,0.003687562326596616,0.003750091791288937,0.18110306568634815,0,9417.12890625,overall|small|part
2401444,3,4,the trouser is white in color ,155,0.0030891262755102043,0.0016670099184487525,0.0017064468216891737,0.067279052734375,0,6111.091796875,overall|small
2401444,4,7,The black belt on the player's pants.,209,0.004165338010204082,0.002794595624368599,0.0028694987290893226,0.09670618048124907,0,7043.5966796875,overall|small
2401444,5,8,The patch on the player's left sleeve.,60,0.0011957908163265306,0.001483006804661074,0.0015023734197605974,0.10317511558532715,0,4120.48486328125,overall|small
2401444,6,9,The player's right foot.,264,0.0052614795918367345,0.009171302009722614,0.010495186347777873,0.0677782477754535,0,1704.92041015625,overall|small
2401445,0,5,Tarp covering a fence,868,0.017299107142857144,0.00709030930709917,0.007848269563440287,0.06839501692952099,0,7564.32666015625,overall|small
2401445,1,6,A fence,918,0.01829559948979592,0.010444710892631773,0.011942930534483446,0.07685984193889145,0,5907.87451171875,overall|small
2401445,2,0,a wire fence in front of a planter filled with surfboards,4784,0.09534438775510204,0.10665887461721756,0.14152885389962844,0.30211590923194503,0,10212.2109375,overall
2401445,3,1,metal building enclosure,1443,0.028758769132653062,0.028796093261092896,0.033906712794558584,0.16040427141196184,0,6826.47607421875,overall
2401445,4,2,wooded area in the background,5994,0.1194595025510204,0.0690492847504578,0.16713174891423688,0.10527306888594323,0,3775.505126953125,overall
2401445,5,3,a length of barbed wire in front of a row of surfboards,2268,0.045200892857142856,0.04659185284350045,0.054791045299643314,0.23742691928116733,1,9827.9609375,overall
2401445,6,4,a small white surfboard sticking out of a planter,1680,0.033482142857142856,0.03643153570505631,0.04489309947953368,0.16197982061476934,0,6061.646484375,overall
2401447,0,1,the big button on the microwave,759,0.015126753826530613,0.017182554086138703,0.018296761234665657,0.22006635703588193,0,9128.9580078125,overall|small
2401447,1,2,A metal screw in the microwave casing.,60,0.0011957908163265306,0.000670919219837202,0.0006769086670805167,0.07048096656799316,0,6247.3095703125,overall|small
2401447,2,3,clock on panel of microwave,899,0.017916932397959183,0.018722526895083438,0.021136628395817182,0.14083796109718263,0,5990.23291015625,overall|small
2401447,3,5,Three cooling air vents.,407,0.008111447704081632,0.0029199816637401716,0.003813389600464478,0.012310114773837004,0,1313.8486328125,overall|small
2401447,4,0,door of the microwave oven,25284,0.50390625,0.2552638316646522,0.5954110298390587,0.30883229018351527,1,13114.49609375,overall|part
2401447,5,4,the smaller buttons on the microwave,2508,0.04998405612244898,0.061183725296048916,0.07305651385726811,0.27350934042314595,0,9389.462890625,overall
2401448,0,9,There is a Canadian flag on the plane,99,0.0019730548469387753,0.0011684050472108188,0.001179673848834273,0.10898408986101246,0,9146.1083984375,overall|small|text
2401448,1,2,part of a  tail wing,855,0.017040019132653062,0.013591305287729921,0.015233474269613646,0.11196273000616776,0,6284.064453125,overall|small|part
2401448,2,7,A rear passenger door.,200,0.003985969387755102,0.004732058167038745,0.004896359813316878,0.12359136581420899,0,5048.2958984375,overall|small|part
2401448,3,0,A left horizontal stabilizer. ,546,0.010881696428571428,0.005966179047820952,0.006286911561585895,0.1047027084853623,0,9093.1259765625,overall|small
2401448,4,3,first class passengers' windows,231,0.004603794642857143,0.004003577685150904,0.004081926307441522,0.17258578874332048,0,9766.7900390625,overall|small
2401448,5,4,Engine mounted under wing.,864,0.01721938775510204,0.011366805084108958,0.012421388681599138,0.11807530014603226,0,8213.015625,overall|small
2401448,6,5,part of a sky,896,0.017857142857142856,0.02650175180244776,0.03463128266812547,0.10144325665065221,0,2624.596923828125,overall|small
2401449,0,1,the leaves are green in color,195,0.0038863201530612247,0.003126593616309051,0.003208632072896125,0.10896089015862881,0,6621.94140625,overall|small|part
2401449,1,7,branches of a tree,66,0.0013153698979591836,0.0006235733506125811,0.0006330279935303774,0.04007757793773304,0,4178.52001953125,overall|small|part
2401449,2,2,part of a grass vegetation,242,0.004823022959183673,0.003172397152331786,0.0032255499125224377,0.16143641196006586,0,12111.9228515625,overall|small
2401449,3,4,edge of a lake,28,0.0005580357142857143,0.00106087781375335,0.0010650556711262933,0.21287620067596436,0,5596.45263671875,overall|small
2401449,4,5,part of a tree,48,0.0009566326530612245,0.0006896475003412653,0.0006959762497791774,0.07049456238746643,0,4861.85986328125,overall|small
2401449,5,6,part of a leafy tree,30,0.0005978954081632653,0.0005090405653845994,0.0005117339382249027,0.08818724950154623,0,5169.908203125,overall|small
2401449,6,8,stem of a tall tree,30,0.0005978954081632653,0.0008783940120574459,0.0008798859233312513,0.3412607192993164,0,11635.396484375,overall|small
2401450,0,0,Black suitcase in a man's hand,756,0.015066964285714286,0.02116817288830019,0.028922352714734666,0.07317751929873512,0,1912.78369140625,overall|small|part
2401450,1,2,A large sectioned window.,646,0.01287468112244898,0.014440013457745121,0.01538480716557009,0.19037381340475643,0,7993.69677734375,overall|small|part
2401450,2,3,part of  a walking path,360,0.007174744897959184,0.0027412375243271087,0.0028659805105743365,0.05924866994222005,0,7442.31201171875,overall|small
2401450,3,6,part of a top,247,0.004922672193877551,0.00306145275051792,0.003200499744628844,0.0658279913157104,0,5080.3046875,overall|small
2401450,4,9,Flags mounted to wall at train station,304,0.006058673469387755,0.0035721685889328896,0.0036765858207969114,0.11172535544947575,0,9238.056640625,overall|small
2401450,5,1,Woman carrying a backpack  ,1152,0.02295918367346939,0.031122347683966288,0.03344087724714421,0.3098152213626438,0,10672.7802734375,overall
2401450,6,4,part of a roof,1536,0.030612244897959183,0.03964856781678916,0.04561190461695507,0.23269391059875488,0,7836.06494140625,overall
2401451,0,1,part of a leg,42,0.0008370535714285714,0.0008469920499763014,0.0008537400186097952,0.09678802036103748,0,4761.51611328125,overall|small|part
2401451,1,2,black hair on tip of tail,165,0.003288424744897959,0.004588630508313232,0.004737529393532521,0.1273972713586056,0,4437.02783203125,overall|small|part
2401451,2,3,head of giraffe,135,0.002690529336734694,0.003421897894544675,0.003463800930615083,0.2204928786666305,0,8593.60546875,overall|small|part
2401451,3,5,part of a knee,72,0.0014349489795918368,0.0013536901658980456,0.0013750864375189776,0.0800354282061259,0,4190.6826171875,overall|small
2401451,4,6,edge of a swamp,299,0.0059590242346938774,0.0014917060465350937,0.0015368211325829217,0.04835694609677114,0,9408.2041015625,overall|small
2401451,5,7,neck of a giraffe,320,0.006377551020408163,0.007005353486870493,0.007183094415494742,0.22064318656921386,0,9829.443359375,overall|small
2401451,6,8,mane on giraffe neck,72,0.0014349489795918368,0.0018434463575436853,0.0018548478595800317,0.23071016205681694,0,8955.5224609375,overall|small
2401452,0,3,upper level dormer window,308,0.006138392857142857,0.010348278826230212,0.01065764372133481,0.2628081433184735,0,7595.009765625,overall|small|part
2401452,1,4,upstairs window of house,216,0.00430484693877551,0.010883681099859405,0.01099695793248643,0.513758659362793,0,10091.142578125,overall|small|part
2401452,2,0,flock of animals on a ranch,10481,0.20888472576530612,0.11296269133108885,0.20168131257397182,0.20432504166766052,0,10618.3896484375,overall
2401452,3,1,green rolling hill sides,3900,0.07772640306122448,0.05809936841580207,0.08038737233326641,0.17324638171073717,0,8405.0625,overall
2401452,4,2,the grass is green,12371,0.24655213647959184,0.1865484340479223,0.37867410734687484,0.26883563374019886,0,8782.6591796875,overall
2401453,0,2,part of a sandy beach,315,0.006277901785714286,0.007736863320648451,0.007843796766477467,0.36204775855654764,0,14539.5205078125,overall|small
2401453,1,3,this is an umbrella ,182,0.003627232142857143,0.009333513855403578,0.009660643576425635,0.21607547801929516,1,4070.716064453125,overall|small
2401453,2,4,a section of a sandy shore,143,0.002849968112244898,0.0022289767889339474,0.002264311922196471,0.12498315397676055,0,7893.16650390625,overall|small
2401453,3,5,the bag is green in color ,4,7.971938775510203e-05,7.32747646271217e-05,7.331620335653689e-05,0.11476431787014008,0,6261.33447265625,overall|small
2401453,4,6,the sky is blue in color ,748,0.014907525510204082,0.00535408377111759,0.005988348061075638,0.04811773453166778,0,6010.349609375,overall|small
2401453,5,0,no big waves in water,5208,0.10379464285714286,0.06481979408774642,0.09995473645118128,0.15569393316172234,0,8112.2119140625,overall
2401453,6,1,a green tree near the seashore,16426,0.32736766581632654,0.03470713687978945,0.20107910403208426,0.04025870137044548,0,3288.702880859375,overall
2401454,0,1,there are some leaves on the ground,261,0.0052016900510204085,0.0054343279348236595,0.0061488287413827706,0.04467717167061407,0,1896.416748046875,overall|small|part
2401454,1,2,the tree has green leaves ,170,0.0033880739795918366,0.003231039909821971,0.003330394443128949,0.09772166083840762,0,4988.20263671875,overall|small|part
2401454,2,6,part of  a leg,720,0.014349489795918368,0.010658223426612004,0.011394416497171293,0.14160325792100695,0,8947.74609375,overall|small|part
2401454,3,5,this is a tree,960,0.01913265306122449,0.01508645270395938,0.01699259617683984,0.11854697068532308,0,6697.333984375,overall|small
2401454,4,7,part of a jaw,666,0.01327327806122449,0.008759245563780884,0.009751740146197587,0.07924380603137317,0,5411.99560546875,overall|small
2401454,5,9,this is the ground ,750,0.014947385204081632,0.012646542410001044,0.013610763549269113,0.15147539265950521,0,8346.81640625,overall|small
2401454,6,8,tail of an elephant,1947,0.03880341198979592,0.042485173505899844,0.04646734301695117,0.33144049113018426,0,13887.4873046875,overall|part
2401455,0,6,The text says Toma 4.,432,0.00860969387755102,0.005165531700701461,0.005718618159933534,0.05070095592074924,0,3830.08837890625,overall|small|text
2401455,1,5,curtain inside of window,132,0.0026307397959183672,0.002006878178768245,0.0020386151335575094,0.11419081687927246,0,7393.8369140625,overall|small|part
2401455,2,0,Another building in the distance.,360,0.007174744897959184,0.009668628380718008,0.00985136143984494,0.3426447762383355,0,12521.3271484375,overall|small
2401455,3,1,balconies on tall building.,102,0.002032844387755102,0.0036874410364411835,0.003704482963918335,0.44492433585372626,0,12250.638671875,overall|small
2401455,4,3,person standing on sidewalk.,105,0.0020926339285714285,0.0017745166993295403,0.0018033038690391866,0.10003990899948846,0,5824.9697265625,overall|small
2401455,5,4,A shadow under the truck.,994,0.019810267857142856,0.010339062639812475,0.012653122692026314,0.05350829034264179,0,4203.4873046875,overall|small
2401455,6,7,windshield of the truck.,156,0.0031090561224489796,0.0063996254559551095,0.006597869992876285,0.17559018501868615,0,4151.6533203125,overall|small
2401456,0,3,Bear has dark eyes.,470,0.00936702806122449,0.017664003622390904,0.019765246827403486,0.14248152387903093,0,3388.083984375,overall|small|part
2401456,1,1,Bear has pink tongue.,286,0.005699936224489796,0.005527025045121724,0.005742066692162676,0.12860352842957823,0,6405.46533203125,overall|small
2401456,2,6,the ground is rocky,810,0.016143176020408163,0.012302082563868912,0.012854035388207294,0.22269386950834297,0,14033.10546875,overall|small
2401456,3,0,the bear`s ears are bent back,2033,0.040517378826530615,0.049403669716106144,0.0619293890333285,0.19630980784823845,0,6444.4013671875,overall
2401456,4,2,the paws have nails,4408,0.08785076530612244,0.02812849591820865,0.07799666970067286,0.042140614532083,0,2381.586669921875,overall
2401456,5,4,Some green foliage.,2640,0.052614795918367346,0.034444513604273704,0.044713385162312415,0.1304200605912642,0,7700.35546875,overall
2401456,6,5,the ground is muddy,1932,0.03850446428571429,0.02505494175624969,0.029249923126661612,0.14871741822047263,0,9823.001953125,overall
2401457,0,2,a man in black on the sidewalk,210,0.004185267857142857,0.003063309802506644,0.003167014523302601,0.08554682958693731,0,5672.482421875,overall|small
2401457,1,4,a line painted on the road.,500,0.009964923469387755,0.008999368329494427,0.009878399726479449,0.09184474945068359,0,4648.7666015625,overall|small
2401457,2,5,a section of clear blue sky.,189,0.0037667410714285715,0.005091868392674603,0.005285626218235467,0.12196277436755952,0,4361.06591796875,overall|small
2401457,3,0,a small black fence on the corner,1519,0.0302734375,0.015736396699470762,0.018863574130365143,0.08669473373081592,0,6981.142578125,overall
2401457,4,1,a nice shopping complex,6254,0.12464126275510204,0.07762906791004057,0.09721670881026886,0.27812736957722056,0,17892.07421875,overall
2401457,5,3,a white cloud in a blue sky.,1274,0.025390625,0.0443547523516196,0.05776479151426128,0.16041283480226526,0,3537.898193359375,overall
2401458,0,0,the plate is round,46420,0.9251434948979592,0.3021079119242076,0.954280811118633,0.30654479901577986,1,14911.5537109375,overall
2401459,0,6,part of a hair,348,0.0069355867346938774,0.0004906417953168597,0.0005184409002737979,0.009067282594483474,0,6086.35302734375,overall|small|part
2401459,1,9,part of a door,240,0.0047831632653061226,0.004148177788243539,0.004329306160160401,0.09020539919535318,0,5000.638671875,overall|small|part
2401459,2,1,part of a top,840,0.016741071428571428,0.017984122876562238,0.01986505403748941,0.15961830502464658,0,6749.509765625,overall|small
2401459,3,2,part of a top,460,0.009167729591836735,0.011001299258796369,0.011623201565709777,0.1705454619034477,0,6749.509765625,overall|small
2401459,4,4,edge of a bus,196,0.00390625,0.009064536841560923,0.009101847915604018,0.6885945845623406,0,14828.2568359375,overall|small
2401459,5,7,part of a shade,288,0.005739795918367347,0.007390418126355244,0.008126311276797865,0.07545302973853217,0,2674.088134765625,overall|small
2401459,6,0,Ponytail in hair,1012,0.020169005102040817,0.0021151049548616993,0.002374743370165129,0.018978341294842747,0,8087.64501953125,overall|part
2401460,0,3,The word MICHIGAN on the player's shirt.,459,0.00914779974489796,0.012330785424606087,0.012529637902934338,0.4372408997778799,0,16017.5078125,overall|small|text
2401460,1,7,The face of the tennis player,392,0.0078125,0.008408850981327041,0.008793953698246097,0.16108721129748285,0,7180.63671875,overall|small|part
2401460,2,0,The yellow tennis ball.,234,0.00466358418367347,0.002691961488355777,0.002999900535350763,0.025554563245202742,0,1993.322021484375,overall|small
2401460,3,2,The player's left foot.,816,0.016262755102040817,0.016669382221562983,0.018369102208877577,0.152648832283768,0,6781.03076171875,overall|small
2401460,4,5,the shoes are blue in color,480,0.009566326530612245,0.007681119949027351,0.008957798745133411,0.05113839308420817,0,2740.22998046875,overall|small
2401460,5,1,Blue shorts with a yellow M,4095,0.08161272321428571,0.0546874185436308,0.07565631085138123,0.1647969489278083,0,8919.857421875,overall
2401460,6,4,"Blue, white and green tennis court",3876,0.07724808673469388,0.0496209813975807,0.07527862740875325,0.1270844623892423,0,6543.416015625,overall
2401461,0,9,a sticker on the window,384,0.007653061224489796,0.0027065949179675263,0.003267719084759932,0.015517332901557287,0,1823.4908447265625,overall|small|part
2401461,1,3,license plate on front of bus,182,0.003627232142857143,0.005175213798537359,0.0053050221794948196,0.17457776541238304,0,5989.25927734375,overall|small
2401461,2,4,the ground is gray,729,0.014528858418367346,0.02453048058219374,0.02663049815210623,0.23726600678369342,0,6495.06884765625,overall|small
2401461,3,7,back side tire of bus,816,0.016262755102040817,0.006234425697887655,0.006789068442815695,0.07090144531399596,0,8521.873046875,overall|small
2401461,4,8,another tree off to the side,671,0.013372927295918368,0.018523404000094626,0.01964816509227613,0.24447368047631798,0,8348.96484375,overall|small
2401461,5,6,a wheel of the bus,1056,0.021045918367346938,0.044435290631772345,0.04880118386382751,0.33185889504172583,0,7181.03466796875,overall|part
2401461,6,0,The building is a school.,6448,0.1285076530612245,0.04403467352995109,0.06519304372820901,0.11946978699184825,0,11816.3095703125,overall
2401462,0,7,the door is opened ,203,0.004045758928571429,0.007867073932043896,0.008141546163330906,0.1892050569280615,0,4717.6083984375,overall|small|part
2401462,1,5,the wall is cream in color ,294,0.005859375,0.016605558615037534,0.017290732020019257,0.2953034485278486,0,5021.1416015625,overall|small
2401462,2,9,The back of a wooden chair,238,0.004743303571428571,0.0021186811797853436,0.002200979116991055,0.053623660271909054,0,5798.5244140625,overall|small
2401462,3,0,two window are over the sink,7084,0.14118303571428573,0.07135880662906868,0.1618272332225315,0.11319570255979584,0,4955.15087890625,overall|part
2401462,4,4,the door is wooden ,2650,0.052814094387755105,0.03749767554066885,0.06305142104804312,0.08468656144052182,0,3559.307373046875,overall|part
2401462,5,1,A granite counter top,2014,0.040138711734693876,0.07586270433274626,0.0778976254973962,0.7438561175288605,0,19231.98828125,overall
2401462,6,2,A white toaster,1287,0.02564971301020408,0.013692666454745895,0.01603001338432732,0.08584564493530558,0,6892.2802734375,overall
2401463,0,0,leg of a white bird,130,0.002590880102040816,0.0018860031772196739,0.001905430261250934,0.1561048360971304,0,10650.41796875,overall|small|part
2401463,1,2,The right eye of the bird,24,0.00047831632653061223,0.0007540079258100572,0.0007609617850504999,0.07622202237447102,0,2403.968994140625,overall|small|part
2401463,2,6,left leg of a bird,161,0.003208705357142857,0.002050906866044328,0.0020728937047601982,0.16202788027176945,0,12584.576171875,overall|small|part
2401463,3,7,The leaves are green.,682,0.013592155612244899,0.01075130759472259,0.01147033955409536,0.14640077607722576,0,8704.6533203125,overall|small|part
2401463,4,8,Brown leaves on bush,464,0.009247448979591837,0.009398226434429852,0.009780773624768846,0.19373637232287177,0,9190.85546875,overall|small|part
2401463,5,1,neck of a bird,32,0.0006377551020408163,0.0016826238867960238,0.0016961436488111487,0.17430183291435242,0,3288.435302734375,overall|small
2401463,6,5,The beak is brown.,256,0.00510204081632653,0.00899795805874066,0.00959856143610108,0.12572215497493744,0,3353.09326171875,overall|small
2401464,0,4,over spray of wave,338,0.0067362882653061226,0.007893504498687667,0.008520686759116823,0.09685220661953356,0,3841.94921875,overall|small
2401464,1,5,name of photographer,528,0.010522959183673469,0.0036813364478504307,0.004240816153087704,0.027146756649017334,0,3379.888916015625,overall|small
2401464,2,0,a black wet suit,3021,0.06020806760204082,0.06407319645547009,0.07244111423946825,0.35678166247724263,0,14878.8076171875,overall
2401464,3,1,white surf board or body board,2184,0.04352678571428571,0.03444281052028021,0.03725938213855765,0.31301279033060037,0,18347.591796875,overall
2401464,4,2,small waves in ocean,5720,0.11399872448979592,0.08994395872323202,0.16959055110025414,0.1607334803868007,0,5421.26611328125,overall
2401464,5,3,spray of water droplets ,2394,0.04771205357142857,0.02653049427241834,0.0488006251326439,0.05494223381941181,0,2695.287353515625,overall
2401465,0,5,part of a tail,528,0.010522959183673469,0.021805963145159223,0.022882701309924435,0.3166680191502427,0,7306.86083984375,overall|small|part
2401465,1,8,head of a dog,45,0.000896843112244898,0.002225930083168981,0.002256112108094375,0.14265287187364367,0,2845.328125,overall|small|part
2401465,2,4,A person standing in the background. ,260,0.005181760204081632,0.010590551120512607,0.010995020071160084,0.22353729834923378,0,5286.001953125,overall|small
2401465,3,7,bright clear blue sky,462,0.009207589285714286,0.011625410371530587,0.012241217530151496,0.18771416800362722,0,7084.5849609375,overall|small
2401465,4,0,part of a snow,1025,0.0204280931122449,0.015758630892119155,0.016613090389045283,0.23453297684832317,0,14470.2939453125,overall
2401465,5,1,woman wearing a purple vest,2640,0.052614795918367346,0.0652709489930007,0.10267830777731066,0.15193882566509825,0,3906.555419921875,overall
2401465,6,2,white snow covering ground,1755,0.03497688137755102,0.01616962383716097,0.018922785842013363,0.1000198407730146,0,9276.373046875,overall
2401466,0,0,Number 767 on plane.,270,0.005381058673469388,0.004787005705417897,0.004896705498055825,0.17605900234646268,0,9707.7373046875,overall|small|text
2401466,1,2,flag has red white and blue,308,0.006138392857142857,0.007061305177308713,0.007288424879252116,0.18473967019613688,0,7806.87451171875,overall|small|text
2401466,2,3,The left wing on the plane with the American flag.,703,0.014010682397959183,0.019274446293279617,0.020257091729221223,0.284354501564167,0,9868.208984375,overall|small|text
2401466,3,4,The right wing on the plane with the American flag.,506,0.010084502551020409,0.011695983476156942,0.012155819408921352,0.2361658722044451,0,9830.6767578125,overall|small|text
2401466,4,1,blue and white skies,14337,0.28573421556122447,0.1593401703442912,0.5023306852322181,0.1892090014037107,0,5400.20654296875,overall
2401466,5,5,The ground is grey.,8446,0.16832748724489796,0.0772037998327717,0.17281205123439758,0.12245752369372336,0,5984.9775390625,overall
2401468,0,1,white edge along platform,860,0.017139668367346938,0.0021507803158886565,0.0026406293719477714,0.011461326687834984,0,3732.72412109375,overall|small
2401468,1,2,Bright yellow light hanging from red pole,240,0.0047831632653061226,0.0017907614229540141,0.0018739794248860404,0.03876285950342814,0,4964.34814453125,overall|small
2401468,2,3,person walking in train station,396,0.007892219387755101,0.01899310277939586,0.019818723714375746,0.31315019395616317,0,6257.0869140625,overall|small
2401468,3,5,black numbers on train,459,0.00914779974489796,0.02449316331795762,0.024834026445539118,0.6408666806023625,0,11844.9501953125,overall|small
2401468,4,7,red metal pole inside train station,693,0.013811383928571428,0.0055966056528005455,0.005925612727485536,0.0915682738993591,0,10708.9033203125,overall|small
2401468,5,0,yellow line on platform,1428,0.028459821428571428,0.012118101717727196,0.015225730938986382,0.056044752190426955,0,5256.35888671875,overall
2401468,6,4,white train with blue paint on the side,1848,0.036830357142857144,0.03860557234526809,0.046438617253967696,0.18624768938337052,0,7411.62744140625,overall
2401469,0,3,There is a half circle window at the top ,486,0.009685905612244899,0.009574484961382305,0.011776161070004482,0.04871645876409585,0,2010.519287109375,overall|small|part
2401469,1,2,Two people are standing and talking,342,0.006816007653061225,0.006162292909484671,0.006501340383965406,0.10567670677140442,0,5559.07421875,overall|small
2401469,2,4,arches over windows on left,476,0.009486607142857142,0.008700277074987255,0.00911841816737748,0.1594712233343044,0,8324.72265625,overall|small
2401469,3,6,Tan paint on a building,572,0.011399872448979591,0.007601949435684037,0.00831540531448504,0.08139024080930056,0,5598.6708984375,overall|small
2401469,4,7,A person is dressed all in black,240,0.0047831632653061226,0.002148694986188549,0.0022041357370605258,0.07870172659556071,0,8569.533203125,overall|small
2401469,5,8,a dome on top of a building,663,0.013213488520408163,0.022295993669534876,0.023262214621446547,0.34929144903905074,0,9955.2099609375,overall|small
2401469,6,9,clock on front of building,552,0.011001275510204082,0.007378449710639968,0.0077224149897323294,0.14211298071819803,0,10158.2685546875,overall|small
2401470,0,7,head of a horse,480,0.009566326530612245,0.024133174877595937,0.027767022422621312,0.1556955337524414,0,2691.4609375,overall|small|part
2401470,1,0,a black triangle on a lighthouse,210,0.004185267857142857,0.004444533651883219,0.0046410625135331765,0.09498856862386068,0,4298.0673828125,overall|small
2401470,2,1,back of a horse,240,0.0047831632653061226,0.0024230293929989426,0.0024615986037188446,0.13393274943033853,0,13058.1240234375,overall|small
2401470,3,2,a small white house on the side of the beach,196,0.00390625,0.004723541132538135,0.004779951928340433,0.28584071568080355,0,11720.783203125,overall|small
2401470,4,5,a multi story house on the side of the beach,483,0.009626116071428572,0.012031627751671744,0.012357986862839954,0.3129944416306774,0,12233.0859375,overall|small
2401470,5,8,a burning light atop a lighthouse,16,0.00031887755102040814,0.00010473005721824355,0.00010511814111897903,0.02758512645959854,0,4198.7236328125,overall|small
2401470,6,9,part of some water,336,0.006696428571428571,0.003734545527482556,0.004353390116233845,0.025598912012009395,0,1975.7554931640625,overall|small
2401472,0,0,part of some cards,130,0.002590880102040816,0.0029721743218357618,0.0030534177453561255,0.10048072521503155,0,4277.9912109375,overall|small
2401472,1,1,black background in top left,930,0.018534757653061226,0.02281906411404685,0.02613974262618022,0.1522746096375168,0,5417.62744140625,overall|small
2401472,2,5,9 of spades,870,0.017338966836734693,0.012371985693185013,0.01352805106457526,0.12646556284235813,0,8133.103515625,overall|small
2401472,3,7,edge of a plate,817,0.01628268494897959,0.012195357999006099,0.01314020845103466,0.14500909102590462,0,9016.0234375,overall|small
2401472,4,8,part of a blade,341,0.006796077806122449,0.008125392141668405,0.00889639815257,0.08571960919064162,0,3285.642822265625,overall|small
2401472,5,9,edge of a cake,588,0.01171875,0.010186743671666082,0.010771879216480854,0.15791589386609137,0,8620.087890625,overall|small
2401472,6,2,Barbeque sauce? ,3430,0.068359375,0.04104718648165991,0.05126545697270434,0.17076812833113156,0,11425.5234375,overall
2401473,0,9,white writing ,665,0.013253348214285714,0.013559089520608456,0.02163420142948554,0.035053086818609025,0,1077.474609375,overall|small|text
2401473,1,2,silver handle of a spoon in a bowl,315,0.006277901785714286,0.005018129740086174,0.005349487966121574,0.07494200449141245,0,4412.8955078125,overall|small|part
2401473,2,7,the table is wooden,588,0.01171875,0.017376634375538758,0.017798021352895203,0.42327636926352574,0,13983.9423828125,overall|small
2401473,3,0,plates stacked on top of each other,1426,0.02841996173469388,0.03603699361976916,0.040531924411273186,0.24525719170483432,0,8628.673828125,overall
2401473,4,1,Case filled with bottles of wine.,4095,0.08161272321428571,0.12062189379714477,0.14880408684320642,0.3890863774896978,0,10707.42578125,overall
2401473,5,3,these are bowls arranged  upright,1122,0.02236128826530612,0.027948004196386978,0.03079349238453771,0.23221594934582498,0,8461.0830078125,overall
2401473,6,4,small containers with red and blue lids,2750,0.054807079081632654,0.010080931106628924,0.01942973811475506,0.020521370627663352,0,2904.5048828125,overall
2401474,0,8,collar on man's shirt,448,0.008928571428571428,0.015003712234197707,0.0162867279852885,0.15998758588518416,0,4400.7880859375,overall|small|text
2401474,1,0,clear glass of water,390,0.007772640306122449,0.027967249530947744,0.031873478118464464,0.18580242059169672,0,2273.455810546875,overall|small
2401474,2,1,A white plate with food,880,0.017538265306122448,0.029452882295783803,0.033213585780779396,0.20642505992542615,0,5469.26953125,overall|small
2401474,3,3,person walking in white pants,714,0.014229910714285714,0.026199010488041293,0.027521644642048385,0.3528154944839264,0,9153.1689453125,overall|small
2401474,4,4,salt and pepper shakers,475,0.009466677295918368,0.014153210375942731,0.015156862300979164,0.1760987613075658,0,5518.74853515625,overall|small
2401474,5,5,person wearing a chefs uniform,533,0.010622608418367346,0.00876643563826648,0.008994477192928892,0.2569299522528729,0,15225.3056640625,overall|small
2401474,6,7,breakfast food served on white china plate,782,0.01558514030612245,0.024866664083813893,0.026595621287966918,0.2766782170366448,0,8135.2626953125,overall|small
2401475,0,2,the table is brown,360,0.007174744897959184,0.010194554685855246,0.010674772683973691,0.18474820454915364,0,6230.51708984375,overall|small
2401475,1,5,a silver knife,873,0.01739875637755102,0.015693820782379013,0.01825729805139831,0.10053556426966996,0,4807.25830078125,overall|small
2401475,2,0,White sauce on a plate,4690,0.09347098214285714,0.04740246473958088,0.08353774719326672,0.09876237881463219,0,5544.74560546875,overall
2401475,3,1,Spoon on a table,1870,0.0372688137755102,0.06258687238767303,0.0851151938427547,0.1912408675739472,0,4201.60498046875,overall
2401475,4,3,Small plate on a table,4284,0.08537946428571429,0.05283831047118261,0.08309465411362076,0.12672354504953023,0,6533.31640625,overall
2401475,5,4,White pile of mashed potatoes under a pile of meat. ,8181,0.16304607780612246,0.18690198304881134,0.21928209345722927,0.5586398266562768,1,20841.794921875,overall
2401476,0,0,the water has wave,18221,0.36314174107142855,0.1789858029395696,0.3020467064265066,0.3052233740001235,0,18412.6328125,overall
2401477,0,2,this is a bowl,234,0.00466358418367347,0.0044462068258737525,0.00470272054455647,0.07536963112333901,0,3750.274658203125,overall|small
2401477,1,3,part of  a lid,300,0.005978954081632653,0.014854143767737764,0.01558552104049841,0.24043279012044272,0,4628.0029296875,overall|small
2401477,2,4,this is a seat,392,0.0078125,0.014739176432921617,0.015072603596356803,0.39986283438546316,0,10399.4130859375,overall|small
2401477,3,5,white painted brick on wall,576,0.011479591836734694,0.045753388008124944,0.04664392663967991,0.7055736117892795,0,8713.0400390625,overall|small
2401477,4,6,part of a collar,221,0.004404496173469388,0.0056124103429927895,0.005819403476005275,0.13628346887648915,0,5175.5556640625,overall|small
2401477,5,7,the sweater is yellow in color,130,0.002590880102040816,0.0033187000984319427,0.00335199773770534,0.2504231379582332,0,9712.12109375,overall|small
2401477,6,8,stainless steel tongs,825,0.016442123724489797,0.02050213848023455,0.0222158314249522,0.20997575239701705,0,7797.59228515625,overall|small
2401478,0,1,the leaves are green in color,160,0.0031887755102040817,0.0036570718237047373,0.0037315126345529685,0.15491929054260253,0,6642.6376953125,overall|small|part
2401478,1,8,the leaves are green in color,208,0.004145408163265306,0.005487721996659885,0.00562866970577006,0.17975583443274865,0,6642.6376953125,overall|small|part
2401478,2,3,the duck is brown,104,0.002072704081632653,0.0036069859961192423,0.0036497210214388193,0.2355027932387132,0,6710.7294921875,overall|small
2401478,3,4,the trees are tall,260,0.005181760204081632,0.003924657147532719,0.003992385160236352,0.18788192455585187,0,12235.6181640625,overall|small
2401478,4,5,this is a bridge,312,0.006218112244897959,0.005042331061247309,0.0052281503137778206,0.12424310048421223,0,7414.44775390625,overall|small
2401478,5,7,the sky is white in color,70,0.0013950892857142857,0.0025455448772828053,0.002561444597148362,0.2908240182059152,0,7947.734375,overall|small
2401478,6,0,dirt on the water,4240,0.08450255102040816,0.04036241904191895,0.10250084927430421,0.06242390038832179,0,2582.196533203125,overall
2401479,0,6,the tree has green leaves ,42,0.0008370535714285714,0.0005346601487441815,0.0005377603388793671,0.08487122399466378,0,6628.58740234375,overall|small|part
2401479,1,3,this is a spectacle ,780,0.015545280612244899,0.014998215523945852,0.018144395994400007,0.07961046267778446,0,3422.332763671875,overall|small
2401479,2,5,white porcelain cup,187,0.0037268813775510204,0.004734110097762437,0.004996406381841983,0.08271919087292676,0,3095.9228515625,overall|small
2401479,3,8,this is a table mat ,54,0.0010762117346938774,0.003829270297626055,0.0038909718299343795,0.19450869383635344,0,2699.4462890625,overall|small
2401479,4,9,plate with sandwiches on it,896,0.017857142857142856,0.03530114778096657,0.036983505835348256,0.4369464261191232,0,10585.908203125,overall|small
2401479,5,7,little girl in shirt with peace logo,2769,0.055185746173469385,0.07793805959085008,0.08894101366997621,0.38650405790109243,0,12033.0283203125,overall|text
2401479,6,4,girl's hair in a bun,1170,0.023317920918367346,0.0189694848928014,0.020476263928958984,0.20495120317508012,0,11710.7744140625,overall|part
2401480,0,9,Telephone number on store window.,256,0.00510204081632653,0.005063817657548637,0.005260509829710574,0.11927735060453415,0,5804.57080078125,overall|small|text|part
2401480,1,3,right arm of a woman,15,0.00029894770408163266,0.00039469991641277724,0.00039549167861525854,0.16468685468037922,0,6246.15625,overall|small|part
2401480,2,8,The jean pant leg the person sitting next to the child is wearing.,858,0.01709980867346939,0.013684080365923808,0.015064650721053277,0.12991982128792431,0,7399.521484375,overall|small|part
2401480,3,0,part of a shade,195,0.0038863201530612247,0.009457627336769426,0.009650359539240266,0.3213695623935797,0,6493.75439453125,overall|small
2401480,4,6,part of a woman's elbow,30,0.0005978954081632653,0.000495295862714422,0.0004979201249415324,0.08590319951375326,0,5175.7216796875,overall|small
2401480,5,5,a blue shirt on a man,1908,0.03802614795918367,0.04381218836507874,0.0503461836712086,0.2523837619357639,0,9564.7412109375,overall|text
2401480,6,1,The black rolling suitcase the lady is holding.,3744,0.07461734693877552,0.044754131482937,0.059734345114323725,0.15143443376590043,0,9491.533203125,overall
2401481,0,1,people on the beach.,21,0.0004185267857142857,0.00024048127989167778,0.00024100086345004966,0.10035014152526855,0,8744.171875,overall|small
2401481,1,6,house on the beach.,374,0.007453762755102041,0.010229934128184641,0.010654510660856308,0.2042743050478359,0,7170.53955078125,overall|small
2401481,2,7,boat in the water.,658,0.013113839285714286,0.02137488892606632,0.024373588221105438,0.14801983123129986,0,3996.0078125,overall|small
2401481,3,8,buoy in water.,176,0.00350765306122449,0.005461247437071071,0.005589101159836842,0.19272639534690164,0,6068.9267578125,overall|small
2401481,4,9,stairway to the beach.,100,0.001992984693877551,0.0032205768324397623,0.0032523671652565874,0.2478301239013672,0,7619.9921875,overall|small
2401481,5,0,White and brown building,1782,0.03551498724489796,0.03190154710778553,0.03835864310725051,0.15931943129208753,0,7401.388671875,overall
2401481,6,2,clear water at the beach.,1248,0.024872448979591837,0.028283464099626437,0.031246873394122004,0.2297189174554287,0,9174.97265625,overall
2401482,0,5,platform number sign hanging from the rafters,77,0.0015345982142857143,0.000647776251193435,0.0006538067115434528,0.06562158658907011,0,7728.373046875,overall|small|text
2401482,1,7,electronic sign telling the direction of train travel,198,0.003946109693877551,0.005795521790781462,0.005913207685882061,0.22552659776475695,0,7551.61474609375,overall|small|text
2401482,2,1,part of a window,228,0.004544005102040816,0.00750638074677436,0.00841888016987657,0.06476956083063494,0,1754.08837890625,overall|small|part
2401482,3,2,Houses near the train station,364,0.007254464285714286,0.014680396406573775,0.014836965055485863,0.5817934811770261,0,14273.3251953125,overall|small
2401482,4,4,Passenger taking a picture.,945,0.018833705357142856,0.003142792579671888,0.003456993253079696,0.03342286367265005,0,9136.4384765625,overall|small
2401482,5,6,map of train routes displayed on train station wall,308,0.006138392857142857,0.011551357007675626,0.01187091959363471,0.300260320886389,0,7790.4814453125,overall|small
2401482,6,8,part of a headlight,392,0.0078125,0.01764197731829303,0.02083607400251587,0.10320660532737265,0,1941.6800537109375,overall|small
2401484,0,0,the tail is wavy,360,0.007174744897959184,0.007405669073553759,0.008006724705024944,0.08979341718885633,0,4037.31005859375,overall|small|part
2401484,1,3,Back two legs of a pony. ,350,0.006975446428571429,0.005890640357869916,0.006189263936027571,0.10880529131208147,0,6152.888671875,overall|small|part
2401484,2,7,the horse hair is light brown,132,0.0026307397959183672,0.004110769061342194,0.0042042533463920026,0.1560276493881688,0,4898.76513671875,overall|small|part
2401484,3,9,Brown ponies left leg. ,196,0.00390625,0.005104954056508377,0.005178559781329804,0.2642520203882334,0,10001.505859375,overall|small|part
2401484,4,4,the bridge is wooden,608,0.01211734693877551,0.022289325349967668,0.022737233032775736,0.5308419277793482,0,14194.8623046875,overall|small
2401484,5,5,this is the nose,16,0.00031887755102040814,0.0004290477851080317,0.0004363752139740251,0.024914760142564774,0,913.5169677734375,overall|small
2401484,6,1,Section of fence that is white in color. ,1188,0.023676658163265307,0.01927238117839434,0.021159391072181025,0.17770243172693734,0,9977.1533203125,overall
2401485,0,4,part of a tail,476,0.009486607142857142,0.02021918031522051,0.02150097275332735,0.2532629445821297,0,5606.8701171875,overall|small|part
2401485,1,0,part of a knee,299,0.0059590242346938774,0.0031172230816502665,0.0035451816884124127,0.02517284119009573,0,2123.072998046875,overall|small
2401485,2,3,part of a ground,308,0.006138392857142857,0.006576841201695749,0.006696505996062422,0.26902912189434103,0,12373.76171875,overall|small
2401485,3,5,part of a stomach,435,0.008669483418367346,0.015883094516909106,0.0168687277358987,0.21373322585533405,0,5511.6162109375,overall|small
2401485,4,6,part of a hoof,100,0.001992984693877551,0.003314360860514259,0.003337106745368518,0.3271694564819336,0,9803.9853515625,overall|small
2401485,5,8,edge of a wall,980,0.01953125,0.02501315375055915,0.026622825971960414,0.29263617067920916,0,10772.0888671875,overall|small
2401485,6,9,part of an edge,700,0.013950892857142858,0.015727366048345653,0.018203987968097187,0.1036224365234375,0,3984.605224609375,overall|small
2401486,0,7,letters on top of building.,168,0.0033482142857142855,0.0036172248680721216,0.003668994239291885,0.2040495645432245,0,9343.2490234375,overall|small|text
2401486,1,3,green leaves on the trees.,429,0.008549904336734694,0.015745755041393042,0.016403469253849105,0.2819707732656341,0,7374.3828125,overall|small|part
2401486,2,0,The woman's hands are in her pockets. ,352,0.00701530612244898,0.018313726522592846,0.019606239211889684,0.21740646795793014,0,3903.2001953125,overall|small
2401486,3,1,A clock is on the building. ,450,0.00896843112244898,0.01454412011204602,0.015442992998392045,0.19991919623480903,0,5825.53125,overall|small
2401486,4,2,man sitting on motorcycle.,880,0.017538265306122448,0.03535772120504524,0.03782191076713803,0.3517825733531605,0,8184.90283203125,overall|small
2401486,5,4,bricks on the sidewalk.,36,0.0007174744897959184,0.0004805171172654527,0.0004829942022923747,0.08566712670856053,0,6385.2041015625,overall|small
2401486,6,5,the motorcycle is red in color,48,0.0009566326530612245,0.0014977560432220876,0.0015033532925197767,0.2868752082188924,0,9159.5302734375,overall|small
2401487,0,3,this is a plate,294,0.005859375,0.0035684468487679295,0.0037513865988306884,0.06818555974635948,0,5343.77197265625,overall|small
2401487,1,4,the table is wooden,299,0.0059590242346938774,0.008534353152767075,0.008927597673287208,0.16230392456054688,0,5435.82666015625,overall|small
2401487,2,5,lemon wedge on white plate,357,0.007114955357142857,0.0025466018145547005,0.0027870968961388742,0.028666539018561525,0,3671.90478515625,overall|small
2401487,3,0,woman holding a fork,13340,0.2658641581632653,0.2641675795199477,0.5413677293620741,0.34033254368909294,1,8386.2333984375,overall
2401487,4,1,The bowl that has the tomato in it.,4320,0.08609693877551021,0.13624685561912603,0.16212365718687788,0.4605137860333478,0,12271.0009765625,overall
2401487,5,2,oysters on the half shell,3600,0.07174744897959184,0.06857317935432548,0.09072998299683242,0.21923833211263022,0,8698.9765625,overall
2401488,0,2,filing cabinet in an office,936,0.01865433673469388,0.0640899012503501,0.0700363473407019,0.4301478720118857,0,5748.70654296875,overall|small
2401488,1,4,icons on a computer screen,215,0.0042849170918367345,0.00541740940919118,0.005700360304623424,0.09840034662291061,0,3711.357421875,overall|small
2401488,2,5,small blue piece of paper,56,0.0011160714285714285,0.0014838043486798112,0.0015108884274132573,0.07644640547888619,0,2833.431396484375,overall|small
2401488,3,0,a brown wooden table,19888,0.3963647959183674,0.10228306477178507,0.34304409456389123,0.12719875099384678,0,7374.3544921875,overall
2401488,4,1,a manila envelope,1053,0.02098612882653061,0.018560271025471985,0.02115657174489767,0.13137347881610578,0,6538.6904296875,overall
2401488,5,3,The red and white snack bag,1624,0.03236607142857143,0.01293877946415042,0.014469362775721008,0.10898590087890625,0,12232.2666015625,overall
2401489,0,1,tail of a cat,50,0.0009964923469387755,0.0010393710536837596,0.0010420489400681352,0.2879783248901367,0,13817.888671875,overall|small|part
2401489,1,4,paws of a cat,120,0.0023915816326530613,0.002210232944766154,0.002331184392806703,0.04085884888966878,0,2103.249267578125,overall|small
2401489,2,5,white flower on a carpet,70,0.0013950892857142857,0.0012726372436522968,0.0012806118365840508,0.1696892329624721,0,9275.4462890625,overall|small
2401489,3,9,The cat has a black nose.,143,0.002849968112244898,0.0033474795265584804,0.0034062077671224585,0.16258573198651935,0,6825.7021484375,overall|small
2401489,4,0,The cat has two eyes.,1081,0.021544164540816327,0.019335221566934544,0.023149084105024535,0.10503282291154747,0,4904.75048828125,overall|part
2401489,5,2,Tan figures on the rug. ,1584,0.031568877551020405,0.03581692048818928,0.04098612383527489,0.2211771107683278,0,8547.8818359375,overall
2401489,6,3,collar on a cat,1148,0.022879464285714284,0.02788936194407937,0.03375841896629713,0.1382413591657366,0,4701.08154296875,overall
2401490,0,1,edge of an apple,357,0.007114955357142857,0.006513586499237886,0.006821106511096768,0.12623918891286984,0,6607.0498046875,overall|small
2401490,1,3,green peel of an apple,294,0.005859375,0.006161175236929339,0.006360556737938934,0.16426417292380818,0,7592.67919921875,overall|small
2401490,2,4,part of an orange,576,0.011479591836734694,0.009993836363129347,0.01067728281536829,0.13504593902164036,0,7285.22998046875,overall|small
2401490,3,5,part of an orange,910,0.018136160714285716,0.01610059893759616,0.017824740011009272,0.14270036299150068,0,7285.22998046875,overall|small
2401490,4,7,lower part of an apple,36,0.0007174744897959184,0.0007574757543191702,0.0007601358337108216,0.17793840832180446,0,8427.1552734375,overall|small
2401490,5,8,a green apple,49,0.0009765625,0.00032515410425534847,0.000327440521083128,0.04449382606817751,0,6658.30078125,overall|small
2401490,6,0,An apple stem.,1715,0.0341796875,0.039048447741644475,0.04777839760180827,0.1760795393073524,0,6320.3544921875,overall
2401491,0,6,branch sticking off the tree.,30,0.0005978954081632653,0.0009133616769652286,0.0009159980220071418,0.24089884757995605,0,7889.71728515625,overall|small|part
2401491,1,1,plants behind the bench.,840,0.016741071428571428,0.012854369212945374,0.014273757520503347,0.1144698733375186,0,6736.466796875,overall|small
2401491,2,3,sticks on the ground.,210,0.004185267857142857,0.004435644825673784,0.0045526739307309005,0.14716208321707588,0,6788.10693359375,overall|small
2401491,3,9,dirt on the forest floor.,585,0.011658960459183673,0.011608691390846864,0.012263904421780918,0.1784996097923344,0,8514.6025390625,overall|small
2401491,4,7,rotting branches on the ground,1326,0.026426977040816327,0.017644612091955753,0.020277803352928232,0.11962411917892157,0,7822.42431640625,overall|part
2401491,5,0,seat on brown bench,1917,0.038205516581632654,0.06888060650435761,0.0894282082011793,0.23064217644553664,0,4944.08935546875,overall
2401491,6,2,a patch of wild flowers.,3956,0.07884247448979592,0.04823436802607045,0.07034914163978179,0.13302664761596308,0,7480.5947265625,overall
2401492,0,4,white buttons on blue shirt,1357,0.027044802295918366,0.07277259439689868,0.08194120812326758,0.3940785913319823,1,6526.19921875,overall|text
2401492,1,0,Comic book being read by young man,1554,0.030970982142857144,0.04275467871127281,0.05292603970807978,0.1819848805627614,0,5343.390625,overall
2401492,2,1,Left racks deep comic titles,4779,0.09524473852040816,0.13048209225959947,0.1674992557223633,0.37123505424121156,0,10591.8818359375,overall
2401492,3,2,Blue trimmed white sneakers,5696,0.11352040816326531,0.23480598517258264,0.35732382921003925,0.406462208608563,1,6479.30126953125,overall
2401492,4,3,Rack of comic books,1056,0.021045918367346938,0.018633943474827525,0.020918117848457804,0.14577137340198865,0,7358.9111328125,overall
2401493,0,4,large black screw on sign,250,0.0049824617346938774,0.0053597200706370215,0.005700725832532389,0.08223245239257812,0,3606.227294921875,overall|small|text
2401493,1,6,the back of a street sign,546,0.010881696428571428,0.005846951133542075,0.006295997645205923,0.07576765682234432,0,6570.70458984375,overall|small|text
2401493,2,2,Two dormer windows in building.,384,0.007653061224489796,0.01187817900244562,0.012031959745928923,0.4816935857137044,0,15373.2509765625,overall|small
2401493,3,9,clear white skies overhead,280,0.005580357142857143,0.010036986827969248,0.010321907723203362,0.2666539328438895,0,7233.45947265625,overall|small
2401493,4,0,blue circle on red round sign,3124,0.06226084183673469,0.04297811883968058,0.06959759648969213,0.10101681756912212,0,4534.30224609375,overall|text
2401493,5,3,Information sign near traffic light.,1360,0.027104591836734693,0.019146940188258816,0.022918643778748724,0.10422022202435662,0,6184.462890625,overall|text
2401493,6,7,the branches are green,6600,0.13153698979591838,0.04469903512822989,0.08510122690207063,0.08605010986328125,0,6673.59033203125,overall|part
2401494,0,3,red arrow sign pointing right,160,0.0031887755102040817,0.0007170111884994179,0.0007451969816488529,0.01860419809818268,0,3994.476318359375,overall|small|text
2401494,1,5,this is a door,480,0.009566326530612245,0.020319358777986272,0.02273635771289159,0.16046900749206544,1,3387.751220703125,overall|small|part
2401494,2,1,the road is grey in color,840,0.016741071428571428,0.02556597638765695,0.02882640972182522,0.18436326526460192,0,5372.33544921875,overall|small
2401494,3,4,There is a red and white pole on the corner,418,0.008330676020408163,0.007176329784057585,0.007407358578632395,0.18705201947517944,0,10555.4150390625,overall|small
2401494,4,6,the building is grey in color,120,0.0023915816326530613,0.0022014834327520267,0.0022298280601530324,0.14762118657430012,0,7944.353515625,overall|small
2401494,5,8,the car is black in color,42,0.0008370535714285714,0.0012439291505509824,0.0012482814557851752,0.2629556201753162,0,8847.47265625,overall|small
2401494,6,9,tall green metal pole,412,0.00821109693877551,0.010616197343088806,0.010934282902246273,0.2673642982556982,0,10074.1943359375,overall|small
2401495,0,1,the handle of a piece of silverware,242,0.004823022959183673,0.00615248059687439,0.006668545613633314,0.07364675033191019,0,2672.623779296875,overall|small|part
2401495,1,5,the top of a brown table,434,0.008649553571428572,0.010114646014219244,0.010505716859166658,0.21366312756516417,0,8826.603515625,overall|small
2401495,2,6,the sauce is white,572,0.011399872448979591,0.011265824481579648,0.012089708734392659,0.14186302931992323,0,6711.9609375,overall|small
2401495,3,8,There is a white vase with flowers in the background,513,0.010224011479591837,0.006639625566227262,0.007301036411353958,0.06828713370577866,0,4798.126953125,overall|small
2401495,4,9,slice of lime on plate,238,0.004743303571428571,0.0021102494757753256,0.0026365308092997607,0.010461200185182715,0,944.333984375,overall|small
2401495,5,0,fried cheese stick on plate,3248,0.06473214285714286,0.07022065638183024,0.08142614936996301,0.3378655945726216,0,13477.0888671875,overall
2401495,6,2,the meat is chicken,6960,0.13871173469387754,0.143186095342577,0.19364993792116986,0.3546148190553161,1,12745.26171875,overall
2401496,0,2,Rear right eye of stove,96,0.001913265306122449,0.003332477444155088,0.0033745058364556503,0.21108786265055338,0,6005.15625,overall|small|part
2401496,1,0,black burner of oven,320,0.006377551020408163,0.0027306796417885713,0.0028459650288460876,0.06315310001373291,0,7100.927734375,overall|small
2401496,2,3,the outlet is on wall,90,0.001793686224489796,0.0008966699952651446,0.0009140340423810789,0.045072778065999346,0,4438.0732421875,overall|small
2401496,3,1,window with white blinds,3182,0.06341677295918367,0.0854986620640286,0.11064785772599547,0.27334287824456904,0,7860.76708984375,overall|part
2401496,4,9,window in far room,1120,0.022321428571428572,0.023614423421268224,0.02615262567644504,0.19569770268031528,0,8380.857421875,overall|part
2401496,5,4,white doors on a cupboard,4690,0.09347098214285714,0.05704276511400902,0.08179488612647684,0.15860418714185767,0,9094.1337890625,overall
2401496,6,5,a refrigerator ,3762,0.07497608418367346,0.08652844125099989,0.12070015037092811,0.2340878816692833,1,7296.08544921875,overall
2401497,0,0,the number is 190,234,0.00466358418367347,0.006058622341199548,0.006243961612462358,0.16951186025244558,0,6352.66162109375,overall|small|text
2401497,1,5,left cap on water hydrant,527,0.010503029336734694,0.006731062148040341,0.00715486725318765,0.10204116850243121,0,7515.9599609375,overall|small
2401497,2,1,brick with black numbers,1089,0.02170360331632653,0.02566293946669266,0.03143474113110392,0.12262775571768825,0,4248.2177734375,overall
2401497,3,2,The poles are metal.,15481,0.3085339604591837,0.1146466019857478,0.24953903282717807,0.17497606377878527,0,10855.2333984375,overall
2401497,4,3,pipe on the ground,2584,0.05149872448979592,0.03843273178700901,0.060316120710478816,0.09578385958361552,0,4103.4716796875,overall
2401497,5,4,brick sidewalk in pink,5005,0.09974888392857142,0.012934618707825895,0.022570182171345685,0.029406869375741447,0,6521.05419921875,overall
2401498,0,4,the shirt is striped,4332,0.08633609693877552,0.06568068168290662,0.10044573649463602,0.1595010097007012,0,6878.921875,overall|text
2401498,1,5,Woman has red hair. ,2900,0.05779655612244898,0.15147493893335645,0.18860502975421725,0.43484564419450433,1,6686.20751953125,overall|part
2401498,2,0,Smoke coming from the pot. ,1950,0.03886320153061224,0.043191649515337154,0.056441535427502965,0.15539593036358174,0,5368.77783203125,overall
2401498,3,1,Knobs on the stove. ,2400,0.04783163265306122,0.0791973852650239,0.09571468035582739,0.31456815083821615,0,7887.646484375,overall
2401498,4,2,Yellow Curtains in Kitchen,10450,0.20826690051020408,0.19302381236593202,0.39809982418202466,0.2725705321097488,1,7154.89404296875,overall
2401498,5,3,White Tile on Wall,5063,0.1009048150510204,0.1048095494943476,0.2722432801529046,0.14560427770251086,0,2707.851806640625,overall
2401498,6,6,A whisk in a mixing bowl. ,1406,0.028021364795918366,0.024887081309088982,0.026813314302775868,0.25729528565494975,0,13491.69921875,overall
2401499,0,0,fried chicken and a biscuit,2808,0.055963010204081634,0.029949517884252617,0.045326691711388346,0.08111968950668291,0,5025.38525390625,overall
2401499,1,1,tan and brown wooden table,1488,0.02965561224489796,0.06771811017305221,0.07714874243312034,0.3564904325751848,0,6875.77978515625,overall
2401499,2,2,Peaches in bowl are yellow,11817,0.2355110012755102,0.16705143681465656,0.30506877748322725,0.2696703752406491,0,10445.82421875,overall
2401499,3,3,the table is wood,1155,0.023018973214285716,0.019618680720719317,0.021594492869405086,0.17656227541176273,0,9443.5849609375,overall
2401499,4,4,Red onions in a dish. ,1479,0.02947624362244898,0.03428603095901895,0.03771381425678394,0.27390399182302233,0,10741.5283203125,overall
2401499,5,5,tan and brown wooden table,2806,0.05592315051020408,0.06827097167358846,0.08998868345685507,0.22050690328063746,0,6875.77978515625,overall
2401500,0,8,black and orange line on shirt,864,0.01721938775510204,0.017752556745516273,0.01921890804175729,0.188756819124575,0,8485.7001953125,overall|small|text
2401500,1,5,clear glasses on man's face,475,0.009466677295918368,0.007347799861296136,0.008872749366233678,0.04099953099300987,0,2194.897705078125,overall|small|part
2401500,2,2,ventilation the the wall,945,0.018833705357142856,0.01840554849341601,0.021010900591419256,0.12924739292689733,0,5813.115234375,overall|small
2401500,3,7,Projector mounted on ceiling.,667,0.013293207908163265,0.009847658302157527,0.01115715134338941,0.0774091408885401,0,4627.6953125,overall|small
2401500,4,9,Cords plugged into wall outlets,560,0.011160714285714286,0.0039474318356958835,0.004890068312671205,0.020066966329302105,0,2298.025390625,overall|small
2401500,5,0,black chairs for sitting,1504,0.029974489795918366,0.05524713486755155,0.056273407215813434,0.7518213961986785,0,20093.671875,overall
2401500,6,1,Computer tower sitting under desk in corner.,1110,0.022122130102040817,0.011156835318140094,0.012871890775682663,0.07726489917652027,0,6662.8935546875,overall
2401501,0,0,stomach of a zebra,247,0.004922672193877551,0.004925217115582119,0.005080686980799662,0.138639380574709,0,6740.01904296875,overall|small
2401501,1,2,part of a zebra,288,0.005739795918367347,0.004397693681833235,0.00457388514306373,0.10246525870429145,0,6451.84423828125,overall|small
2401501,2,4,back of a zebra,819,0.016322544642857144,0.013966390973435706,0.015120244772962046,0.15470385056566696,0,8379.65625,overall|small
2401501,3,5,rock beside tree,680,0.013552295918367346,0.015138983334848134,0.016406130887673443,0.16388578975901885,0,6792.72509765625,overall|small
2401501,4,6,part of the ground,735,0.0146484375,0.006159717900418263,0.006912759468977676,0.0535186767578125,0,5690.3798828125,overall|small
2401501,5,7,blue sky above the land,630,0.012555803571428572,0.02023511079073456,0.02269525754269642,0.15730731298053074,0,4366.7099609375,overall|small
2401501,6,8,the zebra has 4 hooves,704,0.01403061224489796,0.013157190724221246,0.013764092693659384,0.2298186258836226,0,11754.666015625,overall|small
2401502,0,0,white table full of food,27824,0.5545280612244898,0.27912387822871365,0.6293855351928389,0.33402505340488425,1,14766.6455078125,overall
2401502,1,1,tulips in a glass vase,1904,0.03794642857142857,0.05435458191045291,0.062453135275805885,0.2953593149906447,0,9004.578125,overall
2401502,2,2,wall mounted light fixture,1102,0.02196269132653061,0.06677255830935439,0.07291258041738585,0.44225129890788056,0,6684.181640625,overall
2401502,3,3,black bowel with silver spoon,1394,0.027782206632653062,0.012800185399677182,0.014001907026220011,0.12978542552274816,0,12921.16015625,overall
2401503,0,0,section of a man's arm,276,0.005500637755102041,0.002013909833356883,0.002095104143148729,0.04939901655998783,0,6507.61376953125,overall|small|part
2401503,1,3,green and red patch on a cloth,143,0.002849968112244898,0.004091063407429254,0.004144573180080842,0.24062435443584734,0,8302.25,overall|small
2401503,2,4,a yellow item ,63,0.0012555803571428572,0.0011982535339532866,0.0012064980115856965,0.14919147794208829,0,7790.36767578125,overall|small
2401503,3,7,red part on a cloth,48,0.0009566326530612245,0.0005628177635899303,0.0005690650675009327,0.04876678188641866,0,4113.42333984375,overall|small
2401503,4,8,part of a finger,30,0.0005978954081632653,0.0006478671018076767,0.000657498141172907,0.042355668544769284,0,1932.58349609375,overall|small
2401503,5,9,yellow part on the cloth,65,0.001295440051020408,0.0012525464474866896,0.001266960407346394,0.0991774265582745,0,5088.18798828125,overall|small
2401503,6,1,red shirt of man,4704,0.09375,0.085332007928769,0.10111729686739918,0.35342843191964285,0,16441.572265625,overall|text
2401504,0,0,clouds in the sky.,770,0.015345982142857142,0.008332947646509709,0.010601195458063675,0.03748607883205662,0,2722.73828125,overall|small
2401504,1,3,footprints in the sand.,207,0.00412547831632653,0.0036572074262865876,0.003840010560578369,0.07134335743632293,0,3845.84228515625,overall|small
2401504,2,4,sand on the ground.,360,0.007174744897959184,0.0067086532768477715,0.007026424681887512,0.12917690277099608,0,6618.3994140625,overall|small
2401504,3,5,pond on the beach.,310,0.0061782525510204085,0.007073750768856338,0.0072030038193959586,0.2827455828266759,0,12168.69140625,overall|small
2401504,4,7,water in the ocean.,406,0.008091517857142858,0.006432519748400092,0.007244498510446539,0.054276161005931536,0,3041.773193359375,overall|small
2401504,5,1,three horses running on the beach,2968,0.05915178571428571,0.08036752823385072,0.08566355581917016,0.5652078386908271,1,19582.853515625,overall
2401504,6,2,light blue sky,1080,0.021524234693877552,0.012991478830525639,0.019133034568727888,0.03889853866012008,0,2195.700927734375,overall
2401505,0,0,round red train traffic light,851,0.01696029974489796,0.017326995055401587,0.01834969628896426,0.23715807043987772,0,10998.6298828125,overall|small
2401505,1,1,lights around a building in the background,576,0.011479591836734694,0.013301171149822781,0.015233879310620526,0.09489297204547459,0,3587.947021484375,overall|small
2401505,2,3,lights near the tracks.,119,0.0023716517857142855,0.0017158831679628536,0.0017384751738011353,0.1166380152982824,0,7983.96435546875,overall|small
2401505,3,5,grey gravel and rock in between train tracks,87,0.0017338966836734694,0.0019210913077136527,0.0019460635248417979,0.13021469116210938,0,5821.330078125,overall|small
2401505,4,7,curve in the railroad track on the right,364,0.007254464285714286,0.00808567758119144,0.008359176926343323,0.19815830607990642,0,8628.794921875,overall|small
2401505,5,9,dark storm clouds in the sky,585,0.011658960459183673,0.022467963170027954,0.025694611224598162,0.15176462026742787,0,3455.288818359375,overall|small
2401505,6,2,electrical wires running above the railroad tracks,9021,0.17978714923469388,0.08803234320332773,0.15615533929658013,0.1679097107833458,0,9700.04296875,overall
2401506,0,2,The girl is wearing rings. ,375,0.007473692602040816,0.0036750477940496,0.003926361799227429,0.05429883829752604,0,5185.98779296875,overall|small
2401506,1,3,bag over woman's shoulder.,351,0.006995376275510204,0.006891990136825467,0.007253760566600595,0.12141161970263532,0,5874.94970703125,overall|small
2401506,2,0,Red shirt on a man,9919,0.19768415178571427,0.12209607196074963,0.17236054871997158,0.2951175763922144,0,16983.41796875,overall|text
2401506,3,4,Brown eyes on a woman,3968,0.07908163265306123,0.03943586385033609,0.09595931499235649,0.06274885516012868,0,2594.718994140625,overall|part
2401506,4,1,Picture on a wall,2016,0.04017857142857143,0.022431089777521313,0.046056130048645165,0.04189649460807679,0,1833.921630859375,overall
2401506,5,5,a wooden chair under the table,1403,0.02796157525510204,0.04172314996665833,0.04378469656761022,0.46981892004577247,0,15054.482421875,overall
2401506,6,6,a round mirror above,3002,0.05982940051020408,0.00827858038393916,0.01751702194656735,0.015454439065362676,0,2648.5224609375,overall
2401507,0,1,white sign with orange and pink writing ,720,0.014349489795918368,0.0065453244045006265,0.007129416619165641,0.07398154470655653,0,7471.3984375,overall|small|text
2401507,1,7,white window in brown building,437,0.008709343112244899,0.010517299519162334,0.0114874297305401,0.11074483421901817,0,4212.90869140625,overall|small|part
2401507,2,6,small soft white cloud,160,0.0031887755102040817,0.00016140450840339756,0.0001649600211910655,0.007432793080806732,0,7209.3037109375,overall|small
2401507,3,0,multi level building on main street,4896,0.0975765306122449,0.08001653259277898,0.11354516826528559,0.21320372936772367,0,9193.2177734375,overall
2401507,4,2,Two traffic lights facing the other way,6050,0.12057557397959184,0.07616655525927292,0.12633872469577398,0.16092972180074896,0,7706.4638671875,overall
2401507,5,3,large grey house with many windows,3850,0.07672991071428571,0.05781994278456621,0.08231017602429985,0.16270997679078733,0,7610.6435546875,overall
2401507,6,4,bare tall tree in the distance,1296,0.025829081632653062,0.016112019991031363,0.018891075310248875,0.0987126385724103,0,6772.064453125,overall
2401508,0,4,blue neon sign in photo,272,0.005420918367346939,0.0007214745521459209,0.0007629820779341345,0.013088406008832595,0,4665.96337890625,overall|small|text
2401508,1,8,a small red neon sign,88,0.001753826530612245,0.00038488066692180607,0.0003877902447732223,0.04879412325945767,0,11072.6943359375,overall|small|text
2401508,2,0,window of a building,253,0.005042251275510204,0.014246391093413734,0.015027154422336401,0.21519180720031497,0,3623.009765625,overall|small|part
2401508,3,7,a glass door with a white frame,220,0.004384566326530612,0.0022335447062822463,0.0022892645426911833,0.08405263207175515,0,8077.51953125,overall|small|part
2401508,4,6,yellow flowers in rectangular planter,810,0.016143176020408163,0.009451008405218902,0.010216850669521008,0.11196583877375096,0,8876.740234375,overall|small
2401508,5,9,blue cloudy sky in the background,738,0.014708227040816327,0.021697258567443468,0.024107874262781135,0.17829923965743563,0,5458.16845703125,overall|small
2401508,6,1,bus lights are on,1230,0.02451371173469388,0.051561599656397714,0.056211620484944116,0.38397117552718496,0,8401.90234375,overall
2401509,0,0,sign with arrows pointing forward and left,572,0.011399872448979591,0.012593519071156132,0.013941005348168847,0.11527265535367952,0,4729.6416015625,overall|small|text
2401509,1,7,white signs with black writing,407,0.008111447704081632,0.0056185639430231995,0.00649684442202926,0.03990336425181396,0,2499.778076171875,overall|small|text
2401509,2,1,a round-edged traffic light,760,0.015146683673469387,0.007072381056182884,0.007421168613524447,0.13079710508647718,0,13394.8984375,overall|small
2401509,3,3,city street light above roadway,989,0.01971061862244898,0.010477159815517018,0.0118058110110391,0.08516680001007172,0,7134.619140625,overall|small
2401509,4,4,"some circular black+white+red all over signs, indecipherable at this distance",210,0.004185267857142857,0.005277867233572934,0.00543244627540965,0.1564617156982422,0,6048.28076171875,overall|small
2401509,5,5,the post is yellow in color,180,0.003587372448979592,0.0010528230190024167,0.001073225013002774,0.05247634781731499,0,8801.26953125,overall|small
2401509,6,8,the car is grey in color,896,0.017857142857142856,0.010823466405451464,0.011975359385412457,0.10114249161311559,0,7567.51171875,overall|small
2401510,0,2,goblet filled with beer,988,0.019690688775510203,0.013551936661614764,0.017552377497354853,0.05612348641461206,0,3159.116455078125,overall|small
2401510,1,4,the woman's headband is blue.,928,0.018494897959183673,0.030074272011264926,0.031708043365761655,0.36855848904313715,0,10786.609375,overall|small
2401510,2,5,the table is wooden ,924,0.018415178571428572,0.019583301306666568,0.021159278377591045,0.20818923355697036,0,9091.37109375,overall|small
2401510,3,6,cloth napkin in silver holder,891,0.01775749362244898,0.014264017014156354,0.016596704801195485,0.09213571944488286,0,4946.3388671875,overall|small
2401510,4,7,small lutice salt and pepper shakers,392,0.0078125,0.003818359213307817,0.004918226058130065,0.01678774794753717,0,1338.0428466796875,overall|small
2401510,5,9,this is a plate ,119,0.0023716517857142855,0.0060337168009270865,0.006074571014038549,0.47289276123046875,0,9263.9033203125,overall|small
2401510,6,0,green houseplant in pot,2128,0.04241071428571429,0.11288412032085045,0.12005677451306342,0.6539155773650435,0,11590.619140625,overall
2401511,0,2,large blue table,480,0.009566326530612245,0.017067048258156275,0.017654923852842546,0.33886617024739585,0,9213.0537109375,overall|small
2401511,1,5,sliced red peppers,675,0.013452646683673469,0.010545757140748561,0.012118040460296306,0.07516947428385416,0,4187.095703125,overall|small
2401511,2,0,Large knife with a black handle,4191,0.08352598852040816,0.03324165409782692,0.05037641798473529,0.08902990422650471,0,7406.72607421875,overall|part
2401511,3,4,Bottle of bay leaves with black cover,2464,0.049107142857142856,0.028342701711905102,0.03936846469902863,0.09189985324810078,0,5751.84326171875,overall|part
2401511,4,1,fried potatoes for food,3224,0.06425382653061225,0.0541324105250789,0.06165790266943657,0.30724796645398766,0,16065.5390625,overall
2401511,5,3,cup for drinking liquids,3196,0.06369579081632654,0.052161437833358235,0.1017374747482379,0.09669280738496362,0,3037.52587890625,overall
2401511,6,6,canned food in the kitchen,1734,0.03455835459183673,0.031135108503299768,0.04179347916028717,0.10880320899901781,0,4514.21533203125,overall
2401512,0,2,the door is brown,988,0.019690688775510203,0.029522599495568673,0.03224086191893006,0.2593485102479757,0,7947.564453125,overall|small|part
2401512,1,3,she is wearing goggles,16,0.00031887755102040814,0.0009670976532818127,0.0009694550447744457,0.2845439016819,0,4696.14599609375,overall|small|part
2401512,2,5,Emblem on carriage.,418,0.008330676020408163,0.019083863813467834,0.019292923525364627,0.6378308163875598,0,13819.2265625,overall|small
2401512,3,7,the pail is blue,425,0.008470184948979591,0.003634736184687079,0.004005811965254583,0.03775600657743566,0,4005.75537109375,overall|small
2401512,4,6,Green door on a building,1508,0.03005420918367347,0.04499391547953381,0.055128435779137314,0.1966271236025054,0,5378.59814453125,overall|part
2401512,5,0,Mailboxes on the side of the street. ,5876,0.1171077806122449,0.06708212179929501,0.1265484378325086,0.12492209603950391,0,5800.484375,overall
2401512,6,1,Blue umbrella.,3080,0.06138392857142857,0.07762530801543023,0.09804890029683146,0.2714880014394785,1,8528.224609375,overall
2401513,0,9,flat face on rock,962,0.01917251275510204,0.01437088568160957,0.017210578361766714,0.0801196425471633,0,4478.35595703125,overall|small|part
2401513,1,2,the pack is green,648,0.012914540816326531,0.008109070845138549,0.008912200056209274,0.08255626537181714,0,6002.60986328125,overall|small
2401513,2,3,rocks on water's bottom,567,0.011300223214285714,0.01603292718129455,0.016875433893779216,0.24307794587742504,0,8167.208984375,overall|small
2401513,3,4,rock on water's edge,729,0.014528858418367346,0.012751000628417027,0.013699508405131343,0.15552347023627722,0,8275.9619140625,overall|small
2401513,4,6,Blue clothing item in bottom of canoe.,462,0.009207589285714286,0.011088869197948452,0.011655587888041516,0.18570920605680127,0,7361.07470703125,overall|small
2401513,5,7,green leaves on tree,1428,0.028459821428571428,0.012603825773654211,0.01487460374787998,0.07626422914136358,0,7321.56103515625,overall|part
2401513,6,8,a branch overhanging water,8352,0.16645408163265307,0.06261915579038095,0.11636430573244924,0.11939081652411099,0,8569.2265625,overall|part
2401514,0,6,A sign above a street.,260,0.005181760204081632,0.006308166250143986,0.00650961046619084,0.16932933513934795,0,6763.173828125,overall|small|text
2401514,1,0,this is an umbrella ,832,0.016581632653061226,0.021662249493668836,0.023046536097376724,0.2650559131915753,0,9568.7490234375,overall|small
2401514,2,4,this is a vehicle ,480,0.009566326530612245,0.011046295300355613,0.01141685474196512,0.2539172649383545,0,10675.4697265625,overall|small
2401514,3,5,blue and white directional light,432,0.00860969387755102,0.0023107156643099413,0.002580030344892404,0.0216572019788954,0,3626.279541015625,overall|small
2401514,4,1,rain on city street,12876,0.25661670918367346,0.052011442385828034,0.13349005557972415,0.07852163371109526,0,7573.931640625,overall
2401514,5,2,A traffic signal.,1710,0.034080038265306124,0.02770607542449341,0.03264232363167041,0.15484447813870614,0,8111.67919921875,overall
2401514,6,3,this is a man ,3168,0.06313775510204081,0.03363584144519443,0.059271489960599756,0.07215697837598396,0,3856.716064453125,overall
2401515,0,2,nose on boy's face.,315,0.006277901785714286,0.009925502722712268,0.01037083999536594,0.18774549696180556,0,5702.51123046875,overall|small|part
2401515,1,4,brown iris of boy's eye.,110,0.002192283163265306,0.0011115832268621248,0.0011327796223982852,0.0560742204839533,0,5445.158203125,overall|small|part
2401515,2,1,ear of a human being,546,0.010881696428571428,0.01735899826714822,0.018639947159716452,0.20166209853175796,0,5907.07177734375,overall|small
2401515,3,5,brown and black teddy bear ears,600,0.011957908163265306,0.004080179633851317,0.004279953706772804,0.08038674672444661,0,11269.2919921875,overall|small
2401515,4,7,toy on the table.,704,0.01403061224489796,0.029742886857851276,0.03123464197663836,0.38376669450239703,0,8649.7470703125,overall|small
2401515,5,8,a human being's pink lips,532,0.010602678571428572,0.017917654414051777,0.01870201560410722,0.299338089792352,0,8515.0107421875,overall|small
2401515,6,9,plastic container on the table.,144,0.0028698979591836736,0.002338692360318628,0.0024049170741007307,0.07828021711773342,0,4687.2099609375,overall|small
2401517,0,3,the left eye of a zebra.,561,0.01118064413265306,0.00970938150917176,0.010450103099107261,0.12047704740854083,0,6467.6513671875,overall|small|part
2401517,1,9,the back leg of the zebra closest to the wall,861,0.017159598214285716,0.021155746039692273,0.022898084686078242,0.2175470367679751,0,8180.07275390625,overall|small|part
2401517,2,1,a hole in the stall wall,984,0.0196109693877551,0.022098397967971046,0.025548412021945608,0.14063168347366456,0,5416.4453125,overall|small
2401517,3,4,white underbelly on zebra,896,0.017857142857142856,0.013579098275593022,0.014966081052940661,0.12779825074332102,0,7651.11669921875,overall|small
2401517,4,5,hay hanging out of zebra's mouth as he eats it,735,0.0146484375,0.014768909292485066,0.015773703971155312,0.18821203530240221,0,8770.029296875,overall|small
2401517,5,7,small brown spot on wood,315,0.006277901785714286,0.00947619644460495,0.01065547079823182,0.07887015569777715,0,2331.58154296875,overall|small
2401517,6,0,Second zebra behind main zebra,4012,0.07995854591836735,0.07604831225140378,0.0956354287555556,0.27077084785682015,0,11359.1025390625,overall
2401518,0,2,a red sweatshirt,391,0.007792570153061225,0.007336870618294029,0.007454108707523046,0.31809743895859977,0,16685.576171875,overall|small
2401518,1,4,White frisbee,578,0.011519451530612245,0.005112560729656629,0.005741101654057886,0.04461477207065041,0,4491.70556640625,overall|small
2401518,2,6,blue nike sneaker on foot of unseen player,280,0.005580357142857143,0.0024879008928644403,0.0026120017167066295,0.04975834574018206,0,5333.96923828125,overall|small
2401518,3,7,white sneakers on man walking,63,0.0012555803571428572,0.0008543716370896533,0.0008632720031344057,0.07652636936732701,0,5584.75341796875,overall|small
2401518,4,8,this is a cap,50,0.0009964923469387755,0.0007476224834169456,0.0007620189091310359,0.03806612253189087,0,2497.715087890625,overall|small
2401518,5,9,the man is light skinned,130,0.002590880102040816,0.00320753742667659,0.0032759877208362377,0.1330813041100135,0,5281.02392578125,overall|small
2401518,6,1,the t shirt is muddy,1073,0.02138472576530612,0.02096006503436192,0.02266818195521139,0.21762417724836905,0,10301.255859375,overall|text
2401519,0,0,A lot of fluorescent lights.,2772,0.05524553571428571,0.0874188655596232,0.1410136776372335,0.18699740675448684,0,3675.932861328125,overall
2401519,1,1,woman lying down on mattress,27566,0.5493861607142857,0.14470976817993778,0.4244640177671684,0.18003513867853516,0,11692.0361328125,overall
2401519,2,2,the cup board is wooden,1184,0.023596938775510203,0.018596382149436853,0.02027509621596141,0.18340851809527423,0,10710.4638671875,overall
2401519,3,3,Plants in the mall.,1872,0.03730867346938776,0.06969484378257058,0.09450791875210277,0.20976938753046542,0,4155.08349609375,overall
2401519,4,4,white and red shopping bag on the floor,1204,0.023995535714285716,0.009672424317626105,0.010988202052556552,0.07473842963031756,0,8189.244140625,overall
2401520,0,0,the cpu is black,476,0.009486607142857142,0.01638190093046094,0.017202978517257106,0.2555252043139033,0,7070.287109375,overall|small
2401520,1,1,the keyboard is back in color,840,0.016741071428571428,0.042974701135069106,0.04520123447934557,0.46593656994047616,0,8658.76171875,overall|small
2401520,2,3,White telephone on a desk,483,0.009626116071428572,0.01741667379572115,0.017848257166812626,0.4186964647123285,0,11330.5400390625,overall|small
2401520,3,6,the fan is white,644,0.012834821428571428,0.022914833186244994,0.02456539181109663,0.2543118873738354,0,6666.97509765625,overall|small
2401520,4,7,the lamp is white,660,0.013153698979591837,0.0147744934802952,0.016489959016735185,0.12435876094933712,0,4977.37939453125,overall|small
2401520,5,8,the blinds are white,504,0.010044642857142858,0.019473975521806526,0.020625244468644624,0.2586445884099082,0,6320.25830078125,overall|small
2401520,6,2,the wall is white in color,2806,0.05592315051020408,0.02593753778248611,0.03905187071001708,0.07169901602453448,0,5151.80029296875,overall
2401521,0,3,The roof of a house.,943,0.018793845663265307,0.023926016103294187,0.025755987906660484,0.25191548773238664,0,9223.3427734375,overall|small
2401521,1,6,Plant with red flowers,400,0.007971938775510204,0.005523898532159416,0.005784966630609443,0.1090545654296875,0,7540.54931640625,overall|small
2401521,2,0,Plant with small yellow flowers,2744,0.0546875,0.049965071893847385,0.07374323552453599,0.13416668416459776,0,4992.3681640625,overall
2401521,3,1,the horses are brown,1450,0.02889827806122449,0.015748499986230322,0.01868329522947311,0.09112146837957974,0,7071.8857421875,overall
2401521,4,2,green grass,5600,0.11160714285714286,0.02279455662561422,0.07786229896046565,0.031223716735839843,0,2245.667236328125,overall
2401521,5,4,Gray house with a brick chimney,3060,0.06098533163265306,0.06237410477659515,0.07530528194795981,0.2664525649126838,0,10827.193359375,overall
2401521,6,5,bright green medium sized bush,1292,0.02574936224489796,0.016916397206857968,0.019232265110884474,0.12317870054451674,0,8274.994140625,overall
2401522,0,0,this is the road,1800,0.03587372448979592,0.01888003124580985,0.021438106331672206,0.13661009894476997,0,11470.14453125,overall
2401522,1,1,man riding on motorbike,28665,0.5712890625,0.47058290914472545,0.7033177288010868,0.5871330182714112,1,23929.6796875,overall
2401523,0,6,the flag is white and blue in color,180,0.003587372448979592,0.0049615755083982135,0.005041428140153398,0.23852738274468316,0,8516.421875,overall|small|text
2401523,1,9,the flag on the building,627,0.012496014030612245,0.014191460621389707,0.015440054436714229,0.14929162714469946,0,6062.53369140625,overall|small|text
2401523,2,1,part of a building,56,0.0011160714285714285,0.0018812083824486271,0.001895333407261885,0.2015493427004133,0,5955.02783203125,overall|small
2401523,3,3,fence along the balcony.,78,0.0015545280612244898,0.0026539559617473688,0.002676667207884682,0.23826114947979266,0,6943.1005859375,overall|small
2401523,4,8,part of  a wall,99,0.0019730548469387753,0.002931584095802831,0.003010660540441835,0.10040681049077198,0,3301.692138671875,overall|small
2401523,5,0,Large clock tower ,4326,0.08621651785714286,0.0629631158940297,0.08644747072914559,0.18816105899466887,0,9415.9462890625,overall
2401523,6,2,Overlapping power-line cables ,2736,0.0545280612244898,0.03807962957376961,0.04673799270587543,0.17050618177268936,0,9981.2783203125,overall
2401524,0,2,this is a plate,289,0.0057597257653061226,0.0055186711548634694,0.005800451738686434,0.10201295766863444,0,5082.66357421875,overall|small
2401524,1,5,the orange is tasty,441,0.0087890625,0.012070058806271705,0.012439499239492547,0.288971431671627,0,10244.49609375,overall|small
2401524,2,0,Orange vegetable on a plate,6237,0.12430245535714286,0.04449395655859679,0.11065021752031222,0.06926419158881723,0,3904.20166015625,overall
2401524,3,1,Cooked potatoes on a plate,5780,0.11519451530612244,0.06476371037397513,0.11193524614619381,0.13320883780614728,0,6878.50439453125,overall
2401524,4,3,A knife on top of a fork,6764,0.13480548469387754,0.04658286353756281,0.08060715066877618,0.0993909875293373,0,8340.2109375,overall
2401524,5,4,two eggs fried to order,7564,0.15074936224489796,0.12601823762383732,0.16852400740742046,0.33316822747967345,1,14953.8603515625,overall
2401525,0,0,crack in the street,552,0.011001275510204082,0.015743576602929958,0.019582118634945498,0.07434407524440599,0,2095.683837890625,overall|small
2401525,1,6,black street below man,600,0.011957908163265306,0.0077512442634125375,0.008069796090402315,0.1641314697265625,0,12203.3916015625,overall|small
2401525,2,1,yellow line on street,1326,0.026426977040816327,0.0318708777650004,0.03603767649804011,0.21608212846436653,0,7950.7041015625,overall
2401525,3,2,hole in the center of the donut,3220,0.06417410714285714,0.020796198845773325,0.06649877326605809,0.029370439422796973,0,1422.173828125,overall
2401525,4,3,thumb of person,1914,0.03814572704081633,0.023051035303072537,0.03553653734728826,0.06156897071511519,0,3316.1083984375,overall
2401525,5,4,long sleeve of clothing,2349,0.04681521045918367,0.05157054844037834,0.05442920123514801,0.49543657623589826,0,21381.546875,overall
2401525,6,5,white paper around donut,1176,0.0234375,0.007254162542621914,0.011890520287579986,0.018264413690891396,0,1806.392822265625,overall
2401526,0,4,Part of a cats tail. ,175,0.0034877232142857145,0.000663450061460068,0.0006761069244825522,0.03422728674752372,0,8859.212890625,overall|small|part
2401526,1,3,Tiny triangle shaped tip of a cats nose. ,20,0.0003985969387755102,0.0007167435912908018,0.0007227491262686725,0.07940844297409058,0,2197.39990234375,overall|small
2401526,2,6,buttons on front of television,646,0.01287468112244898,0.007062019351613277,0.008173147248162588,0.04938108485549596,0,3903.04736328125,overall|small
2401526,3,7,striped line on cat's foot,520,0.010363520408163265,0.00885645233611278,0.00940192977432478,0.13243480095496543,0,7324.6767578125,overall|small
2401526,4,8,white spots on the ground,504,0.010044642857142858,0.01973378302564666,0.020799838521769424,0.2779920971582806,0,6736.0146484375,overall|small
2401526,5,9,stripes on cat thigh,459,0.00914779974489796,0.008091350974135483,0.00838808931751143,0.18614712052355664,0,10186.0537109375,overall|small
2401526,6,0,black top of television set,7182,0.14313616071428573,0.2306752572951041,0.31015711485894293,0.47372568247876634,1,10969.5947265625,overall
2401527,0,0,The word Scenic on the blue and white sign.,464,0.009247448979591837,0.014174014622886925,0.014639947598451523,0.3081297381170865,0,9765.8955078125,overall|small|text
2401527,1,1,this is a vehicle ,35,0.0006975446428571429,0.0004909600093670746,0.0004933423374331057,0.09228718621390207,0,6547.2822265625,overall|small
2401527,2,3,red double sided arrow,216,0.00430484693877551,0.003540386997623709,0.0036474509644587845,0.10763187761659976,0,6373.8994140625,overall|small
2401527,3,6,part of  a post,60,0.0011957908163265306,0.0012838809345500383,0.001302855460508467,0.08101380666097005,0,3730.90380859375,overall|small
2401527,4,7,part of a board,270,0.005381058673469388,0.006195576400824547,0.006480245159174482,0.12360430117006656,0,5149.984375,overall|small
2401527,5,8,part of the sky,476,0.009486607142857142,0.006664576948447267,0.007192262157899866,0.08327282176298254,0,5511.181640625,overall|small
2401527,6,9,A street light overhang,323,0.00643734056122449,0.008212599746522367,0.008346595007605222,0.3384338709592081,0,13096.8544921875,overall|small
2401528,0,2,the phone is gray,532,0.010602678571428572,0.005543803552866282,0.005903931995091749,0.08331300979270075,0,7507.28857421875,overall|small
2401528,1,1,man in a black t-shirt,6204,0.12364477040816327,0.21238260946490628,0.24282293742420308,0.6288294346389426,0,16066.265625,overall|text
2401528,2,0,person wearing socks with polka dots,21063,0.41978236607142855,0.20518748907649392,0.5027443197452579,0.25743280296758536,1,10785.4169921875,overall
2401529,0,4,wood framed round clock on wall,304,0.006058673469387755,0.005705397467148225,0.006279058078365626,0.05877833617360968,0,2845.74755859375,overall|small
2401529,1,6,decorative mugs sitting on shelf,420,0.008370535714285714,0.013433948889481113,0.014180674207143612,0.20326163882300968,0,6020.1572265625,overall|small
2401529,2,5,a decorative sign above the TV,1426,0.02841996173469388,0.021985545657638005,0.0279792499557147,0.09307817456431342,0,4743.85400390625,overall|text
2401529,3,0,paid of blue denim jeans,8142,0.1622688137755102,0.2847291898733201,0.35226586045047625,0.59760569471951,1,13812.5947265625,overall
2401529,4,1,A television that is on,6300,0.12555803571428573,0.10659921212254102,0.1576929434342772,0.24755572606646825,0,9890.11328125,overall
2401529,5,2,Fireplace tools in rack,1848,0.036830357142857144,0.018744139379697138,0.021689396236638445,0.1212925436176779,0,10334.4794921875,overall
2401529,6,3,wooden shelf attached to wall,1872,0.03730867346938776,0.056635134786910936,0.09327374189232368,0.1260119870177701,0,2529.05517578125,overall
2401531,0,2,The mouth on the blue striped kite.,165,0.003288424744897959,0.005501700519089172,0.005564939070363872,0.3262113860159209,0,9672.1416015625,overall|small
2401531,1,3,clear blue sky.,672,0.013392857142857142,0.01874941249794407,0.021582290477742076,0.12498876026698522,0,3891.72998046875,overall|small
2401531,2,4,The blue hat on the adult walking with the child in the yellow coat.,21,0.0004185267857142857,0.000752881488329073,0.0007542892770383099,0.28744061787923175,0,8002.5703125,overall|small
2401531,3,5,black coat on man.,42,0.0008370535714285714,0.0018385350840904092,0.0018440030569889213,0.3827244894845145,0,8717.1376953125,overall|small
2401531,4,6,trees in the distance.,209,0.004165338010204082,0.0017328009756431557,0.0017909579129655802,0.050658796392559435,0,5911.74609375,overall|small
2401531,5,7,The hood on the adult's coat standing next to the child in the red coat.,888,0.017697704081632654,0.01564893730189725,0.017230615136411116,0.14564797684953018,0,7506.1396484375,overall|small
2401531,6,0,the people are in a field,12369,0.24651227678571427,0.12508060953754557,0.3235639410373376,0.1693690896217358,0,6474.53564453125,overall
2401532,0,3,this is a t shirt,280,0.005580357142857143,0.01382053966626112,0.014194087513438265,0.3443282808576311,0,6792.39990234375,overall|small|text
2401532,1,2,the ground is green in color ,420,0.008370535714285714,0.030404491281413124,0.03475289297379095,0.19549215407598586,0,2362.586181640625,overall|small
2401532,2,0,Man wearing white tennis shoe on foot.,1292,0.02574936224489796,0.03695349153054698,0.03982752145152592,0.33866431174263495,0,10986.2294921875,overall|part
2401532,3,4,A door.,5880,0.1171875,0.06208788580472223,0.12533058803133823,0.109561385589392,0,5140.17333984375,overall|part
2401532,4,1,Batting net behind man and little boy.,23875,0.4758250956632653,0.2149047674186283,0.4840496780715559,0.2787596122382199,0,13749.3857421875,overall
2401533,0,3,White shirt on a woman,884,0.017617984693877552,0.06821845325452101,0.07496309843876127,0.4312401680924774,1,5085.38623046875,overall|small|text
2401533,1,5,kite with a long yellow tail,644,0.012834821428571428,0.01833399013347964,0.019093179533096864,0.31557917150651443,0,10644.271484375,overall|small|part
2401533,2,0,boy holding a string,784,0.015625,0.023863830163547452,0.026808428372737315,0.17848474152234137,0,5219.703125,overall|small
2401533,3,2,Child sitting on grass,375,0.007473692602040816,0.006529440294982167,0.0067303655729133,0.179464111328125,0,9999.314453125,overall|small
2401533,4,6,white clouds in sky,495,0.009865274234693877,0.008135619706568065,0.008871755783620542,0.08929363212200127,0,4982.14208984375,overall|small
2401533,5,1,blue cloudy sky,7062,0.14074457908163265,0.0658660127486305,0.11571367791295199,0.13262043199131354,0,8093.818359375,overall
2401533,6,4,Long green grass on a hill,2322,0.04627710459183673,0.058908595869940766,0.07663102567210507,0.2030083182348864,0,6151.36376953125,overall
2401534,0,0,the shirt is black in color,63,0.0012555803571428572,0.001589672590099194,0.0015959348243989291,0.28832166157071554,0,11381.5830078125,overall|small|text
2401534,1,5,the black shirt button,162,0.0032286352040816328,0.0035243078454100137,0.0035825695696900762,0.17811354884394892,0,8054.10595703125,overall|small|text
2401534,2,2,He has red dots on his neck,294,0.005859375,0.006923896167539595,0.007260069585128254,0.1300791526327328,0,5267.61767578125,overall|small
2401534,3,4,smiling red lips,517,0.01030373086734694,0.010464553459292678,0.012645555587801054,0.057203237507744496,0,2338.693115234375,overall|small
2401534,4,7,light on storefront,351,0.006995376275510204,0.002103544181311913,0.002155483676711499,0.08028797682194289,0,13074.1328125,overall|small
2401534,5,3,The man has white hair,7125,0.1420001594387755,0.06635914430196078,0.2103727474594911,0.08837009148848685,0,2992.95849609375,overall|part
2401534,6,6,the man's left arm,5187,0.10337611607142858,0.10302060734315327,0.16195175259800507,0.22064742027092973,0,7066.908203125,overall|part
2401535,0,5,part of  a leaf,297,0.005919164540816327,0.007247589008080074,0.007437972537545878,0.22066875419231377,0,8811.35546875,overall|small|part
2401535,1,6,part of a leaf,280,0.005580357142857143,0.003470643274392367,0.0035685453711131365,0.11229900632585799,0,8811.35546875,overall|small|part
2401535,2,1,There is a white band on the tree,441,0.0087890625,0.013290892493241944,0.015095033115900852,0.10007469886554882,0,2923.673095703125,overall|small
2401535,3,3,the fruits are green in color,945,0.018833705357142856,0.010808657956911862,0.012031671716606893,0.0961126822012442,0,7548.94970703125,overall|small
2401535,4,4,it is brown in color,296,0.005899234693877551,0.008004156611718903,0.008139882143851324,0.32433991818814667,0,11794.349609375,overall|small
2401535,5,7,part of a fruit,140,0.0027901785714285715,0.0037182479635043415,0.0037750405146073493,0.19817474910191127,0,7349.4482421875,overall|small
2401535,6,0,these are some leaves,2625,0.05231584821428571,0.0316993937030238,0.0581880789351965,0.06510122535342262,0,2936.8681640625,overall|part
2401536,0,1,Face on a kite,891,0.01775749362244898,0.012570019913602432,0.014668643917232922,0.08076408548922384,0,4905.7568359375,overall|small|part
2401536,1,2,the kite is on air,255,0.005082110969387755,0.005029667840294371,0.005169601603725568,0.15669603534773285,0,7729.31689453125,overall|small
2401536,2,6,the car is parked,36,0.0007174744897959184,0.0007867235485399306,0.0007935986062410195,0.08325235048929851,0,3776.574951171875,overall|small
2401536,3,8,the car is red,312,0.006218112244897959,0.007878188329403136,0.008333441015048071,0.12603527460342798,0,4718.69970703125,overall|small
2401536,4,9,the sky is blue in color,897,0.017877072704081634,0.02143387666308962,0.02344774095293118,0.19971703366691054,0,7640.23193359375,overall|small
2401536,5,0,this is a man,2520,0.05022321428571429,0.13721667315954167,0.16764483968822302,0.4305236332000248,0,6471.53564453125,overall
2401536,6,3,Blue and purple kite,1840,0.03667091836734694,0.02497458549975501,0.02736818862136931,0.2221268197764521,0,14933.8837890625,overall
2401537,0,1,corner of a toilet,96,0.001913265306122449,0.0017066861483858028,0.001739948169907064,0.08196017146110535,0,4522.0751953125,overall|small
2401537,1,2,outer part of a toilet,72,0.0014349489795918368,0.0010695436685149062,0.0010765390178325968,0.14133302370707193,0,9452.4931640625,overall|small
2401537,2,4,edge of the toilet wall,143,0.002849968112244898,0.00201285365235767,0.002065754412436564,0.07287324225152289,0,5044.5849609375,overall|small
2401537,3,5,the hinge of the lid of a toilet,72,0.0014349489795918368,0.0013088549092263194,0.001329767309261047,0.07683230770958795,0,4160.07080078125,overall|small
2401537,4,6,black tile in the toilet,20,0.0003985969387755102,0.0002672856068859838,0.0002680848123849381,0.0822809100151062,0,6138.423828125,overall|small
2401537,5,7,part of the toilet cover,117,0.002331792091836735,0.0027340252434197303,0.002760141908283618,0.224172119401459,0,9502.4599609375,overall|small
2401537,6,8,the toilet seat cover,96,0.001913265306122449,0.0029335137387811435,0.002949660098197246,0.34891684850056964,0,11355.890625,overall|small
2401538,0,0,logo on woman's jacket,171,0.0034080038265306123,0.005087624465901213,0.005121418717608552,0.4353518569678591,0,14536.0439453125,overall|small|text
2401538,1,8,a silver pen inside the pocket of a man's shirt,99,0.0019730548469387753,0.003083557049532345,0.0031323868346405247,0.16514125014796402,0,5219.33740234375,overall|small|text
2401538,2,5,a train window secured by many screws,520,0.010363520408163265,0.010114875396882177,0.011189332000341343,0.09529751997727615,0,4428.74609375,overall|small|part
2401538,3,7,sunglasses on mans face,406,0.008091517857142858,0.0021143197589852496,0.002390964221861718,0.017945572660474356,0,3047.265380859375,overall|small|part
2401538,4,6,zipper pull on a sweater ,72,0.0014349489795918368,0.0007036087053304286,0.0007140812967219367,0.04577974147266812,0,4615.9189453125,overall|small
2401538,5,9,phone numbers on woman's shopping bag,804,0.01602359693877551,0.022816124373991553,0.024390513276784757,0.2611575719728992,0,8608.703125,overall|small
2401538,6,2,woman with brown hair,2832,0.05644132653061224,0.037794558858984244,0.04702888954607148,0.1614124384303551,0,9719.9833984375,overall|part
2401539,0,6,There is a package in the window,475,0.009466677295918368,0.007270390104036965,0.0078773038837518,0.08622760973478619,0,5199.50927734375,overall|small|part
2401539,1,7,reflection on window pane,315,0.006277901785714286,0.0032582669187262102,0.00359039842759158,0.03402401454864987,0,2985.062744140625,overall|small|part
2401539,2,2,two gold hands on clock,986,0.019650829081632654,0.028168396850512787,0.03370642825020584,0.14635188971281535,0,4281.17041015625,overall|small
2401539,3,3,gold ball on clock,399,0.007952008928571428,0.008389488939317164,0.008774666898534135,0.16045358605253368,0,7296.115234375,overall|small
2401539,4,1,white curtain on window,1980,0.03946109693877551,0.03837834811990842,0.046747881629894655,0.176522041089607,0,7476.56640625,overall|part
2401539,5,4,white wood window frame,1232,0.024553571428571428,0.014538080854270063,0.01601151880998709,0.13642875869552812,0,10497.45703125,overall|part
2401539,6,0,Name of building in gold lettering,1472,0.029336734693877552,0.028184686222374956,0.03065567090501756,0.2590762013974397,0,12440.1181640625,overall
2401540,0,3,a blue street sign,513,0.010224011479591837,0.013637345052164056,0.01403582337031167,0.3244867157517818,0,11859.7734375,overall|small|text
2401540,1,4,a metal sign post,504,0.010044642857142858,0.012630251845396206,0.013118446754274248,0.2533924011957078,0,9735.12890625,overall|small|text
2401540,2,7,part of a stop sign,170,0.0033880739795918366,0.0022667309110497524,0.0023174841008046696,0.09379503025728113,0,6880.373046875,overall|small|text
2401540,3,9,skylight window on roof,342,0.006816007653061225,0.007126756670083819,0.0076499503888054765,0.09437095909787897,0,4218.96435546875,overall|small|part
2401540,4,0,corner of a vehicle,48,0.0009566326530612245,0.0005612802065487609,0.0005666120086677487,0.056289851665496826,0,4768.54150390625,overall|small
2401540,5,1,part of a shade,192,0.003826530612244898,0.006079891233143463,0.006224013132432063,0.20796138048171997,0,6415.24755859375,overall|small
2401540,6,5,purple flowers on top of fence,672,0.013392857142857142,0.014820269623685175,0.01616208134611192,0.15147070657639278,0,6297.970703125,overall|small
2401541,0,2,blue eyes behind glasses,897,0.017877072704081634,0.016873350685628733,0.017766723420992097,0.2512529217944363,0,12685.16796875,overall|small|part
2401541,1,1,a man's right ear,490,0.009765625,0.007317212243259277,0.008173695283298869,0.06527251418755979,0,3912.983154296875,overall|small
2401541,2,3,reflection on man's nose,108,0.002152423469387755,0.002496355616581843,0.0025287314254502915,0.163165428020336,0,6968.65869140625,overall|small
2401541,3,5,the man is light skinned,72,0.0014349489795918368,0.0015059694141084654,0.0015154008383357444,0.19482933150397408,0,9256.7666015625,overall|small
2401541,4,6,A crooked smile,406,0.008091517857142858,0.006530742306222347,0.0068279123248690095,0.13047506774000348,0,7758.283203125,overall|small
2401541,5,7,a man's left ear,210,0.004185267857142857,0.003316274562515023,0.0034375208965053,0.0859411875406901,0,5250.193359375,overall|small
2401541,6,4,the hair is coiled,2028,0.04041772959183673,0.022893880696695547,0.03283042068678303,0.07032230384721323,0,4343.94775390625,overall|part
2401542,0,7,the number 311 on a person's chest,54,0.0010762117346938774,0.001742031590395479,0.001777239028255275,0.08082841060779712,0,2455.9072265625,overall|small|text
2401542,1,1,group of people on the mountainside,240,0.0047831632653061226,0.010178162770130861,0.01042220277144783,0.30297959645589195,0,6976.94189453125,overall|small
2401542,2,2,a red ski,168,0.0033482142857142855,0.0015677324285264993,0.0015914351570786181,0.09523534774780273,0,10053.5283203125,overall|small
2401542,3,5,Dead plants sticking out of the snow,403,0.008031728316326531,0.008289974190319632,0.009373130110404157,0.06693578772154399,0,2877.92041015625,overall|small
2401542,4,6,a group of evergreen trees in front of a mountain ,525,0.010463169642857142,0.018248791463672066,0.019046497563815518,0.3034847877139137,0,8365.2919921875,overall|small
2401542,5,0,Patch of snow with ski prints in it,8410,0.16761001275510204,0.14678424144049917,0.2376668710269632,0.2773809371748662,0,9815.30859375,overall
2401542,6,3,a yellow snowmobile,1380,0.027503188775510203,0.02360157552333043,0.02636118053409324,0.18397623697916668,0,9631.1015625,overall
2401543,0,1,the cow's feet are tied,858,0.01709980867346939,0.009959663766003964,0.011812159444696234,0.059714075012918394,0,4337.4521484375,overall|small
2401543,1,4,the grass is green in color,572,0.011399872448979591,0.025723963762423405,0.026135602657695742,0.6202418720805561,0,13574.5234375,overall|small
2401543,2,5,a license plate on a motorcycle,350,0.006975446428571429,0.015961023396140958,0.017216893277383384,0.17952883039202008,0,3649.618408203125,overall|small
2401543,3,0,these are two people,12489,0.24890385841836735,0.28735507617713,0.44604869883191467,0.44680607997537836,1,12510.2060546875,overall
2401543,4,2,this is the road,1768,0.035235969387755105,0.03780732161105859,0.05191327643020493,0.12214474224936368,0,4159.85888671875,overall
2401543,5,3,the cow is brown in color,3069,0.06116470025510204,0.0267221471145472,0.03520819841854896,0.09980371698334148,0,8699.6103515625,overall
2401544,0,0,scissor blades over woman's left eye,39565,0.7885243941326531,0.32873551092955283,0.8209627446656254,0.3541230609440162,1,17066.400390625,overall|part
2401545,0,4,Goggles on a woman,784,0.015625,0.018423937808917077,0.022367913873562597,0.09460454084435288,0,3315.90869140625,overall|small|part
2401545,1,8,ticket window for people to buy ski tickets,256,0.00510204081632653,0.017176164322269892,0.018208380093399656,0.23253387212753296,0,3269.30078125,overall|small|part
2401545,2,2,small child at ski slope,312,0.006218112244897959,0.008404496566577808,0.008573654845622232,0.29872559278439254,0,10870.7880859375,overall|small
2401545,3,5,light on side of building,108,0.002152423469387755,0.007346616159825036,0.007531313308867137,0.2305145263671875,0,3305.60791015625,overall|small
2401545,4,6,child in red jacket,780,0.015545280612244899,0.01655398755683355,0.01708882721674315,0.3459442138671875,0,15790.228515625,overall|small
2401545,5,9,"woman in fuschia colored jacket, black pants and white shoes with her back to the camera",728,0.014508928571428572,0.004673647668169545,0.005087429469644631,0.05433980711213835,0,7775.9072265625,overall|small
2401545,6,0,A shaped cabin with a wreath hanging in front,1368,0.0272640306122449,0.04996718408296346,0.05872116456761515,0.2510355229963336,0,5848.25927734375,overall
2401546,0,0,Red and white stop sign,266,0.005301339285714286,0.010783299896126806,0.010961331379303529,0.3990109092310855,0,9682.84765625,overall|small|text
2401546,1,5,a red and white pole,540,0.010762117346938776,0.009317995305558166,0.010177116769227322,0.09940788127757885,0,5274.603515625,overall|small
2401546,2,6,the grass are dry,414,0.00825095663265306,0.0050916736754799295,0.0057069058542480785,0.045100354917959315,0,3271.74609375,overall|small
2401546,3,7,Orange and white post in ground,180,0.003587372448979592,0.0031940971902334582,0.003257566211190443,0.14084769354926216,0,7782.6767578125,overall|small
2401546,4,1,White teddy bear laying on ground,3869,0.07710857780612244,0.07150142583287691,0.09206136830497466,0.24251739588718016,0,10192.1123046875,overall
2401546,5,2,the dusty mountains and hills,3990,0.07952008928571429,0.10547609073982026,0.16637088258732294,0.22370591701421522,1,5365.041015625,overall
2401546,6,3,rocks and gravel mixed,8820,0.17578125,0.07345320982707434,0.1385476651320202,0.13520134127869898,0,8606.9716796875,overall
2401547,0,1,face of a bear,650,0.012954400510204082,0.014255508580465039,0.015831545105380342,0.12526159433218148,0,5142.89892578125,overall|small|part
2401547,1,2,black bear eyes,200,0.003985969387755102,0.00381317121529091,0.004082002327749496,0.05473124504089356,0,2681.588134765625,overall|small|part
2401547,2,3,tree leaves and brown stem,742,0.014787946428571428,0.021340268241148035,0.023765766158051167,0.172937480587201,0,5399.3466796875,overall|small|part
2401547,3,8,The eyes of the bear in the middle.,147,0.0029296875,0.0035897758580861394,0.003627618014627117,0.25602016319223003,0,10374.56640625,overall|small|part
2401547,4,0,this is the ear,165,0.003288424744897959,0.002159299667406254,0.002240512320490243,0.05622201399369673,0,4140.40673828125,overall|small
2401547,5,5,The nose of the bear in the middle.,55,0.001096141581632653,0.0010971159916212394,0.0011006818469717356,0.2529785503040661,0,12641.091796875,overall|small
2401547,6,7,The nose of the bear on the left side.,180,0.003587372448979592,0.003612960313030315,0.003666101750377771,0.1995194329155816,0,9796.099609375,overall|small
2401548,0,2,hand of person operating vehicle,798,0.015904017857142856,0.009467092744388896,0.011004099011117686,0.06347666288677015,0,4603.22802734375,overall|small|part
2401548,1,5,handle of door,336,0.006696428571428571,0.003290624869139571,0.0035476134410735577,0.04345179455620902,0,4115.38720703125,overall|small|part
2401548,2,0,light on red vehicle,520,0.010363520408163265,0.009384418576565096,0.009694329674995518,0.22693603222186748,0,12172.7587890625,overall|small
2401548,3,3,light on top of vehicle,504,0.010044642857142858,0.008943826937751921,0.009641462163973267,0.11000793699234251,0,5750.580078125,overall|small
2401548,4,8,orange reflector on side of tractor,252,0.005022321428571429,0.006680932078449574,0.006834896940489256,0.2287424783858042,0,8433.646484375,overall|small
2401548,5,1,A lot of sheep.,19240,0.38345025510204084,0.19950134707206807,0.43199275303273793,0.27044248838682433,1,12044.9091796875,overall
2401548,6,4,grey skies are overehead,3655,0.07284359056122448,0.19506290715081065,0.3584736177150321,0.2996752361918605,1,3055.4912109375,overall
2401549,0,4,Rubber bands on the man's arm. ,360,0.007174744897959184,0.0049925801989418,0.005286784975886208,0.0823291990492079,0,5606.150390625,overall|small|part
2401549,1,8,part of some leaves,56,0.0011160714285714285,0.0014359049117608038,0.0014442480299270745,0.19908021177564347,0,7719.236328125,overall|small|part
2401549,2,0,part of a pocket,204,0.004065688775510204,0.009605206453138806,0.01043525375014648,0.10774472180534811,0,2106.314208984375,overall|small
2401549,3,1,Crack in the wall. ,700,0.013950892857142858,0.010036054434401299,0.010543292578689608,0.17260068620954241,0,11459.4638671875,overall|small
2401549,4,5,part of a belt,231,0.004603794642857143,0.001771413868216743,0.0018135303640688448,0.07087101461567404,0,9027.2568359375,overall|small
2401549,5,6,part of a wall,360,0.007174744897959184,0.009198853262040459,0.009392717791431325,0.3082856920030382,0,11815.83984375,overall|small
2401549,6,9,part of a surface,225,0.00448421556122449,0.0030720299809198887,0.003344834277321429,0.036298717922634546,0,2441.73876953125,overall|small
2401550,0,2,yellow sign with red lettering,240,0.0047831632653061226,0.006546591843474694,0.006811257939657021,0.1441861629486084,0,5080.51220703125,overall|small|text
2401550,1,3,motorcyclist wearing white helmet,168,0.0033482142857142855,0.0056210604124354545,0.005684657755266714,0.33441570826939176,0,9883.064453125,overall|small|part
2401550,2,4,teal car parked on a sidewalk,680,0.013552295918367346,0.003819037158842,0.004027145348449741,0.0688171947703642,0,11620.0654296875,overall|small
2401550,3,6,A brick sidewalk,986,0.019650829081632654,0.005928768767017133,0.0076606680553605025,0.025554424850742424,0,3289.0947265625,overall|small
2401550,4,7,bridge with advertisement,612,0.012197066326530613,0.018133329867959624,0.018753237230775807,0.3542402928171594,0,11560.4072265625,overall|small
2401550,5,8,small white line on street,777,0.015485491071428572,0.029301089887282784,0.03250890328992322,0.2289576782069458,0,5472.3505859375,overall|small
2401550,6,9,an air conditioner unit,615,0.01225685586734694,0.0028606993565132056,0.0033889427910458,0.01802204566273263,0,3270.506103515625,overall|small
2401551,0,2,the sky is clear,650,0.012954400510204082,0.0057140960438579495,0.006837597813923106,0.033607101440429686,0,3194.779296875,overall|small
2401551,1,5,the water is blue,396,0.007892219387755101,0.0076898959245370315,0.008088264426599323,0.13504656396730982,0,6611.85595703125,overall|small
2401551,2,7,the back pair of wheels on a skateboard,56,0.0011160714285714285,0.0009003822995975007,0.0009079385132880202,0.09762604747499738,0,6021.3974609375,overall|small
2401551,3,8,horizon on blue water,615,0.01225685586734694,0.012482419758838497,0.01417270606829947,0.09474616942366934,0,4111.345703125,overall|small
2401551,4,0,the dark grey ground,3874,0.07720822704081633,0.0666073554308092,0.09090938596657516,0.19946572653830022,0,8500.0048828125,overall
2401551,5,1,airborne skateboarder over board,3068,0.06114477040816327,0.07244411610731714,0.08298601600120564,0.36317143446463496,1,13426.478515625,overall
2401551,6,3,a concrete railing down a flight of stairs,2948,0.0587531887755102,0.07022378303362058,0.08889308122221294,0.2505813246666172,0,8310.1376953125,overall
2401552,0,1,power outlet near eating table,264,0.0052614795918367345,0.0012704247405514318,0.0013274207890139314,0.028737528757615524,0,5715.375,overall|small
2401552,1,2,glass container on table,768,0.015306122448979591,0.013560591250058852,0.01608650128306435,0.07949646313985188,0,3795.3115234375,overall|small
2401552,2,3,Napkin on the table,850,0.016940369897959183,0.035398074201195964,0.038440895917220747,0.309007963292739,0,6832.7431640625,overall|small
2401552,3,6,empty glass on table,294,0.005859375,0.008054217135937587,0.008269640017483924,0.23616588358976404,0,8396.10546875,overall|small
2401552,4,7,meat on top of pizza,414,0.00825095663265306,0.010676549746371021,0.011100739071053568,0.21838231478336353,0,8144.52783203125,overall|small
2401552,5,0,white stripes on shirt,2964,0.059072066326530615,0.07694278144082094,0.10543880183492366,0.22160683244507,1,6229.6103515625,overall|text
2401552,6,4,yellow wall paper with pink pattern,3212,0.06401466836734694,0.15394958096636985,0.17214754522096126,0.5928867667876323,0,11062.326171875,overall
2401553,0,1,the tree is brown,936,0.01865433673469388,0.020842390595438947,0.022908056363498065,0.18774490682487813,0,7671.06689453125,overall|small
2401553,1,0,There is a baby elephant,17940,0.3575414540816326,0.1752021636005111,0.4017933342197689,0.2370313969742893,1,10583.4091796875,overall
2401553,2,2,a wooden fence,2430,0.04842952806122449,0.08682992717159387,0.09429769120424705,0.522998046875,0,13477.3740234375,overall
2401553,3,3,green grass and brown dirt,3550,0.07075095663265306,0.043063708272737616,0.05980392357970962,0.13333158251265406,0,7914.64990234375,overall
2401554,0,7,edge of a window,30,0.0005978954081632653,4.9556337017511904e-05,5.022192647670458e-05,0.003725334008534749,0,2225.3232421875,overall|small|part
2401554,1,0,neck of a flower vase,130,0.002590880102040816,0.0020695484167687593,0.0020892523533491657,0.17995067009559043,0,11197.109375,overall|small
2401554,2,1,part of a building,36,0.0007174744897959184,0.0015220279521635694,0.0015286024319085515,0.26138199700249565,0,6155.78759765625,overall|small
2401554,3,2,cement court ,736,0.014668367346938776,0.008696618339078225,0.009370434059566224,0.10789137301237686,0,8474.3193359375,overall|small
2401554,4,4,top of a building,15,0.00029894770408163266,0.000724344766263221,0.0007254465101866206,0.3229276021321615,0,6677.1484375,overall|small
2401554,5,5,lights reflected on vase,352,0.00701530612244898,0.006758681835511518,0.007117063667691378,0.11833674257451837,0,5852.76953125,overall|small
2401554,6,6,bottom of a vase,104,0.002072704081632653,0.0023891644642739848,0.002409308268796952,0.22224807739257812,0,9593.5419921875,overall|small
2401555,0,0,white pourcelain sink,22272,0.44387755102040816,0.1512393072862553,0.49432884480578154,0.17891991275480423,0,8061.24169921875,overall
2401555,1,1,tile on bathroom wall,13800,0.27503188775510207,0.17630021034625248,0.3944904663843175,0.241707763671875,0,8455.380859375,overall
2401556,0,2,dirt on toilet base,150,0.0029894770408163264,0.001341559730036123,0.001357518434210305,0.10242984771728515,0,11318.0615234375,overall|small
2401556,1,3,the lid is closed,518,0.010323660714285714,0.011774318727540018,0.01342010357904508,0.08759995685120807,0,3381.25390625,overall|small
2401556,2,5,the toilet sink is broken,990,0.019730548469387755,0.02729827947439625,0.028436532367449346,0.4054634479561237,0,14115.955078125,overall|small
2401556,3,8,this is a container,825,0.016442123724489797,0.015858248334350303,0.01783813813023835,0.1250155547170928,0,5781.8720703125,overall|small
2401556,4,0,the trees are green,17301,0.3448062818877551,0.04959528065943176,0.36952888477044327,0.05417980857546168,1,2536.6484375,overall
2401556,5,1,the grass are green in color,1044,0.020806760204081634,0.008984632231075573,0.010071042121221514,0.0768842149054867,0,7970.0908203125,overall
2401556,6,4,a lid for a toilet,1908,0.03802614795918367,0.03063252074732384,0.040902732097403305,0.10873347508332515,0,5072.11767578125,overall
2401557,0,3,The man has long hair.,630,0.012555803571428572,0.015763958931259477,0.0167083467881913,0.21807798355344743,0,8222.7841796875,overall|small|part
2401557,1,5,a hand hanging down,117,0.002331792091836735,0.0016907434338904834,0.001728081871369292,0.07257153437687801,0,4913.46484375,overall|small|part
2401557,2,0,bare feet with no shoes,546,0.010881696428571428,0.0036194137137852004,0.0045839831172963435,0.016909901475731706,0,2014.1448974609375,overall|small
2401557,3,6,a foot in the water,231,0.004603794642857143,0.0029214835384616176,0.003078011889805615,0.05432770881817971,0,4077.2099609375,overall|small
2401557,4,1,open ocean with waves,18063,0.35999282525510207,0.18417344449896408,0.42888020587615144,0.24402081862785804,1,10277.3408203125,overall
2401557,5,2,a human rear end.,1312,0.02614795918367347,0.027415544420169437,0.029673860387918555,0.26483305489144676,0,11709.328125,overall
2401557,6,4,There is white on top of the waves.,2597,0.0517578125,0.03854693010002696,0.0478720428582528,0.16519684437196164,0,8961.7275390625,overall
2401558,0,3,The bottle cap is orange,120,0.0023915816326530613,0.0016662155938441741,0.0017166462643533997,0.0536733071009318,0,3751.965087890625,overall|small
2401558,1,5,part of a sheet,192,0.003826530612244898,0.0025612532615360037,0.002671334883673817,0.05851655205090841,0,4205.8291015625,overall|small
2401558,2,0,orange drink lable on bottle,3105,0.06188217474489796,0.015539356109047378,0.02906918954727773,0.0323080409936091,0,3450.955078125,overall
2401558,3,1,The box is white,10692,0.21308992346938777,0.1236609998681748,0.22853759699675974,0.2122702264981996,0,9930.9404296875,overall
2401558,4,2,sheets are beige and white,3496,0.06967474489795919,0.0731288608457698,0.09154237400866942,0.2666247998549682,1,10182.3916015625,overall
2401558,5,4,The sheets are white,1980,0.03946109693877551,0.02147389697536012,0.025021903887033885,0.13152388755721275,0,10407.5732421875,overall
2401558,6,6,grease spot on box,1512,0.030133928571428572,0.03294849552888855,0.03774605702431842,0.2058644168591373,0,8246.3447265625,overall
2401559,0,0,number 14 on back of skier,238,0.004743303571428571,0.004748921386994686,0.004810597392598162,0.2702891245609572,0,13372.3125,overall|small|text
2401559,1,1,white words on red flag,989,0.01971061862244898,0.012376177278615277,0.014920265054184407,0.06767064664433771,0,4485.59521484375,overall|small|text
2401559,2,2,the left shoe of a skier.,286,0.005699936224489796,0.004088011281116277,0.004233507826504661,0.10630399530584161,0,7181.50146484375,overall|small|part
2401559,3,7,the right shoe of a skier.,240,0.0047831632653061226,0.004085845284397255,0.004193849213346928,0.1369307041168213,0,7836.08740234375,overall|small|part
2401559,4,3,red net of fence,713,0.01420998086734694,0.018368194491822594,0.019205517250926635,0.29642267213797335,0,11004.6171875,overall|small
2401559,5,6,"red, white, and black glove",429,0.008549904336734694,0.006021072824425215,0.006833174353338656,0.04821951628287077,0,3027.315185546875,overall|small
2401559,6,8,small holes in the snow,658,0.013113839285714286,0.01800253083880738,0.021244193708664674,0.10552908946677907,0,3268.5703125,overall|small
2401560,0,2,blue ski stick of the man climbing up the hill left hand,150,0.0029894770408163264,0.0017107585350092205,0.0017320271018242308,0.12228141784667969,0,10590.0263671875,overall|small|part
2401560,1,4,a pile of snow on a branch,324,0.0064572704081632655,0.009300965880962967,0.009578158112638789,0.24321972882306134,0,8227.384765625,overall|small|part
2401560,2,0,orange backpack,198,0.003946109693877551,0.002247000218411503,0.0023021971307683364,0.08568894742715238,0,7369.66064453125,overall|small
2401560,3,1,man facing the camera looking down and to his left,2380,0.04743303571428571,0.039233864279404264,0.050304020145917394,0.151307485884979,0,7158.70849609375,overall
2401560,4,3,This person is keeping on.,7344,0.14636479591836735,0.05592152037744927,0.0980186139461593,0.11520658339290578,0,8631.80078125,overall
2401561,0,6,brown edge of large door,660,0.013153698979591837,0.010091050733775718,0.010785836575167101,0.13543661868933476,0,8287.55078125,overall|small|part
2401561,1,2,Shadow of man on floor.,400,0.007971938775510204,0.012278259544148334,0.014138710869079217,0.08534635543823242,0,2414.544189453125,overall|small
2401561,2,4,tow tone pink paint on wall,464,0.009247448979591837,0.014244672693134345,0.014821463101050963,0.26795564848801184,0,8388.6064453125,overall|small
2401561,3,5,ground with white snow scattered,644,0.012834821428571428,0.015785046396259023,0.01637822886007009,0.3035423089258419,0,11935.4326171875,overall|small
2401561,4,7,indent in pink paint,297,0.005919164540816327,0.00478662529250105,0.004926081798073693,0.14462655321114795,0,8719.7265625,overall|small
2401561,5,8,Plug plugged in to outlet.,630,0.012555803571428572,0.02043834711937813,0.022743066167461603,0.16783619229755706,0,4649.1884765625,overall|small
2401561,6,9,tags are hanging off the suitcase,187,0.0037268813775510204,0.003588862519689297,0.0036917046431830225,0.11412602184928038,0,5780.95166015625,overall|small
2401563,0,3,metal faucet above white sink,950,0.018933354591836735,0.02822670147089765,0.029485158431532474,0.39807649311266446,0,12825.865234375,overall|small
2401563,1,4,white plastic outlet in metal wall,560,0.011160714285714286,0.009534536917953597,0.010917446741769006,0.07000175884791783,0,3590.67333984375,overall|small
2401563,2,6,part of a surface,943,0.018793845663265307,0.005162427710916618,0.006292001738419956,0.027952184100671892,0,4189.2724609375,overall|small
2401563,3,7,edge of a sink,493,0.009825414540816327,0.008547841602274451,0.008928916152947062,0.16686352464780363,0,9213.1806640625,overall|small
2401563,4,1,white door jamb,4840,0.09646045918367346,0.09663381196886617,0.14203363368939081,0.23213927213810692,1,7910.47900390625,overall|part
2401563,5,0,kitchen drawers for storage,3024,0.060267857142857144,0.0528103874651637,0.07034968365155121,0.17479572598896329,0,7513.64111328125,overall
2401563,6,2,White microwave sitting on a shelf,7138,0.14225924744897958,0.09601680071062127,0.21437195838082546,0.1481469459779525,0,4932.88818359375,overall
2401564,0,2,a name tag on a woman's shirt.,377,0.007513552295918368,0.01145943760761687,0.012250228878312619,0.15075703830870774,0,4639.5380859375,overall|small|text
2401564,1,6,number 1 on fence in the background,243,0.004842952806122449,0.006818531330307079,0.00697419581068291,0.23400345162599664,0,8153.318359375,overall|small|text
2401564,2,3,white grip on handle,561,0.01118064413265306,0.006496007930658904,0.00784691750842573,0.036360830759194655,0,2599.54638671875,overall|small|part
2401564,3,1,a section of a tennis court.,600,0.011957908163265306,0.009791635629761673,0.010226029261372092,0.1873249944051107,0,10991.0693359375,overall|small
2401564,4,4,strip on player's skirt,615,0.01225685586734694,0.019959963975560335,0.02084351707596524,0.320128799066311,0,9445.5849609375,overall|small
2401564,5,5,edge of a racket,208,0.004145408163265306,0.0022131003537831403,0.0022841780475280236,0.06639864353033212,0,6046.34033203125,overall|small
2401564,6,7,part of a vest,322,0.006417410714285714,0.010206646619512358,0.010495463093499543,0.27055486833086667,0,8300.6025390625,overall|small
2401565,0,2,black eye in rat,204,0.004065688775510204,0.0015458177801738165,0.001583374182458724,0.06118406501470828,0,7882.88037109375,overall|small|part
2401565,1,8,he eye of a puppy,90,0.001793686224489796,0.0021628149670995024,0.0021803589130084946,0.21185018751356338,0,8744.6689453125,overall|small|part
2401565,2,0,nose of a mouse,156,0.0031090561224489796,0.002597095581527587,0.0026824483299559498,0.07546171775230995,0,4388.53857421875,overall|small
2401565,3,3,he ear of a cat,714,0.014229910714285714,0.023124124228898185,0.024480650155810958,0.29443870138387385,0,8587.5673828125,overall|small
2401565,4,4,part of  a button,160,0.0031887755102040817,0.006814178478073506,0.007005584959759279,0.19961758852005004,0,4559.05029296875,overall|small
2401565,5,5,small white square line,128,0.002551020408163265,0.002400322018175165,0.0024977071744250066,0.0579925999045372,0,2971.94677734375,overall|small
2401565,6,6,gray buttons on the remote,384,0.007653061224489796,0.004667266844418896,0.004782372986731732,0.16241823633511862,0,13041.3505859375,overall|small
2401566,0,7,gold metal sign plate on fire hydrant,500,0.009964923469387755,0.009498682621485935,0.010149972549222489,0.12894369506835937,0,6351.92333984375,overall|small|text
2401566,1,0,part of a stocking,496,0.009885204081632654,0.007833529657853054,0.008798112889892141,0.06668606112080236,0,3759.47509765625,overall|small
2401566,2,2,grey uggs on person,680,0.013552295918367346,0.008085297779628098,0.009344465502945359,0.05660569808062385,0,4119.21630859375,overall|small
2401566,3,4,metal grate in curb of sidewalk,561,0.01118064413265306,0.021988014151257118,0.023371896085371182,0.2707904128892324,0,6499.8330078125,overall|small
2401566,4,5,part of a line,330,0.006576849489795918,0.01182752573130591,0.012986632092044115,0.11700998942057292,0,2973.31103515625,overall|small
2401566,5,8,top of a tank,624,0.012436224489795918,0.0039138470017221726,0.004159062079532175,0.06224997227008526,0,9339.6015625,overall|small
2401566,6,1,a woman in a black jacket,3276,0.06529017857142858,0.1291605276948198,0.13625859162745818,0.7125975221067995,0,17132.640625,overall
2401567,0,6,leaves of a tree,432,0.00860969387755102,0.003765554652017046,0.004283202993725858,0.030216055887716788,0,3047.564208984375,overall|small|part
2401567,1,7,Head of a giraffe on the back right. ,198,0.003946109693877551,0.0054517657167644454,0.005640607080040837,0.14003779671408914,0,4915.69140625,overall|small|part
2401567,2,8,branches of a tree,180,0.003587372448979592,0.0038993682894446057,0.0040073014163542085,0.12646537356906468,0,5680.57275390625,overall|small|part
2401567,3,9,Two front legs of a giraffe on the left. ,338,0.0067362882653061226,0.0028357721881675907,0.002880462737707376,0.1545309935801128,0,18133.015625,overall|small|part
2401567,4,1,The giraffe has two horns.,70,0.0013950892857142857,0.0014829683941432492,0.0014983988370667958,0.12587879725864956,0,5880.62109375,overall|small
2401567,5,2,part of a small twig,36,0.0007174744897959184,0.0007544452694888616,0.0007581535453475181,0.13363328244951037,0,6345.4140625,overall|small
2401567,6,4,section of a forest,592,0.011798469387755101,0.0076273619417979634,0.008295550047261036,0.08650241027007231,0,6173.1201171875,overall|small
2401568,0,0,part of some stands,918,0.01829559948979592,0.032032273174044515,0.03405715002951137,0.3501271765216503,0,9437.5703125,overall|small
2401568,1,3,part of a  metal,176,0.00350765306122449,0.002635586611409792,0.0026904890779278416,0.11438326402143999,0,7482.45166015625,overall|small
2401568,2,4,part of  a mesh,540,0.010762117346938776,0.013663381869617658,0.015060926598756626,0.12834753813566985,0,4601.81982421875,overall|small
2401568,3,5,toilet paper on roll,276,0.005500637755102041,0.004626654796816016,0.004772573182041764,0.13143525607344034,0,7600.95849609375,overall|small
2401568,4,6,bucket with toilet brush,600,0.011957908163265306,0.02130715817092146,0.022203873881481276,0.34537562052408854,0,9332.84765625,overall|small
2401568,5,7,part of a surface,484,0.009646045918367346,0.0026621349140910546,0.002902481641685332,0.031147208095582062,0,5193.9169921875,overall|small
2401568,6,8,drain in bathroom florr,342,0.006816007653061225,0.003475725638754245,0.0036451918453083688,0.06956172407719127,0,6526.435546875,overall|small
2401569,0,6,One window from the building,312,0.006218112244897959,0.007861253437493654,0.00835021770414936,0.11835971245398888,0,4422.42724609375,overall|small|part
2401569,1,1,part of an edge,108,0.002152423469387755,0.00071731643184495,0.0007433962321711808,0.020037174224853516,0,2910.984375,overall|small
2401569,2,5,Roof of the building,110,0.002192283163265306,0.004012301424104406,0.004047897157068841,0.31331572099165483,0,8514.23046875,overall|small
2401569,3,7,Gray awning on a building,651,0.012974330357142858,0.0083942768761651,0.009043026051166697,0.10475227836456533,0,7541.0302734375,overall|small
2401569,4,8,part of a tree,506,0.010084502551020409,0.02752362050788575,0.028303229953594064,0.49980685267994995,0,8935.4560546875,overall|small
2401569,5,9,Top of a tree,368,0.007334183673469388,0.008653964489445746,0.009090724970449665,0.1526310340217922,0,6178.62939453125,overall|small
2401569,6,0,Captain Misa's Edifice sign,1176,0.0234375,0.02452276915548319,0.02634716639198889,0.26152793728575413,0,11673.2421875,overall|text
2401570,0,4,white light switch cover attached to wall,304,0.006058673469387755,0.0034184378710897865,0.0037596078488939537,0.03630279239855314,0,2935.425537109375,overall|small
2401570,1,6,closed window with white frame,1250,0.02491230867346939,0.047628241623939145,0.053625703796979354,0.29867041015625,0,6961.9228515625,overall|part
2401570,2,0,Cabinets are in the island.,7446,0.14839764030612246,0.0909861094184792,0.16243006860246328,0.17140330955798416,1,7857.3447265625,overall
2401570,3,1,Outside can be seen through the doors.,2744,0.0546875,0.03141081314104284,0.03993293785685596,0.1283007585620046,0,8816.212890625,overall
2401570,4,2,three hanging lights over island,2044,0.040736607142857144,0.03509488400182021,0.057772390090521326,0.08206895652815788,0,2903.617919921875,overall
2401570,5,3,empty white kitchen sink,3224,0.06425382653061225,0.09545516614742466,0.10611856327741008,0.4871631556054203,0,14800.55859375,overall
2401570,6,5,two hanging lights over sink,2310,0.04603794642857143,0.06148203618493722,0.08059492940096967,0.20588056556074133,0,5900.91845703125,overall
2401571,0,4,The writing on the bus is in kanji.,792,0.015784438775510203,0.02937636800810779,0.03079374068689478,0.38958470508305715,0,10019.9287109375,overall|small|text
2401571,1,3,a moped rider's white helmet,90,0.001793686224489796,0.0029029740602714293,0.0029256155470868917,0.2727839999728733,0,8391.587890625,overall|small|part
2401571,2,0,pink pants on cyclist,330,0.006576849489795918,0.0021493214630191244,0.0022061916064373284,0.07696257504549893,0,11511.9873046875,overall|small
2401571,3,2,street lights blinking red,975,0.01943160076530612,0.009027190186602184,0.010833453048945375,0.05136167868589744,0,4622.5,overall|small
2401571,4,9,storm grate on side of road,275,0.0054807079081632655,0.007611031642270149,0.007952988664757514,0.150390888560902,0,5200.24560546875,overall|small
2401571,5,6,black sign with white characters,1519,0.0302734375,0.042497516800398046,0.058325555866731146,0.1353978150137323,1,3526.229248046875,overall|text
2401571,6,1,a woman crossing the street,3075,0.06128427933673469,0.13534962755602103,0.17231494282173376,0.3868553099593496,1,6903.5224609375,overall
2401572,0,1,part of a logo,476,0.009486607142857142,0.009300655680957936,0.009910751149911213,0.13125468502525522,0,6303.9853515625,overall|small|text
2401572,1,0,Person has hat on head.,910,0.018136160714285716,0.015812243593783176,0.01774588472094216,0.12672602056146978,0,6498.4462890625,overall|small|part
2401572,2,3,edge of a laptop,672,0.013392857142857142,0.021392398410673235,0.02376627145582936,0.17639357703072683,0,4987.5927734375,overall|small
2401572,3,4,Man is wearing a baseball cap. ,756,0.015066964285714286,0.016078934972767266,0.016965514512984163,0.23528996220341436,0,10484.751953125,overall|small
2401572,4,6,nose of a man,165,0.003288424744897959,0.00688360465657197,0.0071760665388502076,0.14449580799449574,0,3322.40625,overall|small
2401572,5,7,Man has earbuds in ear.,665,0.013253348214285714,0.014972564224112047,0.01581119665800211,0.22014274883987311,0,9258.9404296875,overall|small
2401572,6,8,part of a table,288,0.005739795918367347,0.005131285625313181,0.005262845885950873,0.17030929194556343,0,9319.876953125,overall|small
2401573,0,1,a woman walking next to a road,688,0.01371173469387755,0.010408770453452714,0.011131261548923995,0.13820267832556435,0,8542.0185546875,overall|small
2401573,1,2,this is electric wires,874,0.017418686224489797,0.039974293005182106,0.04760823065035824,0.19954878678310928,0,3663.3505859375,overall|small
2401573,2,3,the bus is green in color,540,0.010762117346938776,0.01863127462139709,0.018810445401291353,0.6617078993055555,0,18995.94921875,overall|small
2401573,3,5,the front light is off,180,0.003587372448979592,0.006767138490450991,0.007782730215828109,0.049301560719807944,0,1140.2529296875,overall|small
2401573,4,8,a white stripe on a road,285,0.00568000637755102,0.01019761145855282,0.010652327388136436,0.1928275660464638,0,5159.046875,overall|small
2401573,5,0,the door is closed,1376,0.0274234693877551,0.006584071779087341,0.009857281954093175,0.019442447396211846,0,2714.0146484375,overall|part
2401573,6,4,these are some buildings,3819,0.07611208545918367,0.11653914963598787,0.1443908650616184,0.3766249191951427,0,9961.3681640625,overall
2401574,0,1,small branch off the tree,270,0.005381058673469388,0.007027960623972389,0.0071671993738297544,0.2656553762930411,0,10007.66796875,overall|small|part
2401574,1,3,twigs on the branch,513,0.010224011479591837,0.010030291918160928,0.010507763321046623,0.18082319412082723,0,8827.9775390625,overall|small|part
2401574,2,5,The eye of a bear,204,0.004065688775510204,0.005855971081969091,0.006026600190301204,0.1713844000124464,0,5801.35009765625,overall|small|part
2401574,3,6,green leaves in horizon,338,0.0067362882653061226,0.01029015078839702,0.013948199425087297,0.037755133837637816,0,914.9019775390625,overall|small|part
2401574,4,0,The nose of a bear,840,0.016741071428571428,0.01948827342959024,0.0202670789018359,0.33649557204473585,0,13946.572265625,overall|small
2401574,5,2,brown tree trunk,952,0.018973214285714284,0.013531416756505179,0.016469781390042848,0.07049784139424813,0,4074.974853515625,overall|small
2401574,6,8,lines in bear's foot,504,0.010044642857142858,0.004840353081227584,0.005184741048904484,0.06792169903951978,0,6602.5546875,overall|small
2401575,0,1,part of  a water,513,0.010224011479591837,0.00790743210521702,0.009625850009741938,0.04241534004434507,0,2260.48291015625,overall|small
2401575,1,3,part of a bird,176,0.00350765306122449,0.0013032324798211597,0.0013787994411780448,0.023226559162139893,0,2964.80712890625,overall|small
2401575,2,4,part of a metal,168,0.0033482142857142855,0.005671563745634108,0.0058074857492550775,0.19505873180571057,0,5642.6943359375,overall|small
2401575,3,5,sailboat with white sail in distance,12,0.00023915816326530612,0.0004169191635330077,0.0004170401835561279,0.5896124839782715,0,16965.630859375,overall|small
2401575,4,7,part of a bench,324,0.0064572704081632655,0.012178134635290203,0.012637301105126833,0.25103161658769774,0,6436.04541015625,overall|small
2401575,5,8,part of a wood,594,0.011838329081632654,0.017480221343759865,0.019499554569644296,0.144419121019768,0,4399.3291015625,overall|small
2401575,6,9,seagull shown closest to beach,56,0.0011160714285714285,0.0003155745287091349,0.00031701026283951047,0.0651400089263916,0,11507.0107421875,overall|small
2401576,0,1,a telephone cord hanging down,220,0.004384566326530612,0.0027114032748973022,0.0028074008217226147,0.07346809560602362,0,5757.27587890625,overall|small
2401576,1,0,sunlight creating glare on a computer monitor,3822,0.076171875,0.04944873615141974,0.07916437249309859,0.1164006303580627,0,5619.740234375,overall
2401576,2,2,a grey keyboard in front of a monitor,5040,0.10044642857142858,0.047917744012893414,0.09107988896591049,0.09182969350663442,0,5081.4912109375,overall
2401576,3,3,laptop computer on a desk,11716,0.23349808673469388,0.15617335166328558,0.299933373271731,0.24575656670765406,0,9599.7451171875,overall
2401576,4,4,Power cords hanging from computers.,2494,0.049705038265306124,0.030982416306912477,0.03856809335088613,0.13608766997826033,0,8800.0888671875,overall
2401576,5,5,"Red, white, and blue wall paper on wall.",2160,0.043048469387755105,0.07888636977929132,0.09570356045523207,0.3098345438639323,0,6992.87060546875,overall
2401577,0,0,part of the sky,88,0.001753826530612245,0.0006625056949064305,0.0006652262909773172,0.13940926031632858,0,18441.8671875,overall|small
2401577,1,1,part of a green light,320,0.006377551020408163,0.0028455506371311756,0.003019982791535885,0.04695250689983368,0,4975.12841796875,overall|small
2401577,2,3,part of a traffic,198,0.003946109693877551,0.004306281248586652,0.004449336257840015,0.11811534804527206,0,5256.25341796875,overall|small
2401577,3,4,the red light is the one on top,266,0.005301339285714286,0.006184170830686273,0.006286654658895288,0.27502343887673286,0,11636.7509765625,overall|small
2401577,4,7,edge of a board,672,0.013392857142857142,0.010058959104036033,0.0166891379184723,0.024694618724641345,0,994.3463745117188,overall|small
2401577,5,8,the frame of the light is black in color ,198,0.003946109693877551,0.0033145266777372963,0.0034600519054839053,0.07305030148438733,0,4180.2724609375,overall|small
2401577,6,9,the post is black in color,200,0.003985969387755102,0.0023806585136213134,0.00247625409335413,0.05808527946472168,0,4691.3828125,overall|small
2401578,0,9,part of a door,444,0.008848852040816327,0.0026848050690492045,0.0028492092905823855,0.04446034818082242,0,6928.37646484375,overall|small|part
2401578,1,0,The windshield of an airplane,783,0.015605070153061224,0.018336050430146345,0.023727788218477815,0.07466757860829243,0,2463.9765625,overall|small
2401578,2,1,part of a runway,209,0.004165338010204082,0.004144986149580048,0.004187710541399863,0.28890330483468524,0,14418.568359375,overall|small
2401578,3,3,very tall light,516,0.010283801020408163,0.00992652631365093,0.010507174915891695,0.15227388781170512,0,7478.06396484375,overall|small
2401578,4,5,tip of  a wing,945,0.018833705357142856,0.019246495756263266,0.021956831228868934,0.13488727549396495,0,5805.4130859375,overall|small
2401578,5,7,passenger windows on body,676,0.013472576530612245,0.023825990881899916,0.02485908136471688,0.3644017101039548,0,9909.2783203125,overall|small
2401578,6,8,tip of  a plane,336,0.006696428571428571,0.003756913584100748,0.004139280389367907,0.03908073902130127,0,3172.321533203125,overall|small
2401579,0,0,the waves are white,854,0.017020089285714284,0.031082415515220268,0.033194238343525716,0.3282108708902042,0,8443.998046875,overall|small
2401579,1,1,part of the sky,384,0.007653061224489796,0.007768571484088943,0.00886373139190007,0.059155876437822975,0,2562.787109375,overall|small
2401579,2,2,part of a person,80,0.0015943877551020409,0.0016802516584355593,0.0017139445378881659,0.07874330282211303,0,3675.4189453125,overall|small
2401579,3,4,part of the sky,104,0.002072704081632653,0.002316058409002615,0.002404477046969585,0.059251565199631914,0,2562.787109375,overall|small
2401579,4,5,someone carrying a red surfboard,180,0.003587372448979592,0.003371568991618882,0.003411771444605578,0.22247204250759547,0,11737.294921875,overall|small
2401579,5,7,blue sailboard on right side,84,0.0016741071428571428,0.0012766676779957927,0.0012837405117036007,0.1881265186128162,0,12309.830078125,overall|small
2401579,6,8,the kite is pink in color,36,0.0007174744897959184,0.0010084347796650319,0.0010115012085036579,0.2496127552456326,0,8883.8837890625,overall|small
2401580,0,3,part of a wheel,406,0.008091517857142858,0.009617686095603246,0.010169021003193984,0.15066526441151284,0,6015.337890625,overall|small|part
2401580,1,9,steering wheel of fire truck,272,0.005420918367346939,0.012018874059620084,0.012479890592411192,0.24548541798311121,0,5350.3701171875,overall|small|part
2401580,2,2,numbers on white stripe on side of fire truck,117,0.002331792091836735,0.003182202425848308,0.0032043769502863822,0.3149985615004841,0,11501.4033203125,overall|small
2401580,3,6,part of a yellow line,320,0.006377551020408163,0.006851352950654337,0.007118731964260014,0.1542705774307251,0,6934.744140625,overall|small
2401580,4,7,part of  a lamp,300,0.005978954081632653,0.007357877929933542,0.007952169297543674,0.08963062286376954,0,3381.364990234375,overall|small
2401580,5,8,woman wearing red scarf,170,0.0033880739795918366,0.0028799893772952735,0.0029131774217357968,0.2017876568962546,0,11775.4248046875,overall|small
2401580,6,1,An American flag,5325,0.1061264349489796,0.08196403323612633,0.1530727083458507,0.1499783253557805,0,5217.3544921875,overall|text
2401581,0,6,number 12 on clock,48,0.0009566326530612245,0.0005531170111602127,0.0005588171357722843,0.05143620570500692,0,4418.14990234375,overall|small|text
2401581,1,7,the number 9 on a clock.,32,0.0006377551020408163,0.0010805732098613952,0.0010834343279342647,0.2903705835342407,0,8576.30078125,overall|small|text
2401581,2,9,number 2 on clock,35,0.0006975446428571429,0.00034103774195036544,0.0003434765044925589,0.0458305903843471,0,4670.10302734375,overall|small|text
2401581,3,5,Black rectangle on the door. ,170,0.0033880739795918366,0.00110444307716846,0.001114474305945825,0.10929339913760915,0,16671.427734375,overall|small|part
2401581,4,0,Hands of the clock are black. ,323,0.00643734056122449,0.006542967407234238,0.00685487629203165,0.12571817876384722,0,5923.80810546875,overall|small
2401581,5,4,a light embedded in a  ceiling.,390,0.007772640306122449,0.009869074070271586,0.010591136680581493,0.1264533214080028,0,4656.42138671875,overall|small
2401581,6,3,a window on the side of a hallway.,1456,0.029017857142857144,0.027958023360204916,0.034726400989003856,0.12544889764471367,0,5259.79052734375,overall|part
2401582,0,1,red clay heart,744,0.01482780612244898,0.01856593921103986,0.01952945513933832,0.27342060048093075,0,10416.3134765625,overall|small
2401582,1,2,small black bow-tie,392,0.0078125,0.0028081237427186614,0.0030767715719178315,0.03115880246065101,0,3969.826904296875,overall|small
2401582,2,4,small black tophat,792,0.015784438775510203,0.011103531151738451,0.013417985318673869,0.060479226738515524,0,3569.8017578125,overall|small
2401582,3,5,The face of a groom bear,1334,0.02658641581632653,0.02208834892075493,0.030101725675937347,0.07661631868697,0,3395.359130859375,overall|part
2401582,4,0,the bear has two flowers,5103,0.10170200892857142,0.10837801455632737,0.1375273196753626,0.3383314942650157,0,12553.91015625,overall
2401582,5,3,stone engraved with words HAPPY 2012,6099,0.12155213647959184,0.04211881793295875,0.10406442330774134,0.06608107942580238,0,3872.875,overall
2401583,0,9,ear on cows head,209,0.004165338010204082,0.005982364350127117,0.00606180823200748,0.3134096136503813,0,10805.787109375,overall|small|part
2401583,1,0,two cows grazing on grass,357,0.007114955357142857,0.005515392457718394,0.005780754802271964,0.10726195690678615,0,6624.13818359375,overall|small
2401583,2,1,hills on top of mountain,527,0.010503029336734694,0.0133982247106134,0.014073758130345948,0.218220198629477,0,8171.38134765625,overall|small
2401583,3,2,rocky terrain on mountain,374,0.007453762755102041,0.01052459429133367,0.011016437738155015,0.19076344291156627,0,6476.279296875,overall|small
2401583,4,3,animal sitting in back ground,220,0.004384566326530612,0.012018997483509269,0.012454394613970906,0.2558413939042525,0,4519.296875,overall|small
2401583,5,4,a road going up a green hillside.,2214,0.04412468112244898,0.07787473378748544,0.09402990969352608,0.31189361820376016,0,7343.75341796875,overall
2401583,6,5,tall green grass of pasture,1036,0.020647321428571428,0.0017389840244683608,0.002024394176152159,0.012184205662789953,0,6235.365234375,overall
2401584,0,0,a weathervane on a clock tower,345,0.006875797193877551,0.003149192389743813,0.003229486964866959,0.11242240131765172,0,12009.873046875,overall|small
2401584,1,2,spotty blue areas between clouds,780,0.015545280612244899,0.017826489396116817,0.02127646896391844,0.09904898619040464,0,3631.157470703125,overall|small
2401584,2,6,a building between two clock towers,175,0.0034877232142857145,0.0014934019810803583,0.0015223005198665542,0.0729311752319336,0,8383.9921875,overall|small
2401584,3,7,black hands on clock,81,0.0016143176020408164,0.002456533046826642,0.0025055941748649553,0.11147225933310426,0,3603.637451171875,overall|small
2401584,4,8,a multi storied building behind the clock towers,616,0.012276785714285714,0.00625069415127012,0.006586579012548156,0.10918998718261719,0,10211.8310546875,overall|small
2401584,5,9,clock face reading 10:55,1008,0.020089285714285716,0.02312594174019754,0.026348589915987566,0.15901317293681796,0,6083.25830078125,overall|part
2401584,6,1,angry black clouds in sky,3538,0.07051179846938775,0.032610731118086635,0.04945171114153418,0.08738962953005759,0,6252.2509765625,overall
2401585,0,0,part of the ocean water,420,0.008370535714285714,0.008540529291392904,0.009130415154865144,0.11675809224446615,0,5370.8837890625,overall|small
2401585,1,1,section of a water wave,705,0.014050542091836735,0.008723991976141888,0.00945700374354457,0.10116658312209109,0,7541.7587890625,overall|small
2401585,2,4,ripples of water on a wave,273,0.005440848214285714,0.0034146422289321903,0.0036569387240127094,0.04901075188493554,0,3658.7802734375,overall|small
2401585,3,5,section of a surf board,32,0.0006377551020408163,0.0007436327932582708,0.0007446907994441955,0.34358012676239014,0,14763.931640625,overall|small
2401585,4,7,upper part of a wave,55,0.001096141581632653,0.0012994621662864299,0.0013070501046399132,0.18289779316295277,0,7696.24560546875,overall|small
2401585,5,8,the foot of a man,70,0.0013950892857142857,0.004117249605524291,0.004464031450567985,0.05033262797764369,0,789.2605590820312,overall|small
2401585,6,9,lower part of a wave,180,0.003587372448979592,0.0041238928445740146,0.004178346078104904,0.24037418365478516,0,10355.138671875,overall|small
