sample_id,slot_idx,source_idx,phrase,gt_area,area_frac,soft_iou,mass_in_gt,gt_coverage,peak_in_gt,pred_sum,slices
2401156,0,0,The person is wearing goggles.,180,0.003587372448979592,0.00859608746563681,0.008921332018019921,0.1907992892795139,0,3849.635009765625,overall|small|part
2401156,1,3,The person is wearing a shoe.,792,0.015784438775510203,0.029339895020088966,0.03447132766153756,0.1646451468419547,0,3782.82373046875,overall|small|part
2401156,2,7,a camera on a helmet,130,0.002590880102040816,0.0017826913328008785,0.001925506396098301,0.02347103449014517,0,1584.6400146484375,overall|small|part
2401156,3,1,The flag has the word forum on it.,4590,0.0914779974489796,0.03509640318833756,0.06080651680316133,0.07664395999285131,0,5785.49462890625,overall|text
2401156,4,5,the hoodie has yellow letters,1120,0.022321428571428572,0.029302462331893382,0.03054590782030831,0.4185474395751953,0,15346.51171875,overall|text
2401156,5,6,a black metal rail,2556,0.0509406887755102,0.013283474964376388,0.015014904753970899,0.10329493371906788,0,17583.984375,overall|part
2401156,6,2,the sky is gray,2610,0.05201690051020408,4.154605580396422e-05,8.988801188780985e-05,7.724560997038508e-05,0,2242.91357421875,overall
2401157,0,2,Sign in the window.,986,0.019650829081632654,0.0014865617262408606,0.004905884381410231,0.0021283099424041067,0,427.75439453125,overall|small|text|part
2401157,1,3,England's flag shirt on man.,198,0.003946109693877551,0.0013733963380367482,0.0014697460456787569,0.020520277697630603,0,2764.433349609375,overall|small|text
2401157,2,4,There is an X on the building,180,0.003587372448979592,1.541590797584079e-05,1.6326805019605785e-05,0.00027623648444811505,0,3045.4560546875,overall|small
2401157,3,1,Advertising on the building.,1826,0.03639190051020408,0.006909102288626691,0.009912374363121994,0.02229525095008942,0,4107.1015625,overall|text
2401157,4,0,Motorcycles lined up,15914,0.31716358418367346,0.16782565941628877,0.23586007464565978,0.36781440476938543,0,24817.25,overall
2401157,5,5,Brookes Bros store front,1540,0.030691964285714284,0.04938985078880317,0.05421340366367141,0.35695777001318996,0,10139.8349609375,overall
2401158,0,0,Power pole on the street,697,0.013891103316326531,0.015711623184342965,0.01638972299235999,0.2752316008339311,0,11704.677734375,overall|small
2401158,1,1,Yellow garbage can on the street,15,0.00029894770408163266,0.00010164311935566094,0.00010173084768598682,0.10543888409932455,0,15546.7421875,overall|small
2401158,2,7,license plate on the bus,85,0.0016940369897959183,0.007940600563478468,0.008072534294521365,0.3269871880026425,0,3443.021728515625,overall|small
2401158,3,8,Red words on the bus,420,0.008370535714285714,0.008510473323676285,0.008906467899144023,0.16066004435221354,0,7576.2041015625,overall|small
2401158,4,6,The trees have a few leaves.,5440,0.10841836734693877,0.0025802535348684067,0.012592279715155825,0.003234727242413689,0,1397.4368896484375,overall|part
2401158,5,2,The tree is bare.,11832,0.23580994897959184,0.03788914028820865,0.14368215316279437,0.04894048704981723,0,4030.17236328125,overall
2401158,6,3,Traffic on the streets.,3808,0.07589285714285714,0.04165306253160794,0.06349444179573623,0.10800969099798122,0,6477.74658203125,overall
2401159,0,0,books sitting on a coffee table,899,0.017916932397959183,0.00801718061783968,0.009257733236643056,0.056451485605208046,0,5481.89111328125,overall|small
2401159,1,2,a vent in the floor,475,0.009466677295918368,0.006906160957038244,0.007733655940290601,0.06063069393760279,0,3723.92822265625,overall|small
2401159,2,5,corner of a mounted painting,986,0.019650829081632654,0.0002848655602728473,0.0003297408241346351,0.002088803306796246,0,6245.99658203125,overall|small
2401159,3,6,TV on the wall,704,0.01403061224489796,0.00029564321031127214,0.0004406641535640805,0.0008975423195145347,0,1433.9033203125,overall|small
2401159,4,8,White pillow on the couch,405,0.008071588010204082,0.020830528133067048,0.020996640019258172,0.7247447072723765,0,13979.4560546875,overall|small
2401159,5,3,A door you can see through,7203,0.1435546875,0.3261090064650205,0.34488311959003193,0.8569521678250381,1,17897.734375,overall|part
2401159,6,7,trees outside the window,3584,0.07142857142857142,0.0415403519122895,0.14103972544305338,0.05560876216207232,0,1413.08984375,overall|part
2401160,0,0,black laptop with stickers,16472,0.3282844387755102,0.34130558720239684,0.536065109755119,0.4843833297129219,0,14883.9423828125,overall
2401160,1,1,a laptop screen across from the young man,4092,0.08155293367346939,0.0899827313314995,0.12456379934572559,0.24478432812881842,0,8041.32080078125,overall
2401160,2,2,a picture is hanging on the wall,1026,0.020448022959183673,0.004105800459340094,0.011076210997260468,0.006481961664865356,0,600.4302978515625,overall
2401160,3,3,Bottle on the table.,2904,0.05787627551020408,0.04068909136596025,0.0467587511907581,0.23864977287523675,0,14821.587890625,overall
2401161,0,2,The head of the teddy bear.,1260,0.025111607142857144,0.046528386161510116,0.05442210515612235,0.24287349155970983,0,5623.09375,overall|part
2401161,1,0,Windows on the building.,8428,0.16796875,0.01442480844891738,0.05001193337826328,0.019868951190066778,0,3348.311279296875,overall
2401161,2,1,feet of the teddy bear,1240,0.024713010204081634,0.01126157266446848,0.012662819150934677,0.09236861198179183,0,9045.1484375,overall
2401161,3,3,white wispy clouds,1760,0.035076530612244895,0.00034228018235908745,0.020905426024985158,0.00034785649993202905,0,29.28557586669922,overall
2401161,4,4,building made of grey concrete,6604,0.13161670918367346,0.038526923745347094,0.07834604789359295,0.07046228751928282,0,5939.45654296875,overall
2401161,5,5,building holding the bear,1110,0.022122130102040817,0.031093965320826474,0.033122631919325976,0.33672938991237333,0,11284.41796875,overall
2401163,0,5,yellow umbrella in garden,288,0.005739795918367347,0.008377674767488973,0.008549951908425507,0.29367362128363717,0,9892.2197265625,overall|small
2401163,1,0,Flower pedals on the path,2090,0.04165338010204082,0.0008120077903974448,0.0009651010320599295,0.005092833943344189,0,11028.9208984375,overall
2401163,2,1,blue umbrella in garden,1960,0.0390625,0.018947496208401186,0.02296836441362162,0.09766315538056043,0,8334.0625,overall
2401163,3,2,The tree has pink flowers,4850,0.09665975765306123,0.001867432815052515,0.003081927967289185,0.004716485406934601,0,7422.287109375,overall
2401163,4,3,The flowers are pink,1591,0.03170838647959184,0.04513143006192089,0.06752448711882615,0.11978823639625727,0,2822.42919921875,overall
2401163,5,4,The woman is wearing a skirt,1749,0.034857302295918366,0.009235600380494362,0.014236044292189736,0.02561972058112448,0,3147.566162109375,overall
2401164,0,1,car with back to camera,729,0.014528858418367346,0.006947705436037392,0.007186884936203384,0.17270948203339334,0,17518.74609375,overall|small
2401164,1,0,The trees are green.,33726,0.6721540178571429,0.06273666373406156,0.8314573206926924,0.06354477506921588,1,2577.535888671875,overall
2401165,0,6,The nose and nostril of the baby.,560,0.011160714285714286,0.010259043557663557,0.01260974329097731,0.05216152667999267,0,2316.498779296875,overall|small
2401165,1,8,dark eyelashes on a baby,252,0.005022321428571429,0.0017680912052597732,0.0018676038888569648,0.032116920228988405,0,4333.6083984375,overall|small
2401165,2,9,edge of white wall,621,0.012376434948979591,0.0011931465439496266,0.0012688418254825152,0.0196079524434899,0,9596.5771484375,overall|small
2401165,3,3,blue shirt on kid,3230,0.0643734056122449,0.06774840754450316,0.07396785565252936,0.44620777047455495,0,19484.830078125,overall|text
2401165,4,0,brown hair on kid's head,4200,0.08370535714285714,0.030495827846254348,0.04466989956795409,0.08768136887323288,0,8244.0693359375,overall|part
2401165,5,1,The open mouth of the baby.,1125,0.022421077806122448,0.026122588600515664,0.03837038361818353,0.0756470947265625,0,2217.93408203125,overall
2401165,6,2,eyebrow of the kid,1586,0.03160873724489796,0.01405695617857987,0.019382595635046476,0.048670139769738135,0,3982.482177734375,overall
2401166,0,3,a white arm cast,986,0.019650829081632654,0.009620205001823867,0.010828455721900566,0.07937379105821342,0,7227.490234375,overall|small|part
2401166,1,1,a pair of blue and white socks,858,0.01709980867346939,0.0006140664516080451,0.0006755920336187017,0.006697698628707921,0,8506.05859375,overall|small
2401166,2,4,wrist tag on the man,270,0.005381058673469388,0.006319085391113201,0.006385055717602952,0.37950015597873266,0,16047.634765625,overall|small
2401166,3,0,head of a man in wheelchair,2450,0.048828125,0.015493248030069816,0.022511229029124474,0.047344067631935584,0,5152.67138671875,overall|part
2401166,4,5,Left wheel on man's wheelchair.,3560,0.07095025510204081,0.0026758018338131637,0.0038128248098508385,0.008893077293138825,0,8303.3857421875,overall|part
2401166,5,6,a metal gated window,4154,0.08278858418367346,0.14525120647664255,0.2391100794208845,0.2700914099173989,0,4692.23095703125,overall|part
2401166,6,8,Window with metal covering.,1170,0.023317920918367346,0.0013179445190548216,0.007562831771706405,0.0015935450537591918,0,246.52772521972656,overall|part
2401167,0,2,branches of a small tree,195,0.0038863201530612247,0.0003644068841593779,0.0003901605517525972,0.005490347666618152,0,2744.044189453125,overall|small|part
2401167,1,3,edge of a river bank,297,0.005919164540816327,0.0044461658002547715,0.004941008292598866,0.04250788126730357,0,2555.1142578125,overall|small
2401167,2,4,water rippling around the back of the elephant ,390,0.007772640306122449,0.01109798522774126,0.011802698091894452,0.15673844753167568,0,5179.154296875,overall|small
2401167,3,5,photographers name and copy right ,918,0.01829559948979592,0.034139994077674034,0.03594379786245608,0.4048668688938249,0,10340.248046875,overall|small
2401167,4,7,section of water plantation,253,0.005042251275510204,0.0017277161980284188,0.0017846646840554358,0.05136261061717399,0,7281.33447265625,overall|small
2401167,5,0,elephants splashing water,11800,0.23517219387755103,0.1452855979598953,0.32544406775488816,0.20788853532176907,1,7537.65380859375,overall
2401167,6,1,river has brown water,10309,0.20545679209183673,0.052401147972109235,0.08509874977959513,0.12001203817659327,0,14538.4521484375,overall
2401168,0,2,blue corner of a napkin,992,0.019770408163265307,0.009381243800156987,0.012796584105700939,0.03395606625464655,0,2632.297607421875,overall|small
2401168,1,3,melted mozzarella cheese on pizza,798,0.015904017857142856,0.026083067454428205,0.02736320567754455,0.35795807420161735,0,10439.220703125,overall|small
2401168,2,6,cheese on a pizza,238,0.004743303571428571,0.0057631186740933794,0.0058155814520045295,0.389816316235967,0,15953.0537109375,overall|small
2401168,3,0,The bottle on the table,4400,0.08769132653061225,0.027847084662736457,0.06023184177098522,0.04924195029518821,0,3597.1767578125,overall
2401168,4,1,round basic white plate,1404,0.027981505102040817,0.04566852713122114,0.09619667163676592,0.07999009352463943,0,1167.46337890625,overall
2401168,5,4,tomatoes on a pizza,4131,0.08233019770408163,0.04423203073483131,0.05335336809721763,0.20554597254845225,0,15914.841796875,overall
2401168,6,5,metallic finish picture frame,2320,0.04623724489795918,0.0009732096154655386,0.005751734941221362,0.001170045959538427,0,471.9457092285156,overall
2401169,0,1,The man's blue tie,330,0.006576849489795918,0.01599844601652025,0.01607447537852991,0.7718178951379024,0,15844.990234375,overall|small
2401169,1,4,three grapes on top of round red cheese,221,0.004404496173469388,0.01201951224611817,0.012028759644373364,0.939884513751414,0,17268.154296875,overall|small
2401169,2,5,A green apple.,800,0.01594387755102041,0.045054982312026676,0.05931606674848455,0.157821683883667,0,2128.55224609375,overall|small
2401169,3,0,the light is turned on,5124,0.10212053571428571,0.006708667606199212,0.01861279908920199,0.010380505212669163,0,2857.6953125,overall
2401169,4,2,a small picture on a wall,1440,0.028698979591836735,0.001342144128884078,0.06783262146840163,0.0013673637476232317,0,29.027387619018555,overall
2401169,5,3,The table the cake is on,6496,0.12946428571428573,0.002196572502105587,0.003753255134769595,0.005268167392373672,0,9117.9560546875,overall
2401170,0,2,The leaves are green.,240,0.0047831632653061226,0.0005969308271641661,0.0010059682513884585,0.0014659127841393153,0,349.7317810058594,overall|small|part
2401170,1,5,Wall is made of brick.,432,0.00860969387755102,0.0007924540738036824,0.001174781039809577,0.002429069192321212,0,893.2369995117188,overall|small
2401170,2,6,white and blue sneakers,276,0.005500637755102041,4.498607133573286e-06,4.679394181307341e-06,0.0001164259578006855,0,6867.03515625,overall|small
2401170,3,7,The pants are black.,108,0.002152423469387755,8.745668520748557e-06,8.92877496777832e-06,0.0004262811055889836,0,5156.1787109375,overall|small
2401170,4,8,White line on the road.,225,0.00448421556122449,8.45314082077033e-06,8.832330851002844e-06,0.0001968570715851254,0,5014.85302734375,overall|small
2401170,5,4,large blue and red sign,3591,0.07156808035714286,0.01999186030622812,0.02289845997078706,0.13606741089105143,0,21338.46875,overall|text
2401170,6,1,black umbrella over person's head,1518,0.030253507653061226,0.05928517209034428,0.0640150996544818,0.4451745878880517,0,10556.494140625,overall|part
2401171,0,8,red flag with yellow design,385,0.007672991071428571,0.0014459760072141553,0.0015410828341886238,0.02289376196923194,0,5719.4189453125,overall|small|text
2401171,1,7,Handle on a car door,96,0.001913265306122449,0.00035589602381704526,0.0003603367986952065,0.02806783715883891,0,7477.7607421875,overall|small|part
2401171,2,0,Black and white pole by the road,264,0.0052614795918367345,0.004386658079493561,0.004453464934904328,0.22625921711777197,0,13412.5751953125,overall|small
2401171,3,2,a policeman,144,0.0028698979591836736,0.004783745467606715,0.004864921555465758,0.22281331486172146,0,6595.197265625,overall|small
2401171,4,6,Light on a car,450,0.00896843112244898,0.006865499600786808,0.007592166653188822,0.06692939758300781,0,3967.013671875,overall|small
2401171,5,1,the bus is red and white.,3025,0.06028778698979592,0.05567824231164185,0.06721699513303309,0.24490912319214875,0,11021.767578125,overall
2401171,6,3,street light on top of metal pole,1272,0.025350765306122448,0.010201460794437234,0.016578503011933192,0.02583572099793632,0,1982.26806640625,overall
2401172,0,3,flowers planted in boxes attached to railing,720,0.014349489795918368,0.012262783703497959,0.01284247020367076,0.21363353729248047,0,11977.146484375,overall|small
2401172,1,6,path in garden,864,0.01721938775510204,0.002144515034505203,0.0025768411187244355,0.012620868506254974,0,4231.70458984375,overall|small
2401172,2,0,tall white building in background,9100,0.18136160714285715,0.07772169236284522,0.18461305192771366,0.11834759722699176,0,5833.6240234375,overall
2401172,3,1,white post with lamp,2834,0.0564811862244898,0.03149650869617607,0.04680652381293405,0.08783481250620258,0,5318.14453125,overall
2401172,4,2,white chairs on patio,3481,0.06937579719387756,0.021249172691133876,0.02960625578887087,0.07000834994602395,0,8231.3369140625,overall
2401172,5,4,A green tree in the distance.,3675,0.0732421875,0.00045998181067167105,0.0007881175889662089,0.001103566617381816,0,5145.94189453125,overall
2401172,6,5,A little black fence.,2040,0.04065688775510204,0.004451276916314055,0.005389409039049348,0.02493421330171473,0,9438.1025390625,overall
2401173,0,6,The eyes of the dog.,98,0.001953125,0.0011357154032195127,0.0011567469750819951,0.058792449990097355,0,4980.91650390625,overall|small|part
2401173,1,1,a chair facing away from the poo,266,0.005301339285714286,0.0030949913753562496,0.003282708875567457,0.051344685088422964,0,4160.49267578125,overall|small
2401173,2,2,a lounge at a pool,714,0.014229910714285714,0.004563365380028274,0.00510346460878989,0.04133734716420748,0,5783.2998046875,overall|small
2401173,3,3,Swimming pool drain,48,0.0009566326530612245,0.0010623696435477787,0.0010640009496251002,0.409304141998291,0,18464.83203125,overall|small
2401173,4,4,a hill in the distance,392,0.0078125,0.0006201430040863394,0.0008073573976433377,0.002667218142626237,0,1295.02685546875,overall|small
2401173,5,8,top side of pool with blue designs,588,0.01171875,0.004292702298574456,0.0046251063035265515,0.05636264515571854,0,7165.5078125,overall|small
2401173,6,0,a man holding a dog,7590,0.15126753826530612,0.2474280259230479,0.3791689900215183,0.41593308681241764,1,8325.923828125,overall
2401174,0,5,red shirt on young boy.,182,0.003627232142857143,0.010257018902524628,0.0104382434292213,0.3713806906899253,0,6475.3505859375,overall|small|text
2401174,1,3,backpack strap on boy's shoulder.,153,0.003049266581632653,0.0028255322557907787,0.002950588156638373,0.06249945148143893,0,3240.850830078125,overall|small
2401174,2,4,A white clouded sky,476,0.009486607142857142,0.001810592829975618,0.005848004925111006,0.0026157002489105995,0,212.90565490722656,overall|small
2401174,3,6,red heart shaped pillow.,377,0.007513552295918368,0.005635930801279927,0.006059568366141076,0.07460056375761563,0,4641.32275390625,overall|small
2401174,4,7,pole supporting the traffic light.,256,0.00510204081632653,0.0035847745927794204,0.003658785814438174,0.15053772926330566,0,10532.9091796875,overall|small
2401174,5,8,giant stuffed animal.,651,0.012974330357142858,0.017303202730188347,0.01825696476520151,0.2488087128201205,0,8871.927734375,overall|small
2401174,6,0,back of traffic sign,2288,0.045599489795918366,0.05689974058031929,0.06143968630127837,0.4350383731868717,0,16200.73046875,overall|text
2401175,0,2,part of a leg,420,0.008370535714285714,0.00527578561799414,0.005948030004169324,0.044598379589262466,0,3149.16357421875,overall|small|part
2401175,1,3,part of a doll,15,0.00029894770408163266,0.0003017544228260495,0.0003021478982180474,0.18812440236409506,0,9339.353515625,overall|small
2401175,2,4,part of a pillow,108,0.002152423469387755,0.0014616759144856827,0.0014928010296030533,0.06551128405111807,0,4739.55908203125,overall|small
2401175,3,7,section of a duve,364,0.007254464285714286,0.008898634784330494,0.009062887704955011,0.32930684351659084,0,13226.2138671875,overall|small
2401175,4,8,part of a doll,189,0.0037667410714285715,0.0031606163140696286,0.003214417996231609,0.1588390794380632,0,9339.353515625,overall|small
2401175,5,9,part of a blanket,312,0.006218112244897959,0.008262891546768162,0.008725154646165929,0.1349188975798778,0,4824.521484375,overall|small
2401175,6,0,bare human foot on top of bed sheet,4664,0.09295280612244898,0.048526159177983634,0.08511769063210305,0.10143013720242482,0,5557.8359375,overall
2401176,0,4,Tail light on taxi cab,480,0.009566326530612245,0.01406394768863126,0.015131726996331833,0.16618248621622722,0,5271.5458984375,overall|small|part
2401176,1,0,man driving a car,462,0.009207589285714286,0.005475318413462938,0.0056471573163122705,0.152496321376784,0,12475.8876953125,overall|small
2401176,2,2,a white fire hydrant,250,0.0049824617346938774,0.0003513261375145973,0.0003572252028811015,0.0208317928314209,0,14578.8935546875,overall|small
2401176,3,3,red and white cap,770,0.015345982142857142,1.6614797792285532e-05,1.8308911566079763e-05,0.00017953000285408715,0,7550.31787109375,overall|small
2401176,4,5,Headlights and grill on front of car,288,0.005739795918367347,0.01322940379671893,0.014974910362069426,0.10192814138200548,0,1960.2991943359375,overall|small
2401176,5,6,round metal manhole cover,564,0.011240433673469387,0.010275878608276407,0.01344661335206808,0.04175868947455223,0,1751.51171875,overall|small
2401176,6,7,Tire on car,378,0.007533482142857143,0.000653994915254689,0.0006910698553010869,0.012043526563694867,0,6587.5439453125,overall|small
2401177,0,4,a surfer waiting to catch a wave,8,0.00015943877551020407,0.00029487499187683813,0.0002948950032149898,0.8129230737686157,0,22053.220703125,overall|small
2401177,1,6,a surfboard standing on end,756,0.015066964285714286,0.015399438739325751,0.017235523791157104,0.1262988741435702,0,5539.83447265625,overall|small
2401177,2,0,sun shining on ocean,1406,0.028021364795918366,0.029427905758362072,0.0323522904644837,0.24560136645820368,0,10673.603515625,overall
2401177,3,1,Orange color in the sky.,1400,0.027901785714285716,0.0002538459326622569,0.00033205468239626317,0.0010766056605747767,0,4539.15576171875,overall
2401177,4,2,Silhouette of a person.,1400,0.027901785714285716,0.02665745476403914,0.05630912865713085,0.048183833530970985,0,1197.9827880859375,overall
2401177,5,3,blue sky,3835,0.07643096301020408,4.65268678015709e-06,1.1555054255498208e-05,7.788868040584679e-06,0,2585.042724609375,overall
2401177,6,5,the wet sand has a reflection of the sun,10990,0.21902901785714285,0.007786349926154339,0.0313969619186869,0.010248036683961627,0,3587.159912109375,overall
2401179,0,2,glasses around man's face,960,0.01913265306122449,0.006487792831032761,0.008950952789904652,0.023033155997594198,0,2470.33251953125,overall|small|part
2401179,1,8,hair of a man,1000,0.01992984693877551,0.001423453893421866,0.0018436171552722823,0.0062071456909179685,0,3366.830078125,overall|small|part
2401179,2,9,part of  a hair,960,0.01913265306122449,0.00724177662918717,0.009984301358462792,0.025686848163604736,0,2469.814697265625,overall|small|part
2401179,3,3,A thick black watch,286,0.005699936224489796,0.00617870490963946,0.006251336316640218,0.34717197018069823,0,15883.193359375,overall|small
2401179,4,4,part of an elbow,247,0.004922672193877551,0.0008434014283082105,0.0008582859319880933,0.0463776144421535,0,13346.68359375,overall|small
2401179,5,5,A white corded phone,725,0.014449139030612245,0.021405248864361938,0.02295204860348053,0.24105576087688577,0,7614.37158203125,overall|small
2401179,6,7,part of a top,414,0.00825095663265306,0.0024474529300273435,0.002642635233793819,0.032074011466353414,0,5024.7724609375,overall|small
2401180,0,5,wheel on the chair,182,0.003627232142857143,0.003047194858737796,0.0030584018582121095,0.4540240948016827,0,27018.158203125,overall|small|part
2401180,1,1,a light fixture is hanging from the ceiling,672,0.013392857142857142,9.746133760374092e-05,0.00012685277329479565,0.000420464069715568,0,2227.39990234375,overall|small
2401180,2,2,edge of a wall,182,0.003627232142857143,0.005526260860043594,0.005845314882454152,0.09193713848407452,0,2862.55908203125,overall|small
2401180,3,6,part of a floor,780,0.015545280612244899,0.0005952125230061395,0.0007719130523286552,0.0025934317173101963,0,2620.601806640625,overall|small
2401180,4,7,part of a wall,72,0.0014349489795918368,0.0002951087965554335,0.0002990473943052491,0.021915773550669353,0,5276.54052734375,overall|small
2401180,5,8,computer monitor on wooden desk,403,0.008031728316326531,0.0048899267104557526,0.005601216303213448,0.03707907276768838,0,2667.78955078125,overall|small
2401180,6,3,a blanket folded on the arm of a chair,1728,0.03443877551020408,0.02210253850944362,0.026604922052186477,0.11551823439421477,0,7502.9541015625,overall|part
2401181,0,0,two tall giraffes,27342,0.544921875,0.16907858181588648,0.6055901045364074,0.1900010886411016,1,8578.42578125,overall
2401182,0,0,Two buildings are in the distance.,676,0.013472576530612245,0.018579262493696097,0.01975652301717605,0.23768462231878698,0,8132.7470703125,overall|small
2401182,1,3,A patch of blue sky.,408,0.008131377551020409,3.130108344567913e-08,3.5091669347492134e-08,2.8977234144215745e-07,0,3369.093505859375,overall|small
2401182,2,1,The trees are bare.,9360,0.18654336734693877,0.0016185042837594977,0.004029400192891231,0.002697755536462507,0,6266.6875,overall
2401182,3,2,The ground is concrete.,19184,0.3823341836734694,0.01791001028493916,0.03958224143878871,0.03167479628816657,0,15351.5634765625,overall
2401182,4,4,a cloud in the sky,1400,0.027901785714285716,0.00020942158402409522,0.0004515639689492911,0.0003903914775167193,0,1210.3447265625,overall
2401183,0,3,black number five on sign,162,0.0032286352040816328,2.4375273339083765e-05,2.5808699844067037e-05,0.000438681815141513,0,2753.585205078125,overall|small|text
2401183,1,5,a partial speed limit sign,96,0.001913265306122449,0.002711805804020463,0.002717507329408952,0.5637993415196737,0,19917.052734375,overall|small|text
2401183,2,0,The person is wearing a jacket.,595,0.011858258928571428,0.002338518977968055,0.0025885745893336255,0.023636146353072478,0,5432.91552734375,overall|small
2401183,3,1,house next to trees,4752,0.09470663265306123,0.048676109620381,0.07856322477500467,0.11343839754560579,0,6861.470703125,overall
2401183,4,2,a tall tree trunk,1375,0.027403539540816327,0.025490911622518996,0.03882511434233688,0.0690934892134233,0,2446.961181640625,overall
2401183,5,4,a woman holding an umbrella,1752,0.03491709183673469,0.07523024786469835,0.08213162411948798,0.4723782474047517,0,10076.58984375,overall
2401183,6,6,a row of street lights,1100,0.021922831632653062,0.004329901124700054,0.006075881667725018,0.014844065579501065,0,2687.42431640625,overall
2401186,0,5,a small portion of road,693,0.013811383928571428,0.00235238150529912,0.0024323004479533564,0.06681055286401966,0,19035.359375,overall|small
2401186,1,0,A white clouded sky,1190,0.023716517857142856,5.70186279143332e-06,2.2819869722875552e-05,7.6010471069011365e-06,0,396.3758850097656,overall
2401186,2,1,the water has waves in it,15228,0.30349170918367346,0.04847625049000332,0.3042264804512755,0.05452077157672133,0,2729.027099609375,overall
2401186,3,2,many trees are in the background,5974,0.1190609056122449,0.004025314338226824,0.01485672131136665,0.0054909393545533244,0,2207.9482421875,overall
2401186,4,3,shadow of person on ground,2280,0.04544005102040816,0.00030920240394970036,0.0015884803494939997,0.0003837894975093373,0,550.8661499023438,overall
2401186,5,4,A small patch of grass,1696,0.03380102040816327,0.004864944765577022,0.007645165045136222,0.013201223229462246,0,2928.553466796875,overall
2401187,0,3,a typewriter on a small desk,609,0.012137276785714286,2.8682891020390585e-05,3.05422189926589e-05,0.0004709371302906907,0,9390.3037109375,overall|small
2401187,1,4,a large clock on the wall,671,0.013372927295918368,0.027573193179653906,0.03708696319840456,0.09705481266300298,0,1755.9749755859375,overall|small
2401187,2,6,a picture leaning against the wall on top of the fireplace,403,0.008031728316326531,0.0009823460018226016,0.0010816565566545487,0.010586111480485712,0,3944.13818359375,overall|small
2401187,3,0,flat screen TV,1768,0.035235969387755105,0.00012579990325304642,0.00013889071383798755,0.0013329311193923605,0,16967.45703125,overall
2401187,4,1,bay windows at the far end,5850,0.11658960459183673,0.07130021496650112,0.1752101040726294,0.10732181907719017,0,3583.31298828125,overall
2401187,5,2,picture on a wall,3636,0.07246492346938775,0.01221707820837627,0.24234207174317668,0.01270224631029387,0,190.57923889160156,overall
2401187,6,5,the floor is brown,5720,0.11399872448979592,0.14840583854474934,0.18075937533146694,0.45329623989291956,0,14344.232421875,overall
2401188,0,6,The number 8 on the boy's shirt.,156,0.0031090561224489796,0.0009477758743787651,0.000959458229628481,0.07221827751550919,0,11742.0966796875,overall|small|text
2401188,1,0,black and grey sneaker cleats,289,0.0057597257653061226,0.0011438995220912703,0.0011778423207179911,0.038178754100337574,0,9367.6884765625,overall|small
2401188,2,1,The red sneakers the player is wearing.,561,0.01118064413265306,0.0005497595712309503,0.0006089402866399955,0.005624935163746118,0,5182.0986328125,overall|small
2401188,3,7,The black shorts worn by the player in red sneakers.,161,0.003208705357142857,0.0026246160878243365,0.002699370412497761,0.08656996377506611,0,5163.3388671875,overall|small
2401188,4,8,The ball is white,266,0.005301339285714286,0.0011769895224677356,0.0014922559169794256,0.005540200194021813,0,987.5606689453125,overall|small
2401188,5,2,The white and black shirt the player in red sneakers is wearing.,1248,0.024872448979591837,0.0356348458353984,0.039719520489604816,0.25734182504507214,0,8085.76220703125,overall|text
2401188,6,3,soccer player in black and white uniform,3636,0.07246492346938775,0.11091808937391924,0.13747338544795148,0.3647602614265333,0,9647.455078125,overall
2401189,0,5,Nose on the face of a white cat. ,196,0.00390625,0.002239346961518555,0.0023827184094646395,0.03588080406188965,0,2951.5185546875,overall|small|part
2401189,1,3,Two front paws on a white and tan cat. ,882,0.017578125,0.004272962950591201,0.004541670833427587,0.06735657672492826,0,13080.7587890625,overall|small
2401189,2,4,Pink tongue of a cat. ,84,0.0016741071428571428,0.0027866782557091478,0.00281559501975575,0.213425840650286,0,6367.3115234375,overall|small
2401189,3,1,the pussy cat has blue eyes,1020,0.02032844387755102,0.002938259931347308,0.003953238115132444,0.011314738965501973,0,2919.387451171875,overall|part
2401189,4,0,the cycle has a backrest for a passenger,3773,0.0751953125,0.09307647397096423,0.10361868308010398,0.47776385564371854,0,17396.505859375,overall
2401189,5,2,copyright mark on side,6438,0.12830835459183673,0.0980457144026866,0.19677261150299782,0.16347038882902298,0,5348.4189453125,overall
2401189,6,6,A cat's left side whiskers. ,1334,0.02658641581632653,0.008947016268159348,0.014468496186347372,0.022907711755389394,0,2112.098388671875,overall
2401190,0,0,white snow on a hill,13392,0.2669005102040816,0.2665868958014334,0.5321161327275746,0.3482096500009334,0,8763.544921875,overall
2401190,1,1,The rock the elephant is leaning on.,9880,0.19690688775510204,0.05528971536422189,0.13790199621257768,0.0844950008006231,0,6053.6513671875,overall
2401190,2,2,small rocks in a pile,2992,0.05963010204081633,0.0013478068598169145,0.003738129713310365,0.002103347510577523,0,1683.5198974609375,overall
2401191,0,3,Handle of racket is white,384,0.007653061224489796,0.0037928881458495225,0.004838274687462193,0.017251467953125637,0,1369.1995849609375,overall|small|part
2401191,1,2,a tennis ball,864,0.01721938775510204,0.002431963114292257,0.00357965383437522,0.007528202953162017,0,1817.0380859375,overall|small
2401191,2,4,chains holding a banner in place,946,0.018853635204081634,0.01873470945900097,0.019408629779418114,0.35046038315109673,0,17081.861328125,overall|small
2401191,3,5,a wristband,154,0.0030691964285714285,0.00340608800641815,0.00343343795248199,0.29951927878639917,0,13434.3388671875,overall|small
2401191,4,0,Man's face who is playing tennis,2597,0.0517578125,0.002561937381576049,0.0032358108262018404,0.012152432752748063,0,9753.310546875,overall|part
2401191,5,1,Socks are white,5069,0.10102439413265306,0.03156089032079902,0.0934034363844609,0.04549892754403297,0,2469.224609375,overall
2401192,0,3,part of a doll's hair,15,0.00029894770408163266,0.0006917263505450504,0.0006960486299400927,0.10022892951965331,0,2159.955322265625,overall|small|part
2401192,1,5,The yellow ribbon in the doll's hair.,152,0.0030293367346938774,0.0020903929483052667,0.002144537470409503,0.07646462791844418,0,5419.64111328125,overall|small|part
2401192,2,9,tail of a doll,60,0.0011957908163265306,0.0007928842576685326,0.0007985329235386659,0.1007900873819987,0,7573.14453125,overall|small|part
2401192,3,1,The cat's right ear.,364,0.007254464285714286,0.0038745212845934227,0.004230670278446596,0.04400007017366179,0,3785.694580078125,overall|small
2401192,4,4,multi colored cloth on a doll,21,0.0004185267857142857,0.00038420481272409226,0.00038446457799989534,0.3625054359436035,0,19800.560546875,overall|small
2401192,5,6,white patch of a doll,132,0.0026307397959183672,0.0031808364574265093,0.003259499457983637,0.11645317077636719,0,4716.005859375,overall|small
2401192,6,7,green and yellow behind toy,621,0.012376434948979591,0.010468558972494614,0.011317346162642407,0.12248607150214498,0,6720.9970703125,overall|small
2401193,0,0,The black phone on the table in front of the mirror.,120,0.0023915816326530613,0.004866151369643697,0.005000035141392426,0.15378424326578777,0,3690.7958984375,overall|small
2401193,1,2,The lamp is white.,598,0.011918048469387755,0.0002984706222209459,0.00031542166534248014,0.005523207195626453,0,10471.3095703125,overall|small
2401193,2,1,large patterned headboard for bed,2842,0.056640625,0.01811298528871361,0.03261351985356087,0.039143722716726774,0,3411.053466796875,overall
2401193,3,3,dark blanket on bed,14476,0.2885044642857143,0.07742627717313183,0.1366121964046442,0.15161804047431957,0,16066.08203125,overall
2401193,4,4,view of city from hotel room,2464,0.049107142857142856,0.21756231565762327,0.22158003304725865,0.9230693470348011,1,10264.65625,overall
2401193,5,5,wall made of brick,4200,0.08370535714285714,0.011366105409385699,0.029087779477655035,0.01831428527832031,0,2644.409423828125,overall
2401194,0,3,brown branches of a tree,931,0.0185546875,0.011950359644695568,0.02367824658578206,0.023558994625103843,0,926.3111572265625,overall|small|part
2401194,1,2,bare branches of a tree,3800,0.07573341836734694,4.103254711830245e-06,8.840683087840003e-06,7.657170491783243e-06,0,3291.28955078125,overall|part
2401194,2,0,The church has a steeple,8778,0.17494419642857142,0.1223251925268977,0.30765931445237904,0.16878826761061033,1,4815.79248046875,overall
2401194,3,1,The tree is green.,1380,0.027503188775510203,0.018825767124035577,0.020698343675220797,0.17224627508633378,0,11484.00390625,overall
2401194,4,4,patch of brow grass,1144,0.022799744897959183,0.0009757155887603833,0.0010637809214704605,0.011648814994972069,0,12527.2451171875,overall
2401194,5,5,brownish green grass in a field,8778,0.17494419642857142,0.0008089006785253238,0.0013614651766345567,0.0019890882344744585,0,12824.578125,overall
2401195,0,1,black and white square platform sign hanging from ceiling,720,0.014349489795918368,8.228083244240478e-05,8.984291920876599e-05,0.0009765995873345268,0,7826.45654296875,overall|small|text
2401195,1,2,sign with light writing,500,0.009964923469387755,0.003486599753009477,0.003924421507717693,0.03030508613586426,0,3861.089599609375,overall|small|text
2401195,2,0,post on ground,972,0.019371811224489797,0.04293356166299675,0.0445948235825729,0.5354252567997685,0,11670.263671875,overall|small
2401195,3,3,copper ring around pole,115,0.002291932397959184,9.446438146289848e-06,9.534125309464013e-06,0.0010260466000308161,0,12376.107421875,overall|small
2401195,4,4,metal ceiling vent,288,0.005739795918367347,6.316781413429665e-07,8.597998673136232e-07,2.3808143952111195e-06,0,797.4815673828125,overall|small
2401195,5,7,person in black walking along train platform,180,0.003587372448979592,0.009375515177245275,0.009444380631155831,0.5625128851996528,0,10720.90625,overall|small
2401195,6,9,white rectangular ceiling light,308,0.006138392857142857,4.331203166621633e-05,4.787271408261954e-05,0.0004544324882618793,0,2923.69482421875,overall|small
2401196,0,5,an airplane cabin window,96,0.001913265306122449,0.0027111896457953388,0.0029594131884420434,0.03131169577439626,0,1015.7158203125,overall|small|part
2401196,1,6,open door on front of plane,992,0.019770408163265307,0.03445011754538351,0.04036654604364061,0.19031349305183656,0,4676.9169921875,overall|small|part
2401196,2,8,an airplane cabin window,60,0.0011957908163265306,0.0016607411518983607,0.0017559277151177827,0.029725392659505207,0,1015.7158203125,overall|small|part
2401196,3,0,part  of a road,828,0.01650191326530612,0.00047333149907959857,0.000555088994415408,0.0032033692811422303,0,4778.314453125,overall|small
2401196,4,2,gray words on plane,266,0.005301339285714286,0.004201233867777441,0.004278586708725734,0.1885627373716885,0,11722.95703125,overall|small
2401196,5,4,Two rear airplane wheels,288,0.005739795918367347,0.007630024250964848,0.007672937327400753,0.577035109202067,0,21658.734375,overall|small
2401196,6,9,edge of a wing,576,0.011479591836734694,0.003672763115501858,0.00405644288016284,0.03737875488069323,0,5307.64599609375,overall|small
2401197,0,0,papayas on display at fruit stand,190,0.003786670918367347,0.0006574146426438233,0.0006751981271470208,0.024352670970715976,0,6852.814453125,overall|small
2401197,1,2,pink fruit next to green bananas,504,0.010044642857142858,0.001184873349332124,0.0012377243291644426,0.026999509523785305,0,10994.1708984375,overall|small
2401197,2,3,sunlight next to fruit stand.,140,0.0027901785714285715,0.0007605139931607641,0.0007676627628200286,0.07550101961408343,0,13769.2529296875,overall|small
2401197,3,4,orange round fruit by bananas,272,0.005420918367346939,0.01033022952975569,0.010655568110831052,0.2528047000660616,0,6453.234375,overall|small
2401197,4,5,a banana beginning to ripen,228,0.004544005102040816,0.005212776343715322,0.0053430948784743484,0.1760902906719007,0,7514.10693359375,overall|small
2401197,5,6,sand on the ground.,80,0.0015943877551020409,0.008960359454266868,0.00950876671377523,0.13447084426879882,0,1131.342041015625,overall|small
2401197,6,7,pole next to hanging bananas,590,0.01175860969387755,0.0003685644954410694,0.0004312336440797449,0.0025297191183445817,0,3461.080322265625,overall|small
2401198,0,2,colored part of obstacle bar.,156,0.0031090561224489796,0.0021624704851176467,0.002194672702408869,0.1284480339441544,0,9130.2421875,overall|small
2401198,1,4,the woman's socks are black.,848,0.016900510204081634,0.0017770991904937491,0.0021328170028849917,0.010542816710921953,0,4191.7841796875,overall|small
2401198,2,5,saddle on horse's back.,160,0.0031887755102040817,0.00571163050432533,0.005760105570176564,0.4042977809906006,0,11230.2880859375,overall|small
2401198,3,7,green grass on the ground.,80,0.0015943877551020409,2.261190827258705e-05,2.2872714715536636e-05,0.0019791387021541595,0,6922.26953125,overall|small
2401198,4,8,black saddle used by young woman,192,0.003826530612244898,0.0068277656608374876,0.006981726701418984,0.2364203929901123,0,6501.64599609375,overall|small
2401198,5,6,brown tree with green leaves,4784,0.09534438775510204,0.01116643415141411,0.020090331877119463,0.024522475175634276,0,5839.40185546875,overall|part
2401198,6,0,the trees are green,9345,0.18624441964285715,0.00843548195480843,0.020655116515126554,0.014058228518760032,0,6360.3681640625,overall
2401199,0,9,The word WHITE.,120,0.0023915816326530613,1.905697633962123e-05,1.96389565791673e-05,0.0006426654756069184,0,3926.881591796875,overall|small|text
2401199,1,3,rear wheel of a car,90,0.001793686224489796,0.0029039344978374912,0.002917371714702474,0.38668255276150176,0,11929.03515625,overall|small|part
2401199,2,5,leaves of a palm tree,171,0.0034080038265306123,3.683229454651904e-06,5.48797104105073e-06,1.1200068943333208e-05,0,348.98358154296875,overall|small|part
2401199,3,7,branches of a palm tree,126,0.0025111607142857145,1.1443357224771587e-05,1.192629102937725e-05,0.0002825195708918193,0,2984.789306640625,overall|small|part
2401199,4,1,leggings on a woman,264,0.0052614795918367345,0.016660016552176856,0.01674810313284163,0.7600541548295454,0,11980.7177734375,overall|small
2401199,5,2,wind screen of a car,200,0.003985969387755102,0.006293255637885313,0.006338763746513988,0.467115478515625,0,14738.3779296875,overall|small
2401199,6,8,part of a palm tree,96,0.001913265306122449,4.092229886200684e-05,4.184122038144307e-05,0.0018598480770985286,0,4267.21337890625,overall|small
2401200,0,2,Person has dark hair.,288,0.005739795918367347,0.002099549553189517,0.002172220427387575,0.05905208322736952,0,7829.31591796875,overall|small|part
2401200,1,1,A guy in red standing by a picnic table,490,0.009765625,0.008658269309422798,0.00941245981707856,0.09751940357441805,0,5076.72900390625,overall|small
2401200,2,5,part of a floor,247,0.004922672193877551,0.0020441350454224842,0.0029452749783334567,0.00663668665326076,0,556.5733642578125,overall|small
2401200,3,6,part of a bench,72,0.0014349489795918368,0.0026515796134390637,0.0027069353920337515,0.11478107505374485,0,3052.986572265625,overall|small
2401200,4,7,part of a wood,285,0.00568000637755102,6.263450338388101e-06,6.4959253851599105e-06,0.00017498560380517392,0,7677.25830078125,overall|small
2401200,5,8,part of a line,702,0.013990752551020409,0.013521890594302357,0.014085527065566851,0.25257008435719375,0,12587.6865234375,overall|small
2401200,6,9,Someone in grey sitting at a picnic table,540,0.010762117346938776,0.0006299372421682634,0.0006549188391780528,0.016246170467800563,0,13395.44921875,overall|small
2401202,0,1,A street light hanging from a building,289,0.0057597257653061226,0.004939250833834188,0.005064713662844566,0.1662420517020572,0,9486.015625,overall|small
2401202,1,0,A train is on the tracks.,41736,0.8317920918367347,0.1933674913835894,0.8228816899338581,0.20176509881307506,1,10233.388671875,overall
2401203,0,1,tusk on the elephant,504,0.010044642857142858,0.0016440590920440824,0.001683338967060619,0.0658188093276251,0,19706.4765625,overall|small
2401203,1,0,man leaning over in water,14208,0.28316326530612246,0.046649034198253427,0.14340322012651852,0.06466913652849628,0,6407.24169921875,overall
2401203,2,2,brown lake water,3780,0.07533482142857142,0.05060947770537015,0.08656217494537641,0.10861590350115741,0,4743.04296875,overall
2401203,3,3,overcast grey cloud sky,3100,0.06178252551020408,8.890339072921618e-05,0.0001744225133739293,0.00018129210318288495,0,3222.0927734375,overall
2401204,0,2,Registration sticker on right front window,190,0.003786670918367347,0.011491321219076346,0.012137804848306946,0.17746306971499795,0,2777.930908203125,overall|small|part
2401204,1,0,a rearview mirror in a car,120,0.0023915816326530613,0.0034182291388111788,0.003632920324893012,0.054679187138875325,0,1806.1234130859375,overall|small
2401204,2,4,the plant is green,703,0.014010682397959183,0.0015539205565475746,0.002710152646961931,0.003629097049979024,0,941.3695678710938,overall|small
2401204,3,7,white top of licence plate,913,0.01819595025510204,0.0273468268006754,0.027779607141071458,0.6370706547782037,1,20937.859375,overall|small
2401204,4,1,Pavement on left side of car,5625,0.11210538903061225,0.32088564607296854,0.40897143766415084,0.5983665364583334,1,8229.943359375,overall
2401204,5,3,grey cat on hood,4366,0.08701371173469388,0.02546789490582326,0.11220378381265318,0.03189511196470239,0,1241.0816650390625,overall
2401204,6,5,the headlights are off,11948,0.2381218112244898,0.20341003772547242,0.3108333251619931,0.3705048537150569,0,14241.6904296875,overall
2401205,0,8,leaves of a tree,36,0.0007174744897959184,2.912775376005163e-07,3.0726032920846936e-07,5.599618210302045e-06,0,656.076416015625,overall|small|part
2401205,1,0,green tree near river,450,0.00896843112244898,0.0002636915714313234,0.00033943830787944466,0.0011802670690748427,0,1564.703125,overall|small
2401205,2,1,a wooden walkway,304,0.006058673469387755,0.018637807533940988,0.018686406349795275,0.8775455073306435,0,14276.3583984375,overall|small
2401205,3,4,plantations on the edge of the lake,660,0.013153698979591837,0.02416623345408135,0.03283942172524517,0.0838304057265773,0,1684.806396484375,overall|small
2401205,4,6,part of a hilly terrain,18,0.0003587372448979592,0.0005503156969662933,0.0005503771414517959,0.8313473595513238,0,27189.087890625,overall|small
2401205,5,7,a section of a house,30,0.0005978954081632653,9.312045841707036e-06,9.446995072217454e-06,0.0006514564156532288,0,2068.7734375,overall|small
2401205,6,5,brown branches and green leaves on tree,2160,0.043048469387755105,5.660352679111086e-06,1.0128678242442458e-05,1.283056809808369e-05,0,2736.19384765625,overall|part
2401206,0,1,electrical poles visible in background,817,0.01628268494897959,0.0004769637240441119,0.0005322089901815052,0.004573845950888887,0,7021.3623046875,overall|small
2401206,1,4,side of railroad tracks and rocks,684,0.01363201530612245,0.0007444498932846296,0.0007847539099922376,0.01428797509935167,0,12453.5537109375,overall|small
2401206,2,5,red metal pane on second train car,169,0.0033681441326530613,0.01025196421712623,0.01049743461428313,0.3047931377704327,0,4906.9169921875,overall|small
2401206,3,6,front driver wheels and connecting rod,460,0.009167729591836735,0.026713156012125806,0.02763321644769801,0.4451554008152174,0,7410.33837890625,overall|small
2401206,4,9,cab for train conductor,200,0.003985969387755102,0.00640920241679887,0.006567052354764479,0.21051151275634766,0,6411.1416015625,overall|small
2401206,5,0,The grass is green.,4440,0.08848852040816327,0.002472769586210608,0.0040970713515311495,0.006198549700212908,0,6717.3740234375,overall
2401206,6,2,trees in photograph,3915,0.07802535076530612,0.05762783851263346,0.09507908149897369,0.1276297499850335,0,5255.314453125,overall
2401207,0,3,Word that says photography.,434,0.008649553571428572,0.0034599166784561536,0.0039358891779504145,0.027814781610866847,0,3067.061767578125,overall|small|text
2401207,1,1,back wheel of a truck,135,0.002690529336734694,0.000329195899464041,0.00033204598210369394,0.036936039394802514,0,15017.0927734375,overall|small|part
2401207,2,4,numbers 1105 on door,80,0.0015943877551020409,0.0011960598640995469,0.0012674514745995896,0.020792739093303682,0,1312.4124755859375,overall|small|part
2401207,3,6,Small orange truck light.,56,0.0011160714285714285,0.00203164361324758,0.0020339849986980613,0.638324465070452,0,17574.451171875,overall|small
2401207,4,7,side of a truck,504,0.010044642857142858,0.009687386034518875,0.010280479615796954,0.1437753647092789,0,7048.580078125,overall|small
2401207,5,9,steel diamond plate panel,320,0.006377551020408163,0.0003424419566005165,0.0005478031019926714,0.0009126340039074421,0,533.1165161132812,overall|small
2401207,6,8,door of the truck,1702,0.03392059948979592,0.052611010786318156,0.06510931824713953,0.21511652550882235,0,5623.2861328125,overall|part
2401208,0,2,a blue base on the upper engine,56,0.0011160714285714285,0.0015486811058061125,0.0015514096375189022,0.46824380329677034,0,16901.82421875,overall|small
2401208,1,4,large flood light on front of boat,756,0.015066964285714286,0.0101523907000395,0.011128638904734266,0.10372670491536458,0,7046.44921875,overall|small
2401208,2,6,a tree on the shore,558,0.011120854591836735,0.003938348572303994,0.004750625349480708,0.02251495169909624,0,2644.566162109375,overall|small
2401208,3,7,white lettering on red boat,259,0.005161830357142857,0.006879819326390202,0.006937938014071097,0.4509358350834791,0,16833.875,overall|small
2401208,4,0,Blue Ocean Water,13608,0.27120535714285715,0.12990789797854135,0.4979404351383931,0.14948824838215571,0,4085.300048828125,overall
2401208,5,1,people are visible through the small windows,2058,0.041015625,0.007709906455821752,0.04802993696915872,0.009100596110026041,0,389.9448547363281,overall
2401208,6,3,Light Post in Background,1526,0.030412946428571428,0.007744207310587782,0.012841528664063262,0.019136402585090848,0,2274.0400390625,overall
2401210,0,4,a silver meter,430,0.008569834183673469,0.004787498939044987,0.004964472180695495,0.11839856879655705,0,10255.1455078125,overall|small
2401210,1,6,two black windshield wipers,551,0.010981345663265306,0.011598544635522892,0.013298520049190438,0.08318515092188564,0,3446.62548828125,overall|small
2401210,2,8,two windows on a train engine,240,0.0047831632653061226,0.005273902698108157,0.0054752417787777745,0.12543012301127116,0,5498.06396484375,overall|small
2401210,3,0,two round black things on train nose,1680,0.033482142857142856,0.07987419427367073,0.08823058916164621,0.45750877743675594,0,8711.431640625,overall
2401210,4,1,a luggage cart rack,1242,0.024752869897959183,0.004913324264569407,0.005286674691024263,0.06504754206216662,0,15281.6376953125,overall
2401210,5,2,two red lights seen,1045,0.02082669005102041,0.005551562758948384,0.007021114377101827,0.025838506963264427,0,3845.719970703125,overall
2401210,6,3,The ceiling is white.,12900,0.2570950255102041,1.1301108952469807e-05,5.776741021332256e-05,1.4049463955930961e-05,0,3137.3759765625,overall
2401211,0,3,Moist green leaf.,1058,0.02108577806122449,0.057547628902556956,0.09144452166463349,0.13438478985445712,0,1554.812744140625,overall|part
2401211,1,0,shadow on water ,2592,0.051658163265306124,0.007509524673072467,0.044179037187791405,0.008966273731655545,0,526.0545043945312,overall
2401211,2,1,A blue spare net,4088,0.08147321428571429,0.09170594156517087,0.12613554234046154,0.25148126710417684,0,8150.40234375,overall
2401211,3,2,A net the man is holding out into the water,1950,0.03886320153061224,0.0009915485843552906,0.0012144441802965293,0.005373411912184495,0,8627.94140625,overall
2401211,4,4,a red and white baseball cap,3120,0.062181122448979595,0.022444374520365008,0.02830597971096929,0.09778640942695813,0,10778.4150390625,overall
2401213,0,2,the lowercase letter A,56,0.0011160714285714285,0.0010218883791538666,0.0010267006739183861,0.178994996207101,0,9763.0400390625,overall|small|text
2401213,1,5,the silver letter V,56,0.0011160714285714285,0.00041061550583879037,0.0004119829938605009,0.1100875905581883,0,14963.9794921875,overall|small|text
2401213,2,6,The letter M on the building.,36,0.0007174744897959184,0.000614699096496305,0.0006160609187146592,0.2175748215781318,0,12714.154296875,overall|small|text
2401213,3,9,The letter I on the building.,28,0.0005580357142857143,0.00014483933505761272,0.00014570828254748054,0.023711306708199636,0,4556.47802734375,overall|small|text
2401213,4,1,part of a window,75,0.0014947385204081632,1.9577199734537838e-05,2.0785398418984855e-05,0.0003366854290167491,0,1214.86279296875,overall|small|part
2401213,5,3,part of a wall,99,0.0019730548469387753,0.002514009827833554,0.0025692508375694733,0.10468570632163925,0,4033.81591796875,overall|small
2401213,6,4,a brick in the wall,28,0.0005580357142857143,0.00047526738031605835,0.0004795817698029445,0.050179119621004374,0,2929.66796875,overall|small
2401214,0,2,white lines on grey pavement,944,0.01881377551020408,0.02340643203959672,0.026754841525172435,0.1575575683076503,0,5559.15625,overall|small
2401214,1,0,sign leaning against pole,2886,0.057517538265306124,0.08309169372426775,0.08619555860838403,0.6976558608638687,0,23358.916015625,overall|text
2401214,2,1,the building is orange yellow and red,31584,0.6294642857142857,0.05193763175155719,0.5563173435242873,0.05418196178617932,0,3076.091552734375,overall
2401214,3,3,cloudy blue sky in the background,4431,0.08830915178571429,0.000104707282259015,0.0004171041830597369,0.00013978288663856817,0,1484.9478759765625,overall
2401215,0,1,a man wearing a light brown coat,658,0.013113839285714286,0.017345755542084198,0.020376106578213274,0.10445062005411165,0,3372.9951171875,overall|small
2401215,1,0,A crowd of people.,4510,0.08988360969387756,0.02016780119176503,0.02560461900811534,0.08674129646791852,0,15278.6201171875,overall
2401215,2,2,vehicles are parked by building,1188,0.023676658163265307,0.0742632494429734,0.07942142849319135,0.5334612913806029,0,7979.60986328125,overall
2401215,3,3,The sky is overcast.,5451,0.10863759566326531,2.6976368109232194e-05,8.761843806592117e-05,3.897517214257047e-05,0,2424.759765625,overall
2401215,4,4,Flags are flying.,1058,0.02108577806122449,0.0029954867657142896,0.003692638324723688,0.015618538811436673,0,4474.96142578125,overall
2401215,5,5,The snow is dirty.,3072,0.061224489795918366,0.0072888551158621275,0.009883096576885476,0.027017610768477123,0,8397.9853515625,overall
2401216,0,0,helmet on man's head,483,0.009626116071428572,0.0004071999845515381,0.00042706055179153704,0.008679994144795105,0,9816.9619140625,overall|small|part
2401216,1,3,dark snow covered snowboard,875,0.017438616071428572,0.01622604808205668,0.01652440532591205,0.47331654575892856,0,25063.048828125,overall|small
2401216,2,6,black stone on top of the snow,255,0.005082110969387755,0.006800662685534303,0.009288106715813501,0.024764780904732497,0,679.90380859375,overall|small
2401216,3,7,one black glove,40,0.0007971938775510204,0.0007727403789015733,0.0007808917694717152,0.06892509460449218,0,3530.583740234375,overall|small
2401216,4,1,white snow dust from snow drift on hill ,1452,0.02893813775510204,0.015514390420672689,0.020287361794578764,0.06186390185815901,0,4427.70166015625,overall
2401216,5,2,Clear blue sky,3468,0.06911670918367346,5.697507080687058e-06,1.6397860228351034e-05,8.731123893559323e-06,0,1846.55419921875,overall
2401216,6,4,snowy mountains in the distance,8649,0.17237324617346939,0.06964120961271529,0.18214768867287837,0.10132468236031622,0,4811.2451171875,overall
2401217,0,5,street sign with electric,228,0.004544005102040816,0.003938227698309993,0.00417933915307239,0.06390165027819182,0,3486.095703125,overall|small|text
2401217,1,9,The white street sign with one arrow on it.,476,0.009486607142857142,0.0065772212404665705,0.006877050837011257,0.13108355257691456,0,9073.0419921875,overall|small|text
2401217,2,1,sewer drain opening on street corner,225,0.00448421556122449,0.0028511967872010846,0.0029202154666414,0.10764925638834635,0,8294.279296875,overall|small
2401217,3,2,cars parked on side of street,612,0.012197066326530613,0.013863436253472354,0.014640342395402569,0.20713474547940922,0,8658.708984375,overall|small
2401217,4,3,white line on asphalt street,156,0.0031090561224489796,0.0005889538980797917,0.0006316290191450227,0.008641701478224535,0,2134.3310546875,overall|small
2401217,5,6,a red and silver fire hydrant,200,0.003985969387755102,0.00034686723483904594,0.00035236840528769727,0.021735098361968994,0,12336.576171875,overall|small
2401217,6,8,electric avenue sign suspended,1450,0.02889827806122449,0.001710651155683462,0.002107571765417523,0.00900146484375,0,6192.9677734375,overall|text
2401218,0,2,The head of the zebra,391,0.007792570153061225,1.0223090939278518e-05,1.0894508628460287e-05,0.00016585365890541955,0,5952.42822265625,overall|small|part
2401218,1,7,Thin tail of a giraffe. ,130,0.002590880102040816,0.0031473718805622238,0.0031720323481346318,0.28817561222956734,0,11810.35546875,overall|small|part
2401218,2,1,large brown boulder in animal enclsure,688,0.01371173469387755,0.03106514613596736,0.03595660262907632,0.18590425890545512,0,3557.125,overall|small
2401218,3,5,trees next to fence,990,0.019730548469387755,0.002207393933251463,0.003711921687751819,0.005416511766838305,0,1444.628173828125,overall|small
2401218,4,8,Silver long pole,273,0.005440848214285714,0.000925333115272401,0.0009674564578966716,0.020810074858613067,0,5872.25439453125,overall|small
2401218,5,3,Two front legs of a giraffe. ,1508,0.03005420918367347,0.0012633545758171019,0.0014142791447652131,0.011700090109827664,0,12475.4267578125,overall|part
2401218,6,0,The zebra facing to the right,4680,0.09327168367346939,0.14296986728130445,0.1896734465263697,0.3673416268112313,0,9063.7822265625,overall
2401219,0,1,player is wearing headband,255,0.005082110969387755,0.006828185310481166,0.006909565838382261,0.3669856651156556,0,13543.7373046875,overall|small
2401219,1,4,Man is wearing white socks.,238,0.004743303571428571,0.0006896118200013072,0.0007080472377186086,0.025802452023289783,0,8673.126953125,overall|small
2401219,2,0,Tennis court is green.,3168,0.06313775510204081,0.025279024165667123,0.03227924266183088,0.1043969067660245,0,10245.884765625,overall
2401219,3,2,black and red long shorts,2542,0.050661670918367346,0.023660092431261957,0.030639030012730856,0.09409858109348876,0,7806.98974609375,overall
2401219,4,3,racket is yellow and black,1196,0.02383609693877551,0.006289830309216052,0.008323104957536123,0.025100822831476015,0,3606.897216796875,overall
2401220,0,3,partial label on wine bottle on counter,124,0.0024713010204081634,0.002198331064177343,0.0022512698627281925,0.08549354922386908,0,4708.98681640625,overall|small|text
2401220,1,2,a removable tray for the toaster,551,0.010981345663265306,0.02100553537517885,0.021171193163096732,0.7285944943852087,0,18962.349609375,overall|small
2401220,2,4,splotch of worn off paint,322,0.006417410714285714,0.0002369342489382499,0.00024829475442355887,0.005151747546581008,0,6681.02197265625,overall|small
2401220,3,0,The cabinet has a small lock,3640,0.07254464285714286,0.10027581340076734,0.17733484794794332,0.18749607631138393,1,3848.57080078125,overall
2401220,4,1,old marble looking counter top,4116,0.08203125,0.024005556050790813,0.030336121985306164,0.10316701579487822,0,13997.68359375,overall
2401220,5,5,gray wall next to bottle,2679,0.053392059948979595,0.0021320790176104216,0.006603473696818783,0.003138827316437964,0,1273.4083251953125,overall
2401220,6,6,a faux wooden wall,8160,0.16262755102040816,0.009852929924810985,0.1228502469091596,0.010598535163729798,0,703.9794311523438,overall
2401221,0,1,the man's left foot,780,0.015545280612244899,0.001557224258894396,0.002026397643598064,0.006680843157645984,0,2571.5869140625,overall|small
2401221,1,3,the man wears sneakers,598,0.011918048469387755,0.002101580384541582,0.002333751945380674,0.020687731612087493,0,5301.01904296875,overall|small
2401221,2,5,the man's left sock,682,0.013592155612244899,0.004022238958223853,0.004597669701774094,0.031136873530502544,0,4618.7197265625,overall|small
2401221,3,6,the man is wearing a green color baseball cap,741,0.014768016581632654,0.0008057892129553306,0.0008442862826404286,0.017365037349232455,0,15240.6748046875,overall|small
2401221,4,7,section of green grass,851,0.01696029974489796,0.0010662585763990982,0.0014848099079184263,0.0037682961352983736,0,2159.751220703125,overall|small
2401221,5,8,this is the white fence,88,0.001753826530612245,0.0003754548074240339,0.00039455330684437257,0.007696770131587982,0,1716.664794921875,overall|small
2401221,6,0,the opponent is wearing a long sleeve white jersey,4836,0.09638073979591837,0.11508095569852818,0.1300840452683256,0.4994512894017525,0,18567.583984375,overall|text
2401222,0,1,The door lock on the car is down.,714,0.014229910714285714,0.034205590239402214,0.035022842008142645,0.5944620340812106,0,12119.1162109375,overall|small|part
2401222,1,6,shadow of the woman's hair,693,0.013811383928571428,0.0046933806713175,0.008912811831068741,0.009816625933626514,0,763.2744750976562,overall|small|part
2401222,2,2,The lady has on a black bra.,378,0.007533482142857143,0.0072087415184231085,0.007574959255029694,0.1297596320904121,0,6475.1689453125,overall|small
2401222,3,4,The girl nose is blemish red.,850,0.016940369897959183,0.02154761227331604,0.02269736839230895,0.29842877556295955,0,11175.94140625,overall|small
2401222,4,3,green leaves outside car window,1575,0.03138950892857143,0.07318693725836146,0.18715320646040148,0.10729125007750497,0,902.91650390625,overall|part
2401222,5,5,right eye of a woman looking down,1058,0.02108577806122449,0.0018888712503702465,0.0036986308859096166,0.0038454676846250016,0,1100.0029296875,overall|part
2401222,6,0,brown and black baby kitten,11704,0.23325892857142858,0.029961032713901273,0.048390581566777925,0.07293143699369607,0,17639.580078125,overall
2401223,0,1,Left flip flop shoe on rock deck,989,0.01971061862244898,0.000884661433332181,0.000989319339903314,0.00829325117645418,0,8290.57421875,overall|small|part
2401223,1,3,bottom part of a door,44,0.0008769132653061224,0.0005364911195891645,0.0005541639795936478,0.016544314947995273,0,1313.60009765625,overall|small|part
2401223,2,8,section of a door,156,0.0031090561224489796,0.005837952753011148,0.007286633834166195,0.028526321435586,0,610.7218017578125,overall|small|part
2401223,3,4,foot of a man,102,0.002032844387755102,0.00299308068347118,0.0035288114878186286,0.019333985506319533,0,558.8472290039062,overall|small
2401223,4,5,a small brown bird,572,0.011399872448979591,0.01722868938597495,0.017338542910817892,0.7311293595320695,0,24120.01953125,overall|small
2401223,5,6,The yellow jug on the bottom of the cart.,850,0.016940369897959183,0.017231875984713096,0.017954691853955203,0.29973876953125,0,14190.048828125,overall|small
2401223,6,9,Flip flops of left foot of person,980,0.01953125,0.001970970049380503,0.003732129156731998,0.004159373653178313,0,1092.1878662109375,overall|small
2401224,0,4,tail of a zebra ,528,0.010522959183673469,0.013613462053845194,0.01446338541145553,0.1880903388514663,0,6866.42138671875,overall|small|part
2401224,1,2,a black mane goes down the back of the zebra,689,0.013731664540816327,0.01709471773726256,0.0180189582319719,0.24996886232594792,0,9558.185546875,overall|small
2401224,2,5,the ears are up on the zebra,918,0.01829559948979592,0.002270923189305757,0.00261742000401724,0.016865130862898817,0,5915.0576171875,overall|small
2401224,3,3,legs of a zebra ,10374,0.20675223214285715,0.006893069023359352,0.013017360616082052,0.014439855119224593,0,11507.63671875,overall|part
2401224,4,0,the zebra's nose is black,1216,0.02423469387755102,0.026006502933652507,0.028794829181905148,0.21170904761866519,0,8940.431640625,overall
2401224,5,1,dried grass on the ground ,7056,0.140625,0.007797293841447707,0.05313446716111953,0.009055555542580395,0,1202.533935546875,overall
2401225,0,0,cingular logo of phone,798,0.015904017857142856,0.004228549445290885,0.00485996447495558,0.03152098691553101,0,5175.7060546875,overall|small|text
2401225,1,3,Small rectangular speaker on the top of a cell phone. ,300,0.005978954081632653,0.003913418040869265,0.004146705523644967,0.06503726959228516,0,4705.224609375,overall|small
2401225,2,4,sony ericisson branding of phone,342,0.006816007653061225,0.009650125759736741,0.010038960034432607,0.19945425736276726,0,6794.86279296875,overall|small
2401225,3,6,Circle of green light on the far right. ,252,0.005022321428571429,0.011197827230604048,0.01316136812870167,0.06981730839562794,0,1336.7882080078125,overall|small
2401225,4,7,silver edge of phone,280,0.005580357142857143,0.009644419309514768,0.00967738287193872,0.7389981951032366,0,21381.76171875,overall|small
2401225,5,1,man in black shirt,16400,0.3268494897959184,0.06305099034843689,0.24730795037597392,0.07802358487757241,0,5174.0625,overall|text
2401225,6,2,Man on cellphone.,2079,0.04143415178571429,0.010049505321035374,0.013638274586720189,0.03678590188294778,0,5607.5927734375,overall
2401226,0,2,brown pants worn by young woman,230,0.004583864795918368,0.005031166283183299,0.005113198852738603,0.23873282722804856,0,10738.5908203125,overall|small
2401226,1,4,white spherical lamp in transportation center,416,0.008290816326530613,0.0008738080340449514,0.00090622224139656,0.023846972447175246,0,10946.91796875,overall|small
2401226,2,5,street light over shelter,255,0.005082110969387755,0.0022924542344712967,0.002789619653768624,0.012699716231402229,0,1160.885009765625,overall|small
2401226,3,6,white spherical lamp in transportation center,208,0.004145408163265306,0.00036575929363235,0.00037257273423168033,0.019608284418399517,0,10946.91796875,overall|small
2401226,4,8,woman sitting on bench,624,0.012436224489795918,0.004597206967689298,0.004906202524885989,0.06802835831275353,0,8652.2509765625,overall|small
2401226,5,0,man standing on sidewalk while reading a paper,1098,0.02188297193877551,0.022775193016979344,0.026610633576713488,0.13645433380738417,1,5630.337890625,overall
2401226,6,1,There is a white house,1656,0.03300382653061224,0.0051000476127618,0.009075323639512583,0.011509109810354629,0,2100.099853515625,overall
2401227,0,1,The white laptop on the center table.,775,0.01544563137755102,0.0011258651918568065,0.001223891501066929,0.013861951520366053,0,8777.7490234375,overall|small
2401227,1,5,The stuffed dog toy next to the orange bench.,225,0.00448421556122449,0.011067112616237182,0.0110899187166768,0.843299560546875,0,17109.44921875,overall|small
2401227,2,6,The brown pillow against the wall.,532,0.010602678571428572,0.0007028684801429422,0.0008377054918207854,0.004347744292782662,0,2761.113525390625,overall|small
2401227,3,7,glass with a drink on a coaster,759,0.015126753826530613,0.0006786656331596798,0.0010339361173653512,0.0019712127715702586,0,1447.04345703125,overall|small
2401227,4,0,two brown and white decorative pillows,3400,0.06776147959183673,0.08013465416368053,0.11434286455132772,0.21126601275275736,0,6282.0224609375,overall
2401227,5,2,a standing lamp,3048,0.06074617346938776,0.14406056579601828,0.15411491883516687,0.6882973818641323,1,13612.7666015625,overall
2401227,6,3,The frame hanging on the wall.,1050,0.020926339285714284,1.152604229565463e-05,7.664309348632071e-05,1.3566025133643832e-05,0,185.8527069091797,overall
2401228,0,0,section of a lawn,48,0.0009566326530612245,0.00044666527821648154,0.00046697482468168654,0.010165714969237646,0,1044.9263916015625,overall|small
2401228,1,1,"red, white, and black baseball uniform",11543,0.23005022321428573,0.3373515392570843,0.38005967574833655,0.7501306257038898,1,22782.626953125,overall
2401228,2,2,green grass on baseball field,10320,0.20567602040816327,0.09680485850791744,0.2961075517153549,0.12574015772619912,0,4382.3212890625,overall
2401228,3,3,brown baseball pitcher's mound,5656,0.11272321428571429,0.03215661281908933,0.04551623940970784,0.09873986143033946,0,12269.7451171875,overall
2401228,4,4,brown dirt on baseball field,2052,0.040896045918367346,0.02612808364444644,0.03732517678744047,0.08011904562193516,0,4404.6484375,overall
2401229,0,0,a child bending over on the beach,63,0.0012555803571428572,0.00010144691398515772,0.00010197946987840587,0.019055951209295364,0,11772.2216796875,overall|small
2401229,1,4,Person in red on a beach,80,0.0015943877551020409,0.0012625765447406528,0.00127977444489982,0.08588486313819885,0,5368.75,overall|small
2401229,2,5,Girl and boy on left behind flags,210,0.004185267857142857,0.01127593549277382,0.01149846652042422,0.3681452433268229,0,6723.548828125,overall|small
2401229,3,6,Belongings on sand near girl in red top,132,0.0026307397959183672,0.0003607575396107395,0.0003720498614846376,0.011746318051309296,0,4167.48974609375,overall|small
2401229,4,7,Person a black outfit on a beach,682,0.013592155612244899,0.00019393362695759473,0.00020631895369827052,0.0032202085791445197,0,10644.59765625,overall|small
2401229,5,1,the foamy part of the wave,1246,0.024832589285714284,0.012847767388006292,0.015448782759894466,0.07089927759063377,0,5718.2822265625,overall
2401229,6,2,a kite flying in the air,3431,0.06837930484693877,2.6439141210217116e-05,4.212925065661162e-05,7.098625679816632e-05,0,5781.1103515625,overall
2401230,0,0,the leaves are dry,462,0.009207589285714286,0.019293807672821014,0.03278021616813937,0.044795048701298704,0,631.33544921875,overall|small|part
2401230,1,1,black bag on girl,851,0.01696029974489796,0.029318460486541322,0.031781494956565556,0.2744725156754921,0,7349.4375,overall|small
2401230,2,3,Pink and blue hat worn by young man,420,0.008370535714285714,0.014075095519731212,0.014435542815110695,0.3604883103143601,0,10488.3544921875,overall|small
2401230,3,4,the leaves are green,3239,0.06455277423469388,0.0005243400553294129,0.0029593455003015753,0.0006368425975209513,0,697.0234375,overall|part
2401230,4,2,red pants on a woman,3848,0.07669005102040816,0.03918800045415051,0.05850807915901836,0.10608550168868162,0,6977.10498046875,overall
2401230,5,5,grey cement sidewalk by bench,1836,0.03659119897959184,0.04856953952129537,0.05241499727801471,0.3983227432683143,0,13952.505859375,overall
2401230,6,6,image of a bowling ball and pins,1224,0.024394132653061226,0.012734366957981127,0.014101078090311294,0.1161292705660552,0,10080.23828125,overall
2401231,0,0,A Thomas the Tank Engine cake,35280,0.703125,0.2082198639813455,0.8512310739473096,0.21608322039753403,1,8955.75390625,overall
2401231,1,1,a red cake or baking sheet,1748,0.034837372448979595,0.006060883888263436,0.006488794522968639,0.0841707888675227,0,22674.556640625,overall
2401231,2,2,a wood table against the wall,2808,0.055963010204081634,0.0075261706590597655,0.030260306603332524,0.009918361647516234,0,920.3726806640625,overall
2401233,0,1,A man in a white shirt,12540,0.2499202806122449,0.2429319876354901,0.3624734794396238,0.42416809179375997,0,14674.3642578125,overall|text
2401233,1,2,Man holding cellphone in right hand.,3936,0.0784438775510204,0.07856382184495429,0.08733252535417761,0.4389782106973291,0,19784.361328125,overall|part
2401233,2,0,Brown wood liquor cabinet,16044,0.3197544642857143,0.12370520409483544,0.4657371983729495,0.14416283260584176,0,4966.20947265625,overall
2401233,3,3,A tall standing lamp,2695,0.0537109375,0.033861354195374775,0.047487442623496016,0.10555211564384276,0,5990.27734375,overall
2401234,0,0,green flower leaf,621,0.012376434948979591,0.006335611119817729,0.007514602570773254,0.03881424982190708,0,3207.57470703125,overall|small|part
2401234,1,3,a large shiny leaf,855,0.017040019132653062,0.008085322166021518,0.009035044698828107,0.07142463817931058,0,6759.02197265625,overall|small|part
2401234,2,2,shadow of leaves on wall,4757,0.0948062818877551,0.00016264886860413672,0.0009422022883883754,0.00019654588386594987,0,992.32275390625,overall|part
2401234,3,1,two glass vases,3311,0.06598772321428571,0.0555819589400847,0.057629825618889435,0.6100078042415433,0,35046.7109375,overall
2401234,4,4,white border between white and blue painted wall,1740,0.034677933673469385,0.009238557905162047,0.02607333174381555,0.014106633197302106,0,941.4041137695312,overall
2401234,5,5,blue painted wall,3999,0.07969945790816327,0.07450882391929371,0.22553465766500852,0.1001269528197479,0,1775.3709716796875,overall
2401234,6,6,white wall,7424,0.14795918367346939,0.009419737090121926,0.05699276912268255,0.01115897195092563,0,1453.591552734375,overall
2401235,0,0,3 different boats,15128,0.3014987244897959,0.1443874782187882,0.26417220343291276,0.24152263316573572,0,13830.95703125,overall
2401235,1,1,mountains in the distance,2952,0.05883290816326531,0.08501811025039441,0.10630522652277263,0.2980337582306487,0,8276.1279296875,overall
2401235,2,2,dark blue water with waves,1596,0.03180803571428571,0.003014732346912054,0.003254120964923417,0.03936736027997239,0,19307.919921875,overall
2401236,0,2,a protective metal bar on a door,1656,0.03300382653061224,0.008030836062486973,0.03362626398630681,0.010440442873084026,0,514.1627807617188,overall|part
2401236,1,0,a tan-colored horse,14664,0.2922512755102041,0.14924997388822964,0.45119021853442626,0.1823550160309687,1,5926.66650390625,overall
2401236,2,1,padding in the horse holder,2304,0.04591836734693878,0.02405615892508025,0.02641969376777942,0.21191631423102486,0,18480.728515625,overall
2401236,3,3,reflection of sun shining in,1050,0.020926339285714284,0.0017364054886229035,0.00646720888389931,0.002368118649437314,0,384.48187255859375,overall
2401236,4,4,The strap attached to the horse's harness.,2728,0.054368622448979595,0.05099575601253879,0.05871791414232029,0.2794156787682139,0,12981.4892578125,overall
2401237,0,6,Blue and white toothbrush,390,0.007772640306122449,0.009871137574490553,0.010396130660146621,0.16351056221203927,0,6133.92822265625,overall|small
2401237,1,5,window on batrhoom wall,6669,0.13291214923469388,0.05885272121095293,0.370651120423344,0.06538677344277159,1,1176.4820556640625,overall|part
2401237,2,7,Bathroom window reflection mirrow,3960,0.07892219387755102,0.008053393890059568,0.010078828033384571,0.03853064643012153,0,15138.7998046875,overall|part
2401237,3,0,Silver hot cold water faucet,1230,0.02451371173469388,0.0005238002231704726,0.0005712956154474474,0.00626105331793064,0,13480.0537109375,overall
2401237,4,1,The towel is pink.,3360,0.06696428571428571,0.0009053068530963569,0.0012425647116970071,0.0033243488697778613,0,8989.3203125,overall
2401237,5,2,The cabinet is white.,4953,0.0987125318877551,0.018660404191968342,0.050153261665742535,0.02885959193173645,0,2850.094970703125,overall
2401237,6,3,green tooth brush holder,1240,0.024713010204081634,0.020823048704942965,0.030905357226706325,0.05999931212394468,0,2407.322021484375,overall
2401238,0,5,steel track on urinal area floor,441,0.0087890625,0.008391920360574739,0.008932362397159542,0.12180608632613202,0,6013.69287109375,overall|small
2401238,1,6,Special button for disabled,483,0.009626116071428572,0.012617165437134398,0.012772528557397717,0.5091464277626812,0,19253.64453125,overall|small
2401238,2,4,handle to a door,2812,0.05604272959183673,0.00223335781094395,0.01646131841268479,0.002577267703765826,0,440.2610168457031,overall|part
2401238,3,0,built-in floor white porcelain urinal,7068,0.1408641581632653,0.11268350390389323,0.22017553735278744,0.18752638984684494,0,6019.908203125,overall
2401238,4,1,a green shelf,3760,0.07493622448979592,5.275246749873826e-05,0.00010891709679462969,0.0001022896075502355,0,3531.2080078125,overall
2401238,5,2,plastic bag in trash can,1225,0.0244140625,0.015460917321996878,0.016740574306826825,0.16823381696428572,0,12310.5947265625,overall
2401238,6,3,A paper towel dispenser,3904,0.0778061224489796,0.03409343264455325,0.08234713878095964,0.05498297097253018,0,2606.690673828125,overall
2401239,0,3,The nose of the zebra,247,0.004922672193877551,0.007387168601888391,0.0076070285013805135,0.20356285620314873,0,6609.68017578125,overall|small
2401239,1,4,Zebra has black and white mane.,348,0.0069355867346938774,0.009964873648671005,0.010267813072406375,0.2524755631370106,0,8556.982421875,overall|small
2401239,2,5,Roof is made from tree branches.,3036,0.06050701530612245,0.00015740124022318845,0.00036837389246598167,0.00027475872215703225,0,2264.458740234375,overall|part
2401239,3,0,The shadow of the tree the zebras are under,17171,0.3422154017857143,0.008080476815959955,0.06289114510984112,0.009186567684522596,0,2508.183837890625,overall
2401239,4,1,The lone zebra,1035,0.020627391581632654,0.0251224579378962,0.02590841698071197,0.45299555829181765,0,18096.451171875,overall
2401239,5,2,Tips of zebra's ears are black.,1763,0.03513632015306122,0.016359812367335046,0.01959726699815902,0.09010736440570938,0,8106.19580078125,overall
2401240,0,0,part of a short,299,0.0059590242346938774,0.007727915045945471,0.007846240347258915,0.3388184512339308,0,12911.498046875,overall|small
2401240,1,1,part of a sock,32,0.0006377551020408163,2.88244911130169e-06,2.8971822534007544e-06,0.0005664948839694262,0,6257.0576171875,overall|small
2401240,2,2,part of a white line,165,0.003288424744897959,0.004819017138047238,0.005224856612237393,0.058416736487186316,0,1844.7896728515625,overall|small
2401240,3,3,white baseball cap,270,0.005381058673469388,0.0012682802435780814,0.001296745166663232,0.054621731793438946,0,11372.98828125,overall|small
2401240,4,4,Person wearing black shorts.,260,0.005181760204081632,0.010154448236358653,0.010350908102431609,0.34853794391338644,0,8754.7744140625,overall|small
2401240,5,5,edge of a racket,108,0.002152423469387755,0.003143127972785114,0.0031837118412941603,0.1977995413321036,0,6709.88818359375,overall|small
2401240,6,6,part of a shade,135,0.002690529336734694,0.008031701123033641,0.008430347538875555,0.1451894406919126,0,2325.001953125,overall|small
2401241,0,1,black nose of bear,572,0.011399872448979591,0.016188858657971997,0.018164486232973544,0.129560563947771,0,4079.864501953125,overall|small
2401241,1,5,rock on ground,814,0.016222895408163265,0.0013222487233525847,0.0014284367953724955,0.01747598343457871,0,9958.75390625,overall|small
2401241,2,2,Right arm of a black bear. ,2409,0.0480110012755102,0.044098630416395466,0.0584593221198029,0.15219473452823395,0,6271.662109375,overall|part
2401241,3,6,Left side front arm of a black bear. ,3071,0.061204559948979595,0.04978369413497985,0.07706888504910027,0.12328186333276518,0,4912.47021484375,overall|part
2401241,4,0,Wooden barricade on ground,5720,0.11399872448979592,0.05623208289921219,0.09503302080376312,0.12105388507976399,0,7286.185546875,overall
2401241,5,3,Bears ears pointing straight up,2144,0.04272959183673469,0.005960792859009803,0.007433357734304087,0.029210546123447704,0,8425.1845703125,overall
2401241,6,4,Part of a tree trunk to the right of a black bear. ,7104,0.14158163265306123,0.08880133568306482,0.14425101464197396,0.18766191843393687,0,9241.8779296875,overall
2401242,0,5,Black handle on the bottom suitcase. ,851,0.01696029974489796,0.02519778212172326,0.026723336273515447,0.30622664741847827,0,9751.734375,overall|small|part
2401242,1,3,Bottom right latch on a brown suitcase. ,350,0.006975446428571429,0.004834278568282291,0.005031739074104819,0.10967735290527343,0,7628.9873046875,overall|small
2401242,2,4,There is a red ribbon on the suitcase,567,0.011300223214285714,0.013083152740481052,0.01332302824662405,0.42084617547467484,0,17910.326171875,overall|small
2401242,3,1,The round handle is sticking out,2576,0.05133928571428571,0.027159738021199697,0.052209020986015695,0.053574982637204,0,2643.396728515625,overall|part
2401242,4,0,White tag on a bottom suitcase. ,1092,0.021763392857142856,0.03094860572653698,0.03374334874043453,0.2720227363782051,0,8803.181640625,overall
2401242,5,2,stitches were on the seams of the case,14136,0.2817283163265306,0.007448470634668984,0.05471972631073195,0.008548411124833372,0,2208.3505859375,overall
2401244,0,3,the stop sign is red.,880,0.017538265306122448,0.01571813601193968,0.017266578413009385,0.14913305802778765,0,7600.642578125,overall|small|text
2401244,1,5,and advertising sign,255,0.005082110969387755,0.005001425715134339,0.006441074284245934,0.02188692279890472,0,866.4960327148438,overall|small|text
2401244,2,8,The green street sign.,133,0.002650669642857143,0.005840026517402803,0.005861681577257461,0.61252364538666,0,13897.9990234375,overall|small|text
2401244,3,1,The side view mirror of the black pickup truck.,84,0.0016741071428571428,0.007666949370143674,0.007882252728960377,0.21916902632940383,0,2335.65185546875,overall|small
2401244,4,4,a billboard in the distance,285,0.00568000637755102,0.008415061208244002,0.00884965345476676,0.14628922311883225,0,4711.193359375,overall|small
2401244,5,6,a set of traffic lights,630,0.012555803571428572,0.017571909883471418,0.01831211363044887,0.30299820672898065,0,10424.185546875,overall|small
2401244,6,9,The date is 9/19/2008.,312,0.006218112244897959,0.018421381642473485,0.018633975263482493,0.6175391368376904,0,10339.833984375,overall|small
2401245,0,0,black socks,210,0.004185267857142857,0.0057742761104195165,0.006196889433021826,0.07806036812918526,0,2645.307373046875,overall|small
2401245,1,1,A HUB CAP ON A TIRE,630,0.012555803571428572,0.008595702100466061,0.011589318950415933,0.0322052244156126,0,1750.6888427734375,overall|small
2401245,2,2,green tire on board,704,0.01403061224489796,0.009629909301966588,0.010169124915804429,0.15369814092462714,0,10640.3935546875,overall|small
2401245,3,3,the back right wheel,2200,0.043845663265306124,0.04655858645282444,0.05024873663467969,0.38800032182173294,0,16987.505859375,overall|part
2401245,4,4,the right black shoelaces,1470,0.029296875,0.01783440689446382,0.022282173922459885,0.08201785963408802,0,5410.8837890625,overall
2401245,5,5,green and white sneakers on a black skateboard,2610,0.05201690051020408,0.07320365886039508,0.08331008113651754,0.37634022445971027,0,11790.265625,overall
2401245,6,6,cement under board,4895,0.09755660076530612,0.013654985647384044,0.08281260870993987,0.016088067620718686,0,950.955322265625,overall
2401246,0,1,section of a boys hair,105,0.0020926339285714285,0.0016855239932698648,0.0017585163294188083,0.039022690909249445,0,2330.0224609375,overall|small|part
2401246,1,2,string of wii controller,912,0.018176020408163265,0.028882668630069688,0.03075137299136165,0.32216845060649674,0,9554.6181640625,overall|small
2401246,2,3,back of a boy,420,0.008370535714285714,0.011708912936022609,0.011837210926701954,0.5193010965983073,0,18425.494140625,overall|small
2401246,3,6,the books are on the shelf,363,0.00723453443877551,0.000356224266444746,0.00037890331190548125,0.005916298585161362,0,5667.97998046875,overall|small
2401246,4,8,the boy looks down,108,0.002152423469387755,0.0012800006216430464,0.0013070975431584673,0.05815381473965115,0,4805.00634765625,overall|small
2401246,5,9,section of a remote,50,0.0009964923469387755,0.00026893429595881743,0.000271613976011316,0.026535987854003906,0,4884.87158203125,overall|small
2401246,6,4,indians logo on tshirt,1560,0.031090561224489797,0.039052424231876326,0.05059084685951277,0.14619490794646434,0,4508.01025390625,overall|text
2401247,0,0,a green leaf laying on the ground ,475,0.009466677295918368,0.008980671148805673,0.00982694114540557,0.09443595484683388,0,4564.7041015625,overall|small|part
2401247,1,5,The cat has yellow eyes.,816,0.016262755102040817,0.017702294294124978,0.018611264326935443,0.26603160184972424,0,11664.0,overall|small|part
2401247,2,7,green leaf next to cat,552,0.011001275510204082,0.018405602247908555,0.0187432991068713,0.5053354899088541,0,14882.3955078125,overall|small|part
2401247,3,8,dead brown leaf on the ground ,132,0.0026307397959183672,0.0036826099721691944,0.003791981385644294,0.11322250510707046,0,3941.30908203125,overall|small|part
2401247,4,2,a small pink nose of a cat,48,0.0009566326530612245,9.250713567438809e-05,9.308274940815908e-05,0.01473888506491979,0,7600.40380859375,overall|small
2401247,5,4,white paw of cat,405,0.008071588010204082,0.005448793736814305,0.0061810787396260145,0.043969957328137056,0,2881.0234375,overall|small
2401247,6,6,leaves on the ground,4760,0.09486607142857142,0.03549539263631816,0.06942745138421623,0.06770872228285846,0,4642.16259765625,overall|part
2401248,0,8,yellow mustard container on door,504,0.010044642857142858,0.00919419206940011,0.009429935551754098,0.26888577900235616,0,14371.087890625,overall|small|part
2401248,1,0,jar of jam,506,0.010084502551020409,0.0022258991839933843,0.0028764029032395176,0.009746569418624456,0,1714.5595703125,overall|small
2401248,2,1,five beers in fridge,343,0.0068359375,0.00512191871465093,0.00522557786853186,0.20521496475264212,0,13470.0380859375,overall|small
2401248,3,4,jar of pickle relish,120,0.0023915816326530613,0.0007316257076832438,0.000785359027256446,0.010580205917358398,0,1616.616943359375,overall|small
2401248,4,5,bottle of salad dressing,145,0.002889827806122449,0.0037321089081962713,0.0038968150041921857,0.0811346382930361,0,3019.009765625,overall|small
2401248,5,6,There is butter on the shelf,176,0.00350765306122449,0.004567136188829245,0.004885920427372573,0.06541992317546498,0,2356.548095703125,overall|small
2401248,6,7,carton of eggs at top,192,0.003826530612244898,0.004240680254703823,0.0042822653462343645,0.30395474036534625,0,13628.1396484375,overall|small
2401249,0,0,wake of a person sailing,25,0.0004982461734693878,0.0002093198546760387,0.00020961779747958093,0.12836338043212892,0,15309.2177734375,overall|small
2401249,1,1,hands holding camera to take a photo,224,0.004464285714285714,0.0005761711514219863,0.0006893576656774401,0.0034968749220882145,0,1136.275146484375,overall|small
2401249,2,2,a person is skydiving,968,0.019292091836734693,0.018905544966406573,0.023664656704918997,0.08592966568371481,0,3514.94287109375,overall|small
2401249,3,4,part of tree trunk to left of the woman,845,0.016840720663265307,0.008270589193979341,0.009372610832248109,0.06571807861328124,0,5924.8994140625,overall|small
2401249,4,6,part of coat woman in red boots is wearing,162,0.0032286352040816328,2.3651092136419223e-05,2.4089007763518275e-05,0.001299316684405009,0,8737.9814453125,overall|small
2401249,5,7,part of scarf woman is wearing,231,0.004603794642857143,0.004924432007103379,0.005000991834000503,0.2433818140071192,0,11242.009765625,overall|small
2401249,6,8,grass by picnic bench,147,0.0029296875,5.609561468086226e-06,5.800822832886523e-06,0.0001701051179243594,0,4310.67333984375,overall|small
2401250,0,5,Red stop sign on the road,176,0.00350765306122449,0.00782457593843352,0.007883743634606283,0.5104226632551714,0,11394.8896484375,overall|small|text
2401250,1,2,fire hydrant to the right of skateboarder,63,0.0012555803571428572,0.00048485971587443273,0.0004871177131563864,0.09469391050792876,0,12246.970703125,overall|small
2401250,2,4,Dirty white skate shoes with black accents,510,0.01016422193877551,0.017886299508498866,0.019389473545575034,0.18746469535079657,0,4930.87109375,overall|small
2401250,3,7,mini van parked in drive way,575,0.011459661989795918,0.015809737026633495,0.01703593587810334,0.18009214981742527,0,6078.5029296875,overall|small
2401250,4,8,Black wheels on the skateboard,210,0.004185267857142857,0.0030664277950006504,0.0031619214669330255,0.0921746571858724,0,6121.80859375,overall|small
2401250,5,9,Windows with white frames,182,0.003627232142857143,0.00029638574841273763,0.0003103952901688982,0.00652387967476478,0,3825.27099609375,overall|small
2401250,6,0,boy wearing a hooded sweatshirt,3388,0.06752232142857142,0.06154233499439071,0.0931893105743081,0.15341817051911158,0,5577.6865234375,overall
2401251,0,9,The design on the man's shirt,989,0.01971061862244898,0.0462956468807475,0.04708403110935736,0.7343870959460314,1,15425.7998046875,overall|small|text
2401251,1,5,black beard on man's face,816,0.016262755102040817,0.003205830477576948,0.003993454016474861,0.01599440621394737,0,3268.207275390625,overall|small|part
2401251,2,0,cell phone in man's pocket,952,0.018973214285714284,0.036882296886526014,0.04061698068104791,0.28628405402688417,0,6710.06103515625,overall|small
2401251,3,4,white wii remote control,360,0.007174744897959184,0.007508552039167454,0.007712219411623899,0.22138050927056208,0,10333.8583984375,overall|small
2401251,4,7,drawer in desk without cover,480,0.009566326530612245,0.006524529003629167,0.008534721773749369,0.026954662799835206,0,1515.953125,overall|small
2401251,5,8,The man's glasses,420,0.008370535714285714,0.0007269162796945374,0.0008252492486753546,0.006063578242347354,0,3085.980224609375,overall|small
2401251,6,1,black office chairs,2448,0.04878826530612245,0.010096071014592103,0.012482735907109127,0.050156013638365506,0,9836.138671875,overall
2401252,0,0,Arm band is red and green.,846,0.01686065051020408,0.017955551604942305,0.021931260821059926,0.09012201548186317,0,3476.46337890625,overall|small|part
2401252,1,3,left hand of a girl,1386,0.027622767857142856,0.001987946182170513,0.002466818382861412,0.010136718529815453,0,5695.3896484375,overall|part
2401252,2,1,a white wii remote,3956,0.07884247448979592,0.06011077814459045,0.08345646695530756,0.17687667368396107,0,8384.30078125,overall
2401252,3,2,an asian young child,17667,0.3521006058673469,0.21777216760098667,0.4008723463309855,0.3228519107393021,0,14228.53125,overall
2401253,0,0,empty white beach chairs,546,0.010881696428571428,0.008934002879616336,0.009678115675302443,0.10410148844177469,0,5872.9833984375,overall|small
2401253,1,1,blue beach chair in sand,630,0.012555803571428572,0.01775184520529384,0.019521393616405022,0.1637647235204303,0,5285.06201171875,overall|small
2401253,2,3,yellow umbrella on beach,342,0.006816007653061225,0.002716383665250469,0.0028281540621247674,0.064312890259146,0,7777.16064453125,overall|small
2401253,3,4,yellow umbrella on beach,90,0.001793686224489796,0.0005813557186155697,0.0005877416816105665,0.05078846083747016,0,7777.16064453125,overall|small
2401253,4,7,blue beach chair in sand,738,0.014708227040816327,0.017731542568626614,0.019855486440676556,0.14219170340354526,0,5285.06201171875,overall|small
2401253,5,8,A person standing on the beach.,198,0.003946109693877551,0.009227119188751732,0.009316798268752358,0.48943367389717485,0,10401.4130859375,overall|small
2401253,6,9,yellow umbrella on beach,418,0.008330676020408163,0.005487185248773164,0.0057505513219955895,0.1069927306836872,0,7777.16064453125,overall|small
2401254,0,5,A small gray logo over the man's chest on the left side,72,0.0014349489795918368,8.250269326675633e-05,8.300441509092292e-05,0.013465381330913968,0,11680.19140625,overall|small|text
2401254,1,9,Man wearing yellow shirt.,660,0.013153698979591837,0.00939556982060306,0.01054984728154714,0.07908240231600674,0,4947.40673828125,overall|small|text
2401254,2,1,Man has dark hair.,783,0.015605070153061224,5.558521318858104e-05,6.826193867116425e-05,0.00029922703978050105,0,3432.2900390625,overall|small|part
2401254,3,2,The man's thick metal bracelet,84,0.0016741071428571428,2.947929491716203e-06,2.9917276712240963e-06,0.00020132404530332203,0,5652.66015625,overall|small
2401254,4,4,metal railing along sidewalk.,420,0.008370535714285714,0.017190091239228426,0.017659307271963843,0.3928215753464472,0,9342.6689453125,overall|small
2401254,5,6,grass on the ground.,230,0.004583864795918368,0.00332402861311809,0.0034667400756216754,0.07471418795378312,0,4956.89404296875,overall|small
2401254,6,7,metal pole on sidewalk.,272,0.005420918367346939,0.013616407961897352,0.013792991287513497,0.5154059353996726,0,10163.8876953125,overall|small
2401255,0,1,hood of car is white.,264,0.0052614795918367345,0.003251421163459544,0.003364200219375767,0.08841459678881096,0,6938.18798828125,overall|small
2401255,1,2,Statue on the right side of the stairs,945,0.018833705357142856,0.013457811769066672,0.015440180123397335,0.0948748472506407,0,5806.71533203125,overall|small
2401255,2,3,metal parking meter,1003,0.019989636479591837,0.010093638575509947,0.011370885527926566,0.08245108728988815,0,7272.8232421875,overall|small
2401255,3,4,Woman walking in the street,390,0.007772640306122449,0.008731976693186925,0.009382155347451312,0.11190326397235577,0,4651.62548828125,overall|small
2401255,4,5,two people leaving building,154,0.0030691964285714285,0.003049170866294669,0.0030926294815239465,0.17829855386312907,0,8878.521484375,overall|small
2401255,5,6,statue of religious figure,300,0.005978954081632653,0.004591393053568897,0.004692148754911344,0.176154047648112,0,11262.689453125,overall|small
2401255,6,7,the hub caps are circles.,99,0.0019730548469387753,0.0035474609387684177,0.0036001453007553866,0.19511467519432607,0,5365.43701171875,overall|small
2401256,0,5,logo on the arm of a baseball uniform ,210,0.004185267857142857,0.004827150238048124,0.004873585186821692,0.33626883370535715,0,14489.6318359375,overall|small|text|part
2401256,1,2,left hand giving a signal ,364,0.007254464285714286,0.008902160362905625,0.012428459012647032,0.03042122557923034,0,890.96533203125,overall|small|part
2401256,2,3,The mitt is black.,1000,0.01992984693877551,0.006029228412608671,0.00729863618580898,0.033504425048828126,0,4590.5048828125,overall|small
2401256,3,4,baseball cap on player,744,0.01482780612244898,0.001500308788273194,0.0015693787075425221,0.03296562933152722,0,15628.11328125,overall|small
2401256,4,6,pocket on left side,324,0.0064572704081632655,0.0004889702266397886,0.0005631250330298748,0.0036994597794097147,0,2128.523681640625,overall|small
2401256,5,0,name and number of baseball player,1375,0.027403539540816327,0.012548637712036405,0.014009168931357816,0.10743327192826704,0,10544.576171875,overall|text
2401256,6,1,bright green grass of baseball field,7238,0.14425223214285715,0.017330520275089866,0.08180511104874069,0.02151578854183757,0,1903.6864013671875,overall
2401257,0,1,text reading'09,40,0.0007971938775510204,0.0036629889892404533,0.0036987714335920013,0.27464592456817627,0,2970.13134765625,overall|small|text
2401257,1,2,arm of a human in back,7315,0.14578683035714285,0.16622887196457653,0.30238970794654363,0.2696281719924812,0,6522.4775390625,overall|part
2401257,2,0,The plate is white.,29104,0.5800382653061225,0.21569394828108013,0.48620266568935777,0.27937305989404376,0,16723.21875,overall
2401258,0,8,man with grey hair,459,0.00914779974489796,0.004113723894510419,0.004365343427504999,0.06661471198586856,0,7004.294921875,overall|small|part
2401258,1,4,black backpack on a woman,444,0.008848852040816327,0.0030960145152661685,0.0032426366932368955,0.06408246358235677,0,8774.5302734375,overall|small
2401258,2,6,dark purple backpack,468,0.00932716836734694,0.013675430322922398,0.014520183150868334,0.19032440837631878,0,6134.345703125,overall|small
2401258,3,0,tan duffel bag in middle,1960,0.0390625,0.004456223581560233,0.00495328246877136,0.042518938804159356,0,16824.625,overall
2401258,4,1,blue instrument case,1386,0.027622767857142856,0.005209721687858519,0.006367407523503399,0.02785589375021138,0,6063.42041015625,overall
2401258,5,2,man wearing blue shorts,1520,0.030293367346938774,0.00626161917642642,0.009370360462956584,0.018524137296174702,0,3004.8671875,overall
2401258,6,3,large round white column,2352,0.046875,0.0025525946062368945,0.005072941980832744,0.0051115864799136206,0,2369.9169921875,overall
2401259,0,2,a green carrot leaf,432,0.00860969387755102,0.013236038410675988,0.01571276640925579,0.07746659384833442,0,2129.8330078125,overall|small|part
2401259,1,6,a green carrot leaf,256,0.00510204081632653,0.0036722011076390114,0.004098538801944704,0.03409845009446144,0,2129.8330078125,overall|small|part
2401259,2,3,brown spots on carrots,338,0.0067362882653061226,0.010265178348376907,0.010548688887619506,0.27637987306132117,0,8855.7353515625,overall|small
2401259,3,5,an unpeeled orange carrot,910,0.018136160714285716,0.009765756529331282,0.012981745485995747,0.037925653143243476,0,2658.52880859375,overall|small
2401259,4,0,large carrots are toward the bottom,7208,0.14365433673469388,0.07124028514875144,0.0935670031027904,0.22991289653206506,0,17711.501953125,overall
2401259,5,1,The umbrella is yellow and red,17280,0.34438775510204084,0.17005699333692156,0.5629993442224668,0.1959178359420211,1,6013.2578125,overall
2401259,6,4,purple carrots on the table,1280,0.025510204081632654,0.010622310415979675,0.011770685108591286,0.09818692207336426,0,10677.310546875,overall
2401260,0,1,red pasta on a white dish on a table,768,0.015306122448979591,0.019209774548749333,0.019258150142598802,0.8843575318654379,0,35267.48828125,overall|small
2401260,1,0,broccoli rabe,33790,0.6734295280612245,0.18000719854820443,0.6846059643500219,0.19628475626109795,0,9687.9990234375,overall
2401261,0,0,person is flying a kite,252,0.005022321428571429,0.003994615699447106,0.0040896483156370785,0.14668844616602336,0,9038.7939453125,overall|small
2401261,1,5,wave in the ocean,310,0.0061782525510204085,0.010627840020991418,0.012261436671448266,0.07387715001260081,0,1867.8004150390625,overall|small
2401261,2,7,white wave in ocean,276,0.005500637755102041,0.015499637097339506,0.01631908218841643,0.23586665720179462,0,3989.145751953125,overall|small
2401261,3,8,bird next to bird,12,0.00023915816326530612,0.00015047605990164032,0.00015053133465254528,0.29067742824554443,0,23172.11328125,overall|small
2401261,4,1,white cloud in grey sky,2440,0.04862882653061224,0.00021294970326275148,0.0003279184592513134,0.0006070149237992334,0,4516.7216796875,overall
2401261,5,2,flock of birds flying above the ocean,1944,0.038743622448979595,0.01778602935257586,0.025473505195177548,0.05565626434828519,0,4247.384765625,overall
2401261,6,3,huge kite in the air,2968,0.05915178571428571,0.0004533825123915588,0.0008553937052778025,0.0009637711183080133,0,3344.042236328125,overall
2401262,0,1,the hand of the woman,40,0.0007971938775510204,0.005324773499532067,0.005395202755865239,0.28972327709198,0,2148.006591796875,overall|small|part
2401262,1,2,part of a building,21,0.0004185267857142857,0.0020980879132349024,0.002100062270184161,0.6905625661214193,0,6905.4208984375,overall|small
2401262,2,3,edge of a building ,70,0.0013950892857142857,0.004428849436996636,0.004541370467572202,0.15164312635149274,0,2337.404296875,overall|small
2401262,3,4,a kite in the sky,448,0.008928571428571428,5.925859491440892e-06,6.251808164935819e-06,0.00011364711515073265,0,8143.869140625,overall|small
2401262,4,6,a lady pointing to something,304,0.006058673469387755,0.012078011377353363,0.012717874754390839,0.1935884576094778,0,4627.41552734375,overall|small
2401262,5,7,part of sea water,140,0.0027901785714285715,3.985967768339424e-05,4.008692963144429e-05,0.00698209958417075,0,24384.35546875,overall|small
2401262,6,8,A person's knee.,72,0.0014349489795918368,4.551296057966634e-05,4.752177140275095e-05,0.0010755270098646481,0,1629.525634765625,overall|small
2401263,0,0,the color light brown,60,0.0011957908163265306,0.0003931501809004339,0.000395572725651623,0.060324132442474365,0,9149.892578125,overall|small
2401263,1,1,black arch design on bed,330,0.006576849489795918,0.007228501730968137,0.0074669584649242,0.18457277471368963,0,8157.138671875,overall|small
2401263,2,3,brownish red carpeted floor,198,0.003946109693877551,0.0004925663201051779,0.0005002763738783167,0.03097092021595348,0,12257.708984375,overall|small
2401263,3,5,pastel colored lamp with a white shade,575,0.011459661989795918,0.006589977903114499,0.0070551888321629406,0.09086013793945312,0,7405.12841796875,overall|small
2401263,4,6,the white bed skirt,280,0.005580357142857143,0.0053416786630444,0.005504188899829348,0.15320371900285992,0,7793.5263671875,overall|small
2401263,5,8,vent above the bed,374,0.007453762755102041,6.284016562090078e-05,7.266194608426715e-05,0.00046467816925303823,0,2391.755859375,overall|small
2401263,6,9,small table on the headboard,186,0.003706951530612245,0.005445537776784482,0.005749521746091372,0.09337868229035408,0,3020.8486328125,overall|small
2401264,0,0,shadow cast on white plate,648,0.012914540816326531,0.0025659921878840868,0.0035482818264591593,0.00918389544074918,0,1677.196044921875,overall|small
2401264,1,3,a splash of gravy on the side of the plate,378,0.007533482142857143,0.011455081050880412,0.012346547685827314,0.1369261968703497,0,4192.111328125,overall|small
2401264,2,5,red plate with food,888,0.017697704081632654,0.014061708506178912,0.015006805820955359,0.18252566913226703,0,10800.619140625,overall|small
2401264,3,8,a red bowl with food inside it,594,0.011838329081632654,0.00151320719550123,0.0015817495483742437,0.033741954199794165,0,12671.2353515625,overall|small
2401264,4,1,Shiny light green piece of broccoli on the bottom left. ,5082,0.10128348214285714,0.055844296137253925,0.1495556080795849,0.081830009331341,0,2780.638671875,overall
2401264,5,2,some cooked broccoli,4000,0.07971938775510204,0.07087790426777298,0.09796712883894279,0.20402900695800782,0,8330.5087890625,overall
2401264,6,4,Pile of thin sliced carrots on the top of the photo. ,5488,0.109375,0.016498708469466442,0.025391565169996484,0.04498901589618828,0,9723.6904296875,overall
2401265,0,1,white sign on building,429,0.008549904336734694,0.020259330025141097,0.020624747085954957,0.5334668281750802,0,11096.24609375,overall|small|text
2401265,1,7,red letter on sign.,144,0.0028698979591836736,0.005474441663000743,0.005537450781928386,0.32483167118496364,0,8447.1650390625,overall|small|text
2401265,2,2,street light on pole.,120,0.0023915816326530613,0.001785046224604774,0.001846920218839798,0.05058763027191162,0,3286.83154296875,overall|small
2401265,3,3,a blue pickup truck,676,0.013472576530612245,0.004142829415276047,0.004394595557719317,0.06743679385213457,0,10373.4853515625,overall|small
2401265,4,4,wood beam of garden bed,917,0.018275669642857144,0.009975895305664284,0.016459269215904196,0.02470014607503344,0,1376.1263427734375,overall|small
2401265,5,5,stop lights over road,468,0.00932716836734694,0.003259433141314658,0.0033790902221321724,0.08428739890074119,0,11673.705078125,overall|small
2401265,6,6,yellow paint on curb,400,0.007971938775510204,0.0013677635608602622,0.0015051856979845287,0.014760003089904786,0,3922.4404296875,overall|small
2401266,0,1,the eye of a giraffe,72,0.0014349489795918368,0.003912851969469969,0.003966417824162423,0.22464807828267416,0,4077.901611328125,overall|small|part
2401266,1,2,back leg of a giraffe,234,0.00466358418367347,0.0011611716847309823,0.0011760960560817297,0.08383349883250701,0,16679.79296875,overall|small|part
2401266,2,3,front leg of a giraffe,60,0.0011957908163265306,0.00045978377965723516,0.0004617042179553709,0.09953668117523193,0,12935.123046875,overall|small|part
2401266,3,6,tail of a giraffe,40,0.0007971938775510204,0.0017745895904117577,0.001787901093785063,0.19247355461120605,0,4306.13427734375,overall|small|part
2401266,4,9,branch of a tree,156,0.0031090561224489796,0.0010721512185696215,0.001091913925994974,0.05592481906597431,0,7989.8896484375,overall|small|part
2401266,5,4,neck of a giraffe,297,0.005919164540816327,0.015583857424296115,0.016623057103748874,0.19953872218276514,0,3565.1083984375,overall|small
2401266,6,7,part of a grass,336,0.006696428571428571,0.006253319874383873,0.009571195171762348,0.017719532762254988,0,622.0501098632812,overall|small
2401267,0,0,a field of tall grass,30459,0.6070432079081632,0.07233093161984837,0.19168499800939687,0.10407504279574592,0,16537.662109375,overall
2401267,1,1,the trees are green,16568,0.3301977040816326,0.0010667572293121313,0.0036889561045262633,0.0014984842546316578,0,6730.0576171875,overall
2401268,0,2,Knob of cotton ball container top,117,0.002331792091836735,0.0004638889060850393,0.0004721690953049209,0.025771061579386394,0,6385.8779296875,overall|small
2401268,1,5,Silver fixtures on sink.,957,0.019072863520408163,0.03521267933725037,0.03806338104290971,0.3198064248016262,0,8040.6611328125,overall|small
2401268,2,7,Cotton balls inside of container.,540,0.010762117346938776,0.0039572258131517594,0.0041880327843902155,0.06699407365587022,0,8638.13671875,overall|small
2401268,3,0,Black and white keyboard,7392,0.14732142857142858,0.09738180899797942,0.1417736433099888,0.2372276008903206,0,12368.9169921875,overall
2401268,4,1,a medical chart lying open,12740,0.25390625,0.059804249646854615,0.20278771337680543,0.07818636093259419,0,4912.0048828125,overall
2401268,5,3,Wooden tongue depressors in container.,2535,0.05052216198979592,0.03600067783739415,0.0457446541715331,0.14457600911458332,0,8011.869140625,overall
2401268,6,4,Water bottle sitting on desktop,1127,0.0224609375,0.013205979746246642,0.02111133316677201,0.0340653413571186,0,1818.5322265625,overall
2401269,0,7,yellow shirt on boy's torso.,48,0.0009566326530612245,0.0009836350997956766,0.0009933846701567306,0.09109308322270711,0,4401.5859375,overall|small|text
2401269,1,0,clear blue sky above.,714,0.014229910714285714,1.850212323417366e-07,2.4058356744293663e-07,8.011368202457742e-07,0,2377.600830078125,overall|small
2401269,2,2,pattern on woman's dress.,289,0.0057597257653061226,0.008394957067979344,0.009595764206203757,0.06286744510426241,0,1893.407470703125,overall|small
2401269,3,3,The brown pants the boy is wearing.,180,0.003587372448979592,0.0004757386118124816,0.0004837425542592981,0.027949094772338867,0,10399.8232421875,overall|small
2401269,4,4,umbrella behind the boy.,75,0.0014947385204081632,0.001588149004246227,0.0015981339993959719,0.20267194112141926,0,9511.33984375,overall|small
2401269,5,6,yellow bag near inflatable gym.,40,0.0007971938775510204,0.0003422649156914329,0.0003428485368537392,0.16740468740463257,0,19531.037109375,overall|small
2401269,6,8,bracelet on woman's wrist.,32,0.0006377551020408163,0.001261399739612922,0.0012793690446681314,0.08240757137537003,0,2061.205322265625,overall|small
2401270,0,1,herd of zebras walking behind other zebras,232,0.004623724489795918,0.0022228999524690047,0.0022649799441481137,0.10686285742397966,0,10945.873046875,overall|small
2401270,1,0,large group of zebras walking,12627,0.2516541772959184,0.17657882817296922,0.3714461677635144,0.25182491588584976,1,8560.576171875,overall
2401270,2,2,herd of zebras in the lower field,3680,0.07334183673469388,0.010261684258945226,0.0174787957285991,0.02424964904785156,0,5105.541015625,overall
2401270,3,3,bunch of low bushes in background,3393,0.06762197066326531,0.014519367602732881,0.02373712221784034,0.03604198830197281,0,5151.86572265625,overall
2401270,4,4,tall brown grass covering the ground,2993,0.059650031887755105,0.006339825408564471,0.0075195299052221495,0.03884096461078454,0,15459.876953125,overall
2401271,0,0,Dog's long furry pointy tail,854,0.017020089285714284,0.021175704003604193,0.026586857195857665,0.09423860286382099,0,3027.05078125,overall|small|part
2401271,1,1,Dog's big red tongue,260,0.005181760204081632,0.0037301850752713478,0.0038333848004684697,0.12169669224665715,0,8254.099609375,overall|small
2401271,2,2,a dog collar ,800,0.01594387755102041,0.04246518477374455,0.0440191848365232,0.5460497665405274,0,9923.8505859375,overall|small
2401271,3,4,The dog's nose is black.,140,0.0027901785714285715,0.0008135447678997475,0.0008352447585845012,0.030363011360168456,0,5089.3125,overall|small
2401271,4,7,Dog's brown back left paw,420,0.008370535714285714,0.003840786054019142,0.004123347057023453,0.05307307470412481,0,5405.97021484375,overall|small
2401271,5,5,Dog's brown left front leg,2254,0.044921875,0.002167016833092272,0.0025113675924621766,0.015558278338509316,0,13963.849609375,overall|part
2401271,6,3,The circle designed curtain.,5896,0.1175063775510204,0.037828962949221064,0.08408222910319244,0.06434322341649794,0,4511.86474609375,overall
2401272,0,0,Tail of a smaller zebra. ,204,0.004065688775510204,0.005006255991816473,0.005106001320398012,0.2039941338931813,0,8150.1748046875,overall|small|part
2401272,1,1,Back two legs of a larger black and white zebra. ,612,0.012197066326530613,0.008588343218719123,0.00937799485940152,0.0925558252272263,0,6040.11474609375,overall|small|part
2401272,2,3,front leg of a zebra,87,0.0017338966836734694,0.0005023498449303153,0.0005059639677954671,0.0657062092046628,0,11298.1171875,overall|small|part
2401272,3,5,head of a zebra,90,0.001793686224489796,0.0018910591727248913,0.0018982724486324987,0.33229088253445094,0,15754.4189453125,overall|small|part
2401272,4,4,Light colored rock in between two zebras. ,234,0.00466358418367347,0.0029686106011701115,0.003086274183848598,0.0722405523316473,0,5477.248046875,overall|small
2401272,5,6,A dark grey rock beside the grazing deer,240,0.0047831632653061226,0.0052538428184784585,0.005900543558132074,0.045743648211161295,0,1860.587158203125,overall|small
2401272,6,7,The shadow of the little zebra,416,0.008290816326530613,0.01181613367145585,0.01472333142959413,0.056463232407203086,0,1595.3389892578125,overall|small
2401273,0,1,the dog's eyes are black,3111,0.062001753826530615,0.03731907824894431,0.04675043428568313,0.1561092522626366,0,10388.2646484375,overall|part
2401273,1,0,a black skateboard under the dog,15456,0.3080357142857143,0.01870506301470834,0.03480915046351793,0.03886002882173589,0,17254.67578125,overall
2401274,0,1,cheese mixed with carrots,598,0.011918048469387755,0.010109823496965369,0.01030917988041305,0.3433159665519179,0,19914.576171875,overall|small
2401274,1,6,A leaf of spinach.,2337,0.046576052295918366,0.007000902653500262,0.06845047258570872,0.007738164004781688,0,264.19232177734375,overall|part
2401274,2,0,the salad has spinach ,4736,0.09438775510204081,0.028759021564490207,0.05526265698488313,0.05657293989851668,0,4848.291015625,overall
2401274,3,2,Two pieces of broccoli. ,2337,0.046576052295918366,0.023225147111758323,0.03521280687148362,0.06386503808050518,0,4238.58837890625,overall
2401274,4,3,the table is made of metal,1144,0.022799744897959183,0.011484592269674807,0.012469631117426444,0.1269301567877923,0,11644.939453125,overall
2401274,5,4,A sliver of carrots.,2448,0.04878826530612245,0.03494755641438938,0.06313675359948427,0.07259175668354907,0,2814.5986328125,overall
2401274,6,5,the rim of a table,1189,0.02369658801020408,0.007013466853208616,0.0082483239738384,0.04475056653868961,0,6450.81640625,overall
2401275,0,5,an exit sign,200,0.003985969387755102,0.0009141365143622378,0.0009357104379183063,0.038136162757873536,0,8151.2744140625,overall|small|text
2401275,1,3,a tennis player's left shoe,551,0.010981345663265306,0.0008167819804472091,0.0013602939112692602,0.0020400599429481908,0,826.345703125,overall|small|part
2401275,2,4,a tennis player's right shoe,320,0.006377551020408163,0.0003797543213433831,0.0004931888924590192,0.0016483677551150321,0,1069.524658203125,overall|small|part
2401275,3,2,blue tennis shorts,855,0.017040019132653062,3.9955582822611413e-05,4.297165829642974e-05,0.0005689449129048843,0,11320.203125,overall|small
2401275,4,6,2 men are sitting in first row,864,0.01721938775510204,0.014384486819725179,0.015275461744343568,0.1978290875752767,0,11189.470703125,overall|small
2401275,5,8,a long black umbrella,312,0.006218112244897959,0.01302313437362884,0.013106291701945126,0.6724055852645483,0,16006.857421875,overall|small
2401275,6,9,green plants behind the barrier fence,806,0.016063456632653062,0.038087438076811406,0.055031322677598894,0.11008479873240734,0,1612.324462890625,overall|small
2401276,0,0,surfer walking in the water,2907,0.057936065051020405,0.002432239274812667,0.0028670975028849423,0.015783084886443956,0,16002.744140625,overall
2401276,1,1,the ship has a white sail,2397,0.047771843112244895,0.05024710416564936,0.057458815998598166,0.28588788251753494,0,11926.337890625,overall
2401276,2,2,white wave moved by the wind,3568,0.07110969387755102,0.03327981323989009,0.05374837212486522,0.08036627149368081,0,5334.98681640625,overall
2401277,0,7,round logo on surfboard,456,0.009088010204081632,0.010928040017472026,0.01140802387976278,0.206180589240894,0,8241.4228515625,overall|small|text
2401277,1,3,boy has brown curly hair,999,0.019909917091836735,0.030239424183565834,0.032492678435911505,0.3036515213944413,0,9335.8837890625,overall|small|part
2401277,2,1,ripple in ocean water,390,0.007772640306122449,0.0023151213878225296,0.003790411042176217,0.005912990447802422,0,608.394775390625,overall|small
2401277,3,2,dirt spots on surfboard,882,0.017578125,0.008766019378537684,0.011493155752848603,0.035627051545919476,0,2734.067138671875,overall|small
2401277,4,0,wetsuit bottoms of kid,3204,0.06385522959183673,0.005284549286916463,0.006271776434770173,0.03248183527838127,0,16593.671875,overall
2401277,5,4,dark blue ocean water,4028,0.08027742346938775,0.02138850985160531,0.03426317497016534,0.05385545277903309,0,6331.2802734375,overall
2401277,6,5,dark blue ocean water,2968,0.05915178571428571,0.03099092539049136,0.0441506904504868,0.09418140010371041,0,6331.2802734375,overall
2401278,0,1,pencil holder on shelf,224,0.004464285714285714,0.009358992873332778,0.009522763658253854,0.35241399492536274,0,8289.6875,overall|small
2401278,1,3,section of a shelf,738,0.014708227040816327,0.00855086872206745,0.01004712352019131,0.05429999808954999,0,3988.54443359375,overall|small
2401278,2,4,part of a drawer ,160,0.0031887755102040817,0.0025995451562388205,0.0026550843840522846,0.11053611040115356,0,6661.09814453125,overall|small
2401278,3,6,section of a brown surface,299,0.0059590242346938774,0.0012693026395878273,0.0013196579266010577,0.032193630435395,0,7294.2353515625,overall|small
2401278,4,7,red basket on top of dresser,900,0.01793686224489796,0.0013086593286440143,0.0013818414129907284,0.024114534589979385,0,15705.9130859375,overall|small
2401278,5,8,part of a wooden floor,180,0.003587372448979592,2.5098135698647607e-05,2.5749837063417922e-05,0.0009906878901852502,0,6925.24072265625,overall|small
2401278,6,9,unsolved Rubik's cube,96,0.001913265306122449,0.0016403581417934222,0.001757567186809952,0.024006908138593037,0,1311.2802734375,overall|small
2401279,0,1,Flower centerpiece on table,512,0.01020408163265306,0.013462108315902261,0.013722494699946595,0.4150199294090271,0,15484.80859375,overall|small
2401279,1,0,Smiling couple,33166,0.6609933035714286,0.338779005844058,0.8441970214129366,0.36137361704192544,1,14197.298828125,overall
2401280,0,1,circular red sign with one flat white line,722,0.014389349489795918,0.015866417447812527,0.019856635890569883,0.07317857398881146,0,2660.81982421875,overall|small|text
2401280,1,3,red stop sign on a city street,476,0.009486607142857142,0.008104207438089662,0.008452681961468294,0.16428320748465403,0,9251.3603515625,overall|small|text
2401280,2,6,black and white sign with arrow pointing right,143,0.002849968112244898,0.004524873377544414,0.004766569593957192,0.08192573227248826,0,2457.822021484375,overall|small|text
2401280,3,7,"red, white, and black caution sign",418,0.008330676020408163,0.003826926553330438,0.004046861468880892,0.06578418512663772,0,6794.84326171875,overall|small|text
2401280,4,0,metal divider on a pole,702,0.013990752551020409,0.010656883695737994,0.011482837686494645,0.12903934054904515,0,7888.783203125,overall|small
2401280,5,2,small black tire on a car,70,0.0013950892857142857,0.0014836589840308925,0.0014878921262701324,0.3427478245326451,0,16125.05859375,overall|small
2401280,6,4,person driving small white car,460,0.009167729591836735,0.011924617109434843,0.012868816061502582,0.1398032644520635,0,4997.31298828125,overall|small
2401281,0,1,steeple on top of church,330,0.006576849489795918,0.0010230577331290529,0.0010470414401979437,0.04275348258740974,0,13474.7763671875,overall|small
2401281,1,0,wintry day in front of the clock tower,26568,0.5294961734693877,0.250987003457228,0.681873811286313,0.2842747964833164,1,11076.26171875,overall
2401282,0,5,The text is white.,880,0.017538265306122448,0.04912439315925018,0.05283764691093943,0.41142342307350854,0,6852.17138671875,overall|small|text
2401282,1,7,the black face of the sheep,414,0.00825095663265306,0.02039886371624003,0.021106197278920068,0.37837377723288423,0,7421.83642578125,overall|small|part
2401282,2,0,trough for the sheep.,279,0.005560427295918368,0.0007738407607232156,0.0007805303482894482,0.08281324926670307,0,29601.53515625,overall|small
2401282,3,1,hazy sky in the background.,372,0.00741390306122449,2.280987409002789e-08,2.7730114708053142e-08,1.285547583510408e-07,0,1724.564453125,overall|small
2401282,4,6,pasture in the distance.,126,0.0025111607142857145,0.0002573956000677382,0.0002697584594650488,0.005585022388942658,0,2608.677490234375,overall|small
2401282,5,8,grass on the ground.,210,0.004185267857142857,0.0007126992477924271,0.0011967228167173364,0.0017590118306023733,0,308.6700439453125,overall|small
2401282,6,3,a tree with green leaves,4264,0.08498086734693877,0.008349176295494615,0.029567428478985983,0.011500691383462014,0,1658.5462646484375,overall|part
2401283,0,6,corner of street sign to exit,156,0.0031090561224489796,0.005039754428082561,0.005209155765925479,0.13417992225060096,0,4018.322509765625,overall|small|text
2401283,1,7,dust covered ford logo,357,0.007114955357142857,0.015140082030496386,0.015222713612908306,0.7360896262801996,0,17262.625,overall|small|text
2401283,2,1,white house with dark roof,165,0.003288424744897959,0.003177594335470455,0.003385297377613023,0.04924056891239051,0,2399.994140625,overall|small
2401283,3,3,clean spots on dirty SUV,777,0.015485491071428572,0.010974682639988288,0.011463176001711484,0.20479425653681024,0,13881.41796875,overall|small
2401283,4,4,a fence alongside a road,912,0.018176020408163265,0.06979898695476203,0.07277352666205425,0.6306781434176261,0,7903.67724609375,overall|small
2401283,5,8,grass and dirt,440,0.008769132653061224,0.0005993479581446196,0.0009528492462448997,0.0016129138794812288,0,744.7999877929688,overall|small
2401283,6,0,white line on road,1452,0.02893813775510204,0.005175199948358904,0.007033899059072843,0.01920838789506392,0,3965.166259765625,overall
2401284,0,0,A number sign,121,0.0024115114795918366,4.336355278095451e-05,4.419960244027361e-05,0.0022872659293088045,0,6261.576171875,overall|small|text
2401284,1,4,tracks in the snow,425,0.008470184948979591,0.00046250759020169684,0.00047365990057703956,0.019265143450568702,0,17286.001953125,overall|small
2401284,2,1,A man skiing on a road,11832,0.23580994897959184,0.028677049152599058,0.07556494787154619,0.044174601855996976,0,6916.8828125,overall
2401284,3,2,A clear blue sky,3750,0.07473692602040816,4.394723857242923e-06,2.6431273944823543e-05,5.271130800247192e-06,0,747.854248046875,overall
2401284,4,3,group of evergreen trees,2522,0.05026307397959184,0.04394197318392308,0.05291101589150512,0.20586175638753965,0,9812.38671875,overall
2401285,0,0,Both people are skiing.,27495,0.5479711415816326,0.22517714547906648,0.47980260959291454,0.29790652632865067,0,17071.478515625,overall
2401286,0,0,black and white ram face,1517,0.030233577806122448,0.054186413803785353,0.06044713990946437,0.3434737525492337,0,8619.9228515625,overall|part
2401286,1,1,sheep grazing on a dry grassy hillside,25415,0.5065170599489796,0.07025996466089841,0.5023616706977353,0.07551581731537724,1,3820.423828125,overall
2401286,2,2,A white sheep in the back eating grass,2700,0.053810586734693876,0.05606078626008396,0.06620741268623875,0.26782857259114584,0,10922.298828125,overall
2401286,3,3,a black sheep eating grass,4108,0.08187181122448979,0.05348502535073786,0.06629431137657082,0.2167988064922864,0,13434.1767578125,overall
2401287,0,6,the surfer's hair is dark colored,264,0.0052614795918367345,0.0021413476480589724,0.0023116765476049535,0.028241278547229187,0,3225.23388671875,overall|small|part
2401287,1,7,legs of a man,45,0.000896843112244898,0.0001427954289377425,0.00014969370029779627,0.0030891136990653144,0,928.63037109375,overall|small|part
2401287,2,0,green ocean water,820,0.01634247448979592,0.002626166799013248,0.00530233689569147,0.0051763307757493925,0,800.5133056640625,overall|small
2401287,3,2,back of person,110,0.002192283163265306,0.002279749613303558,0.0025125962366521395,0.024009628729386764,0,1051.1275634765625,overall|small
2401287,4,4,back of surf board,20,0.0003985969387755102,0.00040756061848766615,0.00040761012225199437,0.7704222202301025,0,37801.91796875,overall|small
2401287,5,1,"a large, dark rock face",25606,0.5103236607142857,0.0372404010741711,0.23046086355030557,0.04252889451874072,0,4725.2919921875,overall|part
2401287,6,3,the shore is rocky,5740,0.11439732142857142,0.01668057135032615,0.07371633493582232,0.021103960628708895,0,1643.2821044921875,overall
2401288,0,0,a glass cup is next to bowl,1584,0.031568877551020405,0.02613678991303954,0.038773572706035084,0.07424189827658913,0,3032.97216796875,overall
2401288,1,1,orange pasta,1972,0.03930165816326531,0.03216588795117426,0.035335238408013246,0.263958480246894,0,14731.0771484375,overall
2401288,2,2,fork to the left of the plate,3925,0.07822464923469388,0.04001449881983481,0.05174609892102152,0.15001920469247612,0,11379.1259765625,overall
2401288,3,3,The edge of a brown plate or tray,1020,0.02032844387755102,0.061391343105341285,0.06404149581561183,0.597348082299326,1,9514.06640625,overall
2401288,4,4,green broccoli,1320,0.026307397959183673,0.011818954677030277,0.017419987385070054,0.035455299146247635,0,2686.626220703125,overall
2401289,0,4,Short yellow pole,234,0.00466358418367347,0.0003443995891264519,0.0003507706446882023,0.018608727006830722,0,12413.9296875,overall|small
2401289,1,5,'sherrif' is written on  trunk,256,0.00510204081632653,0.00363803254926867,0.00382353031789083,0.06975715607404709,0,4670.5087890625,overall|small
2401289,2,6,part of a pole,180,0.003587372448979592,0.008720295569275857,0.0089806475166873,0.23124239179823133,0,4634.81396484375,overall|small
2401289,3,7,back light of a car,88,0.001753826530612245,0.006417381206275841,0.006436686821786474,0.6814900745045055,0,9317.080078125,overall|small
2401289,4,8,Short wooden post in the grass,168,0.0033482142857142855,0.0035882268071043204,0.004669435071770436,0.015260066304888045,0,549.0366821289062,overall|small
2401289,5,9,License plate on a police car,130,0.002590880102040816,0.0059369419356845214,0.005989104106060892,0.4053501422588642,0,8798.564453125,overall|small
2401289,6,0,Back tire of the sheriff car.,1152,0.02295918367346939,0.00043618919128053375,0.0004872926669219172,0.004142015758487914,0,9792.06640625,overall
2401290,0,0,leaves of a tree,245,0.0048828125,0.00034313857782771763,0.00035397611719889007,0.01108338686884666,0,7671.22314453125,overall|small|part
2401290,1,2,woman's hand holding string,380,0.007573341836734694,0.0014193117261770006,0.001493658581198371,0.02772401257565147,0,7053.23486328125,overall|small|part
2401290,2,5,top part of pole with string running through it,320,0.006377551020408163,0.0016689346448200883,0.0016863646795239795,0.1390223026275635,0,26380.49609375,overall|small
2401290,3,6,sky over the colorful fabric,225,0.00448421556122449,0.0013274613897778164,0.0015702895436006305,0.00851119253370497,0,1219.531982421875,overall|small
2401290,4,7,tip of tree,91,0.0018136160714285715,0.002993800980285914,0.003047304156578769,0.14567421294830657,0,4350.1904296875,overall|small
2401290,5,8,edge of a fence,10,0.0001992984693877551,2.9896244535727834e-06,3.0030805493899335e-06,0.0006667681969702244,0,2220.28076171875,overall|small
2401290,6,9,part of a fence,56,0.0011160714285714285,7.463408428703844e-05,7.789084721831799e-05,0.001781816461256572,0,1281.0455322265625,overall|small
2401291,0,2,white sign with drwaing,168,0.0033482142857142855,3.7132766905633693e-06,3.845857839441129e-06,0.0001077015573779742,0,4704.76611328125,overall|small|text
2401291,1,3,Business name visible through trees,468,0.00932716836734694,0.00024890118161776585,0.0003039092381459807,0.001373244147015433,0,2114.70458984375,overall|small
2401291,2,6,The coin slot on the right meter.,66,0.0013153698979591836,0.0008034176438176982,0.000809063314995612,0.1032477870131984,0,8422.5224609375,overall|small
2401291,3,1,a sign about Jesus taped to a parking meter,1225,0.0244140625,0.04772875928170954,0.059770686851033525,0.1915298150510204,0,3925.40283203125,overall|text
2401291,4,0,A row of shops on a city street,2323,0.04629703443877551,0.006307711139357482,0.010267581010817805,0.016092127168994497,0,3640.78076171875,overall
2401291,5,4,The pole of a parking meter,2139,0.04262994260204082,0.01030941597254113,0.0119430399042314,0.07008725630451218,0,12552.63671875,overall
2401291,6,5,Mud guard on the back of bicycle tire,2303,0.0458984375,0.01433755889341532,0.01633214919617361,0.10506462729914107,0,14815.1865234375,overall
2401292,0,1,A guard rail along the road,510,0.01016422193877551,0.002713358024950903,0.0030097173022010687,0.026816915998271868,0,4544.15673828125,overall|small|part
2401292,1,3,rear wheel of a vehicle ,280,0.005580357142857143,0.0014456438308866762,0.0015151604732725058,0.030546273503984724,0,5644.91796875,overall|small|part
2401292,2,5,licence plate on a vehicle ,96,0.001913265306122449,0.005190573575645484,0.005218305890646165,0.49410494168599445,0,9089.9375,overall|small
2401292,3,6,side rear view mirror on a vehicle ,63,0.0012555803571428572,0.005765415097557207,0.005956003562845266,0.15266636439732142,0,1614.8380126953125,overall|small
2401292,4,8,Rock along the train track,841,0.016761001275510203,0.0005973798234199336,0.0006246789015715694,0.01348537213737134,0,18155.244140625,overall|small
2401292,5,9,windows on a train car ,345,0.006875797193877551,0.012900507625849125,0.014284590069856287,0.11749748561693274,0,2837.78759765625,overall|small
2401292,6,0,train engine on tracks ,1353,0.026965082908163265,0.021462399179532278,0.024441058036014603,0.1497374856727527,0,8289.1181640625,overall
2401293,0,7,part of a number plate,40,0.0007971938775510204,0.0010120890423385373,0.001016912231929823,0.175860595703125,0,6917.4345703125,overall|small|text
2401293,1,4,Glasses on man on motorcycle,156,0.0031090561224489796,0.0006993021978938312,0.0007092832392148679,0.04734191222068591,0,10412.396484375,overall|small
2401293,2,5,Round motorcycle headlight,840,0.016741071428571428,0.0226294433422295,0.023786000025946986,0.3175934564499628,0,11215.7783203125,overall|small
2401293,3,6,engine of a bike,336,0.006696428571428571,0.00021044181839054474,0.0002161356167040326,0.007925027892703102,0,12320.0859375,overall|small
2401293,4,8,small circular orange indicator light,240,0.0047831632653061226,0.006718476157891274,0.007085691259586449,0.11476069291432699,0,3887.068359375,overall|small
2401293,5,9,part of a jeans,88,0.001753826530612245,0.000139124865504268,0.0001452081217025921,0.003309936685995622,0,2005.9100341796875,overall|small
2401293,6,0,hand on a man,1204,0.023995535714285716,0.0270540145181229,0.03562202792296779,0.1011063711983817,0,3417.32568359375,overall|part
2401294,0,1,a man in a white shirt,345,0.006875797193877551,0.008765787024415198,0.009210488802187016,0.15365663611370584,0,5755.56201171875,overall|small|text
2401294,1,2,a white patch on a pony's head,484,0.009646045918367346,0.012851604498963052,0.013358264757439956,0.25308296897194604,0,9169.765625,overall|small|part
2401294,2,0,group of carotts,165,0.003288424744897959,0.004722406333690483,0.004772143596547395,0.31181656808564157,0,10781.2626953125,overall|small
2401294,3,4,nose of a horse,54,0.0010762117346938774,0.000547806472949726,0.0005527735889353699,0.057460537663212526,0,5613.27294921875,overall|small
2401294,4,6,pieces of carrot ,208,0.004145408163265306,0.004685610897836112,0.004875656145600928,0.10731060688312237,0,4577.9697265625,overall|small
2401294,5,8,red lead attached to horse halter,935,0.0186344068877551,0.015079045038147243,0.016355399473629635,0.16193521265040106,0,9257.4580078125,overall|small
2401294,6,9,leg of a small horse ,2175,0.04334741709183673,0.011099849628753907,0.015733726313436964,0.036319292441181754,0,5020.708984375,overall|part
2401295,0,0,button is on shirt,28728,0.5725446428571429,0.1254192124356286,0.6154776558292624,0.13608208754307644,0,6351.759765625,overall|text
2401295,1,1,foliage in the background,1426,0.02841996173469388,0.02454183907550032,0.026267121603809913,0.27200995789002236,0,14766.9853515625,overall
2401296,0,0,An Airplane in a hanger,39537,0.7879663584183674,0.1584915018268122,0.9011461861734557,0.16129581991631256,1,7076.712890625,overall
2401297,0,0,The kite is blue and black,759,0.015126753826530613,0.00017432825492093887,0.00019801620916494624,0.0014551526158851755,0,5577.62841796875,overall|small
2401297,1,1,upper part of a kite,176,0.00350765306122449,0.005809337628775804,0.005847441453148166,0.47132054242220794,0,14186.1044921875,overall|small
2401297,2,3,ripples of ocean water,144,0.0028698979591836736,0.0014142567546319017,0.00147985252488737,0.030919379658169217,0,3008.671875,overall|small
2401297,3,5,Man hovering over water,120,0.0023915816326530613,0.00404900251428901,0.004210619221740364,0.09542304674784342,0,2719.496826171875,overall|small
2401297,4,6,part of a sandy beach,56,0.0011160714285714285,0.00026077295483343437,0.0002631397294213958,0.028176022427422658,0,5996.271484375,overall|small
2401297,5,7,yellow part of a kite,72,0.0014349489795918368,0.0005424757539101076,0.000549049315422824,0.04334569639629788,0,5684.1708984375,overall|small
2401297,6,2,Kite strings in the sand,10240,0.20408163265306123,0.013377221782943217,0.02359574662583681,0.029963967204093934,0,13003.658203125,overall
2401298,0,5,a red rock in the dirt,42,0.0008370535714285714,0.0002853573588237398,0.00028659491283377665,0.0619872184026809,0,9084.1220703125,overall|small
2401298,1,0,some weeds hanging over the street,15184,0.3026147959183674,0.06451322069961629,0.17828862864397707,0.09181205339502108,0,7819.19873046875,overall
2401298,2,1,the street is made of asphalt,6216,0.12388392857142858,0.046850646687655775,0.10760643207075253,0.07662073280206826,0,4426.078125,overall
2401298,3,2,the case has white lines,7750,0.1544563137755102,0.01491207707201047,0.03420388145148161,0.02575773374495968,0,5836.2509765625,overall
2401298,4,3,small brown wood pieces,1508,0.03005420918367347,0.01635408699816062,0.01930653793960345,0.09661024382006901,0,7546.0576171875,overall
2401298,5,4,brown dirt next to a suitcase,3318,0.06612723214285714,0.06819577590300514,0.16503644365788564,0.10411897720235741,0,2093.275634765625,overall
2401299,0,0,black rimmed glasses on man's face,624,0.012436224489795918,0.01133528290884639,0.011679022556479943,0.2780469747690054,0,14855.8076171875,overall|small|part
2401299,1,6,a golden door knob,36,0.0007174744897959184,0.00014805337485552844,0.00014952333080602817,0.014836493465635512,0,3572.10986328125,overall|small|part
2401299,2,7,part of a door,48,0.0009566326530612245,0.0034297561363486303,0.003449602451721436,0.37349077065785724,0,5196.9921875,overall|small|part
2401299,3,8,edge of a door,105,0.0020926339285714285,0.00814285675710178,0.008207495887382994,0.5083414713541666,0,6503.3056640625,overall|small|part
2401299,4,1,part of a silver bangle ,6,0.00011957908163265306,1.144019708538082e-05,1.144557625218152e-05,0.023763542373975117,0,12457.32421875,overall|small
2401299,5,5,part of a beard,70,0.0013950892857142857,0.0012347159351141453,0.0012478622095764755,0.10490585054670061,0,5884.7919921875,overall|small
2401299,6,9,section of a wall a painting,120,0.0023915816326530613,0.008868871424521908,0.009409378546838505,0.133743953704834,0,1705.6678466796875,overall|small
2401300,0,2,The word Travel on the wall behind the girl.,180,0.003587372448979592,0.001974595010803329,0.0026558672228074198,0.007638945844438341,0,517.7255249023438,overall|small|text
2401300,1,1,the shoe is blue,632,0.012595663265306123,0.006898329044110462,0.008842234122075339,0.03042375588718849,0,2174.54248046875,overall|small|part
2401300,2,3,The pink design on the dress next to the girl's thigh.,253,0.005042251275510204,0.002706571735791088,0.002770442083836048,0.10506559831822813,0,9594.712890625,overall|small
2401300,3,5,The design on the front of the girl's dress.,247,0.004922672193877551,0.010926758614283999,0.011017196366859081,0.5710190993088943,0,12801.9609375,overall|small
2401300,4,0,The woman is holding an umbrella.,5885,0.11728714923469388,0.01533455259839235,0.021479690481079887,0.05087349761210971,0,13938.3076171875,overall
2401300,5,4,a dirty red carpet,1769,0.035255899234693876,0.004322490154805331,0.005114803910392321,0.027146463949441774,0,9388.84375,overall
2401300,6,6,pink and white patterned wallpaper,1887,0.037607621173469385,0.031063261762932167,0.06243049944954454,0.05822566304815845,0,1759.90625,overall
2401302,0,3,a triangular metal piece on the front of a bench leg,304,0.006058673469387755,0.0013580376749412883,0.0014343808885964363,0.024880757457331606,0,5273.18115234375,overall|small|part
2401302,1,6,woman has polka dotted scarf,960,0.01913265306122449,0.02994149229989474,0.030556890812340334,0.597862180074056,0,18782.921875,overall|small
2401302,2,0,a pair of blue jeans on a woman,2775,0.05530532525510204,0.02530250605010591,0.05310510496168701,0.04610165432766751,0,2409.03564453125,overall
2401302,3,1,a grey and black speckled floor,2720,0.054209183673469385,0.051654887113639525,0.09211236170015509,0.10523052215576172,0,3107.3681640625,overall
2401302,4,2,bench is silver metal,1564,0.0311702806122449,0.014506452171335591,0.01636498458631039,0.1132661082860454,0,10824.8310546875,overall
2401302,5,4,a  white wall behind a bench,3783,0.07539461096938775,0.04697216795006781,0.0747846510172602,0.11213936983451873,0,5672.59765625,overall
2401302,6,5,back of a laptop screen ,1596,0.03180803571428571,0.02106500012088056,0.028649327761671117,0.07370675835095551,0,4106.064453125,overall
2401303,0,1,section of a snow,126,0.0025111607142857145,0.001092832199355937,0.0011063761072335825,0.08195513770693824,0,9333.4873046875,overall|small
2401303,1,0,a striped cat,29744,0.5927933673469388,0.15615038325975605,0.631280131203955,0.1718213028520458,1,8095.697265625,overall
2401304,0,0,the eyes of the crow are yellow,60,0.0011957908163265306,0.0013524506858497666,0.0013675911620708678,0.10886352856953939,0,4776.1435546875,overall|small|part
2401304,1,4,the elongated beak is gray,400,0.007971938775510204,0.015501416130212366,0.0165200331022955,0.20089725494384766,0,4864.33056640625,overall|small
2401304,2,3,a bird's black tail,3604,0.07182716836734694,0.019452648490226123,0.02484732696141321,0.08222937716231098,0,11927.0244140625,overall|part
2401304,3,1,bird's feet on top of the wood,3456,0.06887755102040816,0.012500838565702981,0.029194299012735268,0.021394323419641564,0,2532.64453125,overall
2401304,4,2,the top of the wings have turquoise blue feathers,4453,0.08874760841836735,0.07410238466772877,0.11321048515551328,0.17662420129336964,0,6947.30322265625,overall
2401304,5,5,wooden floor surface outdoors,3720,0.0741390306122449,0.035973786042274934,0.048091566633601895,0.12493202455582157,0,9663.796875,overall
2401305,0,2,A silver toilet paper holder,216,0.00430484693877551,0.007790346525500883,0.00785912477489301,0.47095100967972364,0,12943.6064453125,overall|small
2401305,1,4,A white light switch on the white wall,72,0.0014349489795918368,0.004725455797966181,0.004852141661780055,0.15325111813015407,0,2274.06396484375,overall|small
2401305,2,0,rectangular mirror over sink,4680,0.09327168367346939,0.08404735117473146,0.11055442555664975,0.2595557840461405,0,10987.5390625,overall
2401305,3,1,Toilet seat is up.,2275,0.04534040178571429,0.012698364573442616,0.018050589148236783,0.04106701190655048,0,5175.8671875,overall
2401305,4,3,The white wall in the bathroom.,9000,0.17936862244897958,0.012546091623718496,0.037043419120286136,0.01861824713812934,0,4523.45458984375,overall
2401305,5,5,Black tile in the bathroom.,1656,0.03300382653061224,0.0002614794179027883,0.0003071726816858012,0.001754709343979324,0,9459.8212890625,overall
2401306,0,2,a black hand bag,400,0.007971938775510204,0.009166077638473429,0.009742203558656418,0.13419689178466798,0,5509.91943359375,overall|small|part
2401306,1,6,a man's right shoe,138,0.0027503188775510204,0.00416791464187684,0.004960609019531584,0.02541942872862885,0,707.1472778320312,overall|small|part
2401306,2,3,bonnet of a car,190,0.003786670918367347,0.007869626214695514,0.007921158549051401,0.5474415026212993,0,13131.1455078125,overall|small
2401306,3,4,a closed umbrella ,260,0.005181760204081632,0.0048948996391246224,0.004972840529814464,0.23798370361328125,0,12442.740234375,overall|small
2401306,4,5,part of a road,55,0.001096141581632653,0.0004465559197476788,0.0004630522649382579,0.012379644133827902,0,1470.4180908203125,overall|small
2401306,5,0,a woman's lace stockings ,6545,0.13044084821428573,0.003685419055028113,0.02027000417241438,0.004484192663881959,0,1447.905029296875,overall
2401306,6,1,the umbrella is open,8556,0.17051977040816327,0.006009071256035125,0.009277466113774373,0.016770921504737173,0,15466.7236328125,overall
2401307,0,1,lower part of a sculpture,132,0.0026307397959183672,0.0022380621136326873,0.002290543361436584,0.08898784175063625,0,5128.21337890625,overall|small
2401307,1,0,Shiny green and blue vase,42174,0.8405213647959183,0.23248527110932313,0.8143560240188802,0.24549615136102812,1,12713.7939453125,overall
2401308,0,3,face of a doll,216,0.00430484693877551,0.00012051335695613281,0.0001566123920890031,0.0005225630615044523,0,720.7196044921875,overall|small|part
2401308,1,0,This teddy bear is bright green.,806,0.016063456632653062,0.014934792969362235,0.016009518165250734,0.18198695786241859,0,9162.142578125,overall|small
2401308,2,1,edge of a shelf,65,0.001295440051020408,0.00027487716972835326,0.00029534785676648583,0.0039502185124617355,0,869.3619995117188,overall|small
2401308,3,2,floor of a shop,132,0.0026307397959183672,0.0003315236524762802,0.00034816476855768644,0.0068883462385697794,0,2611.58447265625,overall|small
2401308,4,4,hot pink shirts on display,180,0.003587372448979592,0.006708478857170203,0.006835607223111158,0.2650897767808702,0,6980.52978515625,overall|small
2401308,5,7,light pink shirts on display,294,0.005859375,0.014451859820774961,0.015059273979602189,0.26378385063742293,0,5149.8134765625,overall|small
2401308,6,8,tag on stuffed teddy bear,54,0.0010762117346938774,0.001216837636146964,0.0012180177554186255,0.556720945570204,0,24681.849609375,overall|small
2401309,0,0,the girl is carrying a brown purse,1638,0.03264508928571429,0.04086767291747879,0.042627695144058286,0.4974404732095162,0,19114.509765625,overall
2401309,1,1,a sewage hole closed,10890,0.2170360331632653,0.032904300274897526,0.09203728106658138,0.048718693280460856,0,5764.474609375,overall
2401310,0,1,numbers on the plane,204,0.004065688775510204,0.004084749864922556,0.004113507112607525,0.3688034730799058,0,18289.966796875,overall|small
2401310,1,3,the nose of the plane,988,0.019690688775510203,0.025377173455869383,0.033105279423767814,0.0980504688463713,0,2926.236083984375,overall|small
2401310,2,5,the afterburner of the plane,496,0.009885204081632654,0.00891158433548983,0.009310052161694872,0.17233331741825228,0,9181.1865234375,overall|small
2401310,3,0,one window on fighter jet,1410,0.02810108418367347,0.007852408581433401,0.01211973359539441,0.02181529592960439,0,2537.973876953125,overall|part
2401310,4,2,cloudy blue skies,4400,0.08769132653061225,0.00012353113203679143,0.004156817435068219,0.000127298425544392,0,134.7456512451172,overall
2401310,5,4,the jet has a stinger on the left wing,3025,0.06028778698979592,0.025142301828919557,0.029481095461585345,0.14590949444731405,0,14971.5,overall
2401311,0,2,The door opens in,1786,0.03559470663265306,0.015085105025835507,0.02570169233569,0.035232838697956764,0,2448.3154296875,overall|part
2401311,1,0,white flowers in a pot,1824,0.03635204081632653,0.0011136015746548895,0.002509441893794585,0.0019980329170561674,0,1452.2799072265625,overall
2401311,2,1,white toilet bowl in a bathroom,2059,0.04103555484693878,0.02312845577039158,0.03808387300685734,0.05562060570589485,0,3007.121337890625,overall
2401311,3,3,Wicker four legged vanity stool ,2275,0.04534040178571429,0.08736832471573312,0.09306577544455966,0.5879906958276099,0,14373.4775390625,overall
2401311,4,4,a dark brown stand to hold magazines and toiletries ,2376,0.047353316326530615,0.1340973286062357,0.14017964359992127,0.7555342651778199,0,12806.0634765625,overall
2401311,5,5,The floor is made of tile,2100,0.04185267857142857,3.8680776281035515e-05,6.990552363215885e-05,8.659047739846365e-05,0,2601.22509765625,overall
2401311,6,6,Brass three globe lighting,3195,0.06367586096938775,8.518302314184101e-05,0.00010535268867635805,0.0004447406073318028,0,13487.517578125,overall
2401312,0,0,White writing on the side of bike.,132,0.0026307397959183672,0.003382084098426183,0.0034089516957336793,0.30026756633411755,0,11626.8349609375,overall|small|text
2401312,1,1,extended side view mirror,273,0.005440848214285714,0.001653314982337833,0.0017664631192753197,0.025162003415844816,0,3888.689697265625,overall|small
2401312,2,4,round headlight turned off,170,0.0033880739795918366,0.003710551545817268,0.0037751050710144096,0.1783032024607939,0,8029.32470703125,overall|small
2401312,3,7,The black mark on a cross,77,0.0015345982142857143,0.0005732330133183701,0.0005790949078925893,0.05359449634304295,0,7126.251953125,overall|small
2401312,4,2,The road the motorcycle is parked on,19401,0.3866589604591837,0.017790697518783337,0.04060358064423549,0.030692941337189448,0,14665.5478515625,overall
2401312,5,3,Multi colored sky beyond artwork.,1849,0.03685028698979592,0.0034422128583566,0.005613521831101368,0.008820713759113351,0,2905.395263671875,overall
2401312,6,5,concrete pillar on bridge,4888,0.09741709183673469,0.013708693204527281,0.04770294619038554,0.01887385466680199,0,1933.9560546875,overall
2401313,0,0,white spot on the floor,260,0.005181760204081632,0.0020929137420826055,0.0022015529409021013,0.04068687145526593,0,4805.056640625,overall|small
2401313,1,3,gray edge of wall,648,0.012914540816326531,0.006337089599001667,0.007882246889981738,0.03131481453224465,0,2574.392822265625,overall|small
2401313,2,5,blue line on the dirty floor,609,0.012137276785714286,0.000487340484819521,0.000528907049535566,0.006162868931962938,0,7096.11865234375,overall|small
2401313,3,1,Two doors in the wall.,5590,0.1114078443877551,0.06482454063415585,0.11817662718446874,0.1255595799208967,0,5939.22900390625,overall
2401313,4,2,The wall has two colors.,7980,0.15904017857142858,0.04310540587290387,0.2251962532766167,0.050611449124520286,0,1793.455078125,overall
2401313,5,4,small white spots on the wall,1558,0.031050701530612245,0.03950512509122118,0.05958804955405921,0.10491767070412789,0,2743.196533203125,overall
2401314,0,1,section of a hill,180,0.003587372448979592,0.00537815738460222,0.005529688159870476,0.16406180063883463,0,5340.46826171875,overall|small
2401314,1,2,tip of a hill,60,0.0011957908163265306,0.0005596529847244489,0.0005631109194216078,0.08352502187093098,0,8899.669921875,overall|small
2401314,2,4,section of a white cap,12,0.00023915816326530612,0.00013778801909233217,0.00013793965341282678,0.11138272285461426,0,9689.69140625,overall|small
2401314,3,5,a small patch of white snow,315,0.006277901785714286,0.015380764747539112,0.015577096856191852,0.5496141221788194,0,11114.294921875,overall|small
2401314,4,6,back of a man,96,0.001913265306122449,0.004529144874732511,0.004574355441243083,0.3142483631769816,0,6594.9931640625,overall|small
2401314,5,7,edge of an ocean shore,104,0.002072704081632653,0.0017143330114034153,0.0017407166945541477,0.10161342987647423,0,6070.94580078125,overall|small
2401314,6,8,section of a rocky landscape,162,0.0032286352040816328,0.0009787171973855357,0.0010419943250075542,0.01586106088426378,0,2465.9365234375,overall|small
2401315,0,7,sign hanging above the blue bus,460,0.009167729591836735,0.0014667870102405116,0.001828984916809829,0.007352353178936503,0,1849.158203125,overall|small|text
2401315,1,3,steering wheel on the blue bus,272,0.005420918367346939,0.011625464393686592,0.011677238200680515,0.7239129683550667,0,16862.234375,overall|small|part
2401315,2,6,bus interior window,228,0.004544005102040816,0.010397108019314582,0.011512531810637442,0.09691119612308971,0,1919.2783203125,overall|small|part
2401315,3,0,The license plate is white.,430,0.008569834183673469,0.0016412175718313643,0.001763701811889272,0.02308697367823401,0,5628.728515625,overall|small
2401315,4,1,child in background of blue bus,147,0.0029296875,0.001089534182543597,0.0010985411282086921,0.11729874902841997,0,15696.1953125,overall|small
2401315,5,4,part of shadow of the blue bus,738,0.014708227040816327,0.014192277565921877,0.015812950805606366,0.1216315602868553,0,5676.61865234375,overall|small
2401315,6,5,man walking in convention building,384,0.007653061224489796,0.04494822537372828,0.04950812970578779,0.32796384890874225,0,2543.78662109375,overall|small
2401316,0,0,Three blue containers full of mushrooms,13104,0.2611607142857143,0.09318100190047596,0.19437157107541247,0.15181380983382936,0,10234.8720703125,overall
2401316,1,1,The box is cardboard.,3420,0.06816007653061225,0.0416979022384005,0.05621830874331644,0.1390004297446089,0,8455.990234375,overall
2401316,2,2,grey cement ground under the boxes,4750,0.09466677295918367,0.1985181531784648,0.3523259526926211,0.31259359580592105,0,4214.3349609375,overall
2401316,3,3,Three red apples on top of an onion ,2967,0.05913185586734694,0.04606504433835837,0.06367318452255587,0.14279113090677137,0,6653.6845703125,overall
2401316,4,4,The table is blue.,3204,0.06385522959183673,0.06065352862109318,0.07514399500184932,0.2392743095178878,0,10202.2109375,overall
2401316,5,5,potato in a box,1462,0.029137436224489797,0.03072949354710748,0.035163284787175925,0.19595268030336227,0,8147.21435546875,overall
2401316,6,6,The sidewalk is dirty.,2800,0.05580357142857143,0.025882968415213228,0.056382231786885936,0.045663433074951174,0,2267.693359375,overall
2401317,0,3,arrows on sign giving directions,782,0.01558514030612245,0.005029160868925935,0.0057057612979424365,0.04068533904717096,0,5576.10693359375,overall|small|text
2401317,1,0,yellow traffic light on pole,400,0.007971938775510204,0.004015767476222366,0.004114213264349915,0.14370776176452638,0,13971.833984375,overall|small
2401317,2,5,a person crossing on the street,713,0.01420998086734694,0.003596267061134064,0.004598327549436497,0.016234888769633974,0,2517.322998046875,overall|small
2401317,3,6,yellow traffic light on pole,336,0.006696428571428571,0.002167990529740209,0.002215324391731048,0.09211947804405576,0,13971.833984375,overall|small
2401317,4,7,the front of a car,135,0.002690529336734694,0.007263504559507071,0.007518939162207943,0.1761461752432364,0,3162.644775390625,overall|small
2401317,5,1,vehicle driving on the street,7722,0.1538982780612245,0.060319664568454494,0.14366398963937968,0.094182755224015,0,5062.36279296875,overall
2401317,6,2,Buildings are in the background.,4746,0.09458705357142858,0.022528720741128525,0.039713692552161096,0.04948644883211685,0,5913.89697265625,overall
2401318,0,1,glass over the cockpit.,30,0.0005978954081632653,0.0002419256588488323,0.0002601755959181674,0.0034370973706245424,0,396.32049560546875,overall|small
2401318,1,2,black stripe underneath wing.,260,0.005181760204081632,0.0039009198028614515,0.003952762731101969,0.22924285301795372,0,15078.8564453125,overall|small
2401318,2,4,blue circle with white star,528,0.010522959183673469,0.009936583918944811,0.011389665659532179,0.07225789445819276,0,3349.718017578125,overall|small
2401318,3,5,pilot inside the plane.,42,0.0008370535714285714,0.0006271835896881738,0.0006294966685631438,0.1457999206724621,0,9727.7666015625,overall|small
2401318,4,0,yellow tail with red lion on airplane,1113,0.022181919642857144,0.021670587920776817,0.023943532426994738,0.18585416206023977,0,8639.3134765625,overall|part
2401318,5,3,propeller on the front of a plane,2387,0.047572544642857144,0.04236520080844215,0.0483695336013309,0.2544459521545743,0,12556.7158203125,overall
2401318,6,6,clear blue sky,5724,0.11407844387755102,0.00201820604247929,0.028994473637356542,0.002164501147533446,0,427.3091735839844,overall
2401319,0,1,designer tile border on counter,114,0.002272002551020408,0.0007785275298897985,0.0007882702451422188,0.059257055583753084,0,8569.7822265625,overall|small
2401319,1,6,beige wall phone ,200,0.003985969387755102,9.030423543422936e-05,9.454171812335782e-05,0.0020107105374336243,0,4253.59423828125,overall|small
2401319,2,8,A kitchen sink is visible.,759,0.015126753826530613,0.02198130316084743,0.022148118429960402,0.7447980194694911,0,25523.689453125,overall|small
2401319,3,9,metal fixture on wall,44,0.0008769132653061224,1.939759932788594e-05,1.9942917329612427e-05,0.0007088900205086578,0,1564.02197265625,overall|small
2401319,4,5,two panel kitchen window,1176,0.0234375,0.006877091109420318,0.008940319905288506,0.02893728139449139,0,3806.378662109375,overall|part
2401319,5,0,Cabinets are on the wall.,6324,0.1260363520408163,0.0025390212648788504,0.006959439390873124,0.0039814810900655,0,3617.947509765625,overall
2401319,6,2,white wall with grey floorboards,3013,0.060048628826530615,0.10403811539488433,0.19418811604369599,0.18307587287768629,0,2840.583740234375,overall
2401320,0,0,Two people are surfing,7107,0.14164142219387754,0.058059448326481175,0.07083836583357034,0.24348190563111194,0,24427.806640625,overall
2401320,1,1,A cloud in the sky.,8307,0.16555723852040816,6.003336711020563e-06,2.988315141651984e-05,7.512506877413091e-06,0,2088.34716796875,overall
2401320,2,2,Water in the ocean.,3672,0.07318239795918367,0.007181866786882854,0.01918123985660025,0.011350056184922429,0,2172.8212890625,overall
2401320,3,3,Ripples in the water.,5031,0.1002670599489796,0.1058346860332328,0.3026847171656228,0.1399593758929015,0,2326.300537109375,overall
2401321,0,0,a pedestrian directional sign,319,0.006357621173469388,0.006134289977732859,0.006321942310126189,0.17126759017896503,0,8642.021484375,overall|small|text
2401321,1,2,train on the track pulling into the station,84,0.0016741071428571428,0.003141138743498852,0.0031546052550470325,0.42390646253313335,0,11287.669921875,overall|small
2401321,2,4,outside board posted with train schedules,96,0.001913265306122449,0.000203391293067215,0.00020753456442957195,0.010085032631953558,0,4665.0693359375,overall|small
2401321,3,5,the back of a parked van,224,0.004464285714285714,0.004805537424853873,0.005108486726627685,0.07495923553194318,0,3286.857666015625,overall|small
2401321,4,7,group of people waiting on platform for train,104,0.002072704081632653,0.001959510632184193,0.0020089480788525386,0.07375416847375724,0,3818.13427734375,overall|small
2401321,5,9,A bench sitting in the train station.,180,0.003587372448979592,0.007383935769677328,0.007516374701642631,0.295310295952691,0,7072.0068359375,overall|small
2401321,6,1,Yellow and white train.,4312,0.0859375,0.04362976032273644,0.05761275765774846,0.1523723991549745,0,11404.2412109375,overall
2401322,0,0,two metal handles to wooden cabinets,224,0.004464285714285714,0.007012896032910178,0.007455366950095323,0.10567604643957955,0,3175.08642578125,overall|small
2401322,1,6,Blue Moon beer on counter,264,0.0052614795918367345,0.0053015551633442464,0.00535039849996827,0.3673861532500296,0,18127.611328125,overall|small
2401322,2,2,the door is white,2294,0.04571906887755102,0.00955407936535295,0.058040384799885554,0.011307363002946715,0,446.9145202636719,overall|part
2401322,3,5,white cabinet with glass door,1836,0.03659119897959184,0.002072395124277425,0.005891918243692521,0.0031866471492127397,0,993.0015869140625,overall|part
2401322,4,1,Oven,4554,0.09076052295918367,0.04638072295295497,0.09126486743499489,0.08618042769534681,0,4300.29296875,overall
2401322,5,3,lady is wearing a jacket,8712,0.17362882653061223,0.33169839185277755,0.37053003435843107,0.7599070315190255,1,17867.134765625,overall
2401322,6,4,the man is wearing eyeglasses,1715,0.0341796875,0.005218248471817746,0.006881800272571884,0.0211307625728863,0,5265.9560546875,overall
2401323,0,0,a toilet in the bathroom,20550,0.40955835459183676,0.04165381856745402,0.1636353186903886,0.05292054559192518,0,6645.98095703125,overall
2401323,1,1,another metal pipe on the wall,2520,0.05022321428571429,0.03653593483425895,0.09751482356593573,0.055201460823180185,0,1426.528564453125,overall
2401323,2,2,Brown tile wall in bathroom,2365,0.04713408801020408,0.007367336907381739,0.01611844413101416,0.013388040554699887,0,1964.3779296875,overall
2401324,0,1,white plates on top of table,840,0.016741071428571428,0.010566958522132143,0.014119835727421207,0.04030266262236096,0,2397.63671875,overall|small
2401324,1,2,man wearing grey tie,780,0.015545280612244899,0.029070182290220944,0.035994793689346424,0.13127298599634415,0,2844.659423828125,overall|small
2401324,2,3,two champagne glasses ,171,0.0034080038265306123,0.002280424567665263,0.002328232855750485,0.09995471664339478,0,7341.30029296875,overall|small
2401324,3,4,pearl earring on woman's ear,90,0.001793686224489796,0.0005097215673265939,0.000513572261785535,0.0636548466152615,0,11155.0732421875,overall|small
2401324,4,6,The red flower is a decoration on the cake.,220,0.004384566326530612,0.0005621371845542705,0.0005712319208650564,0.034103220159357246,0,13134.259765625,overall|small
2401324,5,8,pink and yellow ball decorations ,550,0.010961415816326531,0.001428200432129549,0.0016103835662261863,0.012466999400745738,0,4257.8984375,overall|small
2401324,6,9,The yellow flower is a decoration on the cake.,117,0.002331792091836735,0.00198111600424829,0.002002774165521877,0.1548327910594451,0,9045.171875,overall|small
2401325,0,0,The woman is wearing a white shirt with black sleeves,363,0.00723453443877551,0.024066956307156415,0.02573272607527917,0.27102284917489883,0,3823.197509765625,overall|small|text
2401325,1,5,The sign on the wall says Claro,504,0.010044642857142858,0.00036768049617391755,0.00044947478629847804,0.0020163984052718634,0,2261.005126953125,overall|small|text
2401325,2,1,a red motorcycle between a blue and black motorcycle,989,0.01971061862244898,0.02534274162360054,0.026780333286085964,0.32069833599279574,0,11843.4169921875,overall|small
2401325,3,6,blue and black motor bike next to a building,912,0.018176020408163265,0.024478262839514202,0.029810641968412224,0.12037309010823567,0,3682.586181640625,overall|small
2401325,4,2,the building has a window,4620,0.09207589285714286,0.006065855282729655,0.05567917247244991,0.006761454297350598,0,561.0341796875,overall|part
2401325,5,3,the motorcycle is red and black,3213,0.06403459821428571,0.04519192835288787,0.0488712142151711,0.37510751913612667,0,24661.15234375,overall
2401325,6,4,black bike next to a red building,1475,0.02939652423469388,0.0059632989802630345,0.008543005443097433,0.019365737397791977,0,3343.608154296875,overall
2401326,0,3,roof of a house,117,0.002331792091836735,0.0034075555218692826,0.003641048084538982,0.05045584328154214,0,1621.328125,overall|small
2401326,1,6,lower chin of a man,12,0.00023915816326530612,0.0004231697114142178,0.0004234518626068971,0.388413667678833,0,11007.0693359375,overall|small
2401326,2,7,a section of a wall.,161,0.003208705357142857,0.000143210530710074,0.00016068535158618444,0.001315124841950695,0,1317.7000732421875,overall|small
2401326,3,9,ceramic vase near a wall,204,0.004065688775510204,0.0002920239610329141,0.00033453593293144613,0.0022927312289967258,0,1398.107421875,overall|small
2401326,4,1,Windows on the door,5320,0.10602678571428571,0.06650910111505104,0.46546118350191673,0.07200912246130463,1,823.030029296875,overall|part
2401326,5,2,a door is open next to the man,7176,0.14301658163265307,0.18618333320801675,0.2341858192807773,0.47597817513456314,0,14585.08203125,overall|part
2401326,6,5,mans head on a body,2304,0.04591836734693878,0.016193500814049265,0.017825682539015373,0.1502779589758979,0,19423.68359375,overall|part
2401327,0,1,bicycle peddle ,324,0.0064572704081632655,0.0022496602308109737,0.002313181334807246,0.07572024545551818,0,10605.8955078125,overall|small
2401327,1,0,the truck is yellow,36023,0.7179328762755102,0.3482588451426324,0.7775091088537448,0.3868069640403353,1,17921.265625,overall
2401328,0,0,The ball in mid air,84,0.0016741071428571428,2.2057328740209837e-05,2.237137910796255e-05,0.0015687889286449977,0,5890.48486328125,overall|small
2401328,1,1,Large field for playing baseball,33896,0.6755420918367347,0.12504784251974657,0.3256959542343961,0.16873106282360012,0,17560.267578125,overall
2401328,2,2,telephone wires suspended on poles,1887,0.037607621173469385,0.014466354130313816,0.02583182100269634,0.03183296741350151,0,2325.38037109375,overall
2401329,0,3,BROWN CRUST OF A CAKE,209,0.004165338010204082,0.0015983780756309877,0.00162896931434536,0.07843690169484992,0,10063.6103515625,overall|small
2401329,1,4,CHOCOLTAE CAKE ICING,630,0.012555803571428572,0.017612507527736087,0.017999383795820226,0.45037439739893353,0,15763.6435546875,overall|small
2401329,2,6,AIR POCKET IN A YELLOW CAKE,110,0.002192283163265306,0.001116548774492959,0.0011799693664235156,0.020351132479580966,0,1897.188720703125,overall|small
2401329,3,5,SILVER HANDLE OF A FORK,5044,0.10052614795918367,0.1540109926264935,0.18974886928747636,0.44985886890674565,0,11958.375,overall|part
2401329,4,0,the edge of a piece of cake ,1104,0.022002551020408163,0.008164603035123246,0.03149831703415268,0.010901297348133032,0,382.0849304199219,overall
2401329,5,1,crumbly texture of vanilla cake ,1378,0.027463329081632654,0.01435741107020381,0.02022057413728337,0.0471790241745283,0,3215.175537109375,overall
2401329,6,2,prongs of a fork ,2600,0.05181760204081633,0.08228745624422057,0.10469738779243047,0.27768646240234374,0,6895.919921875,overall
2401330,0,2,wheel of the plane,378,0.007533482142857143,0.010145291649771286,0.010376252354261404,0.3130888156789951,0,11405.6181640625,overall|small|part
2401330,1,1,specks of yellow on the side of the plane,702,0.013990752551020409,0.0019584438006622885,0.0021005640430318668,0.0281318599342281,0,9401.5537109375,overall|small
2401330,2,3,the front landing gear of the jet,112,0.002232142857142857,0.001069595099161641,0.0010765704316365494,0.14169053520475114,0,14740.642578125,overall|small
2401330,3,4,green grass next to cement,783,0.015605070153061224,0.01909992542721062,0.031783256064015164,0.04567645427367696,0,1125.2674560546875,overall|small
2401330,4,5,the tarmac marker cones,21,0.0004185267857142857,0.0005718736377721404,0.0005743071617796512,0.11891254924592518,0,4348.13232421875,overall|small
2401330,5,6,nondescript buildings,980,0.01953125,0.019830806891710753,0.03818025545403289,0.03962743330974968,0,1017.145751953125,overall|small
2401330,6,7,Pilot sitting in the back seat,187,0.0037268813775510204,0.005975841071124098,0.006076849431266395,0.26444499377898356,0,8137.64013671875,overall|small
2401331,0,0,black and white flower shaped knob,520,0.010363520408163265,0.0018651308394357603,0.002496556173159841,0.0073204489854665905,0,1524.7537841796875,overall|small
2401331,1,6,person wearing a floral shirt,2120,0.04225127551020408,0.11557032499939776,0.11804604954909434,0.8464033018867925,0,15200.6357421875,overall|text
2401331,2,7,number keys on cell phone,2242,0.04468271683673469,0.021654403774568634,0.03815533507269426,0.0476841513968067,0,2801.911376953125,overall|text
2401331,3,3,this is a hand,2756,0.05492665816326531,0.005693938952933787,0.02401842751084134,0.007407920627012655,0,850.0235595703125,overall|part
2401331,4,1,display area on small cell phone,2592,0.051658163265306124,0.05099883833404895,0.06153834125357189,0.2294494723096306,0,9664.4306640625,overall
2401331,5,2,this is a jacket,1333,0.026566485969387755,0.029719550088249704,0.03201295889815332,0.2932091360242404,0,12209.048828125,overall
2401331,6,4,orange fall colored sweater,2378,0.04739317602040816,0.03783722103902174,0.0473971167725271,0.15796110186885645,0,7925.197265625,overall
2401332,0,0,A lot of meat is in the sandwich.,17286,0.34450733418367346,0.08971005131484253,0.48997312706857754,0.09895019107541869,0,3490.911865234375,overall
2401332,1,1,The bowl has cut tomatoes in it.,3854,0.07680963010204081,0.10264709799814319,0.10322632551901695,0.9481680711192917,0,35400.26953125,overall
2401332,2,2,White doily sitting on white surface.,1320,0.026307397959183673,0.03148278734205779,0.04212444527299364,0.11081310619007458,1,3472.408935546875,overall
2401333,0,0,black and white sign on front of train,88,0.001753826530612245,0.005218977059299014,0.005240115057212999,0.564039490439675,0,9472.2109375,overall|small|text
2401333,1,5,The text is red.,165,0.003288424744897959,6.495672660056455e-05,6.985537468475786e-05,0.0009254343581922127,0,2185.897216796875,overall|small|text
2401333,2,3,rock and gravel on ground on the side of train ,546,0.010881696428571428,0.0013666394294382035,0.0014285574291690469,0.03056698055057735,0,11682.814453125,overall|small
2401333,3,6,trees next to a train track,648,0.012914540816326531,0.002923637854005102,0.0033440921673223677,0.022724790337644976,0,4403.486328125,overall|small
2401333,4,1,The tracks are brown.,2112,0.042091836734693876,0.004563508707798466,0.005151351042197576,0.038452954003305145,0,15765.30859375,overall
2401333,5,2,The sky is blue.,17640,0.3515625,1.130032809465792e-05,0.00035610207985922504,1.1670542141747853e-05,0,578.1161499023438,overall
2401333,6,4,Graffiti on the train car.,1221,0.0243343431122449,0.018604200421997737,0.021927387247641348,0.10933462231985182,0,6088.166015625,overall
2401334,0,2,an american flag on the wall,4270,0.08510044642857142,0.07912739914692987,0.16001754049513436,0.13534487293252342,0,3611.620361328125,overall|text
2401334,1,0,Military men posing for picture with medals around their necks,27192,0.5419323979591837,0.22029867931714098,0.4358743165457247,0.30816142213242864,0,19224.63671875,overall
2401334,2,1,beams on the ceiling of a building,4914,0.09793526785714286,0.021261669503295805,0.15879818314575664,0.023960306045724748,0,741.4501953125,overall
2401335,0,4,rectangular window ,936,0.01865433673469388,0.0037783218942360206,0.00443894102970691,0.024759335395617362,0,5220.78076171875,overall|small|part
2401335,1,0,part of a lounge,35,0.0006975446428571429,0.0006794652559976145,0.0006837189509512164,0.0984607560294015,0,5040.267578125,overall|small
2401335,2,2,light blue pillows ,912,0.018176020408163265,0.023348268364884857,0.024543592058391215,0.32405495225337516,0,12041.35546875,overall|small
2401335,3,3,silver part on a seat,204,0.004065688775510204,0.0011518575985856902,0.0012216094775168035,0.019774310729082895,0,3302.167724609375,overall|small
2401335,4,5,white part of a seat,56,0.0011160714285714285,5.983760015521088e-05,6.0284414458173924e-05,0.008008663143430437,0,7439.4873046875,overall|small
2401335,5,6,part of a blue surface,104,0.002072704081632653,8.831356096612813e-05,8.924982902452673e-05,0.008348217950417446,0,9727.9140625,overall|small
2401335,6,8,a silver and white bench stool,660,0.013153698979591837,0.0008374092579419514,0.0009112933644185587,0.010223091732371938,0,7404.02685546875,overall|small
2401336,0,4,the helmet is closed,156,0.0031090561224489796,0.0030455188006365355,0.003090725002576565,0.172336553915953,0,8698.4453125,overall|small|part
2401336,1,0,this is knee cap,135,0.002690529336734694,0.00819189722794899,0.008510442201080274,0.17956104984989874,0,2848.352783203125,overall|small
2401336,2,5,grass on side of the road.,510,0.01016422193877551,0.0004772402581160994,0.00050533275626777,0.008511611527087641,0,8590.224609375,overall|small
2401336,3,6,the bike has a white stripe,308,0.006138392857142857,0.004330846525704176,0.004516085294403624,0.0955016396262429,0,6513.27490234375,overall|small
2401336,4,7,he is wearing gloves,143,0.002849968112244898,0.006468006565166419,0.006523212021686307,0.43319510079763984,0,9496.3798828125,overall|small
2401336,5,8,white barrier along the road.,250,0.0049824617346938774,0.0013779090105472645,0.0014176192754042317,0.046883842468261716,0,8268.0595703125,overall|small
2401336,6,9,shade on the road.,621,0.012376434948979591,0.014087655332179459,0.015389348342745522,0.14277303698750127,0,5761.26123046875,overall|small
2401337,0,3,the leaves are bright,4845,0.09656010841836735,0.0013210826419238575,0.00641789922842346,0.0016607414458189218,0,1253.726806640625,overall|part
2401337,1,0,a long elephant trunk,5310,0.10582748724489796,0.04363881006161554,0.05842992336572822,0.14704015124764594,0,13362.728515625,overall
2401337,2,1,Little green plants on the ground.,2385,0.047532684948979595,0.0016537851908523529,0.01154991389407744,0.0019264381136784264,0,397.7999267578125,overall
2401337,3,2,Patterned hide of an elephant,7221,0.14391342474489796,0.12187427353400386,0.2323862092276179,0.20399854401441975,0,6338.90234375,overall
2401338,0,0,the bread is toasted,19493,0.388492506377551,0.139646866669862,0.34591170385004294,0.18975301229928693,0,10693.0625,overall
2401338,1,1,the cup has soup,5405,0.10772082270408163,0.11543421663660113,0.13405609018319062,0.4538484783331406,0,18298.69140625,overall
2401338,2,2,Green chair next to table.,3456,0.06887755102040816,0.12267810143487273,0.1691855164186504,0.308571250350387,0,6303.271484375,overall
2401339,0,2,large door on a building ,759,0.015126753826530613,0.005368230076334586,0.00576400580879575,0.07251274098834816,0,9548.423828125,overall|small|part
2401339,1,3,windshield of orange train engine,200,0.003985969387755102,0.0030908705570169377,0.0031429011474389404,0.15732962608337403,0,10011.7451171875,overall|small
2401339,2,4,top of tall green evergreen tree,744,0.01482780612244898,0.004765575423241523,0.005413434433192031,0.03829563817670269,0,5263.19384765625,overall|small
2401339,3,5,small windows on a building ,168,0.0033482142857142855,0.0063563586206574684,0.006850208874472105,0.08102527118864514,0,1987.1285400390625,overall|small
2401339,4,0,the tracks are dark,23192,0.4622130102040816,0.016839988865927434,0.05323505100604542,0.0240397063482626,0,10472.9658203125,overall
2401339,5,1,electrical wire above the ground ,2820,0.05620216836734694,0.004801415536836757,0.007737364778715063,0.012495479177921376,0,4554.1669921875,overall
2401339,6,6,black power line and electric tower,5037,0.10038663903061225,0.006015700781726323,0.009591929828223867,0.0158787209149365,0,8338.3759765625,overall
2401340,0,4,Person has dark hair.,264,0.0052614795918367345,0.0033224593499692184,0.0035652819400734336,0.04651349963563861,0,3444.20556640625,overall|small|part
2401340,1,9,shoe on man's foot.,180,0.003587372448979592,0.00015794432735064264,0.0004303470008224482,0.000249461250172721,0,104.34143829345703,overall|small|part
2401340,2,1,bus tire in the water.,56,0.0011160714285714285,0.00022995405377124862,0.00023089210812775917,0.05356871656009129,0,12992.423828125,overall|small
2401340,3,2,the trousers are folded,40,0.0007971938775510204,0.00040388414102559043,0.0004103189554775596,0.025107252597808837,0,2447.583984375,overall|small
2401340,4,3,rocks on the shore.,576,0.011479591836734694,0.026078314489280382,0.0267216263211084,0.5199762980143229,0,11208.3876953125,overall|small
2401340,5,5,Person wearing big sweater.,540,0.010762117346938776,0.011171751090542295,0.012059195808069197,0.13180070100007235,0,5901.91748046875,overall|small
2401340,6,0,Large object on top of bus.,1722,0.03431919642857143,0.06696604171613973,0.07044059958960784,0.5758433768419715,0,14077.1416015625,overall
2401341,0,3,black letters on the bus,476,0.009486607142857142,0.015118474409185581,0.015428041092400094,0.42970144448160125,0,13257.541015625,overall|small|text
2401341,1,0,Marquee display on the side of the bus.,234,0.00466358418367347,0.005201286781500717,0.00558384695897512,0.0705611074072683,0,2956.9755859375,overall|small
2401341,2,6,yellow step ,264,0.0052614795918367345,1.4573168852887372e-05,1.4926976130518181e-05,0.0006144579048409606,0,10867.3642578125,overall|small
2401341,3,7,J222 in blue on the front of a bus,143,0.002849968112244898,0.0019712164349313787,0.0020084371024589355,0.09614108825897004,0,6845.2109375,overall|small
2401341,4,8,Back tire on the side of the bus.,275,0.0054807079081632655,0.002657820760608438,0.002752761390200882,0.07154862837357955,0,7147.685546875,overall|small
2401341,5,9,Front tire on the side of the bus.,816,0.016262755102040817,0.0011783032645950502,0.0013221976269095787,0.010711069200553145,0,6610.3828125,overall|small
2401341,6,2,Sign that reads Tesco Free Bus,1012,0.020169005102040817,0.0023445487177990955,0.0032894001323697766,0.008096214339667158,0,2490.83984375,overall|text
2401342,0,9,Window on a door,675,0.013452646683673469,0.013981614897039533,0.01649359480863089,0.0840837831850405,0,3441.126953125,overall|small|part
2401342,1,0,spice rack with jars on it,448,0.008928571428571428,0.000760302242208293,0.0008136450815215331,0.011464038065501623,0,6312.1982421875,overall|small
2401342,2,6,Iron skillet hanging from ceiling,560,0.011160714285714286,3.008778313548026e-05,4.366033486330479e-05,9.677734758172717e-05,0,1241.2940673828125,overall|small
2401342,3,8,metal cabinet hinge,100,0.001992984693877551,0.0006087592675834432,0.000617067947969612,0.043255610466003416,0,7009.86181640625,overall|small
2401342,4,1,Stainless steel double door fridge,3807,0.07587292729591837,0.07366550457787065,0.09023479611672462,0.286313465019208,0,12079.5458984375,overall|part
2401342,5,2,cutting board on countertop,1344,0.026785714285714284,0.02638224579613322,0.02985020857967863,0.1850592295328776,0,8332.2568359375,overall
2401342,6,3,various items on shelf,1092,0.021763392857142856,0.055235640420464256,0.057205031161896534,0.6160393459892972,0,11759.716796875,overall
2401343,0,1,calm gray waters in the bay,500,0.009964923469387755,0.02356145074678496,0.025361811278704308,0.2491995849609375,0,4912.89013671875,overall|small
2401343,1,2,white and blue building,924,0.018415178571428572,0.022926498729101706,0.03448556121581222,0.06402045823794938,0,1715.352783203125,overall|small
2401343,2,3,red thing in the water,650,0.012954400510204082,0.007366827287798785,0.010676589213256966,0.023212209848257212,0,1413.179443359375,overall|small
2401343,3,0,There are trees on the land,18020,0.3591358418367347,0.0009182948735855447,0.0471146177049111,0.0009356725229142641,0,357.86810302734375,overall
2401343,4,4,large white boat in the water,3128,0.0623405612244898,0.002505115601640188,0.0032223564637951525,0.011129502445230704,0,10803.6103515625,overall
2401343,5,5,The motor boat is black and white,2170,0.043247767857142856,0.12215799778346356,0.12851579421315612,0.7117564399121544,1,12018.0673828125,overall
2401343,6,6,large gray home on the shore,1672,0.033322704081632654,0.037348966831734144,0.03918013535735324,0.44417509964208285,0,18955.033203125,overall
2401344,0,1,ripples in the water,475,0.009466677295918368,0.00458672712340018,0.004834026897883705,0.08228072317023026,0,8085.048828125,overall|small
2401344,1,0,four birds standing,19323,0.38510443239795916,0.12401238776500527,0.39481534432428184,0.1531187003304029,0,7493.9150390625,overall
2401344,2,2,Concrete on the side of the water,2610,0.05201690051020408,0.01065807919298547,0.034293310376859704,0.015228736263582076,0,1159.03076171875,overall
2401344,3,3,crack in concrete by water,1472,0.029336734693877552,0.0031595080669268587,0.005898928773788045,0.0067575483218483305,0,1686.2572021484375,overall
2401345,0,0,Nut and bolt on top of fire hydrant,30,0.0005978954081632653,0.0009620063675421144,0.0009627406694637332,0.557773208618164,0,17380.79296875,overall|small
2401345,1,3,car tire with hubcap,171,0.0034080038265306123,0.00661694959303619,0.006724585101484357,0.29248490807605765,0,7437.62158203125,overall|small
2401345,2,7,fresh gum on sidewalk,414,0.00825095663265306,0.01229893429521941,0.015224396824675458,0.06015467989271966,0,1635.7979736328125,overall|small
2401345,3,1,the road is wet,6900,0.13751594387755103,0.013194852511011532,0.03140636337827708,0.02224869880123415,0,4888.0546875,overall
2401345,4,2,Grayish colored sidewalk,2928,0.05835459183673469,0.04153833398905159,0.10862575841523822,0.0630190072815275,1,1698.673095703125,overall
2401345,5,4,Red fire hydrant,6603,0.1315967793367347,0.12447809897589439,0.16205636283031669,0.34930237823953125,0,14232.3544921875,overall
2401345,6,5,dirty line in the sidewalk,5520,0.11001275510204081,0.02118865548666721,0.06020687024043604,0.03165993068529212,0,2902.70556640625,overall
2401346,0,0,part of a glass of wine,2484,0.049505739795918366,0.026015889903983094,0.05060538325114841,0.0508199713272365,0,2494.533203125,overall
2401346,1,1,salt shaker with finger puppet,8256,0.16454081632653061,0.13146974845198178,0.1708202933102916,0.36334473957387053,0,17560.994140625,overall
2401346,2,2,Lights in the ceiling.,1740,0.034677933673469385,5.410130418597769e-05,7.560375665467888e-05,0.00019018686023251764,0,4377.09912109375,overall
2401346,3,3,A horse shaker cover.,3060,0.06098533163265306,0.07670162211906069,0.08109754505761808,0.5859245350158292,0,22108.302734375,overall
2401346,4,4,painting hanging on wall,1144,0.022799744897959183,0.05165815507108365,0.07328444343475181,0.14897430526626693,0,2325.549560546875,overall
2401347,0,1,clear water bottle sitting in seat to chair,480,0.009566326530612245,0.016031448716540768,0.016566525970957886,0.3317070007324219,0,9610.908203125,overall|small
2401347,1,3,a section of a wooden floor.,72,0.0014349489795918368,0.003364826669915008,0.0033954977450264463,0.27140749825371635,0,5755.07373046875,overall|small
2401347,2,4,coffee cup on desk,377,0.007513552295918368,0.015912190359199677,0.016232001008468652,0.4467875432588694,0,10376.96484375,overall|small
2401347,3,6,white cordless phone on chair,204,0.004065688775510204,0.0009034208235050747,0.0009120662145331994,0.08701524547502107,0,19462.5234375,overall|small
2401347,4,2,mini blinds in a window.,2650,0.052814094387755105,0.0003828524424339983,0.0008450836553493454,0.0006994681988122328,0,2193.38134765625,overall|part
2401347,5,5,a large door in a room.,3741,0.07455755739795919,0.025858277668914836,0.07433539348141495,0.0381391250459436,0,1919.3880615234375,overall|part
2401347,6,0,black computer monitor screen,6171,0.12298708545918367,0.030133925366694913,0.23970334657291018,0.03331848945673311,0,857.7619018554688,overall
2401348,0,6,Logo on front of white shirt,90,0.001793686224489796,0.003875447963971684,0.0039169560473826595,0.2677806218465169,0,6152.80224609375,overall|small|text
2401348,1,1,blue and white advertising wall sign,2080,0.04145408163265306,0.014793723585373272,0.023174436880303243,0.039300082280085635,0,3527.34228515625,overall|text
2401348,2,2,Man wearing a red bandana on his head,1224,0.024394132653061226,0.010244611339952522,0.010740914642433128,0.18147661795024,0,20680.490234375,overall|part
2401348,3,0,the socks are white,4416,0.08801020408163265,5.616903977147791e-05,7.035983184248039e-05,0.00027841602222643036,0,17474.248046875,overall
2401348,4,3,the line is white,1500,0.029894770408163265,0.02309798410961478,0.05899497395494889,0.03657213083902995,0,929.879150390625,overall
2401348,5,4,green turf on tennis court,3481,0.06937579719387756,0.006834021012609947,0.13562067379260562,0.007145244134838846,0,183.39825439453125,overall
2401348,6,5,Concrete wall in between blue advertisement signs,4360,0.08689413265306123,0.013097634346813885,0.058836060553941104,0.01656910607574183,0,1227.840576171875,overall
2401349,0,7,the acer computer logo,221,0.004404496173469388,0.0011684262743732053,0.0012471735745828057,0.01816892839664787,0,3219.54638671875,overall|small|text
2401349,1,0,power display is green,130,0.002590880102040816,0.00031763913348524915,0.00032363509964931193,0.016855735045212965,0,6770.72900390625,overall|small
2401349,2,1,a blue duffle bag,980,0.01953125,0.020384516571124417,0.021441465950105862,0.2925482613699777,0,13371.1611328125,overall|small
2401349,3,2,Wall outlets on wall,720,0.014349489795918368,3.4427983098226504e-05,7.568840242369553e-05,6.315094522304005e-05,0,600.735107421875,overall|small
2401349,4,3,cat sleeping in photograph,7392,0.14732142857142858,0.033328391461780044,0.15634863532252394,0.040636388770429605,0,1921.2459716796875,overall
2401349,5,4,bottom wheels of black office chair,2418,0.04819036989795918,0.006979635278367656,0.00827018401697678,0.04281249255360997,0,12517.328125,overall
2401349,6,5,purple and green graphs on a computer screen,6177,0.12310666454081633,0.000621446699669398,0.0009468534546674572,0.0018049928388183356,0,11775.2548828125,overall
2401350,0,5,orange t-shirt on boy's torso.,259,0.005161830357142857,0.012725957590366538,0.012778105559639936,0.7571820586804717,1,15347.357421875,overall|small|text
2401350,1,8,ID tag of man wearing red and black shirt,624,0.012436224489795918,0.001903138507601934,0.002339944788803663,0.01009210867759509,0,2691.29248046875,overall|small|text
2401350,2,9,Writing on black sweatshirt of man playing Wii,874,0.017418686224489797,0.005968843589440551,0.006865081165202678,0.04372169878717418,0,5566.2509765625,overall|small|text
2401350,3,0,black hair on girl's head.,162,0.0032286352040816328,0.004392135147696914,0.004554541572308236,0.10966557632257909,0,3900.68310546875,overall|small|part
2401350,4,6,shoe on boy's foot.,96,0.001913265306122449,9.043930109966315e-05,9.205124479803627e-05,0.005138067528605461,0,5358.47705078125,overall|small|part
2401350,5,2,yellow paint on the wall.,54,0.0010762117346938774,0.0001350174961948286,0.00015785014178966076,0.0009325531621774038,0,319.0232849121094,overall|small
2401350,6,4,white cord for the controller.,442,0.008808992346938776,0.023323410525343643,0.023384661927712755,0.8990352855009192,0,16992.916015625,overall|small
2401351,0,9,"white sign reading, ""one car per green""",270,0.005381058673469388,0.008117596734528046,0.008172053360506644,0.5491779468677662,0,18144.52734375,overall|small|text
2401351,1,1,back wheel  of  truck,8,0.00015943877551020407,7.261753864083477e-05,7.273926917443732e-05,0.041587553918361664,0,4573.87646484375,overall|small|part
2401351,2,0,a taillight on a truck,54,0.0010762117346938774,0.000615717917202823,0.0006216737463067806,0.060387999923140916,0,5245.439453125,overall|small
2401351,3,2,part of a bolt,40,0.0007971938775510204,0.00019364641161812775,0.00019458226823596288,0.03870440125465393,0,7956.40869140625,overall|small
2401351,4,4,a section of a freeway.,630,0.012555803571428572,0.015600926424832446,0.016062194665833193,0.35201789008246526,0,13807.0341796875,overall|small
2401351,5,5,a patch of clear sky.,420,0.008370535714285714,0.0006300530224190017,0.0023207870158909855,0.0008640953472682408,0,156.3780059814453,overall|small
2401351,6,6,part of the sky,784,0.015625,0.004328909501702649,0.01586964887272439,0.005917450603173703,0,292.33673095703125,overall|small
2401353,0,2,window in a yellow house,60,0.0011957908163265306,0.0006541392804875777,0.0006791088407574344,0.01747994820276896,0,1544.372314453125,overall|small|part
2401353,1,4,window in a white house,98,0.001953125,0.006536316951277772,0.00711776859133247,0.07408566377600845,0,1020.0380859375,overall|small|part
2401353,2,1,pole holding up power lines ,540,0.010762117346938776,0.0002879837498287509,0.00031615171372778995,0.003221859313823559,0,5503.06689453125,overall|small
2401353,3,5,a wood electric pole,654,0.013034119897959183,0.0019180727065159968,0.0024258985865892586,0.009079494972112346,0,2447.74853515625,overall|small
2401353,4,0,a yellow fire hydrant,13608,0.27120535714285715,0.10284947571072776,0.2548972420933641,0.14706320429044495,0,7851.1484375,overall
2401353,5,3,a silver vehicle parked next to the grass,4266,0.08502072704081633,0.13140018389107627,0.13808590585086333,0.7307427071429617,0,22575.427734375,overall
2401354,0,2,French bread,805,0.016043526785714284,0.013810589660813772,0.014583279766501808,0.20676006056507182,0,11413.197265625,overall|small
2401354,1,4,Circular shape tomato on white plate,420,0.008370535714285714,0.006245322323794979,0.006443451486889693,0.1688187735421317,0,11004.0224609375,overall|small
2401354,2,8,Spinach in the sandwich,324,0.0064572704081632655,0.005712843423647803,0.005843109884317529,0.20398005732783564,0,11310.6787109375,overall|small
2401354,3,0,a white ceramic plate with a cup on it,2080,0.04145408163265306,0.0462375811063329,0.06361956540357107,0.1447388722346379,0,4732.142578125,overall
2401354,4,1,A white plate with bread,1980,0.03946109693877551,0.04757371025144174,0.05987368497262563,0.188034088443024,0,6218.2158203125,overall
2401354,5,3,a white ceramic dinner plate,5904,0.11766581632653061,0.038084809053536374,0.09049788184358425,0.061700950147013676,0,4025.314208984375,overall
2401354,6,5,A piece of broccoli,2397,0.047771843112244895,0.023614102915160154,0.06062445573469102,0.037240366961590984,0,1472.42822265625,overall
2401355,0,0,A white piece of paper in hand,775,0.01544563137755102,0.005519848775546318,0.007543506394658628,0.020161275556010584,0,2071.31640625,overall|small|part
2401355,1,1,black glasses on a man's face,480,0.009566326530612245,0.003056831364708642,0.0034354523532464354,0.026987892389297486,0,3770.7373046875,overall|small|part
2401355,2,4,a game controller is on the table,1000,0.01992984693877551,0.01978922703022536,0.020967683295196018,0.26040963745117185,0,12419.5712890625,overall|small
2401355,3,5,A brown necklace on the man,576,0.011479591836734694,0.02269915434473691,0.022796849885531666,0.841188006930881,0,21254.001953125,overall|small
2401355,4,6,a vent in a wall,480,0.009566326530612245,0.0024528032001368823,0.0027903266911774,0.019874465465545655,0,3418.862548828125,overall|small
2401355,5,9,the remote is white in color,160,0.0031887755102040817,0.003139658971489306,0.003212566750849078,0.12153103351593017,0,6052.78173828125,overall|small
2401355,6,2,the man's shoe is brown,2201,0.043865593112244895,0.0063104040963765755,0.017881632060918824,0.009657622791863961,0,1188.729736328125,overall|part
2401356,0,7,a folded dark red shirt,1056,0.021045918367346938,0.020095744122362414,0.022496269728693282,0.15847945935798413,0,7439.20263671875,overall|text
2401356,1,0,a stack of khaki pants,3416,0.06808035714285714,0.023228193841513395,0.02752056607820718,0.1296231986767235,0,16089.525390625,overall
2401356,2,1,three bras in white grey and black,2090,0.04165338010204082,0.04884378629848324,0.05424239898742987,0.3291996275979366,0,12684.306640625,overall
2401356,3,2,A brown wooden coffee table.,3944,0.07860331632653061,0.11183179313808501,0.35760987582143494,0.13994513273722745,1,1543.423828125,overall
2401356,4,3,a pair of black mary janes with brown inner soles,2379,0.04741310586734694,0.012557264476452517,0.02689146682336623,0.02301566888425169,0,2036.120849609375,overall
2401356,5,4,An empty black piece of luggage,4488,0.08944515306122448,0.06315933785656623,0.10212030728503842,0.14203335087142102,0,6242.10498046875,overall
2401356,6,5,a pair of dark grey sneakers with white shoelaces,1681,0.033502072704081634,0.025613831569789032,0.035111395032550584,0.08650052299249888,0,4141.31591796875,overall
2401357,0,8,maroon shirt on woman.,798,0.015904017857142856,0.018695461441308465,0.0191618334815547,0.4344341306758106,0,18092.1328125,overall|small|text
2401357,1,0,the left bare foot of a woman,224,0.004464285714285714,0.000925324506964466,0.0015590544832903568,0.002271242971931185,0,326.3249816894531,overall|small
2401357,2,2,footrest on the carpet.,480,0.009566326530612245,3.3472340447425325e-06,3.669573053268841e-06,3.810414345934987e-05,0,4984.22802734375,overall|small
2401357,3,4,a white wii controller in a woman's hands,480,0.009566326530612245,0.00557191023039303,0.005844963355740865,0.10656217734018962,0,8751.09765625,overall|small
2401357,4,6,fan near the footrest.,224,0.004464285714285714,7.665127924653591e-05,8.04388160675202e-05,0.001625256080712591,0,4525.8916015625,overall|small
2401357,5,7,Vase of pink and white flowers on fireplace mantel,924,0.018415178571428572,0.049341884087650424,0.05302420657743686,0.4153778604614786,0,7238.3759765625,overall|small
2401357,6,9,white statue,189,0.0037667410714285715,0.005356718359429872,0.005489096189323862,0.18174862735485905,0,6257.9501953125,overall|small
2401358,0,1,a sign.,940,0.01873405612244898,0.002938029619912932,0.003849200828943199,0.012259412319102186,0,2993.82861328125,overall|small|text
2401358,1,5,a window in a building.,675,0.013452646683673469,0.011837901538719588,0.018635077360374005,0.03143449006257234,0,1138.6204833984375,overall|small|part
2401358,2,0,There are white stripes on the road,5117,0.10198102678571429,0.017639793852081826,0.02177283774026737,0.08502519915806075,0,19982.41796875,overall
2401358,3,2,The awning is painted on the building,2916,0.058115433673469385,0.006082590977815551,0.008659425722909017,0.020031038135167503,0,6745.3095703125,overall
2401358,4,3,The sky is white.,2000,0.03985969387755102,1.0556175049204654e-05,3.1330890290027437e-05,1.5919789671897887e-05,0,1016.2360229492188,overall
2401358,5,4,a grey fire hydrant,5600,0.11160714285714286,0.057319783938469863,0.07707801716849252,0.18274467468261718,0,13277.0693359375,overall
2401359,0,2,the headband is white,600,0.011957908163265306,0.0006420094155041937,0.0006770735205386017,0.012245136896769206,0,10851.232421875,overall|small
2401359,1,3,woman is wearing wristband,550,0.010961415816326531,0.00414066209936871,0.00450288449646672,0.048953853953968396,0,5979.416015625,overall|small
2401359,2,4,plant behind woman,943,0.018793845663265307,0.0004878121835211255,0.0005840060534691349,0.002952829019135913,0,4767.96044921875,overall|small
2401359,3,6,woman wears a watch,600,0.011957908163265306,0.012966076599556812,0.01403785517041499,0.1451720428466797,0,6204.88134765625,overall|small
2401359,4,0,woman wearing black watch,20295,0.404476243622449,0.09712898130832201,0.2593967365921472,0.13439975690594974,0,10515.3330078125,overall
2401359,5,1,balcony railing,1656,0.03300382653061224,0.049342024445544246,0.09588957063674457,0.09226763075676517,0,1593.4495849609375,overall
2401359,6,5,the floor is red,2478,0.04938616071428571,0.02598398684651742,0.0314404247522159,0.1302243556776193,0,10263.7275390625,overall
2401360,0,1,white lamp on window sill,646,0.01287468112244898,0.029302015473577896,0.03435455905786257,0.1661370457510461,0,3124.02587890625,overall|small|part
2401360,1,0,this is a pillow ,135,0.002690529336734694,0.0030991562563437835,0.003130971863506451,0.23370929294162326,0,10076.984375,overall|small
2401360,2,3,wooden baseboard of a bed frame,286,0.005699936224489796,4.5993458002065904e-05,4.711668341152314e-05,0.0019256030762945856,0,11688.4814453125,overall|small
2401360,3,5,this is a bed cover ,462,0.009207589285714286,0.015219179860500717,0.01569875500577292,0.33253036432968075,0,9786.064453125,overall|small
2401360,4,2,white wall in a bedroom,6039,0.12035634566326531,0.003543312047243783,0.017002254047108364,0.004456206926704933,0,1582.7921142578125,overall
2401360,5,4,the room has wooden floors,9348,0.18630420918367346,0.015185335667438191,0.04544698301414001,0.0222968696068636,0,4586.248046875,overall
2401361,0,4,a red sign with a white light through the middle,40,0.0007971938775510204,0.0011933408027131396,0.0011982625652819975,0.2251265048980713,0,7515.09765625,overall|small|text
2401361,1,0,this is a tent,399,0.007952008928571428,0.006072491474523023,0.006194973425083036,0.2349701310160166,0,15133.734375,overall|small
2401361,2,1,this is the roof ,300,0.005978954081632653,0.00022150828237929964,0.00027377808300555834,0.001158868670463562,0,1269.86279296875,overall|small
2401361,3,2,the wall is orange,399,0.007952008928571428,0.0001666880639039256,0.000223426720768049,0.0006559573319322782,0,1171.4219970703125,overall|small
2401361,4,3,an umbrella with rainbow colors in blocks,336,0.006696428571428571,0.0008677003619824893,0.0008859991639295293,0.04031878425961449,0,15290.2080078125,overall|small
2401361,5,5,Street name signs corner building,360,0.007174744897959184,0.01894074544174894,0.019440606667993222,0.4241766187879774,0,7854.87744140625,overall|small
2401361,6,6,dome in the background,396,0.007892219387755101,9.420866274132984e-05,0.00011342028554305664,0.0005558735945008018,0,1940.7987060546875,overall|small
2401362,0,7,the left eye of a dog.,378,0.007533482142857143,0.0026825111174006125,0.0033495029418863765,0.01329199094620962,0,1500.0352783203125,overall|small|part
2401362,1,2,another piece of luggage or furniture,588,0.01171875,0.02468145756994751,0.027699793725395827,0.18467582650736075,0,3920.2236328125,overall|small
2401362,2,4,gold zipper for closing/opening a suitcase,500,0.009964923469387755,0.007041956050948346,0.0075073025155177105,0.1020162353515625,0,6794.466796875,overall|small
2401362,3,5,the black nose of a dog.,256,0.00510204081632653,0.005247835486389449,0.005904981114236593,0.04503246396780014,0,1952.302734375,overall|small
2401362,4,8,silver zipper tab,416,0.008290816326530613,0.01258382791879679,0.012597424776601517,0.9210039285513071,0,30413.96484375,overall|small
2401362,5,0,black suitcase handle,1025,0.0204280931122449,0.0025813200391707034,0.003330123985276795,0.011349504982552877,0,3493.336181640625,overall|part
2401362,6,6,a door in a bedroom.,3024,0.060267857142857144,0.056768970807894364,0.1310136807359741,0.09105423013999979,0,2101.673583984375,overall|part
2401363,0,3,lines in man's hand,864,0.01721938775510204,0.016580569736928737,0.021144133831623294,0.0713413468113652,0,2915.178466796875,overall|small|part
2401363,1,6,this is a shoe ,378,0.007533482142857143,0.007504703025665898,0.007710387653547234,0.2195577066411417,0,10763.7666015625,overall|small|part
2401363,2,0,finger nail on man'shand,600,0.011957908163265306,0.03180492187547307,0.03869979834299862,0.15147506713867187,1,2348.462890625,overall|small
2401363,3,1,red button on blue remote,224,0.004464285714285714,0.007111384115035938,0.00735754346855073,0.17529491015842982,0,5336.84375,overall|small
2401363,4,4,the man has a light skin ,168,0.0033482142857142855,0.005782026883547312,0.0058300222549643715,0.4125752676100958,0,11888.916015625,overall|small
2401363,5,8,a tan bench,380,0.007573341836734694,0.028325849234693407,0.028797626980947164,0.6335692556280839,0,8360.283203125,overall|small
2401363,6,9,the floor is brown in color ,532,0.010602678571428572,0.04145563771167872,0.04227863165127936,0.680475278008253,0,8562.548828125,overall|small
2401364,0,0,A typical scene in India.,46221,0.9211774553571429,0.5435022060790958,0.939679239176649,0.563149943004803,1,27700.25390625,overall
2401365,0,0,Ground has a serials of hills,22338,0.4451929209183674,0.0020268927403840203,0.007198052185915049,0.0028134179591321404,0,8730.9912109375,overall
2401365,1,1,The clouds are long in shape,13065,0.26038345025510207,0.001688936697973364,0.01350351363977601,0.001926657161719946,0,1864.0908203125,overall
2401366,0,1,a yellow sleeve on a man's shirt,819,0.016322544642857144,0.01840040696050776,0.020372888441439634,0.15969893347212682,0,6419.974609375,overall|small|text
2401366,1,9,a pony tail on a man,540,0.010762117346938776,0.00021768909330648696,0.00027614098519759795,0.001027359785857024,0,2009.0255126953125,overall|small|part
2401366,2,0,part of a trouser,592,0.011798469387755101,0.00019590804193274456,0.00021353820084594303,0.002367240150232573,0,6562.7890625,overall|small
2401366,3,3,a divider between urinals,900,0.01793686224489796,0.017332167735709978,0.019583634351824735,0.1310076395670573,0,6020.68408203125,overall|small
2401366,4,4,part of  a wall,600,0.011957908163265306,0.006444458137495644,0.00862719369653266,0.02483883539835612,0,1727.4796142578125,overall|small
2401366,5,6,a flushing device for a urinal,315,0.006277901785714286,0.005795463773306074,0.005852946654858869,0.37110799153645835,0,19972.677734375,overall|small
2401366,6,7,edge of a board,700,0.013950892857142858,0.011673521636023575,0.012621065541139079,0.13456524440220424,0,7463.369140625,overall|small
2401367,0,0,part of a surface,209,0.004165338010204082,0.004167322628977952,0.005046399651991769,0.023363861741061417,0,967.6298828125,overall|small
2401367,1,1,two white metal canisters in grass,638,0.012715242346938776,0.008972823352765025,0.009148957089460522,0.3179078296434169,0,22169.21484375,overall|small
2401367,2,2,part of an edge,768,0.015306122448979591,0.010233637468500619,0.013880364076184468,0.037491453190644584,0,2074.400634765625,overall|small
2401367,3,3,green plant in white pot,440,0.008769132653061224,0.0016909179010384681,0.00174511519017662,0.05163504427129572,0,13018.865234375,overall|small
2401367,4,6,part of a metal,70,0.0013950892857142857,0.0027965167136913332,0.002893300505299877,0.07715057645525251,0,1866.5673828125,overall|small
2401367,5,7,part of a surface,36,0.0007174744897959184,0.00035379430966051115,0.00036682720068001066,0.00985980447795656,0,967.6298828125,overall|small
2401367,6,9,a right hand.,1015,0.020228794642857144,0.0032032571384574553,0.003548717614769272,0.0318569653139913,0,9111.69140625,overall|part
2401368,0,5,the word sicko stylized for graffiti,805,0.016043526785714284,0.017029370726640486,0.019898946924984957,0.10561713935425562,0,4272.67822265625,overall|small|text
2401368,1,3,white graffiti on floor on bottom right,240,0.0047831632653061226,0.0026922918878343966,0.0034075543136370813,0.012663815418879192,0,891.9346313476562,overall|small
2401368,2,4,red stylized graffiti on a wall,684,0.01363201530612245,0.0014127913289299398,0.0015617927350797937,0.014592407739650436,0,6390.865234375,overall|small
2401368,3,6,potential hazard jutting up from the ground,156,0.0031090561224489796,0.007866097621146498,0.008175883438563403,0.17191291466737404,0,3280.185546875,overall|small
2401368,4,0,large exclamation point in graffiti ,2211,0.044064891581632654,0.007601863864650736,0.012921874144108381,0.01812956183272646,0,3102.0625,overall
2401368,5,1,boy riding skateboard,5635,0.1123046875,0.1020620158966055,0.11100112463253618,0.5589569064718278,0,28375.587890625,overall
2401368,6,2,metal gate at a skate park,5100,0.1016422193877551,0.05340391538842048,0.11763241759328744,0.08909352022058824,0,3862.684814453125,overall
2401369,0,3,The eye glasses the man behind the girl in the white blouse is wearing.,104,0.002072704081632653,4.49634823002715e-05,4.545573320736698e-05,0.004134877083393244,0,9460.3515625,overall|small|part
2401369,1,1,part of  a pocket,60,0.0011957908163265306,7.295829804317327e-05,7.363902677502603e-05,0.007830590009689331,0,6380.25,overall|small
2401369,2,5,part of an edge,416,0.008290816326530613,0.015165277751551486,0.018743173655296732,0.07359788509515616,0,1633.4864501953125,overall|small
2401369,3,6,The black sunglasses the lady is wearing.,143,0.002849968112244898,0.0012010088611492393,0.0012196479562215788,0.07286187151928882,0,8542.83203125,overall|small
2401369,4,7,The black shirt the lady is wearing with the sunglasses.,2774,0.05528539540816327,0.09696691768272754,0.11943461185800654,0.3401345140915082,0,7899.99755859375,overall|text
2401369,5,0,woman on cellphone,18837,0.3754185267857143,0.07568441970058937,0.20388627038605792,0.10743372755622246,0,9925.7744140625,overall
2401369,6,2,A black fence,2450,0.048828125,0.13941490492850783,0.16968944184138082,0.438651197783801,0,6333.3076171875,overall
2401370,0,0,man flying a huge red and white kite,16799,0.3348014987244898,0.04622761570379098,0.09548943249540148,0.0822386801530225,0,14467.8583984375,overall
2401370,1,1,shadow on cut grass,7018,0.13986766581632654,0.0028019298196835557,0.038414427123010554,0.0030132735614662462,0,550.5003051757812,overall
2401371,0,1,food bits on spoon,720,0.014349489795918368,0.003405277390439507,0.0038414488185355322,0.029117690192328557,0,5457.5078125,overall|small
2401371,1,0,pan handle for holding dish ,7904,0.15752551020408162,0.07760796614825469,0.20293486600192434,0.11163722358734501,0,4348.09765625,overall|part
2401371,2,2,onion is white,1560,0.031090561224489797,0.0018450540472698146,0.005110697852539713,0.002879176384363419,0,878.8457641601562,overall
2401371,3,3,broccoli and beef in stew,5640,0.11240433673469388,0.12457950908265797,0.15345008137262794,0.398370664339539,0,14641.9638671875,overall
2401371,4,4,brown gravy,1596,0.03180803571428571,0.018857614563264524,0.03375782771348656,0.04097316617654977,0,1937.126220703125,overall
2401371,5,5,sliced cooked beef strips,1560,0.031090561224489797,0.024762063732870696,0.026175501719391547,0.3143967066055689,0,18737.32421875,overall
2401371,6,6,top of green broccoli floret,1715,0.0341796875,0.02642511072903313,0.036319869622004154,0.08842002935381742,0,4175.134765625,overall
2401372,0,3,old paint on the sign post ,675,0.013452646683673469,0.022290516216673644,0.02572957184034765,0.14293180112485532,0,3749.730712890625,overall|small|text
2401372,1,9,torn white sign on wooden pole,494,0.009845344387755101,0.02099994761806877,0.021349226115307502,0.5620942521191802,0,13006.3056640625,overall|small|text
2401372,2,1,blue car moving on the street,902,0.01797672193877551,0.01846396307039422,0.019871349607837995,0.20678907170263996,0,9386.56640625,overall|small
2401372,3,4,The blue box on the side of the street,208,0.004145408163265306,0.00021290253273296045,0.00022052605972104733,0.006120943106137789,0,5773.2685546875,overall|small
2401372,4,5,cobblestone side walk in a city,299,0.0059590242346938774,0.00010809173846985323,0.0001160873463941814,0.0015669129165917337,0,4035.814208984375,overall|small
2401372,5,6,The red light over the road,42,0.0008370535714285714,0.0005101642551539757,0.0005125411592866705,0.09910617555890765,0,8121.2197265625,overall|small
2401372,6,7,curbing on a street corner,675,0.013452646683673469,5.011631492658171e-05,5.565637181278496e-05,0.0005032238253840694,0,6103.09423828125,overall|small
2401373,0,7,the t-shirt is white in color,312,0.006218112244897959,0.0026320968351803537,0.002699679987484238,0.09513880044986041,0,10995.1201171875,overall|small|text
2401373,1,5,the hand is raised,496,0.009885204081632654,0.006484238038046722,0.006710770942555307,0.16113570428663684,0,11909.7060546875,overall|small|part
2401373,2,6,the handle is back in color,32,0.0006377551020408163,0.0005172988176646874,0.0005195449478508148,0.1068674847483635,0,6582.220703125,overall|small|part
2401373,3,9,A man's head.,665,0.013253348214285714,0.011007560695919539,0.012227543416044243,0.09936335284010808,0,5403.9169921875,overall|small|part
2401373,4,0,this is a tennis ball,187,0.0037268813775510204,0.000987377780944782,0.0010213444466701622,0.028833435180990453,0,5279.17138671875,overall|small
2401373,5,2,this is a short,646,0.01287468112244898,0.015686962034723893,0.017162718957169722,0.15428813544589298,0,5807.36279296875,overall|small
2401373,6,3,the short is black in color ,161,0.003208705357142857,0.0009617820273330197,0.0009977039151983832,0.026017778408453332,0,4198.50244140625,overall|small
2401374,0,0,part of a ceiling,780,0.015545280612244899,0.0008741251377473605,0.0009891688369631758,0.0074598361284304885,0,5882.38525390625,overall|small
2401374,1,3,part of a sheet,468,0.00932716836734694,0.0021476660708692114,0.002288125988364698,0.033803354980599165,0,6913.94189453125,overall|small
2401374,2,4,flat screen TV mounted to wall,760,0.015146683673469387,0.0018826177756512072,0.002007553013559541,0.02936304242987382,0,11115.9765625,overall|small
2401374,3,5,part of  a floor,612,0.012197066326530613,0.0005867940225177909,0.0006437788928119731,0.006585569163553076,0,6260.4853515625,overall|small
2401374,4,6,edge of a table,285,0.00568000637755102,0.0009999921418052922,0.0010213976625416243,0.045543038217644945,0,12707.84765625,overall|small
2401374,5,7,part of a switch,153,0.003049266581632653,0.004425943180343632,0.004507362248701029,0.19680028179891748,0,6680.2802734375,overall|small
2401374,6,9,edge of a wall,576,0.011479591836734694,0.0019034724394681884,0.0036789971245593774,0.003928617884715398,0,615.0817260742188,overall|small
2401375,0,1,Person floating on the water,304,0.006058673469387755,0.010792925601679618,0.011847814406703287,0.10811359003970497,0,2774.05859375,overall|small
2401375,1,3,a small area of trees in the distance,228,0.004544005102040816,0.0008445299486400083,0.0008580273047918449,0.050951376295926276,0,13539.095703125,overall|small
2401375,2,4,Person standing on a surfboard,429,0.008549904336734694,0.014139586650354502,0.015268237388787947,0.1605656941731771,0,4511.501953125,overall|small
2401375,3,6,Two people on top of a wave,527,0.010503029336734694,0.023450721782624178,0.024890647904010455,0.2884438965307015,1,6107.1103515625,overall|small
2401375,4,7,Underside of large wave,330,0.006576849489795918,0.007661850045871275,0.008178370334638328,0.10818961172392874,0,4365.4873046875,overall|small
2401375,5,0,Stretch of calm water,4004,0.07979910714285714,0.020059611330609368,0.024542014387431803,0.0989612727970272,0,16145.412109375,overall
2401375,6,2,the area where the white waves meet the grey sky,1196,0.02383609693877551,0.01524151985991724,0.021581673282129926,0.04932268965603117,0,2733.334716796875,overall
2401376,0,4,yellow line on pink shirt,98,0.001953125,0.00040091488316159886,0.0004153007359693565,0.011441465543240917,0,2699.883544921875,overall|small|text
2401376,1,8,white button on man's shirt,36,0.0007174744897959184,0.0010502483241475581,0.0010510812871412246,0.569941414727105,0,19520.74609375,overall|small|text
2401376,2,9,This man's shirt is a light purple color,252,0.005022321428571429,0.0032424540203223936,0.0033353200828755247,0.10430700816805401,0,7880.91259765625,overall|small|text
2401376,3,1,onyx stone ring on man's finger,66,0.0013153698979591836,0.0008284948157122036,0.0008579020840027534,0.023599395246216744,0,1815.5452880859375,overall|small
2401376,4,2,The lights seen in the black background,300,0.005978954081632653,0.000767241911698484,0.0008170447239508709,0.012430594762166342,0,4564.22802734375,overall|small
2401376,5,5,"This man has a very, very large nose",650,0.012954400510204082,0.013183059015936938,0.014620451264153253,0.1182370347243089,0,5256.6142578125,overall|small
2401376,6,6,This man is wearing very dark black slacks,15,0.00029894770408163266,3.684475146145792e-05,3.690888890069927e-05,0.02076265811920166,0,8438.072265625,overall|small
2401377,0,1,Pet food dishes floor corner,286,0.005699936224489796,0.020480247819056316,0.020742491416577195,0.618307687185861,0,8525.3017578125,overall|small
2401377,1,2,yellow and silver stripe on floor,520,0.010363520408163265,0.01677877738653149,0.02026668048516284,0.08883340542133038,0,2279.276611328125,overall|small
2401377,2,3,wooden molding on wall,500,0.009964923469387755,0.013908838332955272,0.015067489052178253,0.15317051696777345,0,5082.81494140625,overall|small
2401377,3,0,this is a chair,32376,0.6452487244897959,0.19092649053561114,0.6239139748781133,0.21575751279883246,0,11196.0390625,overall
2401379,0,2,Cup sitting on table,336,0.006696428571428571,0.01298091607342414,0.014142643278006442,0.13646240461440312,0,3242.06494140625,overall|small
2401379,1,8,pizza slice on a paper plate,528,0.010522959183673469,0.030096117129116834,0.03137914732700666,0.423983891805013,0,7134.1484375,overall|small
2401379,2,6,woman wearing a blue T-shirt,1938,0.03862404336734694,0.06167554212175693,0.07160087162988778,0.30792233178736134,0,8334.4443359375,overall|text
2401379,3,7,man wearing black and white striped shirt,1118,0.02228156887755102,0.0462288449512151,0.0488058793156007,0.46681390806686046,0,10693.341796875,overall|text
2401379,4,0,Napkins in blue and gray napkin holder,1560,0.031090561224489797,0.06278007601442741,0.09125547141223081,0.16749371259640425,0,2863.282470703125,overall
2401379,5,1,the little boy is drinking from his cup,6204,0.12364477040816327,0.10030246755377048,0.151717174199357,0.2283817884001249,0,9338.9599609375,overall
2401379,6,3,the little girl is smiling,1680,0.033482142857142856,0.011407283993883821,0.013489667089893694,0.06881141662597656,0,8569.7578125,overall
2401380,0,4,the leaves are green,925,0.018435108418367346,0.0005804262310935503,0.0006906791483725411,0.003622905628101246,0,4852.01806640625,overall|small|part
2401380,1,2,the grass is green,255,0.005082110969387755,0.0009038944527181191,0.0009233273371609485,0.04117880802528531,0,11372.560546875,overall|small
2401380,2,0,person running in photo,11324,0.22568558673469388,0.08638060867007093,0.41466901650298665,0.09837571457054707,1,2686.495849609375,overall
2401380,3,1,a  tall tree trunk.,1125,0.022421077806122448,0.009765315965657084,0.01131878661891347,0.06642510986328125,0,6602.14306640625,overall
2401380,4,3,a net for a sporting game.,2244,0.04472257653061224,0.009992636255747717,0.012252364698767258,0.05139592964593952,0,9413.078125,overall
2401380,5,5,a log on the ground ,1140,0.02272002551020408,0.007228842843776296,0.008266611126747127,0.05444792697304174,0,7508.59521484375,overall
2401381,0,3,A plastic wall mounted door bell,132,0.0026307397959183672,0.0009207396594515038,0.0009668975914705719,0.018922319917967827,0,2583.25830078125,overall|small|part
2401381,1,4,A closed silver laptop,285,0.00568000637755102,0.016275102728012813,0.01670831989456334,0.385635483055784,0,6577.92724609375,overall|small
2401381,2,8,A brown table book.,418,0.008330676020408163,0.013710658318854405,0.013935722415088645,0.45915218517540746,0,13772.2041015625,overall|small
2401381,3,9,white phone in the corner,180,0.003587372448979592,0.00012269160823059807,0.00012587847254593264,0.004822843273480733,0,6896.427734375,overall|small
2401381,4,0,purple orchid sitting on table,2730,0.054408482142857144,0.049014437291777534,0.060502443799468675,0.2051747528187958,0,9257.9248046875,overall
2401381,5,1,brown tile on the floor,3276,0.06529017857142858,0.0013766072355314639,0.0027274588429790367,0.0027717571701031175,0,3329.20751953125,overall
2401381,6,2,orange pillow on a sofa,2310,0.04603794642857143,0.026045440452686877,0.032941628173099785,0.11064750374137582,0,7759.0498046875,overall
2401382,0,4,United States of America flag,192,0.003826530612244898,0.00018376778522684428,0.0001869164494325892,0.01079141596953074,0,11084.9091796875,overall|small|text
2401382,1,0,row of three benches,368,0.007334183673469388,0.009171214561103152,0.009303833078958457,0.3915073560631793,0,15485.521484375,overall|small
2401382,2,3,black trash can next to bench,120,0.0023915816326530613,0.00014139200290734004,0.00014243511235768758,0.018941181898117065,0,15957.7353515625,overall|small
2401382,3,6,wood chips around the base of a tree,396,0.007892219387755101,0.009478723164747684,0.015575533498887803,0.023642795254485777,0,601.1060180664062,overall|small
2401382,4,1,Wood carved eagle,1040,0.02072704081632653,0.04693135483580625,0.0630934123599652,0.15484187786395734,0,2552.33544921875,overall
2401382,5,2,Large white building with trees in front of it,5160,0.10283801020408163,0.0003613080578912553,0.0015087355619313222,0.0004748530628145203,0,1624.03662109375,overall
2401382,6,5,black clock with Roman numeral numbers,2800,0.05580357142857143,0.06774344022559643,0.12533574750307797,0.12848504202706473,0,2870.355224609375,overall
2401383,0,2,a peeling price tag label,208,0.004145408163265306,0.001970490892534606,0.0020058331059783713,0.1005854973426232,0,10430.470703125,overall|small|text
2401383,1,1,a section of porcelain.,950,0.018933354591836735,0.022894412110504834,0.02393886688503125,0.344150101511102,0,13657.396484375,overall|small
2401383,2,6,a grey countertop in a bathroom,285,0.00568000637755102,0.007452737539565905,0.00804630971620413,0.09175736276726974,0,3250.04248046875,overall|small
2401383,3,0,green spray bottle visible in photo,4956,0.09877232142857142,0.038812743014684806,0.06508358154643898,0.08772025366191233,0,6679.74267578125,overall
2401383,4,3,the slug's antenna are protruding,1596,0.03180803571428571,0.022302172292020844,0.06102258082452274,0.033954352663274394,0,888.0507202148438,overall
2401383,5,4,filth inside of a toilet.,4641,0.09249441964285714,0.06792236268440544,0.09619718590840615,0.18770963162909393,0,9055.986328125,overall
2401383,6,5,a section of the inside of a toilet bowl.,3360,0.06696428571428571,0.02594364959656869,0.03896028667533177,0.07205692927042644,0,6214.3095703125,overall
2401384,0,1,Man has ring on finger.,345,0.006875797193877551,0.0005668381444761591,0.0005855431039187825,0.017435019949208135,0,10272.654296875,overall|small
2401384,1,2,The phone in the man's hand.,4620,0.09207589285714286,0.1003958055344186,0.11378518714794045,0.46038707386363636,0,18693.015625,overall|part
2401384,2,3,hair stubble on the face of a man,7134,0.1421795280612245,0.06651244279165924,0.21950039983671968,0.08711575058150231,0,2831.35595703125,overall|part
2401384,3,4,Man has short hair on his head.,4368,0.08705357142857142,0.003936649778462298,0.008611973586116747,0.00719912846883138,0,3651.40380859375,overall|part
2401384,4,0,Man has brown eyebrows.,2436,0.048549107142857144,0.012881922825387715,0.026685362012562473,0.024298718018680568,0,2218.1328125,overall
2401385,0,2,HAND HOLDING FOOD UP TO MOUTH,30,0.0005978954081632653,0.00017964529793552378,0.0001798872214874669,0.11783823966979981,0,19652.01953125,overall|small|part
2401385,1,1,MULTI COLORED DESIGN ON THE FLOOR,140,0.0027901785714285715,0.00010535757213866736,0.0001068621915688126,0.0074272070612226215,0,9730.373046875,overall|small
2401385,2,4,a doorway in a wall,837,0.0166812818877551,0.01882186061939488,0.027151992792009225,0.057803465046762995,0,1781.8765869140625,overall|small
2401385,3,0,man looking up to ceiling,29808,0.5940688775510204,0.053684980790010696,0.5558079498270956,0.05609153792606012,0,3008.191162109375,overall
2401385,4,3,lighting recessed into ceiling,1870,0.0372688137755102,0.00024121037116947667,0.0005187862046664006,0.00045061640560945725,0,1624.27734375,overall
2401386,0,8,arched window on building.,216,0.00430484693877551,0.004613104389503518,0.004769028105871216,0.12364861700269911,0,5600.32373046875,overall|small|part
2401386,1,0,edge of a road,336,0.006696428571428571,0.0015343936496806216,0.001607834057608717,0.032500763734181724,0,6791.9052734375,overall|small
2401386,2,2,part of a road,255,0.005082110969387755,0.0006253918210040491,0.000657781283596903,0.012541481092864392,0,4861.91650390625,overall|small
2401386,3,6,stoplight on the corner.,155,0.0030891262755102043,0.002105404474026597,0.002117017064875795,0.27736412786668346,0,20307.5546875,overall|small
2401386,4,7,electronic billboard on building.,420,0.008370535714285714,0.00036674587013576663,0.00040658889885407395,0.003728602329889933,0,3851.588134765625,overall|small
2401386,5,9,a billboard,405,0.008071588010204082,0.003781996980904725,0.004043601389924098,0.05522946016288098,0,5531.685546875,overall|small
2401386,6,1,Evergreen tree,2430,0.04842952806122449,0.0010337594136709493,0.0018093620249373579,0.0024058004465613344,0,3231.025634765625,overall
2401387,0,4,flashlight next to knives,598,0.011918048469387755,0.0011840406070078478,0.0012928509237543418,0.013873234241702484,0,6416.9765625,overall|small
2401387,1,6,hand towel on counter,1386,0.027622767857142856,0.007674062900260881,0.008607753045359025,0.0660731823413403,0,10638.947265625,overall|part
2401387,2,0,black stove top by counter,4410,0.087890625,0.03881675227246387,0.17204141437742404,0.04773379302078905,1,1223.57763671875,overall
2401387,3,1,a bag of croutons,3234,0.064453125,0.08388322670577021,0.21294371072290516,0.12157673738440689,1,1846.3995361328125,overall
2401387,4,2,brightly colored container holding kitchen utensils,1736,0.03459821428571429,0.09443027039024031,0.10588242181350349,0.4661165228637133,0,7642.234375,overall
2401387,5,3,stack of two blue plates,7826,0.15597098214285715,0.2816668939853276,0.31180949137674946,0.7444871512027217,1,18685.62890625,overall
2401387,6,5,tiled floor is white,2405,0.047931281887755105,0.011055234884155924,0.017999223466365337,0.02785753341325851,0,3722.236572265625,overall
2401388,0,0,This is at a beach.,41748,0.83203125,0.26295224255955724,0.8139337084282572,0.27976953050146114,0,14349.83984375,overall
2401389,0,2,The shoe lace of a tennis player.,27,0.0005381058673469387,0.00012234036982662538,0.00012286150415038804,0.02803412190190068,0,6160.7685546875,overall|small|part
2401389,1,3,Strings on a tennis racket,240,0.0047831632653061226,0.0028550454951065778,0.002903571347019346,0.14590740203857422,0,12060.2431640625,overall|small
2401389,2,0,Shadow of tennis player holding a racket,25098,0.5001992984693877,0.024155354664384412,0.2188420308871864,0.026434618483046457,0,3031.66650390625,overall
2401389,3,1,Black shorts worn by a tennis player,3403,0.06782126913265306,0.03961114573456852,0.048916349991834536,0.17234374928257237,0,11989.5654296875,overall
2401390,0,3,fence outside of window,432,0.00860969387755102,0.027601482312991605,0.032777460850961365,0.14878364845558448,0,1960.93701171875,overall|small|part
2401390,1,2,a light color wooden floor,784,0.015625,0.0008238044275043203,0.0008816192957888135,0.012406347965707585,0,11032.626953125,overall|small
2401390,2,0,black stand with tv,4000,0.07971938775510204,0.1932694870821185,0.21256416307071785,0.68042919921875,1,12804.212890625,overall
2401390,3,1,lights in the ceiling,1045,0.02082669005102041,2.0428832013727496e-07,3.1288393832583544e-07,5.88591856676996e-07,0,1965.8359375,overall
2401390,4,4,a wooden table between the chairs,1932,0.03850446428571429,0.001633451688031177,0.0019218530238405947,0.010767811327000335,0,10824.6630859375,overall
2401391,0,4,blue sign on a train,432,0.00860969387755102,0.012109620023459156,0.012395232745110351,0.3444953847814489,0,12006.390625,overall|small|text
2401391,1,3,silver door to cargo compartment,720,0.014349489795918368,0.0045312668356877256,0.005028972904570046,0.043780777189466685,0,6268.11083984375,overall|small|part
2401391,2,1,tall building in the background.,462,0.009207589285714286,8.878796781152433e-06,1.032701827490421e-05,6.3309163758249e-05,0,2832.26318359375,overall|small
2401391,3,2,Front windshield of passenger train,465,0.009267378826530613,0.011661430324531883,0.012199257120000891,0.20918009768250168,0,7973.33349609375,overall|small
2401391,4,6,white building behind the train.,210,0.004185267857142857,0.0023115054168495884,0.002410558215767978,0.05325713838849749,0,4639.5888671875,overall|small
2401391,5,7,train wheels on cargo train carrier,800,0.01594387755102041,0.000639582552749572,0.0006791559182508768,0.010857305526733398,0,12789.17578125,overall|small
2401391,6,8,vent on side of train.,112,0.002232142857142857,0.0013124519313035283,0.001350763410744487,0.04422710197312491,0,3667.1376953125,overall|small
2401393,0,3,red tomato sauce on pizza,828,0.01650191326530612,0.018950847282878564,0.019312530014160435,0.5029588045129454,0,21563.71484375,overall|small
2401393,1,5,melted cheese on  pizza,475,0.009466677295918368,0.012159809875182165,0.012729953590824003,0.21352710924650495,0,7967.45849609375,overall|small
2401393,2,0,spinach on the pizza,2520,0.05022321428571429,0.043795508276084624,0.066737365474013,0.1130035158187624,0,4267.0078125,overall
2401393,3,1,fork and a knife,2652,0.052853954081632654,0.019271056621020265,0.027754935645449348,0.05930613176855027,0,5666.73486328125,overall
2401393,4,2,the pinky is curled,2050,0.0408561862244898,0.005222498438805535,0.03327646637104697,0.006156575272722942,0,379.27642822265625,overall
2401393,5,4,burnt crust of pizza,1596,0.03180803571428571,0.005067739244718888,0.0070715582749470525,0.01757002952403592,0,3965.4296875,overall
2401393,6,6,wooden pizza board,3649,0.07272401147959184,0.08338952577173656,0.12108818258759067,0.21126152659547137,0,6366.37939453125,overall
2401394,0,2,window air conditioning unit in apartment building,224,0.004464285714285714,0.0006333256189503726,0.000674726949607771,0.010216008339609419,0,3391.5732421875,overall|small|part
2401394,1,0,Street sign says Cumming St,1554,0.030970982142857144,0.05241123077810044,0.05878682742312496,0.32581073068743965,0,8612.6416015625,overall|text
2401394,2,5,NO PARKING SIGN IN PICTURE,1833,0.03653140943877551,0.035569315002289145,0.04256143997129812,0.1779779162617635,0,7665.001953125,overall|text
2401394,3,1,apartment building fire escape,12654,0.2521922831632653,0.15390766192746919,0.27037778985822597,0.26323591786688005,1,12319.751953125,overall
2401394,4,3,apartment building light,1204,0.023995535714285716,0.013562313275873905,0.01723853719825448,0.05979369407476381,0,4176.20166015625,overall
2401394,5,4,Building exterior is brick,2838,0.056560905612244895,0.013315191757763694,0.020914814940363635,0.03534919464562963,0,4796.6484375,overall
2401394,6,6,There is a black ladder on the building,1105,0.022022480867346938,0.03262006716693861,0.035377959716473874,0.29500354059141687,0,9214.1806640625,overall
2401395,0,9,front wheel of a motor cycle,90,0.001793686224489796,0.00021038640180767599,0.00021282002908877193,0.01806585258907742,0,7639.9140625,overall|small|part
2401395,1,0,black tire on bike,988,0.019690688775510203,0.002075177315763223,0.002233637399193893,0.028420158726001076,0,12571.02734375,overall|small
2401395,2,1,part of a name,272,0.005420918367346939,0.0005979535965655718,0.0006459081843655199,0.007989587152705473,0,3364.514892578125,overall|small
2401395,3,3,edge of a seat,180,0.003587372448979592,0.005028481331746552,0.005436793465315773,0.0627539422776964,0,2077.641845703125,overall|small
2401395,4,5,part of a building,33,0.0006576849489795918,0.00020368796970537291,0.00021076725441746496,0.006027724706765377,0,943.7657470703125,overall|small
2401395,5,8,engine of a motor cycle,544,0.010841836734693877,0.015320904867528198,0.015629628627808482,0.43682437784531536,0,15203.9736328125,overall|small
2401395,6,2,The awning is black with Pub on the side,2070,0.04125478316326531,0.0002712028065609622,0.00033814140762299084,0.0013681109976653315,0,8375.1640625,overall
2401396,0,6,part of  a hair,420,0.008370535714285714,0.025839464432637918,0.031009003342476246,0.1341958727155413,0,1817.6097412109375,overall|small|part
2401396,1,1,Pair of sunglasses,410,0.00817123724489796,0.030171353670577016,0.0320212006809205,0.3430870986566311,0,4392.89306640625,overall|small
2401396,2,2,orange life preserver on a large boat,25,0.0004982461734693878,0.00044785600664396685,0.0004481458936172607,0.4091075897216797,0,22822.232421875,overall|small
2401396,3,4,Small watercraft operate water,481,0.00958625637755102,0.010126314354540705,0.010451475637526153,0.24555883586034954,0,11301.16015625,overall|small
2401396,4,5,part of a chin,48,0.0009566326530612245,0.0033729008307662933,0.0034305278031171497,0.16721383730570474,0,2339.65869140625,overall|small
2401396,5,7,part of a water,736,0.014668367346938776,0.04923562490553253,0.0830071833760254,0.1079523459724758,0,957.1813354492188,overall|small
2401396,6,8,woman wearing glasses,372,0.00741390306122449,0.019045227398294583,0.019751491081486345,0.347523432905956,0,6545.263671875,overall|small
2401397,0,4,a top of a table.,837,0.0166812818877551,0.004578611421562794,0.005212137191621673,0.03630165729044159,0,5829.56396484375,overall|small
2401397,1,7,a section of a table.,456,0.009088010204081632,0.018506054518262892,0.01895671960044442,0.43770830254805715,0,10528.9833984375,overall|small
2401397,2,0,the dressing is white,2912,0.05803571428571429,0.07167004520376098,0.07612520036633115,0.5504861349587912,0,21057.62109375,overall
2401397,3,1,the pickle is green,2046,0.04077646683673469,0.019370754718291926,0.0380084689730961,0.038002167046361425,0,2045.6607666015625,overall
2401397,4,2,lettuce and slices of carrots ,1650,0.032884247448979595,0.015009712627627413,0.018232084393573007,0.07827688506155303,0,7084.04248046875,overall
2401397,5,3,a piece of wheat bread ,7353,0.1465441645408163,0.031593475485679624,0.11472335713209865,0.04177897533850979,0,2677.7529296875,overall
2401397,6,5,the lettuce is green,1015,0.020228794642857144,0.028547789494211114,0.057335914199299114,0.05379841997118419,0,952.3768310546875,overall
2401398,0,5,a distant flag kite ,42,0.0008370535714285714,0.0006707524431990684,0.0006757773107131772,0.08274317923046294,0,5142.54248046875,overall|small|text
2401398,1,8,a streamer flag kite,440,0.008769132653061224,0.01829341427225722,0.018719694277692052,0.4454729253595526,0,10470.6884765625,overall|small|text
2401398,2,0,Buildings in the distance.,456,0.009088010204081632,0.010478336898192402,0.012735451009550546,0.05582220094245777,0,1998.745361328125,overall|small
2401398,3,3,man wearing white walking on the sand,45,0.000896843112244898,0.0005204135884838661,0.000524685853510371,0.060073598225911455,0,5152.24853515625,overall|small
2401398,4,9,a vehicle on the far end of the beach,24,0.00047831632653061223,0.0007775455293674498,0.0007812962040912052,0.13939190904299417,0,4281.8662109375,overall|small
2401398,5,2,green and red legs to kite,2610,0.05201690051020408,0.04882224260349332,0.05632537795942691,0.2682057347790948,0,12428.091796875,overall|part
2401398,6,6,The eyes and the mouth on the cat are black.,1560,0.031090561224489797,0.03915300531608805,0.04317008545386289,0.296152828901242,0,10701.818359375,overall|part
2401399,0,6,left arm of a surfer,306,0.006098533163265306,0.003031760572111542,0.0030701321657221783,0.19521819220648873,0,19457.392578125,overall|small|part
2401399,1,3,white crashing water from a wave,805,0.016043526785714284,0.022425671219994104,0.028182418103999823,0.09892529789705454,0,2825.693115234375,overall|small
2401399,2,7,white foam from the ocean water,196,0.00390625,0.004439445765078994,0.004859758669669899,0.048823814002835024,0,1969.1240234375,overall|small
2401399,3,0,The birds are white.,2600,0.05181760204081633,0.02498261295950136,0.029851437199475528,0.13282657329852765,0,11568.9267578125,overall
2401399,4,1,Foamy and motionless water ,7616,0.15178571428571427,0.15912897965438078,0.2633133956310017,0.28682433056230305,1,8296.0234375,overall
2401399,5,2,Rock in the ocean.,1128,0.022480867346938774,0.004140252043792776,0.005823714642817834,0.014120408829222334,0,2734.993408203125,overall
2401399,6,4,Dark blue clear ocean water,3618,0.07210618622448979,0.03421334795581474,0.0690906884533834,0.06347341205350202,0,3323.845947265625,overall
2401400,0,4,Giraffe has black hair on the end of tail.,408,0.008131377551020409,0.0011437651119484882,0.001164867081096386,0.059388263552796604,0,20801.009765625,overall|small|part
2401400,1,9,green leaves on the trees.,414,0.00825095663265306,0.0011157937373958587,0.0012157705582272272,0.013386993592488017,0,4558.60302734375,overall|small|part
2401400,2,2,A small rock on the ground.,16,0.00031887755102040814,6.487139071561382e-05,8.377848726304192e-05,0.0002873664489015937,0,54.88119125366211,overall|small
2401400,3,7,Two of the feet of the tallest giraffe. ,413,0.008231026785714286,0.0018761403749781539,0.0020068715792887974,0.027994603856712506,0,5761.091796875,overall|small
2401400,4,8,rocks in the ditch.,198,0.003946109693877551,0.00029527425306603194,0.0003524608662117005,0.0018165713608866991,0,1020.4852905273438,overall|small
2401400,5,0,Housing structure in the background.,1320,0.026307397959183673,0.07836789772134291,0.08234142617594005,0.6188993049390388,1,9921.458984375,overall
2401400,6,1,Wires in the sky over giraffes area.,13056,0.2602040816326531,0.0002322130764911666,0.0006082939091351029,0.00037545323664066836,0,8058.46875,overall
2401401,0,2,tail of plane number two,192,0.003826530612244898,0.005414098936724336,0.00546457124295768,0.36955352624257404,0,12984.41796875,overall|small|text|part
2401401,1,3,Tail end of black airplane,231,0.004603794642857143,0.006968973642967478,0.007099719899971323,0.2745347786775399,0,8932.3994140625,overall|small|part
2401401,2,1,back wings of a jet.,156,0.0031090561224489796,0.0028425763444029,0.002886995567194545,0.15594093616192156,0,8426.3330078125,overall|small
2401401,3,6,Lights on bottom of airplane,64,0.0012755102040816326,0.0016817838247455994,0.0016887487429836604,0.2896585464477539,0,10977.4453125,overall|small
2401401,4,0,the left outer plane,2640,0.052614795918367346,0.017762141971851032,0.023247714854642523,0.07000577522046639,0,7949.82421875,overall
2401401,5,4,a section of clear blue sky.,1908,0.03802614795918367,0.01178176598803819,0.05921435236111079,0.014495038886240194,0,467.0579528808594,overall
2401401,6,5,Clear blue sky,12900,0.2570950255102041,0.006525437244441094,0.19719710712493974,0.006703519599382268,0,438.5226745605469,overall
2401402,0,0,Identifying number of airplane.,117,0.002331792091836735,0.0013967009220119432,0.0014193307426699194,0.08054462661091079,0,6639.552734375,overall|small|text
2401402,1,3,the grass is green,504,0.010044642857142858,0.005890663001108076,0.006541633852726074,0.0558872487809923,0,4305.83154296875,overall|small
2401402,2,6,open windows,220,0.004384566326530612,0.0002684663569604208,0.0002991886763087631,0.002607636560093273,0,1917.452392578125,overall|small
2401402,3,1,the roof is gray,2379,0.04741310586734694,2.2802607973353403e-05,2.9963376720328974e-05,9.540567106436961e-05,0,7574.9169921875,overall
2401402,4,2,brown hotel,16472,0.3282844387755102,0.39265364859108215,0.49275511491396023,0.659035859147341,1,22030.494140625,overall
2401402,5,4,the water ,1680,0.033482142857142856,0.013911142501430114,0.02260973803214978,0.034896594002133324,0,2592.9658203125,overall
2401402,6,5,Water movement from the airplane.,1080,0.021524234693877552,0.03705827943239186,0.04327936608068267,0.20496741400824653,0,5114.78857421875,overall
2401403,0,5,Head of a man walking in the water. ,200,0.003985969387755102,0.006003884274031948,0.006098111989100948,0.27982526779174804,0,9177.439453125,overall|small|part
2401403,1,3,decal on surf board,144,0.0028698979591836736,0.0033420986514041398,0.0033664662044073593,0.3158759011162652,0,13511.5361328125,overall|small
2401403,2,4,Top black tip of a surfboard. ,72,0.0014349489795918368,0.0011897089196459436,0.001198002138606438,0.1466558509402805,0,8814.025390625,overall|small
2401403,3,0,The foam is white.,14381,0.2866111288265306,0.026507716715106436,0.10837776508880544,0.033900742702909874,0,4498.400390625,overall
2401403,4,1,The waves are white.,9768,0.1946747448979592,0.011062384550434646,0.03771498294386843,0.015412651643120393,0,3991.802978515625,overall
2401403,5,2,small wave crashing down,5112,0.1018813775510204,0.041919727271729997,0.1075976611884197,0.06426225283149635,0,3053.12060546875,overall
2401404,0,1,neck of a sheep,464,0.009247448979591837,0.008141566795781664,0.008586573262013222,0.13576650619506836,0,7336.53076171875,overall|small
2401404,1,3,part of the sky,238,0.004743303571428571,0.0007744010781749291,0.001469663508640856,0.0016342735841494648,0,264.6572570800781,overall|small
2401404,2,4,stomach of a sheep,648,0.012914540816326531,0.006987525837154431,0.007125420017632543,0.2652823836715133,0,24125.3125,overall|small
2401404,3,5,part of a tree,187,0.0037268813775510204,0.003769539380364321,0.004811198113815699,0.01711274850814738,0,665.1324462890625,overall|small
2401404,4,7,part of a cloth,125,0.0024912308673469387,0.004171334013178046,0.004218116212487104,0.27331298828125,0,8099.37939453125,overall|small
2401404,5,0,Man wearing white shirt.,1463,0.029157366071428572,0.07864050414758325,0.08542641885826989,0.497484500491285,0,8519.8447265625,overall|text
2401404,6,2,The sky is bright.,5472,0.1090561224489796,0.0008071312497091997,0.00459405055474942,0.0009782026734268456,0,1165.142822265625,overall
2401405,0,0,The plane in the sky,11745,0.23407605229591838,0.004694143489994706,0.04274585332140825,0.0052455624401341,0,1441.2890625,overall
2401405,1,1,clouds in the sky,13244,0.26395089285714285,0.019924328616402046,0.15308498426166034,0.02239261628349394,0,1937.275634765625,overall
2401406,0,0,Yellow and red left boot,320,0.006377551020408163,0.0008207514342429169,0.0009796495706958918,0.005034676194190979,0,1644.56396484375,overall|small
2401406,1,1,Yellow and red right boot,360,0.007174744897959184,0.000864008312953279,0.0010308060143048754,0.005311192406548394,0,1854.8875732421875,overall|small
2401406,2,2,red hat with a white patterned stripe,342,0.006816007653061225,0.0024078607468415005,0.002456209750726382,0.10899116560729624,0,15175.8125,overall|small
2401406,3,3,person wearing white hat ,714,0.014229910714285714,0.016590997226682547,0.017355032828094273,0.2737117094152114,0,11260.7197265625,overall|small
2401406,4,5,light blue jacket,925,0.018435108418367346,0.04175753470458872,0.043492872946775014,0.5113778769003379,0,10875.9091796875,overall|small
2401406,5,7,bright yellow hat,154,0.0030691964285714285,0.0007408323252591294,0.000754927735745897,0.038163553584705696,0,7785.09912109375,overall|small
2401406,6,8,"black ski boot with small areas of yellow, pink and blue on the side",210,0.004185267857142857,0.0017993230028877651,0.0020349615823576288,0.01530109133039202,0,1579.01220703125,overall|small
2401407,0,3,green leaves on the plate,550,0.010961415816326531,0.008121693482147573,0.00947173176821942,0.05390918038108132,0,3130.37255859375,overall|small|part
2401407,1,1,side of a plate,60,0.0011957908163265306,0.0008224925427343392,0.0008514600641404002,0.023605342706044516,0,1663.4022216796875,overall|small
2401407,2,2,cutting edge of a knife,12,0.00023915816326530612,0.0002143172432110782,0.00021559727896667248,0.03483995795249939,0,1939.168701171875,overall|small
2401407,3,4,part of a dinner table,42,0.0008370535714285714,0.0011820736121337778,0.0011826690551501246,0.7012994857061476,0,24905.173828125,overall|small
2401407,4,5,front part of a fork,270,0.005381058673469388,0.0029546580351858752,0.0033097109482795387,0.02680429529260706,0,2186.64404296875,overall|small
2401407,5,7,napkin for meal,416,0.008290816326530613,0.0006087931663515294,0.0006403496826804973,0.01220297240293943,0,7927.6005859375,overall|small
2401407,6,8,part of a silver knife,60,0.0011957908163265306,0.0006705235649671862,0.0006748470789288164,0.09474444389343262,0,8423.63671875,overall|small
2401408,0,7,Japan airline logo on side of plane.,513,0.010224011479591837,0.007630304424323282,0.008008432942188748,0.13912083438033016,0,8911.7294921875,overall|small|text
2401408,1,1,Luggage transport vehicles.,725,0.014449139030612245,0.02253117896104168,0.02631324831503146,0.13551472630994074,0,3733.791259765625,overall|small
2401408,2,3,an orange and white cone,117,0.002331792091836735,0.004293097422407651,0.004349513357749184,0.2486772944784572,0,6689.31005859375,overall|small
2401408,3,4,One person at the luggage carrier.,364,0.007254464285714286,0.009411801664853045,0.010117026894657998,0.11895819024725275,0,4279.99072265625,overall|small
2401408,4,5,Landing gear on JAL airline.,270,0.005381058673469388,0.0021314588183319496,0.0021548887447162,0.16390320106788916,0,20536.49609375,overall|small
2401408,5,8,this is the propeller,399,0.007952008928571428,0.0037733220897464346,0.004091321510862312,0.04629918148643092,0,4515.25830078125,overall|small
2401408,6,0,The lines are white.,6695,0.13343032525510204,0.05197592965435961,0.2685551011799407,0.06054718496195855,0,1509.423583984375,overall
2401409,0,3,shadow in the snow.,285,0.00568000637755102,0.007579102854892165,0.010260497408163831,0.028184435660378974,0,782.863037109375,overall|small
2401409,1,4,trunk of a tree.,605,0.012057557397959183,0.016887458748784494,0.01950770695553054,0.11168505455836777,0,3463.7314453125,overall|small
2401409,2,5,a shed in the background,132,0.0026307397959183672,0.00016074380423084246,0.00016211343669782785,0.01867084250305638,0,15202.6337890625,overall|small
2401409,3,6,ski trail in the snow.,448,0.008928571428571428,0.009710752594658551,0.01004836156812583,0.22421935626438685,0,9996.681640625,overall|small
2401409,4,7,a round barrel in the snow,56,0.0011160714285714285,0.0001359804965283231,0.0001366633488599469,0.026493583406720842,0,10856.1708984375,overall|small
2401409,5,0,a black bench in snow,9100,0.18136160714285715,0.03916928422211125,0.10836615609044493,0.05779600038633242,0,4853.3935546875,overall
2401409,6,1,a person walking in the snow,2880,0.05739795918367347,0.13088978449341093,0.18213453124794848,0.31750380198160805,0,5020.52490234375,overall
2401410,0,3,front wheel of a bicycle,25,0.0004982461734693878,3.702454629964746e-05,3.7089235065129176e-05,0.02078672409057617,0,14011.2919921875,overall|small|part
2401410,1,0,yellow bananas in cart,648,0.012914540816326531,0.023556873051634425,0.024077776739416898,0.5212725886592159,0,14028.896484375,overall|small
2401410,2,1,section of tomatoes,40,0.0007971938775510204,0.000636711076456441,0.000644844768647656,0.04805322289466858,0,2980.76220703125,overall|small
2401410,3,2,a boot on a man,234,0.00466358418367347,0.005423643568752325,0.005668605102131845,0.11151186625162761,0,4603.20947265625,overall|small
2401410,4,4,part of a path,75,0.0014947385204081632,0.002752869256503686,0.002787688461906041,0.1805963134765625,0,4858.76513671875,overall|small
2401410,5,6,pedal of a bicycle,21,0.0004185267857142857,2.2183860150121042e-05,2.2251796781647304e-05,0.0072136322657267255,0,6807.822265625,overall|small
2401410,6,7,inside of a shop,558,0.011120854591836735,0.022948691237409183,0.02677251143277688,0.13843272492877043,0,2885.252685546875,overall|small
2401411,0,0,Lightly brown bread toasted,19890,0.3964046556122449,0.025156919405449767,0.11952725615155109,0.030879253619516718,0,5138.4794921875,overall
2401411,1,1,black hinged box sitting on desk behind plate,2256,0.04496173469387755,0.09496328766597621,0.11634888225960201,0.34065219527440715,0,6605.23193359375,overall
2401411,2,2,The plate is covered in toast crumbs ,5238,0.10439253826530612,0.026909029886646566,0.04285346129520886,0.06744494297978713,0,8243.8291015625,overall
2401411,3,3,white wall in the background,1015,0.020228794642857144,0.0013689575677177162,0.0017198747855582022,0.00666466041151526,0,3933.2109375,overall
2401412,0,0,a section of night sky.,931,0.0185546875,0.0011615900935772114,0.001931234077769881,0.0029062564083636127,0,1401.0340576171875,overall|small
2401412,1,1,the front lights are on,126,0.0025111607142857145,0.00021760542093632697,0.0002196194915274814,0.023178280345977298,0,13297.8330078125,overall|small
2401412,2,2,Top of clock tower,200,0.003985969387755102,0.0006164180728655491,0.000628072697531864,0.032151007652282716,0,10237.9892578125,overall|small
2401412,3,5,Small part of the street,540,0.010762117346938776,0.00024081299867316348,0.00025885146013628275,0.003443759900552255,0,7184.16015625,overall|small
2401412,4,6,clock on a side of a building,189,0.0037667410714285715,0.00035981332386001417,0.00038327800056200197,0.005842941778677481,0,2881.240234375,overall|small
2401412,5,7,green light on side of street pole,60,0.0011957908163265306,0.000793897600729785,0.0007973789215908728,0.15386050542195637,0,11577.4697265625,overall|small
2401412,6,8,a tall light.,621,0.012376434948979591,0.00034465703591745364,0.0004040327493531883,0.002339793480152861,0,3596.272216796875,overall|small
2401413,0,6,a tennis player wearing an orange shirt,270,0.005381058673469388,0.007452223723629416,0.0076358810805310685,0.23654765376338252,0,8364.177734375,overall|small|text
2401413,1,1,blue surface on the court.,323,0.00643734056122449,0.00013377979244196239,0.0001399277040586698,0.0030356119660770193,0,7007.208984375,overall|small
2401413,2,3,an advertisement on the wall,644,0.012834821428571428,0.003314864120202219,0.00672065717144858,0.006498717373202306,0,622.7328491210938,overall|small
2401413,3,4,green floor next to court,529,0.010542889030612245,0.005026482372049099,0.0058007241741764555,0.03629234833167496,0,3309.69921875,overall|small
2401413,4,5,ball boy near the net.,207,0.00412547831632653,0.0025101786903917534,0.00252844686483795,0.2578446577136643,0,21109.33984375,overall|small
2401413,5,7,green surface on the court.,196,0.00390625,0.0012143687113712568,0.0012701680732816094,0.026899259917590082,0,4150.83251953125,overall|small
2401413,6,9,scoreboard on the court.,220,0.004384566326530612,0.00036573044024779697,0.0003799287289185368,0.009691649133508855,0,5612.00732421875,overall|small
2401415,0,0,The eyes of the man holding the phone.,299,0.0059590242346938774,0.004440193472346435,0.004527094410183692,0.18785773950276966,0,12407.3984375,overall|small|part
2401415,1,5,The ear of the man holding the phone.,612,0.012197066326530613,0.004572109362910798,0.004843605803794008,0.07541666467205371,0,9529.0576171875,overall|small
2401415,2,6,Bicycle tire in the background,987,0.019670758928571428,0.0014820355127136498,0.0016479249990841002,0.01450874885164858,0,8689.7978515625,overall|small
2401415,3,2,person with sunglasses in hand,1512,0.030133928571428572,0.012466421016857519,0.01653626128805506,0.04821060826538732,0,4408.1572265625,overall|part
2401415,4,1,There is a drink with a straw,1287,0.02564971301020408,0.0008129190033709539,0.0009930645206547017,0.0044612795600802195,0,5781.76611328125,overall
2401415,5,3,Man looking at something,3504,0.06983418367346939,0.04640477938431283,0.15459257690098924,0.06218561843105647,0,1409.5010986328125,overall
2401415,6,4,The phone is black,2010,0.04005899234693878,0.049468251983025964,0.05905353796423457,0.23357941736629353,0,7950.32177734375,overall
2401416,0,1,the gold letter G,60,0.0011957908163265306,0.0018255421379086288,0.0018496520958774906,0.1228460709253947,0,3984.9462890625,overall|small|text
2401416,1,9,the gold letter E,85,0.0016940369897959183,0.002029233113392026,0.0020728318376495762,0.08798787734087776,0,3608.0927734375,overall|small|text
2401416,2,2,string hanging from case,848,0.016900510204081634,0.031159451629256547,0.032484020702916346,0.433158370683778,0,11307.6611328125,overall|small
2401416,3,8,tan stitching on leather,935,0.0186344068877551,0.035368214582824964,0.03795134172386748,0.3419452198048964,0,8424.439453125,overall|small
2401416,4,0,cream leather handle of suitcase,1584,0.031568877551020405,0.025823281875341636,0.02775277209671447,0.27083329480103774,0,15457.9130859375,overall|part
2401416,5,3,closed pink storage chest,4278,0.08525988520408163,0.006719221902940462,0.01135462782680812,0.016192512458704966,0,6100.734375,overall
2401416,6,4,books on blue bookshelf,1725,0.03437898596938776,0.049014491414578996,0.1090975191409556,0.0817259326879529,0,1292.2130126953125,overall
2401417,0,0,toilets in bathroom,24948,0.49720982142857145,0.1501551786317703,0.30623782448591164,0.22756540635772407,0,18538.865234375,overall
2401417,1,1,geometrically patterned lavendar and burgundy wallpaper,5332,0.10626594387755102,0.013800895058601981,0.03847252025401437,0.021067494122676177,0,2919.795166015625,overall
2401418,0,0,This is a baseball game.,32308,0.6438934948979592,0.5435948208271719,0.723749692381824,0.6859123151580104,1,30618.94921875,overall
2401418,1,1,The ground is brown.,7242,0.14433195153061223,0.0038138453031578124,0.009191047459228077,0.006476640635450648,0,5103.20849609375,overall
2401419,0,3,the letters Slazerx,240,0.0047831632653061226,0.0021640909286889166,0.0028970654381176727,0.008480979005495708,0,702.5850830078125,overall|small|text
2401419,1,1,a greenish yellow tennis ball flying through the air,45,0.000896843112244898,0.00012654818787145256,0.00012736348883965744,0.019385684861077203,0,6849.33984375,overall|small
2401419,2,5,The dark blue jacket the person behind the player has on.,675,0.013452646683673469,0.006775155492027157,0.007051844276663438,0.14724908899377895,0,14094.6298828125,overall|small
2401419,3,0,tennis player lunging for tennis ball,10614,0.21153539540816327,0.03661062295691053,0.055279030912217274,0.09780492184187747,0,18779.298828125,overall
2401419,4,2,green tennis court grass with spray painted white lines,1696,0.03380102040816327,0.014722730847134607,0.03260446849436142,0.02614273890009466,0,1359.8775634765625,overall
2401419,5,4,the green back fence of a tennis court,3024,0.060267857142857144,0.034064582333915364,0.0906569544521811,0.051745344091344764,0,1726.0443115234375,overall
2401419,6,6,a long green metal bar at the top of the court wall,1106,0.022042410714285716,0.005397472725488031,0.0062594563989179335,0.03771647406745345,0,6664.22412109375,overall
2401420,0,1,part of a forest,120,0.0023915816326530613,0.0017199575107069128,0.0017400434593055794,0.12967777252197266,0,8943.0712890625,overall|small
2401420,1,2,white rocks by trees,161,0.003208705357142857,0.00601573368330804,0.006068291271515349,0.40988178134704967,0,10874.7197265625,overall|small
2401420,2,3,part of a lake,63,0.0012555803571428572,0.0006547672070351653,0.0006622934999229735,0.05447880427042643,0,5182.2412109375,overall|small
2401420,3,4,part of a sea,672,0.013392857142857142,0.020369623107774657,0.02185960331835023,0.2300846917288644,0,7073.18017578125,overall|small
2401420,4,5,ripples of water,270,0.005381058673469388,0.009242183612276645,0.010107264974326966,0.09745824601915147,0,2603.44677734375,overall|small
2401420,5,0,surfer in the middle is woman,14868,0.2963169642857143,0.18887333206369836,0.5110555145141554,0.23053058976282956,0,6706.76416015625,overall
2401421,0,1,Blue solution in Windex bottle,912,0.018176020408163265,0.009926667942259894,0.010536582828985683,0.1463848582485266,0,12670.42578125,overall|small
2401421,1,2,reflection of faucet in mirror,837,0.0166812818877551,0.04596030165051478,0.04903086464721387,0.4232640784843563,0,7225.490234375,overall|small
2401421,2,0,The sink has just been cleaned.,39894,0.7950813137755102,0.19598392810969004,0.6833897549008614,0.21555601347477063,0,12583.4365234375,overall
2401422,0,4,If that were a wedding ring it would be on his other hand. ,256,0.00510204081632653,0.019414466646659235,0.020785996808918877,0.227341428399086,0,2799.933349609375,overall|small|part
2401422,1,1,squirt of red ketchup,435,0.008669483418367346,0.0009170023826488118,0.0009687217693448841,0.01688574209980581,0,7582.4638671875,overall|small
2401422,2,2,the boat is white in color,80,0.0015943877551020409,0.002061642172811588,0.0020640216103420426,0.6413653373718262,0,24858.861328125,overall|small
2401422,3,7,A narrow ladder in the wall.,190,0.003786670918367347,0.018436827060295324,0.01900907543355471,0.3798213757966694,0,3796.400390625,overall|small
2401422,4,8,He needs to wash his hands. Dirt on fingernail. ,546,0.010881696428571428,0.03819282522830597,0.041138948122198316,0.3478184514866644,1,4616.279296875,overall|small
2401422,5,9,this is some meat,286,0.005699936224489796,0.009242346667023662,0.009694903820933442,0.16527137222823562,0,4875.51123046875,overall|small
2401422,6,0,The thumb of a man holding a hotdog.,2352,0.046875,0.01774573577364615,0.04234303637417055,0.02964286414944396,0,1646.5521240234375,overall
2401423,0,2,this is a writing,672,0.013392857142857142,0.0026360937127570777,0.004709549301246253,0.005951862250055585,0,849.26416015625,overall|small|text
2401423,1,9,single front landing wheel,99,0.0019730548469387753,0.00267488875697481,0.002690246330830192,0.31906582610775724,0,11741.49609375,overall|small|part
2401423,2,1,part of an engine,308,0.006138392857142857,0.007451764555752792,0.007690587812087169,0.19352351845084848,0,7750.41455078125,overall|small
2401423,3,4,the clouds are white in color ,110,0.002192283163265306,4.9278391369184116e-05,5.483104472019542e-05,0.00048637495122172614,0,975.747314453125,overall|small
2401423,4,5,front windows on airplane ,55,0.001096141581632653,0.00038983973601882256,0.00040082310805093937,0.014027107845653187,0,1924.7666015625,overall|small
2401423,5,6,six landing wheels,280,0.005580357142857143,0.002224561010607372,0.002289909382825809,0.07231499808175224,0,8842.3583984375,overall|small
2401423,6,8,wheels on airplane,196,0.00390625,0.003815471749481348,0.003842147232615933,0.3546527940399793,0,18091.953125,overall|small
2401424,0,5,Left hand arrow on traffic sign.,500,0.009964923469387755,0.008209366582173616,0.008762014316561767,0.11516664123535156,0,6571.92724609375,overall|small|text|part
2401424,1,9,section of a sign post,224,0.004464285714285714,0.0024103224533993405,0.0025011184347145474,0.06226216469492231,0,5576.1953125,overall|small|text
2401424,2,1,Traffic Lights in Background,1000,0.01992984693877551,0.01821011859804611,0.01898598305047331,0.3082529907226563,0,16235.8193359375,overall|small
2401424,3,3,Lady with Yellow Bag,171,0.0034080038265306123,0.0013409098627899458,0.001357921088947651,0.09668874461748446,0,12175.7998046875,overall|small
2401424,4,4,Exclamation point.,720,0.014349489795918368,0.008046608185249729,0.012126445224901318,0.023358172840542264,0,1386.876708984375,overall|small
2401424,5,7,part of a road,300,0.005978954081632653,2.308264940046892e-05,2.423745609389001e-05,0.0004842315117518107,0,5993.59326171875,overall|small
2401424,6,0,Green leaves on the tree.,2205,0.0439453125,0.0012597729398544527,0.002499050389469221,0.0025339431503192096,0,2235.787109375,overall|part
2401425,0,6,The eye of the elephant.,198,0.003946109693877551,0.0013707416649424613,0.001408955734889522,0.04810800456037425,0,6760.59912109375,overall|small|part
2401425,1,0,the back left leg of an elephant.,2349,0.04681521045918367,0.0010958166346996517,0.0016814717519609904,0.0031363266790202446,0,4381.41845703125,overall|part
2401425,2,2,Elephant's right front leg,2727,0.05434869260204082,0.03624862286174882,0.04722958406181061,0.13487840686737945,0,7787.77587890625,overall|part
2401425,3,3,the tail on an elephant.,1672,0.033322704081632654,0.05306471843198936,0.06326263520266619,0.2476599843878495,0,6545.5302734375,overall|part
2401425,4,5,The elephant's front right leg.,2790,0.05560427295918367,0.016033126191600973,0.021849624536539658,0.05680691298618112,0,7253.73046875,overall|part
2401425,5,1,The trunk of an elephant.,4760,0.09486607142857142,0.037541316654916904,0.08473256443496471,0.06314933199842437,0,3547.524169921875,overall
2401425,6,4,Left ear of elephant,4081,0.08133370535714286,0.023231043978271762,0.02936960865897075,0.10002954693817386,0,13899.421875,overall
2401426,0,5,legs of a chair,920,0.01833545918367347,0.0004434594855220879,0.0004747419697301724,0.00668493768443232,0,12954.7060546875,overall|small|part
2401426,1,8,metal handle on oven door,330,0.006576849489795918,0.0018104517288498562,0.002160902964553032,0.011040107409159342,0,1685.978271484375,overall|small|part
2401426,2,2,steel pan for cooking pizza,639,0.01273517219387755,0.008072651696648359,0.008552316196337156,0.12582343732806997,0,9401.099609375,overall|small
2401426,3,6,the table is of glass,999,0.019909917091836735,0.009054696784824366,0.012022701158159246,0.035380774909430916,0,2939.887939453125,overall|small
2401426,4,7,burn marks on a pizza crust,476,0.009486607142857142,0.01872004753923671,0.019314915145837067,0.3780422370974757,0,9316.5361328125,overall|small
2401426,5,1,a pizza oven door,3162,0.06301817602040816,0.05911674150223605,0.08588154752012808,0.15944545680702976,0,5870.4873046875,overall|part
2401426,6,0,the pizza is spicy,5184,0.10331632653061225,0.08461130325556622,0.12851554305882812,0.1985075444351008,0,8007.3046875,overall
2401427,0,2,2 blue garbage cans,570,0.01136001275510204,0.004893920784607477,0.005100049160499576,0.10800767865097313,0,12071.330078125,overall|small
2401427,1,3,banner on side of building,238,0.004743303571428571,0.001838652852171091,0.001891514435992866,0.06173010433421416,0,7767.19677734375,overall|small
2401427,2,1,man in black shirt,27777,0.5535913584183674,0.27297291832027626,0.7009183302019915,0.30895977196736507,1,12243.90234375,overall|text
2401427,3,0,white line on road,1800,0.03587372448979592,0.0009166868228335471,0.001153022938571115,0.004452366299099392,0,6950.650390625,overall
2401428,0,0,the glass is shinny ,690,0.013751594387755101,0.00021403119408735586,0.00044951066711021025,0.00040840083274288453,0,626.8963012695312,overall|small
2401428,1,2,the table is brown in color ,156,0.0031090561224489796,0.0039339420214535925,0.003958873464538721,0.384491211328751,0,15150.93359375,overall|small
2401428,2,4,round red pepperoni slice,792,0.015784438775510203,0.02001579476558378,0.020759144938488804,0.358551025390625,0,13679.388671875,overall|small
2401428,3,5,patch of green spice,550,0.010961415816326531,0.004736853508214279,0.006029033463643307,0.021623240384188565,0,1972.585205078125,overall|small
2401428,4,6,round red pepperoni slice,704,0.01403061224489796,0.017531340940476706,0.01811598147418126,0.35201072692871094,0,13679.388671875,overall|small
2401428,5,7,this is a knife,16,0.00031887755102040814,0.0002942305730549707,0.0002958865509751529,0.04994666203856468,0,2700.854736328125,overall|small
2401428,6,8,corner of a white napkin,336,0.006696428571428571,0.0025722255739090297,0.0029299825562731324,0.020631560257502964,0,2365.9541015625,overall|small
2401429,0,0,bare feet in water and sand,90,0.001793686224489796,9.248592275876158e-05,9.325310322855888e-05,0.011116966936323377,0,10729.1552734375,overall|small
2401429,1,1,the sky is blue in color,294,0.005859375,4.193506807072547e-05,4.5925560688920895e-05,0.00048238718185295053,0,3088.08056640625,overall|small
2401429,2,3,the grass is green in color,225,0.00448421556122449,8.114029851255724e-05,8.22280402222098e-05,0.006096421877543131,0,16681.595703125,overall|small
2401429,3,5,Boogie board in a man's hands,256,0.00510204081632653,0.008070289569157682,0.008717110992067255,0.09809321165084839,0,2880.755126953125,overall|small
2401429,4,6,man's blue floral swimming trunk,180,0.003587372448979592,0.0030977342549573334,0.0031308988999167466,0.22627012464735244,0,13008.603515625,overall|small
2401429,5,7,this is the sky,464,0.009247448979591837,0.00015525370929347655,0.00018547971322696537,0.0009517965131792529,0,2381.034423828125,overall|small
2401429,6,2,white cloud in the sky at the beach,9048,0.1803252551020408,0.0004158196855497266,0.0030889762556077158,0.0004802712500358872,0,1406.77490234375,overall
2401431,0,5,A blue and gold sign.,288,0.005739795918367347,7.63022964292975e-05,7.883373449470359e-05,0.0023705638531181547,0,8660.2822265625,overall|small|text
2401431,1,0,this is the roof ,500,0.009964923469387755,7.29833287132766e-05,9.531372809596353e-05,0.00031142061948776244,0,1633.660888671875,overall|small
2401431,2,1,the carpet is brown,729,0.014528858418367346,0.0006720457464183309,0.0006991512023580747,0.017039208745760193,0,17766.662109375,overall|small
2401431,3,3,part of a metal,104,0.002072704081632653,0.0009213258821115839,0.0010821887705878077,0.006159946322441101,0,591.9802856445312,overall|small
2401431,4,4,A central vendor kiosk,720,0.014349489795918368,0.021266631381521534,0.021774433188370603,0.4769624498155382,0,15771.384765625,overall|small
2401431,5,6,part of a metal,65,0.001295440051020408,0.0017443644297460406,0.0019325262778243748,0.017600268584031326,0,591.9802856445312,overall|small
2401431,6,7,part of  a castle,208,0.004145408163265306,0.0024238527740275432,0.002515460446147199,0.062403353360983044,0,5160.04833984375,overall|small
2401432,0,3,Company logo truck cab,336,0.006696428571428571,0.018821010423977567,0.01892501513157488,0.7739974430629185,0,13741.7666015625,overall|small|text
2401432,1,6,the logo on the side of the truck,396,0.007892219387755101,0.01465738693837249,0.01514060396219205,0.3147206161961411,0,8231.4658203125,overall|small|text
2401432,2,7,the freeway sign on the side of the road,195,0.0038863201530612247,0.0008672866795987073,0.000881608346370936,0.050682307512332235,0,11210.25,overall|small|text
2401432,3,0,the light is off,70,0.0013950892857142857,0.0010520506069710046,0.0011136730132007015,0.018658462592533658,0,1172.779052734375,overall|small
2401432,4,1,the front screen is clear,660,0.013153698979591837,0.001979511741916493,0.0036199607428476113,0.004349168864163485,0,792.9509887695312,overall|small
2401432,5,4,part of the sky,624,0.012436224489795918,2.3367097727013122e-07,3.322981770933118e-07,7.87291728789942e-07,0,1478.4012451171875,overall|small
2401432,6,5,part of a road,504,0.010044642857142858,0.00019136703953743817,0.00019844791772946564,0.005334620910977561,0,13548.3857421875,overall|small
2401433,0,9,There is a yield sign.,420,0.008370535714285714,0.0009789254869293947,0.0009900837120588445,0.07991941542852493,0,33902.33984375,overall|small|text
2401433,1,8,a clock face that says 1:55 ,384,0.007653061224489796,0.0030895981417074776,0.004142150409444058,0.012012561162312826,0,1113.630126953125,overall|small|part
2401433,2,0,a street light over the public street,75,0.0014947385204081632,0.0019285732805536537,0.0019512120862265675,0.1425299326578776,0,5478.51513671875,overall|small
2401433,3,4,part of gutter on red brick building,20,0.0003985969387755102,0.0004092796298871661,0.0004108571613708783,0.09632624387741089,0,4689.0380859375,overall|small
2401433,4,5,chimney top on red brick building,60,0.0011957908163265306,0.0031242195352889895,0.003286083848747705,0.05964330434799194,0,1089.01611328125,overall|small
2401433,5,7,part of roof on red brick building,36,0.0007174744897959184,0.001711169783229879,0.0017342760704790628,0.1138164069917467,0,2362.59423828125,overall|small
2401433,6,1,a grey decorative brick triangle,1764,0.03515625,0.02663558385357888,0.055646175108738184,0.04860722288793447,0,1540.8631591796875,overall
2401434,0,1,Utility pole in park.,504,0.010044642857142858,0.00811063164440527,0.008668362020610788,0.11194559127565414,0,6508.79345703125,overall|small
2401434,1,3,part of a bench,225,0.00448421556122449,0.0007647253128778671,0.0008298128316431511,0.0096554872724745,0,2618.041748046875,overall|small
2401434,2,5,tattoo on a shoulder,432,0.00860969387755102,0.00759676817269359,0.007767150222430578,0.2572297696714048,0,14306.8251953125,overall|small
2401434,3,6,Green garbage can.,576,0.011479591836734694,0.0026686959052059896,0.002921562541270453,0.02991122669643826,0,5897.14111328125,overall|small
2401434,4,7,a blue bench,42,0.0008370535714285714,0.0007560673241445063,0.0007596644603573672,0.13768628665379115,0,7612.33984375,overall|small
2401434,5,0,brown mulch on ground,2550,0.05082110969387755,0.003310513333082279,0.004385725505224636,0.013323471966911764,0,7746.689453125,overall
2401434,6,2,brown belt of a man,1007,0.020069355867346938,0.013158717806823176,0.015371759575010998,0.08374588633956834,0,5486.17138671875,overall
2401435,0,4,this is a t shirt,338,0.0067362882653061226,0.006900941367024279,0.007280189495071806,0.11697678876346385,0,5430.923828125,overall|small|text
2401435,1,2,right arm of a boy,80,0.0015943877551020409,0.0015395661466728473,0.0015549757981543095,0.13446621894836425,0,6917.98388671875,overall|small|part
2401435,2,7,wheel of a skate board,66,0.0013153698979591836,1.4725970080470125e-06,1.4863847333609875e-06,0.00015872801569375125,0,7048.00634765625,overall|small|part
2401435,3,8,part of a shoe,20,0.0003985969387755102,3.309997342030629e-05,3.346533027018231e-05,0.0030226703733205796,0,1806.4488525390625,overall|small|part
2401435,4,0,the lady is light skinned,35,0.0006975446428571429,2.3768232374961656e-05,2.3824766715966663e-05,0.009917101689747401,0,14568.8125,overall|small
2401435,5,3,ram of a skating court,252,0.005022321428571429,0.00020328838925704672,0.0002215900402531175,0.0024553019376028153,0,2792.255859375,overall|small
2401435,6,5,black and silver wrist watch,60,0.0011957908163265306,0.0008267766829917496,0.0008303623283036377,0.16069685618082682,0,11611.5712890625,overall|small
2401436,0,8,woman wearing red shirt,396,0.007892219387755101,0.038015313495695556,0.03900494258728588,0.5997316765062737,1,6088.8115234375,overall|small|text
2401436,1,0,Lights are giving an orange glow.,832,0.016581632653061226,0.004028609734599175,0.004147290696177301,0.12340620847848746,0,24756.876953125,overall|small
2401436,2,1,Pictures are hanging on the wall.,799,0.015923947704081634,0.013277039142818421,0.03592442407732631,0.020626304445039944,0,458.75244140625,overall|small
2401436,3,5,the walls are brick,868,0.017299107142857144,0.0082693577145644,0.010482015151861163,0.037697620655534454,0,3121.68359375,overall|small
2401436,4,4,woman in white shirt,1085,0.021623883928571428,0.12808963854043207,0.13198690648936465,0.8126621791294643,0,6680.49951171875,overall|text
2401436,5,7,A window.,1598,0.03184789540816327,0.13722701212652036,0.1730265619402512,0.39876612733690553,0,3682.8349609375,overall|part
2401436,6,2,large white and gray clock,2430,0.04842952806122449,0.03654451921648442,0.051160990641913005,0.11340771584844393,0,5386.54052734375,overall
2401437,0,2,a wooden support beam.,714,0.014229910714285714,0.020536987642445128,0.02127281823892411,0.3725384196647409,0,12503.8642578125,overall|small
2401437,1,6,red and gold Griffindor scarf ,315,0.006277901785714286,0.0012306022872274676,0.0013340380399581775,0.015623434763106089,0,3689.086669921875,overall|small
2401437,2,9,Blue bath robe,455,0.009068080357142858,0.004311321858652204,0.0054768109177847435,0.019857259897085335,0,1649.6923828125,overall|small
2401437,3,7,There is one window,1062,0.02116549744897959,0.0024585807886546096,0.0035897104996849716,0.0077420520243671655,0,2290.451904296875,overall|part
2401437,4,0,The trunk has the initials HP,1804,0.03595344387755102,0.014806310866224283,0.019151047255591077,0.06126586508063678,0,5771.15283203125,overall
2401437,5,1,Dark wooden coat rack,1311,0.026128029336734693,0.01942841410471301,0.02193156960764891,0.14546230383086622,0,8695.27734375,overall
2401437,6,3,a large wooden support beam.,1152,0.02295918367346939,0.030093449102256503,0.031374911349696485,0.4242279264662001,0,15576.4765625,overall
2401438,0,1,The back left leg of the sheep.,144,0.0028698979591836736,0.00021728599716403117,0.00022082046182914656,0.013393417828612857,0,8734.0283203125,overall|small|part
2401438,1,5,The back right leg of the sheep.,216,0.00430484693877551,0.0003986673713448716,0.00040538579076559127,0.023490305300112122,0,12516.240234375,overall|small|part
2401438,2,7,the eye is closed,60,0.0011957908163265306,0.0032841798585942646,0.0033212558569036287,0.22731936772664388,0,4106.6279296875,overall|small|part
2401438,3,2,The mouth of the sheep.,121,0.0024115114795918366,0.004112093455209703,0.0041710663183653265,0.22531214627352628,0,6536.1630859375,overall|small
2401438,4,3,a sheep's hoof,153,0.003049266581632653,0.0001815598826508584,0.00018742726011164923,0.00576629825666839,0,4707.12548828125,overall|small
2401438,5,6,The right ear of the sheep.,120,0.0023915816326530613,0.0019062813799565995,0.0019583359289131893,0.06691690286000569,0,4100.4345703125,overall|small
2401438,6,9,sheep has black nose,70,0.0013950892857142857,0.0022612414277273854,0.00227280713202079,0.30765304565429685,0,9475.380859375,overall|small
2401439,0,2,"Black, brown and white cat's left eye",176,0.00350765306122449,0.004584537470262595,0.004662299861207308,0.21560582247647372,0,8139.03564453125,overall|small|part
2401439,1,6,"Right eye of black, brown and white cat",288,0.005739795918367347,0.004094701497087792,0.004206241644235346,0.1337592601776123,0,9158.453125,overall|small|part
2401439,2,3,part of a wall,437,0.008709343112244899,0.08061191506405128,0.08692470290727294,0.5260653637639445,0,2644.709228515625,overall|small
2401439,3,4,"Tail of black, brown and white cat",1596,0.03180803571428571,0.01448522143126674,0.017003261280927082,0.08909771376683898,0,8363.0986328125,overall|part
2401439,4,0,White wall in the background,1081,0.021544164540816327,6.44547136579901e-05,9.343530161911022e-05,0.00020776301705098394,0,2403.71484375,overall
2401439,5,1,white blanket on bed,28458,0.5671635841836735,0.1958984825417791,0.40904936075674087,0.27322463833763794,0,19008.529296875,overall
2401439,6,5,Painting or poster against the wall,1638,0.03264508928571429,0.008666595960016664,0.03929043925292123,0.010996978070418622,0,458.4588623046875,overall
2401440,0,0,shadow of a man on the water ,190,0.003786670918367347,0.0001462924256051249,0.00015541994580177377,0.002484822116400066,0,3037.680908203125,overall|small
2401440,1,1,slopes of a mountain,196,0.00390625,0.002330125090313931,0.0024933449883794783,0.03437150741110043,0,2701.918701171875,overall|small
2401440,2,2,section of the sea water,80,0.0015943877551020409,0.00014993363346756612,0.00015111127998897964,0.018875783681869505,0,9993.05078125,overall|small
2401440,3,3,peak of a mountain,3,5.978954081632653e-05,1.5909728409508947e-06,1.5923937354110073e-06,0.0017798268236219883,0,3353.11572265625,overall|small
2401440,4,4,small birds on the water in the distance,440,0.008769132653061224,0.0004875861394329777,0.0005053303588344406,0.013695592230016535,0,11924.9921875,overall|small
2401440,5,6,group of people on boat,910,0.018136160714285716,0.03599275455896524,0.03706147701520867,0.5551932869376717,0,13632.103515625,overall|small
2401440,6,8,ripples of water,98,0.001953125,0.002868597915029595,0.0029110543463575465,0.1643598712220484,0,5533.138671875,overall|small
2401441,0,0,BMW logo on bike,198,0.003946109693877551,0.004885017352195513,0.0049356890620109945,0.3224134348859691,0,12933.9306640625,overall|small|text
2401441,1,5,the letters BIA on the side of a bucket,84,0.0016741071428571428,0.0007362310052186641,0.00074364141921797,0.06879848525637672,0,7771.31640625,overall|small|text
2401441,2,6,There is a green leaf on the bike,408,0.008131377551020409,0.002604418180894342,0.0027873068976461057,0.03817716533062505,0,5588.29150390625,overall|small|part
2401441,3,8,small purple flowers with green leaves,550,0.010961415816326531,0.01805155921685323,0.02060043327204063,0.1273202792080966,0,3399.25634765625,overall|small|part
2401441,4,9,leaf on ground near bike,625,0.012456154336734694,0.0034691112040258236,0.005154414050730999,0.010498709869384766,0,1273.024169921875,overall|small|part
2401441,5,4,Red and orange brake light,350,0.006975446428571429,0.008339547836462569,0.00843259838298771,0.43044669015066966,0,17865.9453125,overall|small
2401441,6,7,the road is grey in color,187,0.0037268813775510204,0.007668573790634901,0.008668891632873878,0.062315609365861044,0,1344.2340087890625,overall|small
2401442,0,4,a black motorcycle helmet,288,0.005739795918367347,0.003694496897937074,0.003739349169979233,0.23548070589701334,0,18136.4296875,overall|small|part
2401442,1,8,white van parked on road,288,0.005739795918367347,0.013625923429367222,0.013691606309342519,0.7396054267883301,0,15557.44140625,overall|small
2401442,2,0,an American flag,5883,0.11724728954081633,0.016500224368309613,0.04355851008832568,0.025874821158588572,0,3494.64599609375,overall|text
2401442,3,1,The motorcycle's front tire.,1350,0.026905293367346938,0.003211424887827854,0.004242272864143294,0.013043666415744358,0,4150.8291015625,overall
2401442,4,2,The motorcycle's back tire.,1833,0.03653140943877551,0.004757917298173429,0.006867794517303789,0.015251146140673482,0,4070.4990234375,overall
2401442,5,3,tall buildings in city,2925,0.058294802295918366,0.004216637713954048,0.0077262106283912755,0.009197413126627604,0,3481.969970703125,overall
2401442,6,5,white painted lines on the street,6237,0.12430245535714286,0.04704628173232655,0.26315862517107796,0.054183874333613914,1,1284.186767578125,overall
2401443,0,5,the floor is brown in color ,252,0.005022321428571429,0.0005036964143336066,0.0005284727129386048,0.01062952715253073,0,5068.6455078125,overall|small
2401443,1,6,some children are not wearing shoes,986,0.019650829081632654,0.023053925417943582,0.0344667252801167,0.06509115439641307,0,1862.082275390625,overall|small
2401443,2,3,a boy wearing a white striped shirt,4214,0.083984375,0.09547218675805318,0.11865500826555943,0.32824979328577364,0,11657.701171875,overall|text
2401443,3,0,wooden stool in the garden,1617,0.0322265625,0.07087900311089378,0.0716829309103213,0.8633877689925402,0,19476.017578125,overall
2401443,4,1,solid blue plates,8036,0.16015625,0.1388274524257714,0.26745298216195396,0.22400373247145658,0,6730.50634765625,overall
2401443,5,2,this is a child ,5586,0.111328125,0.02598570790564713,0.05448677436423941,0.04732693987340002,0,4851.9716796875,overall
2401443,6,4,plants in garden,2698,0.05377072704081633,0.031089757591591157,0.18391356464023845,0.03606515181692023,0,529.0734252929688,overall
2401444,0,5,baseball players number on back of uniform shirt,400,0.007971938775510204,0.007535142236468127,0.0076936581544133405,0.2677867317199707,0,13922.4658203125,overall|small|text
2401444,1,1,a human arm.,493,0.009825414540816327,0.003094686269785691,0.0038755211741287347,0.015127512794479154,0,1924.3511962890625,overall|small|part
2401444,2,3,baseball hat on players head,195,0.0038863201530612247,0.002681932442725993,0.0027417161037599927,0.10952416444436097,0,7789.72412109375,overall|small|part
2401444,3,4,the trouser is white in color ,155,0.0030891262755102043,0.001281517033935096,0.0013737343939558275,0.018732760029454384,0,2113.638427734375,overall|small
2401444,4,7,The black belt on the player's pants.,209,0.004165338010204082,0.000379119042507018,0.0003864737521738646,0.019532739830929697,0,10563.052734375,overall|small
2401444,5,8,The patch on the player's left sleeve.,60,0.0011957908163265306,0.002542409477903572,0.002550889859499603,0.433348814646403,0,10192.8857421875,overall|small
2401444,6,9,The player's right foot.,264,0.0052614795918367345,0.00013901363278708196,0.0001489931321106574,0.0020711638710715556,0,3669.88232421875,overall|small
2401445,0,5,Tarp covering a fence,868,0.017299107142857144,0.015882843707257628,0.022495045991392296,0.05126421352685322,0,1978.094970703125,overall|small
2401445,1,6,A fence,918,0.01829559948979592,0.006409337878229138,0.007271946089338896,0.05126210962765097,0,6471.2548828125,overall|small
2401445,2,0,a wire fence in front of a planter filled with surfboards,4784,0.09534438775510204,0.10760586492212984,0.20046662283086308,0.18850808797472696,1,4498.61767578125,overall
2401445,3,1,metal building enclosure,1443,0.028758769132653062,0.026123693055208733,0.033162908864101635,0.10958595831032354,0,4768.35546875,overall
2401445,4,2,wooded area in the background,5994,0.1194595025510204,0.024087794622526266,0.037341177317482245,0.06355374743232817,0,10201.6376953125,overall
2401445,5,3,a length of barbed wire in front of a row of surfboards,2268,0.045200892857142856,0.004939123057652186,0.0056133572616680885,0.039496682518583966,0,15958.0927734375,overall
2401445,6,4,a small white surfboard sticking out of a planter,1680,0.033482142857142856,0.04434601805978316,0.05378650456058505,0.2016977037702288,0,6299.947265625,overall
2401447,0,1,the big button on the microwave,759,0.015126753826530613,0.025028908653221996,0.02692915169322319,0.26182662702517706,0,7379.6015625,overall|small
2401447,1,2,A metal screw in the microwave casing.,60,0.0011957908163265306,0.00022411987553909356,0.00022590304175586548,0.027609054247538248,0,7332.9833984375,overall|small
2401447,2,3,clock on panel of microwave,899,0.017916932397959183,0.016858953541513726,0.021168541014608164,0.0764774411618378,0,3247.89599609375,overall|small
2401447,3,5,Three cooling air vents.,407,0.008111447704081632,0.006288471157272659,0.006567040468908604,0.12910609514766008,0,8001.5009765625,overall|small
2401447,4,0,door of the microwave oven,25284,0.50390625,0.15676741456983254,0.6079680197187857,0.17439670499377077,1,7252.76025390625,overall|part
2401447,5,4,the smaller buttons on the microwave,2508,0.04998405612244898,0.06045547528028266,0.08069915333598211,0.19419756194240928,0,6035.34814453125,overall
2401448,0,9,There is a Canadian flag on the plane,99,0.0019730548469387753,0.0003873839799690258,0.000391902968734594,0.03250337128687387,0,8210.7919921875,overall|small|text
2401448,1,2,part of a  tail wing,855,0.017040019132653062,0.01042528653135,0.012684497430202888,0.05529678523191932,0,3727.2861328125,overall|small|part
2401448,2,7,A rear passenger door.,200,0.003985969387755102,0.0052465883861893365,0.005403101990733541,0.15334647178649902,0,5676.23828125,overall|small|part
2401448,3,0,A left horizontal stabilizer. ,546,0.010881696428571428,0.00432618838051501,0.004438242339737642,0.14628567538418613,0,17996.30859375,overall|small
2401448,4,3,first class passengers' windows,231,0.004603794642857143,0.0029223020980602274,0.003029702373033971,0.07615830062271713,0,5806.6982421875,overall|small
2401448,5,4,Engine mounted under wing.,864,0.01721938775510204,0.01561975629378903,0.017775026858779377,0.1141190352263274,0,5547.04345703125,overall|small
2401448,6,5,part of a sky,896,0.017857142857142856,2.574189149711463e-07,3.292350780329155e-07,1.1801136809351322e-06,0,3211.6318359375,overall|small
2401449,0,1,the leaves are green in color,195,0.0038863201530612247,0.00032553246412484366,0.00033308885787361947,0.01414660307077261,0,8281.8369140625,overall|small|part
2401449,1,7,branches of a tree,66,0.0013153698979591836,1.5000391271052539e-05,1.5428470840202038e-05,0.000540338908181046,0,2311.46484375,overall|small|part
2401449,2,2,part of a grass vegetation,242,0.004823022959183673,0.002889850715681697,0.0029115631926584016,0.2792888042355372,0,23213.609375,overall|small
2401449,3,4,edge of a lake,28,0.0005580357142857143,0.00046219329813788565,0.00046404125498245485,0.10399207898548671,0,6274.826171875,overall|small
2401449,4,5,part of a tree,48,0.0009566326530612245,0.0004398981317779404,0.0004497112501982946,0.019761084268490475,0,2109.202392578125,overall|small
2401449,5,6,part of a leafy tree,30,0.0005978954081632653,7.820112983903689e-07,7.893066404859761e-07,8.460117193559805e-05,0,3215.52490234375,overall|small
2401449,6,8,stem of a tall tree,30,0.0005978954081632653,0.00011599328208359123,0.00011670933318188442,0.018554975589116413,0,4769.53515625,overall|small
2401450,0,0,Black suitcase in a man's hand,756,0.015066964285714286,0.012229008175604338,0.016286070465215685,0.04679322621179006,0,2172.143310546875,overall|small|part
2401450,1,2,A large sectioned window.,646,0.01287468112244898,0.011892471918374291,0.013343538598596693,0.09857880441766036,0,4772.490234375,overall|small|part
2401450,2,3,part of  a walking path,360,0.007174744897959184,0.00048128317491042457,0.0004999502770646895,0.012725894980960422,0,9163.5556640625,overall|small
2401450,3,6,part of a top,247,0.004922672193877551,0.004337065712830969,0.004441501159216987,0.15572604283630123,0,8660.2099609375,overall|small
2401450,4,9,Flags mounted to wall at train station,304,0.006058673469387755,0.0016742271995978492,0.0017253134824543497,0.05351690242165014,0,9429.6708984375,overall|small
2401450,5,1,Woman carrying a backpack  ,1152,0.02295918367346939,0.011009267965644009,0.011950748274242914,0.12261225117577447,0,11819.2861328125,overall
2401450,6,4,part of a roof,1536,0.030612244897959183,0.003928694431066677,0.00535870971261029,0.014508439848820368,0,4158.6435546875,overall
2401451,0,1,part of a leg,42,0.0008370535714285714,0.00021181931811650007,0.00021527457662864482,0.013025183053243728,0,2541.208984375,overall|small|part
2401451,1,2,black hair on tip of tail,165,0.003288424744897959,0.008567549574947321,0.008890811108553361,0.19070100495309542,0,3539.1220703125,overall|small|part
2401451,2,3,head of giraffe,135,0.002690529336734694,0.001626112407873625,0.0016798378419427887,0.04838378341109664,0,3888.35791015625,overall|small|part
2401451,3,5,part of a knee,72,0.0014349489795918368,0.001174364193365586,0.0011973412115467515,0.05766751368840536,0,3467.734130859375,overall|small
2401451,4,6,edge of a swamp,299,0.0059590242346938774,0.00020952677389119126,0.0002126687649813353,0.013983708958960697,0,19660.287109375,overall|small
2401451,5,7,neck of a giraffe,320,0.006377551020408163,0.012039677106303373,0.012373643749376073,0.30847365856170655,0,7977.56689453125,overall|small
2401451,6,8,mane on giraffe neck,72,0.0014349489795918368,0.001520742034446096,0.0015304445890979399,0.19346782896253797,0,9101.7236328125,overall|small
2401452,0,3,upper level dormer window,308,0.006138392857142857,0.001537969438087591,0.0020254805643384745,0.006349287636868366,0,965.4896850585938,overall|small|part
2401452,1,4,upstairs window of house,216,0.00430484693877551,0.006384415346516776,0.00665376911022408,0.13622760772705078,0,4422.330078125,overall|small|part
2401452,2,0,flock of animals on a ranch,10481,0.20888472576530612,0.160170142419805,0.22130019791184688,0.367024724054241,0,17382.66015625,overall
2401452,3,1,green rolling hill sides,3900,0.07772640306122448,0.020181120312832142,0.032354200145964164,0.05090774927383814,0,6136.458984375,overall
2401452,4,2,the grass is green,12371,0.24655213647959184,0.2560229839186348,0.408281902791109,0.4070648151422682,0,12334.1220703125,overall
2401453,0,2,part of a sandy beach,315,0.006277901785714286,0.00016392503469015446,0.00016622618689041794,0.011702724487062485,0,22176.759765625,overall|small
2401453,1,3,this is an umbrella ,182,0.003627232142857143,0.00019721088153647797,0.00020243230523880496,0.007587764944349017,0,6821.9013671875,overall|small
2401453,2,4,a section of a sandy shore,143,0.002849968112244898,0.00013070992279770426,0.0001331583693059333,0.007058462062915722,0,7580.1474609375,overall|small
2401453,3,5,the bag is green in color ,4,7.971938775510203e-05,7.798333582806726e-06,7.8072892453346e-06,0.006752457469701767,0,3459.565673828125,overall|small
2401453,4,6,the sky is blue in color ,748,0.014907525510204082,0.00012775607592901224,0.0001686990095621499,0.0005261221512116213,0,2332.7900390625,overall|small
2401453,5,0,no big waves in water,5208,0.10379464285714286,0.05845213849561327,0.12073270636348703,0.10177853726388489,0,4390.38134765625,overall
2401453,6,1,a green tree near the seashore,16426,0.32736766581632654,0.0001819543259501262,0.0010570940982106889,0.00021973698986559276,0,3414.45458984375,overall
2401454,0,1,there are some leaves on the ground,261,0.0052016900510204085,0.0003402883086820919,0.0004004819414115588,0.002258901395103484,0,1472.159423828125,overall|small|part
2401454,1,2,the tree has green leaves ,170,0.0033880739795918366,0.00026578848334514856,0.00030235720670688686,0.0021927712594761567,0,1232.8831787109375,overall|small|part
2401454,2,6,part of  a leg,720,0.014349489795918368,0.008548834395607996,0.008984098772346818,0.14998707241482204,0,12020.203125,overall|small|part
2401454,3,5,this is a tree,960,0.01913265306122449,0.00016282407180262434,0.0002331232089419691,0.0005396593362092972,0,2222.31396484375,overall|small
2401454,4,7,part of a jaw,666,0.01327327806122449,0.004924423259409481,0.005187387920356784,0.08854089341722093,0,11367.6162109375,overall|small
2401454,5,9,this is the ground ,750,0.014947385204081632,0.002493907144938808,0.0028685259463884626,0.018738475799560547,0,4899.33056640625,overall|small
2401454,6,8,tail of an elephant,1947,0.03880341198979592,0.04129013927142098,0.044204596290886355,0.3850929640352144,0,16961.494140625,overall|part
2401455,0,6,The text says Toma 4.,432,0.00860969387755102,0.015394534242950531,0.01627286080629069,0.22192089645950883,0,5891.3935546875,overall|small|text
2401455,1,5,curtain inside of window,132,0.0026307397959183672,0.0004883500556588419,0.0004964068075810051,0.029210177334872158,0,7767.3056640625,overall|small|part
2401455,2,0,Another building in the distance.,360,0.007174744897959184,0.0017608049451613933,0.0018479444399610828,0.0359967761569553,0,7012.56982421875,overall|small
2401455,3,1,balconies on tall building.,102,0.002032844387755102,0.000994080420717441,0.0010230722433710428,0.033890551211787204,0,3378.8779296875,overall|small
2401455,4,3,person standing on sidewalk.,105,0.0020926339285714285,0.000734133724279213,0.0007378313990574569,0.12777146838960193,0,18183.021484375,overall|small
2401455,5,4,A shadow under the truck.,994,0.019810267857142856,4.587363747268587e-05,5.577685370718615e-05,0.00025830257466621324,0,4603.21337890625,overall|small
2401455,6,7,windshield of the truck.,156,0.0031090561224489796,0.004072038760669336,0.004244965858716199,0.09087542387155387,0,3339.618408203125,overall|small
2401456,0,3,Bear has dark eyes.,470,0.00936702806122449,0.023748333343625805,0.024725759723926908,0.3752955010596742,0,7133.810546875,overall|small|part
2401456,1,1,Bear has pink tongue.,286,0.005699936224489796,0.007417836347147108,0.007996247752553075,0.0930099020471106,0,3326.664306640625,overall|small
2401456,2,6,the ground is rocky,810,0.016143176020408163,0.011540720100006518,0.011874868386155094,0.29084596987123845,0,19838.9765625,overall|small
2401456,3,0,the bear`s ears are bent back,2033,0.040517378826530615,0.041182574318023676,0.050671275084274145,0.1802754249704101,0,7232.8935546875,overall
2401456,4,2,the paws have nails,4408,0.08785076530612244,0.014239345824299128,0.05407616056430793,0.018962555485498668,0,1545.726318359375,overall
2401456,5,4,Some green foliage.,2640,0.052614795918367346,0.0002730253596762993,0.0006734335678580634,0.00045898172891501224,0,1799.3040771484375,overall
2401456,6,5,the ground is muddy,1932,0.03850446428571429,0.020192122918321904,0.023904805566515794,0.11505269115756017,0,9298.6240234375,overall
2401457,0,2,a man in black on the sidewalk,210,0.004185267857142857,0.004030956759805375,0.004168923695706205,0.10857768285842169,0,5469.3525390625,overall|small
2401457,1,4,a line painted on the road.,500,0.009964923469387755,0.00039279596413395186,0.0005196262524316004,0.0016067073345184327,0,1546.0220947265625,overall|small
2401457,2,5,a section of clear blue sky.,189,0.0037667410714285715,5.745710645253562e-07,6.319565966261026e-07,6.327408035753896e-06,0,1892.3453369140625,overall|small
2401457,3,0,a small black fence on the corner,1519,0.0302734375,0.0026593350239612055,0.0031211492773338323,0.017655662049424734,0,8592.65234375,overall
2401457,4,1,a nice shopping complex,6254,0.12464126275510204,0.03821755403206729,0.045648411224791546,0.19013507136682523,0,26049.203125,overall
2401457,5,3,a white cloud in a blue sky.,1274,0.025390625,2.7030424465546694e-07,5.656427124125688e-07,5.176960120746629e-07,0,1166.0093994140625,overall
2401458,0,0,the plate is round,46420,0.9251434948979592,0.31436512620610146,0.9430854326202546,0.3204445105490629,1,15772.732421875,overall
2401459,0,6,part of a hair,348,0.0069355867346938774,0.00010532219141247499,0.0001134432767178948,0.001469082188332218,0,4506.57470703125,overall|small|part
2401459,1,9,part of a door,240,0.0047831632653061226,0.00016798839826756735,0.00017236830842543293,0.006567647059758504,0,9144.5771484375,overall|small|part
2401459,2,1,part of a top,840,0.016741071428571428,0.01721306484139313,0.020758804781821724,0.09154930114746093,0,3704.520263671875,overall|small
2401459,3,2,part of a top,460,0.009167729591836735,0.015416467524728542,0.01706764790296905,0.13745097284731658,0,3704.520263671875,overall|small
2401459,4,4,edge of a bus,196,0.00390625,0.009542172485456184,0.00954491481655302,0.9707707774882414,0,19934.287109375,overall|small
2401459,5,7,part of a shade,288,0.005739795918367347,0.011984722258400507,0.013606493156938453,0.09136390686035156,0,1933.841796875,overall|small
2401459,6,0,Ponytail in hair,1012,0.020169005102040817,0.0005121441333659856,0.000583356543250457,0.004177845513867766,0,7247.6767578125,overall|part
2401460,0,3,The word MICHIGAN on the player's shirt.,459,0.00914779974489796,0.011100784333107462,0.01130464733328014,0.3810206062134055,0,15470.4921875,overall|small|text
2401460,1,7,The face of the tennis player,392,0.0078125,0.0036396510409446034,0.003825917876485439,0.06955830904902244,0,7126.8798828125,overall|small|part
2401460,2,0,The yellow tennis ball.,234,0.00466358418367347,0.0010859052634744223,0.0011926979406994298,0.011982449099548861,0,2350.8828125,overall|small
2401460,3,2,The player's left foot.,816,0.016262755102040817,0.004387241648713964,0.004933977655293151,0.03808447660184374,0,6298.5556640625,overall|small
2401460,4,5,the shoes are blue in color,480,0.009566326530612245,0.0038332467018996606,0.00425736508484739,0.03705296516418457,0,4177.56591796875,overall|small
2401460,5,1,Blue shorts with a yellow M,4095,0.08161272321428571,0.03778385645838361,0.05632958829049381,0.10294769995087377,0,7484.00341796875,overall
2401460,6,4,"Blue, white and green tennis court",3876,0.07724808673469388,0.05169304082382899,0.07536629049761061,0.14131414927196206,0,7267.62109375,overall
2401461,0,9,a sticker on the window,384,0.007653061224489796,0.003237364832603374,0.009852070211815783,0.004798655708630879,0,187.03518676757812,overall|small|part
2401461,1,3,license plate on front of bus,182,0.003627232142857143,0.004293598435289968,0.004327325024251346,0.35521085969694366,0,14939.5703125,overall|small
2401461,2,4,the ground is gray,729,0.014528858418367346,0.0008068252877680692,0.0009491569116422606,0.00535162518871501,0,4110.31591796875,overall|small
2401461,3,7,back side tire of bus,816,0.016262755102040817,0.0024629552924800725,0.002713222372565127,0.02600721985686059,0,7821.65576171875,overall|small
2401461,4,8,another tree off to the side,671,0.013372927295918368,0.0432578457356908,0.04709845800013013,0.3466113072038585,0,4938.0849609375,overall|small
2401461,5,6,a wheel of the bus,1056,0.021045918367346938,0.015563764501606478,0.017745296054440186,0.1123741323297674,0,6687.24169921875,overall|part
2401461,6,0,The building is a school.,6448,0.1285076530612245,0.001216484250112509,0.0018967234227590343,0.0033804790553620674,0,11492.0966796875,overall
2401462,0,7,the door is opened ,203,0.004045758928571429,0.013246689687938146,0.013713021493641918,0.2803343223233528,0,4149.91455078125,overall|small|part
2401462,1,5,the wall is cream in color ,294,0.005859375,0.01885607799472522,0.02043286761729871,0.19636561594852786,0,2825.4228515625,overall|small
2401462,2,9,The back of a wooden chair,238,0.004743303571428571,0.00015244791367307678,0.00015707803174712682,0.005145227207857019,0,7795.896484375,overall|small
2401462,3,0,two window are over the sink,7084,0.14118303571428573,0.0066938022220440355,0.014342451435761978,0.012396360641815513,0,6122.7900390625,overall|part
2401462,4,4,the door is wooden ,2650,0.052814094387755105,0.0072839830792704304,0.025662842063600807,0.010068396802218455,0,1039.6842041015625,overall|part
2401462,5,1,A granite counter top,2014,0.040138711734693876,0.039999841123286695,0.045816692902820554,0.2395787319573532,0,10531.3486328125,overall
2401462,6,2,A white toaster,1287,0.02564971301020408,0.011083227566636145,0.01175829193732071,0.16181075563704958,0,17710.943359375,overall
2401463,0,0,leg of a white bird,130,0.002590880102040816,0.0018932333263996658,0.0019070768523206036,0.20685960329495945,0,14101.0302734375,overall|small|part
2401463,1,2,The right eye of the bird,24,0.00047831632653061223,0.0021443001149717886,0.002207633645181441,0.0695462425549825,0,756.0628662109375,overall|small|part
2401463,2,6,left leg of a bird,161,0.003208705357142857,0.002320510893215152,0.002333062787359952,0.3013447826693517,0,20795.201171875,overall|small|part
2401463,3,7,The leaves are green.,682,0.013592155612244899,0.0009923417366725544,0.0014063299625224946,0.003359687992554606,0,1629.2813720703125,overall|small|part
2401463,4,8,Brown leaves on bush,464,0.009247448979591837,0.0011759295487615367,0.0013268750056296447,0.01023116399501932,0,3577.77490234375,overall|small|part
2401463,5,1,neck of a bird,32,0.0006377551020408163,0.002540890158261044,0.0025683964427188474,0.1917594075202942,0,2389.156494140625,overall|small
2401463,6,5,The beak is brown.,256,0.00510204081632653,0.016666400070468643,0.016998981797787433,0.46000128984451294,0,6927.4931640625,overall|small
2401464,0,4,over spray of wave,338,0.0067362882653061226,0.0015893221544347456,0.001825900447145154,0.012117676480987369,0,2243.1533203125,overall|small
2401464,1,5,name of photographer,528,0.010522959183673469,0.0015886202012438343,0.002044992132499886,0.007068254730918191,0,1824.9647216796875,overall|small
2401464,2,0,a black wet suit,3021,0.06020806760204082,0.08978794298670875,0.09422456130836446,0.6559920400943396,0,21032.22265625,overall
2401464,3,1,white surf board or body board,2184,0.04352678571428571,0.017755461442387543,0.02159862409819813,0.09073213430551383,0,9174.611328125,overall
2401464,4,2,small waves in ocean,5720,0.11399872448979592,0.0075737464587001795,0.016963528812003574,0.013497999498060534,0,4551.4443359375,overall
2401464,5,3,spray of water droplets ,2394,0.04771205357142857,0.026767388797625677,0.04700212253967469,0.058536845042293235,0,2981.508056640625,overall
2401465,0,5,part of a tail,528,0.010522959183673469,0.022680698461410305,0.023184646558089723,0.5106312144886364,0,11628.9580078125,overall|small|part
2401465,1,8,head of a dog,45,0.000896843112244898,0.0030125586727817373,0.003104630489258002,0.09221502939860025,0,1336.6087646484375,overall|small|part
2401465,2,4,A person standing in the background. ,260,0.005181760204081632,0.002969525998804986,0.0031282353794119095,0.05529431563157302,0,4595.72900390625,overall|small
2401465,3,7,bright clear blue sky,462,0.009207589285714286,3.1169404449185305e-06,4.267226366188191e-06,1.1562809219092002e-05,0,1251.8712158203125,overall|small
2401465,4,0,part of a snow,1025,0.0204280931122449,0.01950613007335845,0.020406908998460323,0.3064736268578506,0,15393.583984375,overall
2401465,5,1,woman wearing a purple vest,2640,0.052614795918367346,0.05881615749768793,0.2468691232732969,0.07167738712195194,1,766.5126342773438,overall
2401465,6,2,white snow covering ground,1755,0.03497688137755102,0.005387149125252537,0.005976842144785186,0.05177455804286859,0,15202.7353515625,overall
2401466,0,0,Number 767 on plane.,270,0.005381058673469388,0.002723731927534225,0.0027766184561102956,0.1251092274983724,0,12165.6943359375,overall|small|text
2401466,1,2,flag has red white and blue,308,0.006138392857142857,0.005741469847142489,0.005969325922065191,0.13074758455350802,0,6746.1982421875,overall|small|text
2401466,2,3,The left wing on the plane with the American flag.,703,0.014010682397959183,0.017193209978031945,0.018110956725036553,0.2533376593338816,0,9833.6259765625,overall|small|text
2401466,3,4,The right wing on the plane with the American flag.,506,0.010084502551020409,0.008252632469595147,0.00854642501596876,0.19359330791729712,0,11461.8935546875,overall|small|text
2401466,4,1,blue and white skies,14337,0.28573421556122447,0.014864168278453467,0.11630885630149139,0.016756570596130206,0,2065.52587890625,overall
2401466,5,5,The ground is grey.,8446,0.16832748724489796,0.001586180834459798,0.009392042642548911,0.0019048633887082966,0,1712.9901123046875,overall
2401468,0,1,white edge along platform,860,0.017139668367346938,8.807606041116655e-05,0.00010839333582081136,0.0004696680016295854,0,3726.37744140625,overall|small
2401468,1,2,Bright yellow light hanging from red pole,240,0.0047831632653061226,0.00011115582921326888,0.0001179091827705104,0.0019369497895240784,0,3942.59326171875,overall|small
2401468,2,3,person walking in train station,396,0.007892219387755101,0.042029426650709883,0.04219654194431685,0.9138852514401831,0,8576.498046875,overall|small
2401468,3,5,black numbers on train,459,0.00914779974489796,0.029157407386495186,0.029332555958471267,0.8300204806857638,0,12988.2783203125,overall|small
2401468,4,7,red metal pole inside train station,693,0.013811383928571428,0.0013882687054623268,0.0014749754185778793,0.023071112914862916,0,10839.693359375,overall|small
2401468,5,0,yellow line on platform,1428,0.028459821428571428,0.0006252312403597445,0.0008337910784060485,0.0024933487761254402,0,4270.2568359375,overall
2401468,6,4,white train with blue paint on the side,1848,0.036830357142857144,0.02056059729581767,0.02652987595603185,0.08372849303406554,0,5832.30224609375,overall
2401469,0,3,There is a half circle window at the top ,486,0.009685905612244899,0.0005880542143353223,0.003811368942885664,0.000694854330624082,0,88.6031265258789,overall|small|part
2401469,1,2,Two people are standing and talking,342,0.006816007653061225,0.0027906966431988046,0.0028358202089455446,0.14921361242818554,0,17995.166015625,overall|small
2401469,2,4,arches over windows on left,476,0.009486607142857142,0.003096027426257316,0.0034280091833091327,0.03097888601928198,0,4301.607421875,overall|small
2401469,3,6,Tan paint on a building,572,0.011399872448979591,0.0005224942786491014,0.0006991699630161908,0.002063433398733606,0,1688.12158203125,overall|small
2401469,4,7,A person is dressed all in black,240,0.0047831632653061226,0.0010882667098431659,0.0011171465893838378,0.04039634068806966,0,8678.46875,overall|small
2401469,5,8,a dome on top of a building,663,0.013213488520408163,0.007881984411440335,0.009150200087578724,0.05380864093026784,0,3898.8359375,overall|small
2401469,6,9,clock on front of building,552,0.011001275510204082,0.006294531528861214,0.006510448255570477,0.1595200801241225,0,13525.1953125,overall|small
2401470,0,7,head of a horse,480,0.009566326530612245,0.037636816482073523,0.03913097571922579,0.4963946024576823,0,6089.02294921875,overall|small|part
2401470,1,0,a black triangle on a lighthouse,210,0.004185267857142857,0.0006042780599204532,0.0006456124298645801,0.00935012840089344,0,3041.340087890625,overall|small
2401470,2,1,back of a horse,240,0.0047831632653061226,0.006200141014964502,0.006238665917883455,0.5010083834330241,0,19273.673828125,overall|small
2401470,3,2,a small white house on the side of the beach,196,0.00390625,0.003634743726103052,0.003681466922973428,0.22263248599305444,0,11852.875,overall|small
2401470,4,5,a multi story house on the side of the beach,483,0.009626116071428572,0.00618480115650072,0.006926230279187373,0.054620920501140334,0,3808.984619140625,overall|small
2401470,5,8,a burning light atop a lighthouse,16,0.00031887755102040814,9.401999507878414e-08,9.431245638741617e-08,3.0318498829728924e-05,0,5143.49853515625,overall|small
2401470,6,9,part of some water,336,0.006696428571428571,0.004167350239499785,0.005592648975052698,0.016088942686716717,0,966.6054077148438,overall|small
2401472,0,0,part of some cards,130,0.002590880102040816,0.004119547003556724,0.00423312944401718,0.13309754591721754,0,4087.4443359375,overall|small
2401472,1,1,black background in top left,930,0.018534757653061226,0.00037467547061678197,0.0007355964995692068,0.0007630468696676275,0,964.7049560546875,overall|small
2401472,2,5,9 of spades,870,0.017338966836734693,0.022789414941619405,0.023890383529232704,0.3308875774515086,0,12049.7099609375,overall|small
2401472,3,7,edge of a plate,817,0.01628268494897959,0.008018899535252099,0.009659356712744975,0.04508804545408363,0,3813.60107421875,overall|small
2401472,4,8,part of a blade,341,0.006796077806122449,0.004727537752755415,0.004989516592894042,0.08260103824201567,0,5645.22705078125,overall|small
2401472,5,9,edge of a cake,588,0.01171875,0.006998905483757397,0.007380108312613071,0.11933007532236528,0,9507.4599609375,overall|small
2401472,6,2,Barbeque sauce? ,3430,0.068359375,0.07212320334205548,0.08362686585760921,0.3439636764303936,0,14107.8515625,overall
2401473,0,9,white writing ,665,0.013253348214285714,0.014488118855321258,0.02376057091420036,0.03579669177980351,0,1001.8614501953125,overall|small|text
2401473,1,2,silver handle of a spoon in a bowl,315,0.006277901785714286,0.009075532415073084,0.009488635547308793,0.172498781718905,0,5726.546875,overall|small|part
2401473,2,7,the table is wooden,588,0.01171875,0.0005876528815073434,0.0006053602650132086,0.01969436074600739,0,19129.57421875,overall|small
2401473,3,0,plates stacked on top of each other,1426,0.02841996173469388,0.03883455751412029,0.05026489572461789,0.1458648531834842,0,4138.14208984375,overall
2401473,4,1,Case filled with bottles of wine.,4095,0.08161272321428571,0.003768699219908298,0.0067912514431149665,0.008396638676942632,0,5063.01904296875,overall
2401473,5,3,these are bowls arranged  upright,1122,0.02236128826530612,0.013852008582780339,0.015059254714141861,0.1473329513468207,0,10977.1416015625,overall
2401473,6,4,small containers with red and blue lids,2750,0.054807079081632654,0.016495717765292066,0.02700824611786947,0.04065691028941761,0,4139.71728515625,overall
2401474,0,8,collar on man's shirt,448,0.008928571428571428,0.009833551998790014,0.010455927889348016,0.14178109169006348,0,6074.82470703125,overall|small|text
2401474,1,0,clear glass of water,390,0.007772640306122449,0.011153945292296692,0.015116488477227524,0.04081391799144256,0,1052.9844970703125,overall|small
2401474,2,1,A white plate with food,880,0.017538265306122448,0.0225885729745372,0.026717050881453753,0.12753653092817827,0,4200.7685546875,overall|small
2401474,3,3,person walking in white pants,714,0.014229910714285714,0.05384085979742578,0.05655304981385543,0.5288927949109331,0,6677.4375,overall|small
2401474,4,4,salt and pepper shakers,475,0.009466677295918368,0.021963547941202845,0.022826254489113608,0.3675413432874178,0,7648.30419921875,overall|small
2401474,5,5,person wearing a chefs uniform,533,0.010622608418367346,0.0013119478233796103,0.0013976420921824285,0.020949131105004286,0,7989.0888671875,overall|small
2401474,6,7,breakfast food served on white china plate,782,0.01558514030612245,0.0195588349840188,0.02009102086409102,0.42475274517712996,0,16532.591796875,overall|small
2401475,0,2,the table is brown,360,0.007174744897959184,0.006318484829771747,0.0065284140722432415,0.16422430674235025,0,9055.9130859375,overall|small
2401475,1,5,a silver knife,873,0.01739875637755102,0.010134880651203547,0.011551652905504107,0.076327451725596,0,5768.34033203125,overall|small
2401475,2,0,White sauce on a plate,4690,0.09347098214285714,0.040320644042964975,0.08582589908710477,0.070672893727512,0,3861.956298828125,overall
2401475,3,1,Spoon on a table,1870,0.0372688137755102,0.02982489333213781,0.04376213270117515,0.0856293948576412,0,3659.0302734375,overall
2401475,4,3,Small plate on a table,4284,0.08537946428571429,0.14220671467935728,0.1719552026975953,0.4511518433870944,0,11239.755859375,overall
2401475,5,4,White pile of mashed potatoes under a pile of meat. ,8181,0.16304607780612246,0.1932841722645072,0.24636947092896191,0.4728613269313042,0,15701.939453125,overall
2401476,0,0,the water has wave,18221,0.36314174107142855,0.08297201080224365,0.2754790114173966,0.10613214094914522,0,7019.89501953125,overall
2401477,0,2,this is a bowl,234,0.00466358418367347,0.0064795577016223465,0.006701688567962361,0.16352169330303484,0,5709.6171875,overall|small
2401477,1,3,part of  a lid,300,0.005978954081632653,0.027141233607150834,0.028507379575421776,0.36157567342122393,0,3805.074462890625,overall|small
2401477,2,4,this is a seat,392,0.0078125,0.017020981492869326,0.017207409616793894,0.6110531164675342,0,13920.330078125,overall|small
2401477,3,5,white painted brick on wall,576,0.011479591836734694,0.04735362889339604,0.09673070804725105,0.08489161067538792,0,505.50201416015625,overall|small
2401477,4,6,part of a collar,221,0.004404496173469388,0.0062241715358740835,0.006332822033712564,0.2662075439729302,0,9289.9921875,overall|small
2401477,5,7,the sweater is yellow in color,130,0.002590880102040816,0.004093801338126254,0.004146085595861783,0.24507452157827525,0,7684.28125,overall|small
2401477,6,8,stainless steel tongs,825,0.016442123724489797,0.0030075210593834794,0.003265613567279322,0.036658796830610796,0,9261.2021484375,overall|small
2401478,0,1,the leaves are green in color,160,0.0031887755102040817,5.732458884689143e-05,6.0180288663236316e-05,0.0012065861374139786,0,3207.923828125,overall|small|part
2401478,1,8,the leaves are green in color,208,0.004145408163265306,0.00016955649240712363,0.00018051983292860749,0.002784105161061654,0,3207.923828125,overall|small|part
2401478,2,3,the duck is brown,104,0.002072704081632653,0.0012898935408342765,0.0013002914704423284,0.13889973897200364,0,11109.48828125,overall|small
2401478,3,4,the trees are tall,260,0.005181760204081632,8.081978674593611e-05,8.954792341634009e-05,0.0008284984872891353,0,2405.523193359375,overall|small
2401478,4,5,this is a bridge,312,0.006218112244897959,0.01237788497316892,0.01238112624149287,0.9792881501026642,0,24677.71484375,overall|small
2401478,5,7,the sky is white in color,70,0.0013950892857142857,2.829502496192421e-06,2.9025717217758786e-06,0.00011238535600049155,0,2710.346435546875,overall|small
2401478,6,0,dirt on the water,4240,0.08450255102040816,0.03660315169659474,0.08771288228917452,0.059104386815484966,0,2857.07861328125,overall
2401479,0,6,the tree has green leaves ,42,0.0008370535714285714,0.0004027988535953997,0.0006170630225858874,0.0011586831616503851,0,78.86502838134766,overall|small|part
2401479,1,3,this is a spectacle ,780,0.015545280612244899,0.017485387720702867,0.02400405963962505,0.060492442204402044,0,1965.671875,overall|small
2401479,2,5,white porcelain cup,187,0.0037268813775510204,0.003186561415660763,0.0032612973355338006,0.1220784518807967,0,6999.8740234375,overall|small
2401479,3,8,this is a table mat ,54,0.0010762117346938774,0.0008780060304440044,0.0008799477057941982,0.2846430319326895,0,17467.76953125,overall|small
2401479,4,9,plate with sandwiches on it,896,0.017857142857142856,0.011876254378181858,0.013083341124705975,0.11404385737010411,0,7810.18359375,overall|small
2401479,5,7,little girl in shirt with peace logo,2769,0.055185746173469385,0.051900664315227996,0.06384569009011774,0.21716414396837758,0,9418.451171875,overall|text
2401479,6,4,girl's hair in a bun,1170,0.023317920918367346,0.0008147328690698249,0.0009620780327219484,0.005291580950093066,0,6435.1845703125,overall|part
2401480,0,9,Telephone number on store window.,256,0.00510204081632653,0.0023624046098393342,0.0024818881809894294,0.04677601903676987,0,4824.81884765625,overall|small|text|part
2401480,1,3,right arm of a woman,15,0.00029894770408163266,0.0001829620993269607,0.00018324968590495365,0.10441062450408936,0,8546.5869140625,overall|small|part
2401480,2,8,The jean pant leg the person sitting next to the child is wearing.,858,0.01709980867346939,0.003020714888019381,0.003344283489831437,0.030275736099634416,0,7767.4580078125,overall|small|part
2401480,3,0,part of a shade,195,0.0038863201530612247,0.015448034086009133,0.015841151069482227,0.3836665226862981,0,4722.82421875,overall|small
2401480,4,6,part of a woman's elbow,30,0.0005978954081632653,0.0005343090905707035,0.0005372016971834471,0.09027182261149089,0,5041.22509765625,overall|small
2401480,5,5,a blue shirt on a man,1908,0.03802614795918367,0.017644693182906325,0.021375016263556836,0.09182168252812992,0,8196.287109375,overall|text
2401480,6,1,The black rolling suitcase the lady is holding.,3744,0.07461734693877552,0.020859601377540775,0.027339924558154167,0.08088645772037344,0,11076.80078125,overall
2401481,0,1,people on the beach.,21,0.0004185267857142857,0.00035372397349807037,0.0003547411826630671,0.10981149900527228,0,6500.630859375,overall|small
2401481,1,6,house on the beach.,374,0.007453762755102041,0.009941611322832816,0.01152649782666286,0.06742772189053622,0,2187.82568359375,overall|small
2401481,2,7,boat in the water.,658,0.013113839285714286,0.019590943447158123,0.02159689689018739,0.1741842948194695,0,5306.93212890625,overall|small
2401481,3,8,buoy in water.,176,0.00350765306122449,0.006195358292830777,0.006207186334610162,0.7647742358121005,0,21684.5859375,overall|small
2401481,4,9,stairway to the beach.,100,0.001992984693877551,0.003682650152065194,0.003731215301755099,0.22053703308105468,0,5910.59521484375,overall|small
2401481,5,0,White and brown building,1782,0.03551498724489796,0.023414018905645293,0.03806526693640872,0.05734343694650498,0,2684.49462890625,overall
2401481,6,2,clear water at the beach.,1248,0.024872448979591837,0.001920573644541049,0.0023222993446565207,0.010980557172726363,0,5900.93408203125,overall
2401482,0,5,platform number sign hanging from the rafters,77,0.0015345982142857143,5.2607595357591974e-05,5.3053090106043586e-05,0.006225929631815328,0,9036.1669921875,overall|small|text
2401482,1,7,electronic sign telling the direction of train travel,198,0.003946109693877551,0.008564862752606546,0.00871406159853306,0.3334385265003551,0,7576.35546875,overall|small|text
2401482,2,1,part of a window,228,0.004544005102040816,0.006681396298013018,0.009569416392232353,0.021659211108559055,0,516.05029296875,overall|small|part
2401482,3,2,Houses near the train station,364,0.007254464285714286,0.0076901622869044,0.007899698097316256,0.224761962890625,0,10356.5166015625,overall|small
2401482,4,4,Passenger taking a picture.,945,0.018833705357142856,0.0023621631376602526,0.002481227515319341,0.04691649744750331,0,17868.611328125,overall|small
2401482,5,6,map of train routes displayed on train station wall,308,0.006138392857142857,0.014600919336750492,0.01696544714078006,0.0948271317915483,0,1721.5435791015625,overall|small
2401482,6,8,part of a headlight,392,0.0078125,0.02113473803149566,0.023313877267908636,0.1844147857354612,0,3100.75390625,overall|small
2401484,0,0,the tail is wavy,360,0.007174744897959184,0.004309127120218575,0.004506439002952336,0.08959883583916559,0,7157.6650390625,overall|small|part
2401484,1,3,Back two legs of a pony. ,350,0.006975446428571429,0.0009882852684903597,0.001084943087461764,0.010971377236502511,0,3539.339599609375,overall|small|part
2401484,2,7,the horse hair is light brown,132,0.0026307397959183672,0.0038379523843168175,0.003880285950422431,0.26023789608117304,0,8852.8017578125,overall|small|part
2401484,3,9,Brown ponies left leg. ,196,0.00390625,0.0024821264231410034,0.002527203242091132,0.12215929615254305,0,9474.197265625,overall|small|part
2401484,4,4,the bridge is wooden,608,0.01211734693877551,0.015391703090708225,0.016370467827244523,0.2047309624521356,0,7603.71826171875,overall|small
2401484,5,5,this is the nose,16,0.00031887755102040814,0.0011499547056395163,0.001155617490285738,0.1900695413351059,0,2631.591064453125,overall|small
2401484,6,1,Section of fence that is white in color. ,1188,0.023676658163265307,0.04165505413610416,0.04434110190301402,0.4074561892936527,0,10916.6875,overall
2401485,0,4,part of a tail,476,0.009486607142857142,0.015991883945931908,0.01620138181949561,0.5529171599059546,0,16244.822265625,overall|small|part
2401485,1,0,part of a knee,299,0.0059590242346938774,0.0005923058350325619,0.0006176412560712802,0.014234034114059397,0,6890.69287109375,overall|small
2401485,2,3,part of a ground,308,0.006138392857142857,0.015229125824221848,0.015859890750014097,0.2768921790184913,0,5377.26220703125,overall|small
2401485,3,5,part of a stomach,435,0.008669483418367346,0.009634756106933514,0.010169590976764226,0.154834054530352,0,6622.9619140625,overall|small
2401485,4,6,part of a hoof,100,0.001992984693877551,0.002492867314685026,0.0025208307660826,0.18349040985107423,0,7278.9658203125,overall|small
2401485,5,8,edge of a wall,980,0.01953125,0.0033117767969453264,0.006779886391825556,0.006432621333063865,0,929.8045043945312,overall|small
2401485,6,9,part of an edge,700,0.013950892857142858,0.021052970097462164,0.022731629051009894,0.22184417724609376,0,6831.4912109375,overall|small
2401486,0,7,letters on top of building.,168,0.0033482142857142855,0.0008147496182624743,0.0008351582412574629,0.0322652884892055,0,6490.46875,overall|small|text
2401486,1,3,green leaves on the trees.,429,0.008549904336734694,0.007213346077682808,0.007615022324212363,0.12030018626393138,0,6777.23291015625,overall|small|part
2401486,2,0,The woman's hands are in her pockets. ,352,0.00701530612244898,0.006742766635096545,0.00729027301673187,0.08238588679920543,0,3977.880126953125,overall|small
2401486,3,1,A clock is on the building. ,450,0.00896843112244898,0.0006224103534307697,0.0007016041473110417,0.005483901235792372,0,3517.3046875,overall|small
2401486,4,2,man sitting on motorcycle.,880,0.017538265306122448,0.03229557674939602,0.035029186579296455,0.292708344893022,0,7353.39208984375,overall|small
2401486,5,4,bricks on the sidewalk.,36,0.0007174744897959184,5.10824726977753e-07,5.222723018630551e-07,2.3304795225461323e-05,0,1606.3892822265625,overall|small
2401486,6,5,the motorcycle is red in color,48,0.0009566326530612245,0.0002862448848290572,0.00028683454108944275,0.1222233772277832,0,20453.33203125,overall|small
2401487,0,3,this is a plate,294,0.005859375,0.0018294830353788928,0.0018868756648257482,0.05673477925410887,0,8840.0234375,overall|small
2401487,1,4,the table is wooden,299,0.0059590242346938774,0.0016734823444238703,0.0017236821926427182,0.054338971906681126,0,9425.9560546875,overall|small
2401487,2,5,lemon wedge on white plate,357,0.007114955357142857,0.002354587403800224,0.002505848360059347,0.037542594247171525,0,5348.5703125,overall|small
2401487,3,0,woman holding a fork,13340,0.2658641581632653,0.057901449592419434,0.3537071743680425,0.06475204627910654,0,2442.111328125,overall
2401487,4,1,The bowl that has the tomato in it.,4320,0.08609693877551021,0.13862429631000814,0.15800532537809733,0.5305484347873264,0,14505.6455078125,overall
2401487,5,2,oysters on the half shell,3600,0.07174744897959184,0.07281286788776298,0.09899709427001915,0.21586478339301216,0,7849.85888671875,overall
2401488,0,2,filing cabinet in an office,936,0.01865433673469388,0.009473342657033314,0.011090745294911048,0.06099757170065855,0,5147.87109375,overall|small
2401488,1,4,icons on a computer screen,215,0.0042849170918367345,0.0015189840751224405,0.001835246230391183,0.008737536363823468,0,1023.606689453125,overall|small
2401488,2,5,small blue piece of paper,56,0.0011160714285714285,0.0002616761418253151,0.0002698915708963798,0.008523259844098772,0,1768.4974365234375,overall|small
2401488,3,0,a brown wooden table,19888,0.3963647959183674,0.01648469138009318,0.07252637763586685,0.020888053114531218,0,5727.869140625,overall
2401488,4,1,a manila envelope,1053,0.02098612882653061,0.029281698709613103,0.034103234158476575,0.171576852246001,0,5297.75048828125,overall
2401488,5,3,The red and white snack bag,1624,0.03236607142857143,0.0027841685665172785,0.0030505845646248745,0.03089506402978756,0,16447.203125,overall
2401489,0,1,tail of a cat,50,0.0009964923469387755,0.0005735335026654318,0.0005760833487602191,0.1147133731842041,0,9956.3173828125,overall|small|part
2401489,1,4,paws of a cat,120,0.0023915816326530613,0.0026366748243463493,0.00302232229973656,0.020245299736658732,0,803.8308715820312,overall|small
2401489,2,5,white flower on a carpet,70,0.0013950892857142857,0.00348964430593245,0.0035224568487943037,0.27252439771379744,0,5415.7392578125,overall|small
2401489,3,9,The cat has a black nose.,143,0.002849968112244898,0.002808364160350742,0.002862326398063183,0.1296510496339598,0,6477.28369140625,overall|small
2401489,4,0,The cat has two eyes.,1081,0.021544164540816327,0.016943356292350126,0.02027387843770333,0.09349612678012618,0,4985.19873046875,overall|part
2401489,5,2,Tan figures on the rug. ,1584,0.031568877551020405,0.06073031953909632,0.07922252764670508,0.20645939220081677,1,4128.013671875,overall
2401489,6,3,collar on a cat,1148,0.022879464285714284,0.039618719913194655,0.04048531608662805,0.6492326583596472,0,18409.615234375,overall
2401490,0,1,edge of an apple,357,0.007114955357142857,0.007406000986203238,0.009228788803383849,0.036141457010050115,0,1398.07080078125,overall|small
2401490,1,3,green peel of an apple,294,0.005859375,0.0071070015667627235,0.007621455529131717,0.09525821971244552,0,3674.615234375,overall|small
2401490,2,4,part of an orange,576,0.011479591836734694,0.011835408393449298,0.012187800292499612,0.29044728808932835,0,13726.6474609375,overall|small
2401490,3,5,part of an orange,910,0.018136160714285716,0.018962578543661904,0.019843409300184325,0.299322509765625,0,13726.6474609375,overall|small
2401490,4,7,lower part of an apple,36,0.0007174744897959184,0.00035296960689886446,0.0003541053456210591,0.09913994868596394,0,10079.029296875,overall|small
2401490,5,8,a green apple,49,0.0009765625,0.0007186136252430352,0.000724044813903668,0.08742480375328843,0,5916.505859375,overall|small
2401490,6,0,An apple stem.,1715,0.0341796875,0.01431922992124217,0.028750517484616385,0.027736038786329263,0,1654.4852294921875,overall
2401491,0,6,branch sticking off the tree.,30,0.0005978954081632653,1.7083404651143574e-06,1.7176478256875358e-06,0.00031517017632722857,0,5504.68212890625,overall|small|part
2401491,1,1,plants behind the bench.,840,0.016741071428571428,0.003568812863043983,0.004394988312066288,0.018631226675851004,0,3560.926513671875,overall|small
2401491,2,3,sticks on the ground.,210,0.004185267857142857,0.00157709548439983,0.0016045400795964614,0.08442047664097377,0,11048.8359375,overall|small
2401491,3,9,dirt on the forest floor.,585,0.011658960459183673,0.007757951975438352,0.008491116896993953,0.08244117019522904,0,5679.828125,overall|small
2401491,4,7,rotting branches on the ground,1326,0.026426977040816327,0.005495431595064137,0.006583597526526019,0.032178458764722084,0,6481.0517578125,overall|part
2401491,5,0,seat on brown bench,1917,0.038205516581632654,0.10111531055521146,0.10576826052151346,0.6968315972222222,0,12629.7451171875,overall
2401491,6,2,a patch of wild flowers.,3956,0.07884247448979592,0.04193846478410353,0.07045963299412276,0.09387965342152348,0,5270.931640625,overall
2401492,0,4,white buttons on blue shirt,1357,0.027044802295918366,0.09076020589128134,0.09435661687959881,0.7042482807606393,1,10128.2236328125,overall|text
2401492,1,0,Comic book being read by young man,1554,0.030970982142857144,0.02714549115979267,0.03639359766457522,0.09651419739005188,0,4121.138671875,overall
2401492,2,1,Left racks deep comic titles,4779,0.09524473852040816,0.05463854683379094,0.07944992428546555,0.14890806713371652,0,8956.9833984375,overall
2401492,3,2,Blue trimmed white sneakers,5696,0.11352040816326531,0.17539475528276124,0.26629992928521573,0.3394133107046063,1,7259.8525390625,overall
2401492,4,3,Rack of comic books,1056,0.021045918367346938,0.0060077374201815475,0.0065183202612968715,0.07123390833536784,0,11540.244140625,overall
2401493,0,4,large black screw on sign,250,0.0049824617346938774,0.005369031742361318,0.006176982524092863,0.0394291000366211,0,1595.8074951171875,overall|small|text
2401493,1,6,the back of a street sign,546,0.010881696428571428,0.0011920191245893517,0.0012274781289604237,0.03962868211906908,0,17627.41015625,overall|small|text
2401493,2,2,Two dormer windows in building.,384,0.007653061224489796,0.006016778590850944,0.006570909883111848,0.06659576793511708,0,3891.81640625,overall|small
2401493,3,9,clear white skies overhead,280,0.005580357142857143,8.282052910778732e-05,0.000947415750905933,9.0745763321008e-05,0,26.819074630737305,overall|small
2401493,4,0,blue circle on red round sign,3124,0.06226084183673469,0.0021200166998700293,0.002985774968778137,0.007258317534657966,0,7594.337890625,overall|text
2401493,5,3,Information sign near traffic light.,1360,0.027104591836734693,0.009787253399674076,0.01039483565069958,0.14342893712660845,0,18765.41015625,overall|text
2401493,6,7,the branches are green,6600,0.13153698979591838,0.006906372387668758,0.07398455045566008,0.007559865893739643,0,674.3991088867188,overall|part
2401494,0,3,red arrow sign pointing right,160,0.0031887755102040817,8.065712134405985e-05,8.174575591912003e-05,0.006020095944404602,0,11783.0625,overall|small|text
2401494,1,5,this is a door,480,0.009566326530612245,0.013351598271638806,0.01728580091801767,0.05541255871454875,0,1538.72119140625,overall|small|part
2401494,2,1,the road is grey in color,840,0.016741071428571428,0.04395047380082021,0.04996017259203646,0.26759865170433406,0,4499.2412109375,overall|small
2401494,3,4,There is a red and white pole on the corner,418,0.008330676020408163,0.001803416066518664,0.0018666343702363759,0.05055699508155932,0,11321.3515625,overall|small
2401494,4,6,the building is grey in color,120,0.0023915816326530613,2.1387753749132012e-05,2.3386302150259165e-05,0.00025020926259458067,0,1283.8759765625,overall|small
2401494,5,8,the car is black in color,42,0.0008370535714285714,0.000898932578943877,0.0009008230438133128,0.2998911085582915,0,13982.1318359375,overall|small
2401494,6,9,tall green metal pole,412,0.00821109693877551,0.005240239534159269,0.00558529892896077,0.07818898876893868,0,5767.61669921875,overall|small
2401495,0,1,the handle of a piece of silverware,242,0.004823022959183673,0.018127167301921692,0.020054977093170084,0.15865754687096462,0,1914.49365234375,overall|small|part
2401495,1,5,the top of a brown table,434,0.008649553571428572,0.012635438226525622,0.013122916793913112,0.2538125525971162,0,8394.0673828125,overall|small
2401495,2,6,the sauce is white,572,0.011399872448979591,0.004118084048657691,0.0046219301114801235,0.036401301830798594,0,4504.94580078125,overall|small
2401495,3,8,There is a white vase with flowers in the background,513,0.010224011479591837,0.0003491395284894864,0.00038795449358346775,0.0034775046112476967,0,4598.3740234375,overall|small
2401495,4,9,slice of lime on plate,238,0.004743303571428571,0.0009850793958013303,0.0012896731303834335,0.004153577219538328,0,766.5131225585938,overall|small
2401495,5,0,fried cheese stick on plate,3248,0.06473214285714286,0.06470007740357755,0.07229314504651137,0.38119025770666565,0,17126.1875,overall
2401495,6,2,the meat is chicken,6960,0.13871173469387754,0.14843684290615367,0.19914158839094492,0.36828083608342316,1,12871.41796875,overall
2401496,0,2,Rear right eye of stove,96,0.001913265306122449,0.0033804565303789075,0.0034160068081125336,0.24518402417500815,0,6890.40380859375,overall|small|part
2401496,1,0,black burner of oven,320,0.006377551020408163,0.0010588546401613004,0.0010786495888622232,0.05455073118209839,0,16183.4150390625,overall|small
2401496,2,3,the outlet is on wall,90,0.001793686224489796,0.0001387772875456612,0.0001408911060499701,0.009165065818362766,0,5854.5634765625,overall|small
2401496,3,1,window with white blinds,3182,0.06341677295918367,0.02350870391589689,0.03885094197959968,0.056185978302634935,0,4601.78759765625,overall|part
2401496,4,9,window in far room,1120,0.022321428571428572,0.0030555147994223365,0.004250611487167819,0.010750743321010045,0,2832.7294921875,overall|part
2401496,5,4,white doors on a cupboard,4690,0.09347098214285714,0.01687391944957021,0.044563994283724775,0.026438650037688232,0,2782.4541015625,overall
2401496,6,5,a refrigerator ,3762,0.07497608418367346,0.026355737711256336,0.034436749782034856,0.10097280174794823,0,11030.6484375,overall
2401497,0,0,the number is 190,234,0.00466358418367347,0.010132583876604494,0.01089600805696969,0.1263459197476379,0,2713.3740234375,overall|small|text
2401497,1,5,left cap on water hydrant,527,0.010503029336734694,0.013767805212224666,0.014120799115075022,0.35515193468705525,0,13254.56640625,overall|small
2401497,2,1,brick with black numbers,1089,0.02170360331632653,0.022615882545014964,0.04619769667894265,0.042425710854998855,0,1000.08447265625,overall
2401497,3,2,The poles are metal.,15481,0.3085339604591837,0.09423065184113419,0.1628940603775232,0.18270517022378238,0,17363.79296875,overall
2401497,4,3,pipe on the ground,2584,0.05149872448979592,0.025727821561409073,0.06212795789088248,0.04206520706507444,0,1749.5584716796875,overall
2401497,5,4,brick sidewalk in pink,5005,0.09974888392857142,0.00034442397931402793,0.0007029508434207926,0.000674844097781491,0,4804.88037109375,overall
2401498,0,4,the shirt is striped,4332,0.08633609693877552,0.031455373060751024,0.03859229982278473,0.14536645383826033,0,16317.4384765625,overall|text
2401498,1,5,Woman has red hair. ,2900,0.05779655612244898,0.21412316534826897,0.21710045451108553,0.9398083917025862,1,12553.83984375,overall|part
2401498,2,0,Smoke coming from the pot. ,1950,0.03886320153061224,0.0355025615441186,0.06656652812816476,0.07069927509014423,0,2071.064697265625,overall
2401498,3,1,Knobs on the stove. ,2400,0.04783163265306122,0.13114670351028934,0.15034871028424698,0.5066255696614583,0,8087.20849609375,overall
2401498,4,2,Yellow Curtains in Kitchen,10450,0.20826690051020408,0.19515027489326742,0.4882263588262604,0.24533700751345694,1,5251.19482421875,overall
2401498,5,3,White Tile on Wall,5063,0.1009048150510204,0.01017317145917082,0.0931620724748937,0.011291297462036928,0,613.6385498046875,overall
2401498,6,6,A whisk in a mixing bowl. ,1406,0.028021364795918366,0.004261996657350167,0.005373664767729238,0.020186086467455327,0,5281.61669921875,overall
2401499,0,0,fried chicken and a biscuit,2808,0.055963010204081634,0.038674878816764076,0.057586287453514566,0.1053592866642183,0,5137.48828125,overall
2401499,1,1,tan and brown wooden table,1488,0.02965561224489796,0.08606432621320907,0.09914007701925498,0.39487018380113825,0,5926.6328125,overall
2401499,2,2,Peaches in bowl are yellow,11817,0.2355110012755102,0.10204359981587907,0.3806459290181719,0.12235979175591838,0,3798.610595703125,overall
2401499,3,3,the table is wood,1155,0.023018973214285716,0.01329679570920526,0.01497579870050615,0.10602557029558983,0,8177.162109375,overall
2401499,4,4,Red onions in a dish. ,1479,0.02947624362244898,0.02616428032822305,0.02756526283153925,0.33984668001764284,0,18234.298828125,overall
2401499,5,5,tan and brown wooden table,2806,0.05592315051020408,0.07534970738292583,0.10324499964738093,0.21806671512356335,0,5926.6328125,overall
2401500,0,8,black and orange line on shirt,864,0.01721938775510204,0.017839788765102553,0.018509757948853005,0.3301509574607567,0,15410.8134765625,overall|small|text
2401500,1,5,clear glasses on man's face,475,0.009466677295918368,0.001495681738745161,0.0016757772269022095,0.013726194281327098,0,3890.697509765625,overall|small|part
2401500,2,2,ventilation the the wall,945,0.018833705357142856,0.020632122838822736,0.030401390259329045,0.06033227103097098,0,1875.3746337890625,overall|small
2401500,3,7,Projector mounted on ceiling.,667,0.013293207908163265,0.00044184138201135083,0.0006558456300742557,0.0013522529888010096,0,1375.2515869140625,overall|small
2401500,4,9,Cords plugged into wall outlets,560,0.011160714285714286,0.0018415495323064203,0.002440894017070467,0.007444076027188982,0,1707.8507080078125,overall|small
2401500,5,0,black chairs for sitting,1504,0.029974489795918366,0.025201180267028618,0.02661765715815489,0.32137448736961854,0,18158.89453125,overall
2401500,6,1,Computer tower sitting under desk in corner.,1110,0.022122130102040817,0.018058983016448357,0.020276941187519503,0.14170326026710303,0,7757.11767578125,overall
2401501,0,0,stomach of a zebra,247,0.004922672193877551,0.004323177332210566,0.00446411231179367,0.12044343678092184,0,6664.1533203125,overall|small
2401501,1,2,part of a zebra,288,0.005739795918367347,0.0035343948675040787,0.0037285104626221424,0.06357179747687446,0,4910.45361328125,overall|small
2401501,2,4,back of a zebra,819,0.016322544642857144,0.018829345406554107,0.019449014230940247,0.371456793667487,0,15642.083984375,overall|small
2401501,3,5,rock beside tree,680,0.013552295918367346,0.02868727667504161,0.0312054173652294,0.26226472293629366,0,5715.03369140625,overall|small
2401501,4,6,part of the ground,735,0.0146484375,0.00493835233395762,0.006115751612779291,0.02500969763515758,0,3005.7021484375,overall|small
2401501,5,7,blue sky above the land,630,0.012555803571428572,1.9046494151435843e-06,2.088222141033695e-06,2.1665772452713952e-05,0,6536.39111328125,overall|small
2401501,6,8,the zebra has 4 hooves,704,0.01403061224489796,0.017531355592237893,0.018804106593662474,0.20572822744196112,0,7702.18310546875,overall|small
2401502,0,0,white table full of food,27824,0.5545280612244898,0.17102449031317282,0.33971878230377806,0.25618004648078097,0,20981.923828125,overall
2401502,1,1,tulips in a glass vase,1904,0.03794642857142857,0.044063502297675826,0.06253176441444346,0.1298255038862469,0,3952.9951171875,overall
2401502,2,2,wall mounted light fixture,1102,0.02196269132653061,1.241850320642549e-06,4.219698349617016e-06,1.75973537805644e-06,0,459.5656433105469,overall
2401502,3,3,black bowel with silver spoon,1394,0.027782206632653062,0.012958040811329475,0.013667553358234817,0.19975328924324112,0,20373.513671875,overall
2401503,0,0,section of a man's arm,276,0.005500637755102041,0.0012183551589911015,0.0013143036435949113,0.016415093256079632,0,3447.12255859375,overall|small|part
2401503,1,3,green and red patch on a cloth,143,0.002849968112244898,0.0029821606881232083,0.0030551184062792593,0.11101513975983733,0,5196.251953125,overall|small
2401503,2,4,a yellow item ,63,0.0012555803571428572,0.0010702949108590716,0.001076495245148646,0.15670413062686012,0,9170.8349609375,overall|small
2401503,3,7,red part on a cloth,48,0.0009566326530612245,0.0005534765550917138,0.0005620672852166529,0.03494690110286077,0,2984.431396484375,overall|small
2401503,4,8,part of a finger,30,0.0005978954081632653,0.0006427251294656018,0.0006622204847260116,0.021365702152252197,0,967.911865234375,overall|small
2401503,5,9,yellow part on the cloth,65,0.001295440051020408,0.001968726883937068,0.0019877070624984548,0.17093341533954326,0,5589.69287109375,overall|small
2401503,6,1,red shirt of man,4704,0.09375,0.07990757095861196,0.08924790830656174,0.43295397077287945,0,22819.755859375,overall|text
2401504,0,0,clouds in the sky.,770,0.015345982142857142,1.5767469124370404e-06,2.1892374859049557e-06,5.635766723713318e-06,0,1982.2154541015625,overall|small
2401504,1,3,footprints in the sand.,207,0.00412547831632653,0.0008340808068632291,0.0009167764613783726,0.009162026327013394,0,2068.704345703125,overall|small
2401504,2,4,sand on the ground.,360,0.007174744897959184,0.00029176947655252893,0.00031454863783857346,0.004012764824761285,0,4592.59765625,overall|small
2401504,3,5,pond on the beach.,310,0.0061782525510204085,0.0067148725790891215,0.00686120568019742,0.2394535926080519,0,10818.8876953125,overall|small
2401504,4,7,water in the ocean.,406,0.008091517857142858,0.0015755828195404735,0.0016823610397290133,0.02422302227302138,0,5845.681640625,overall|small
2401504,5,1,three horses running on the beach,2968,0.05915178571428571,0.0703868251851517,0.07485109631367008,0.5413169758017815,0,21464.33203125,overall
2401504,6,2,light blue sky,1080,0.021524234693877552,0.00016402848415780533,0.00021604142264267388,0.0006808463622022559,0,3403.5791015625,overall
2401505,0,0,round red train traffic light,851,0.01696029974489796,0.004961154715217499,0.005242582134276962,0.08460038361061895,0,13732.72265625,overall|small
2401505,1,1,lights around a building in the background,576,0.011479591836734694,0.006912227192269467,0.008582671852515057,0.03429668479495578,0,2301.718017578125,overall|small
2401505,2,3,lights near the tracks.,119,0.0023716517857142855,0.002511458582880757,0.002543040616342502,0.1682103581789161,0,7871.298828125,overall|small
2401505,3,5,grey gravel and rock in between train tracks,87,0.0017338966836734694,2.1659698802820755e-05,2.205450107709279e-05,0.0012084949633170818,0,4767.23828125,overall|small
2401505,4,7,curve in the railroad track on the right,364,0.007254464285714286,0.004546073803786032,0.004644577371521964,0.17651660625751203,0,13833.7763671875,overall|small
2401505,5,9,dark storm clouds in the sky,585,0.011658960459183673,1.8704935611646205e-05,3.042195490433573e-05,4.856295437894316e-05,0,933.8429565429688,overall|small
2401505,6,2,electrical wires running above the railroad tracks,9021,0.17978714923469388,0.05989767732589646,0.13220245065519645,0.09870711558013939,0,6735.40380859375,overall
2401506,0,2,The girl is wearing rings. ,375,0.007473692602040816,0.007403017685816428,0.007482733127727802,0.4099970703125,0,20547.158203125,overall|small
2401506,1,3,bag over woman's shoulder.,351,0.006995376275510204,0.005976617943126799,0.006674343319779217,0.05407967526688535,0,2844.02001953125,overall|small
2401506,2,0,Red shirt on a man,9919,0.19768415178571427,0.13093008711321535,0.26794946995574714,0.20384795801066766,0,7546.0791015625,overall|text
2401506,3,4,Brown eyes on a woman,3968,0.07908163265306123,0.00022596179774430781,0.0013548244724096163,0.00027111851640285986,0,794.0499267578125,overall|part
2401506,4,1,Picture on a wall,2016,0.04017857142857143,0.0018926070299621486,0.018393735796946226,0.002105239364835951,0,230.73956298828125,overall
2401506,5,5,a wooden chair under the table,1403,0.02796157525510204,0.026110174623389035,0.02770146843634683,0.3124925174291696,0,15826.8505859375,overall
2401506,6,6,a round mirror above,3002,0.05982940051020408,2.4701746116586892e-05,5.576507281638296e-05,4.4342758336280046e-05,0,2387.102783203125,overall
2401507,0,1,white sign with orange and pink writing ,720,0.014349489795918368,0.002992356945465006,0.0032095981317989478,0.042338355382283525,0,9497.642578125,overall|small|text
2401507,1,7,white window in brown building,437,0.008709343112244899,0.0016091790683993605,0.0026302010011867286,0.004128208967859194,0,685.8895263671875,overall|small|part
2401507,2,6,small soft white cloud,160,0.0031887755102040817,1.1875375379529766e-06,1.2975671665424217e-06,1.400430192006752e-05,0,1726.8380126953125,overall|small
2401507,3,0,multi level building on main street,4896,0.0975765306122449,0.1532361211358427,0.18968090271731705,0.44368240256714664,0,11452.228515625,overall
2401507,4,2,Two traffic lights facing the other way,6050,0.12057557397959184,0.17918631152585915,0.19944055896086688,0.6382605888429752,0,19361.541015625,overall
2401507,5,3,large grey house with many windows,3850,0.07672991071428571,0.05598161217765996,0.08421671812990084,0.1430844155844156,0,6541.15966796875,overall
2401507,6,4,bare tall tree in the distance,1296,0.025829081632653062,0.004837208183825789,0.011664535146541241,0.008196662973474574,0,910.6985473632812,overall
2401508,0,4,blue neon sign in photo,272,0.005420918367346939,6.231743392163209e-05,6.414566491509022e-05,0.0021817112231955807,0,9251.216796875,overall|small|text
2401508,1,8,a small red neon sign,88,0.001753826530612245,7.679347916256509e-05,7.752414951976981e-05,0.008081940764730627,0,9174.0546875,overall|small|text
2401508,2,0,window of a building,253,0.005042251275510204,0.0019192500358603285,0.002607674963330673,0.0072174298433447075,0,700.244384765625,overall|small|part
2401508,3,7,a glass door with a white frame,220,0.004384566326530612,0.00016294500343304376,0.00017151027658912356,0.0032521852038123393,0,4171.6494140625,overall|small|part
2401508,4,6,yellow flowers in rectangular planter,810,0.016143176020408163,0.0009342189528974939,0.000985078465087835,0.017772937115327812,0,14614.14453125,overall|small
2401508,5,9,blue cloudy sky in the background,738,0.014708227040816327,5.693155227022826e-07,7.873291653342221e-07,2.056008001643064e-06,0,1927.1912841796875,overall|small
2401508,6,1,bus lights are on,1230,0.02451371173469388,0.04885012733393057,0.05211662049230837,0.4380126953125,0,10337.5009765625,overall
2401509,0,0,sign with arrows pointing forward and left,572,0.011399872448979591,0.011323133121734488,0.012579936991621422,0.1018005984646457,0,4628.79443359375,overall|small|text
2401509,1,7,white signs with black writing,407,0.008111447704081632,0.007654374963930401,0.009117224790049701,0.04553373088414898,0,2032.6611328125,overall|small|text
2401509,2,1,a round-edged traffic light,760,0.015146683673469387,0.015731122636256673,0.016187517554511623,0.3581329345703125,0,16814.25390625,overall|small
2401509,3,3,city street light above roadway,989,0.01971061862244898,0.002765557621287771,0.003097021052385734,0.025189041970834453,0,8043.8466796875,overall|small
2401509,4,4,"some circular black+white+red all over signs, indecipherable at this distance",210,0.004185267857142857,0.0029774711979006527,0.00310150927888261,0.06929140090942383,0,4691.6494140625,overall|small
2401509,5,5,the post is yellow in color,180,0.003587372448979592,0.00019810591655837104,0.00020304080405952795,0.008084962103101943,0,7167.4912109375,overall|small
2401509,6,8,the car is grey in color,896,0.017857142857142856,0.0030458125742744693,0.003436834587301715,0.02607276609965733,0,6797.30078125,overall|small
2401510,0,2,goblet filled with beer,988,0.019690688775510203,0.0033413112788691847,0.004104888698736444,0.017645480661739706,0,4247.06640625,overall|small
2401510,1,4,the woman's headband is blue.,928,0.018494897959183673,0.02361676368433238,0.025080856005582176,0.2880386155227135,0,10657.5244140625,overall|small
2401510,2,5,the table is wooden ,924,0.018415178571428572,2.5787110223445384e-05,3.471071399036239e-05,0.00010029571654992702,0,2669.874267578125,overall|small
2401510,3,6,cloth napkin in silver holder,891,0.01775749362244898,0.05390298849523337,0.05596152718973796,0.5943791895736883,0,9463.4990234375,overall|small
2401510,4,7,small lutice salt and pepper shakers,392,0.0078125,0.007681025934548094,0.008486195746057147,0.0748922873516472,0,3459.474365234375,overall|small
2401510,5,9,this is a plate ,119,0.0023716517857142855,0.005832615923865335,0.005858802920993674,0.5661469788110557,0,11499.1904296875,overall|small
2401510,6,0,green houseplant in pot,2128,0.04241071428571429,0.18654642258937154,0.19812085604319318,0.7615149935385338,0,8179.37060546875,overall
2401511,0,2,large blue table,480,0.009566326530612245,0.004712470365055742,0.00541492245098845,0.035053189595540366,0,3107.25244140625,overall|small
2401511,1,5,sliced red peppers,675,0.013452646683673469,0.02183768362604331,0.023043624023522537,0.29442500361689816,0,8624.3759765625,overall|small
2401511,2,0,Large knife with a black handle,4191,0.08352598852040816,0.010782257688011568,0.013431789828708487,0.051827669428117916,0,16171.3193359375,overall|part
2401511,3,4,Bottle of bay leaves with black cover,2464,0.049107142857142856,0.007197548001734457,0.011322793844784297,0.019372794535252955,0,4215.7939453125,overall|part
2401511,4,1,fried potatoes for food,3224,0.06425382653061225,0.022526961992766246,0.03338295801603271,0.06478427006648137,0,6256.6201171875,overall
2401511,5,3,cup for drinking liquids,3196,0.06369579081632654,0.08625732570744019,0.1348788393784507,0.19308162302487483,1,4575.134765625,overall
2401511,6,6,canned food in the kitchen,1734,0.03455835459183673,0.016494819939310724,0.02012140068993872,0.0838450395524708,0,7225.505859375,overall
2401512,0,2,the door is brown,988,0.019690688775510203,0.03732753212313938,0.045908681042976955,0.16645846965341915,0,3582.35009765625,overall|small|part
2401512,1,3,she is wearing goggles,16,0.00031887755102040814,0.0007010682611665988,0.0007021998030682066,0.30316561460494995,0,6907.79150390625,overall|small|part
2401512,2,5,Emblem on carriage.,418,0.008330676020408163,0.013931131579825172,0.01427722916679424,0.36495336505214565,0,10684.8818359375,overall|small
2401512,3,7,the pail is blue,425,0.008470184948979591,0.007730691078756692,0.008009527582611356,0.18171137192670037,0,9641.93359375,overall|small
2401512,4,6,Green door on a building,1508,0.03005420918367347,0.01746712459148214,0.028051827979251636,0.044243663312269456,0,2378.434814453125,overall|part
2401512,5,0,Mailboxes on the side of the street. ,5876,0.1171077806122449,0.014354809346237124,0.023524158873032074,0.03551946942541695,0,8872.2578125,overall
2401512,6,1,Blue umbrella.,3080,0.06138392857142857,0.07162306075539306,0.09222408742240636,0.24278742802607547,0,8108.35107421875,overall
2401513,0,9,flat face on rock,962,0.01917251275510204,0.031248832604333882,0.041760098924815796,0.11043753990760216,0,2544.0771484375,overall|small|part
2401513,1,2,the pack is green,648,0.012914540816326531,0.006394368853793364,0.007131126944704559,0.05828419438114873,0,5296.23974609375,overall|small
2401513,2,3,rocks on water's bottom,567,0.011300223214285714,0.007647969976226347,0.008623252017788642,0.0633387624481578,0,4164.67919921875,overall|small
2401513,3,4,rock on water's edge,729,0.014528858418367346,0.003651385555387354,0.003935577337042232,0.04813173082139757,0,8915.599609375,overall|small
2401513,4,6,Blue clothing item in bottom of canoe.,462,0.009207589285714286,0.012909549111855425,0.013040063811156986,0.5632857285536729,0,19956.8046875,overall|small
2401513,5,7,green leaves on tree,1428,0.028459821428571428,0.0009924653001016947,0.0014846300961728648,0.0029848657068418188,0,2871.01025390625,overall|part
2401513,6,8,a branch overhanging water,8352,0.16645408163265307,0.06839646913532497,0.14720261970418652,0.11328517431500314,0,6427.587890625,overall|part
2401514,0,6,A sign above a street.,260,0.005181760204081632,0.0005001660349617965,0.0005246669843871195,0.010597128134507399,0,5251.4326171875,overall|small|text
2401514,1,0,this is an umbrella ,832,0.016581632653061226,0.004564023683321056,0.00520902757598458,0.03554860445169302,0,5677.91943359375,overall|small
2401514,2,4,this is a vehicle ,480,0.009566326530612245,0.016042666726098213,0.016241845935018887,0.5667584737141927,0,16749.578125,overall|small
2401514,3,5,blue and white directional light,432,0.00860969387755102,1.3933808667445556e-05,1.5056417585665873e-05,0.00018684516005493975,0,5360.97705078125,overall|small
2401514,4,1,rain on city street,12876,0.25661670918367346,0.017708643496915494,0.037940421043735385,0.032141437512741726,0,10907.974609375,overall
2401514,5,2,A traffic signal.,1710,0.034080038265306124,0.005757418141146088,0.007999888768261725,0.02012589661001462,0,4301.97021484375,overall
2401514,6,3,this is a man ,3168,0.06313775510204081,0.03167086555843448,0.08118968681968489,0.04936339638449929,0,1926.1466064453125,overall
2401515,0,2,nose on boy's face.,315,0.006277901785714286,0.004492173034595105,0.004718805891399243,0.0855330088781932,0,5709.685546875,overall|small|part
2401515,1,4,brown iris of boy's eye.,110,0.002192283163265306,0.0011449367127285906,0.0012301147320832111,0.016265870224345814,0,1454.53564453125,overall|small|part
2401515,2,1,ear of a human being,546,0.010881696428571428,0.01000040182156319,0.011221753605931846,0.08415135533818395,0,4094.426025390625,overall|small
2401515,3,5,brown and black teddy bear ears,600,0.011957908163265306,0.003636507801203355,0.004063613814561381,0.0334417724609375,0,4937.73876953125,overall|small
2401515,4,7,toy on the table.,704,0.01403061224489796,0.024786635411918584,0.025191669779653533,0.6065530776977539,0,16950.578125,overall|small
2401515,5,8,a human being's pink lips,532,0.010602678571428572,0.030695943746402925,0.03211913987722699,0.40924731950114546,0,6778.49951171875,overall|small
2401515,6,9,plastic container on the table.,144,0.0028698979591836736,0.0015913023287001892,0.001611093282167623,0.1146845022837321,0,10250.53515625,overall|small
2401517,0,3,the left eye of a zebra.,561,0.01118064413265306,0.012648824386065105,0.013238804923863371,0.2210818476005459,0,9368.4375,overall|small|part
2401517,1,9,the back leg of the zebra closest to the wall,861,0.017159598214285716,0.01617136404715476,0.020957107834217576,0.06613234055859148,0,2716.975341796875,overall|small|part
2401517,2,1,a hole in the stall wall,984,0.0196109693877551,0.0012398082955627108,0.0162757897832392,0.001340239392063482,0,81.0280532836914,overall|small
2401517,3,4,white underbelly on zebra,896,0.017857142857142856,0.01775928405329559,0.01844381630166009,0.32363901819501606,0,15722.373046875,overall|small
2401517,4,5,hay hanging out of zebra's mouth as he eats it,735,0.0146484375,0.013506305354349052,0.01423885861107348,0.20793718610491072,0,10733.5732421875,overall|small
2401517,5,7,small brown spot on wood,315,0.006277901785714286,0.004458301253941403,0.013527456093016197,0.006606025544423906,0,153.82774353027344,overall|small
2401517,6,0,Second zebra behind main zebra,4012,0.07995854591836735,0.04801291057941551,0.061936645598789725,0.17598814883474576,0,11399.78515625,overall
2401518,0,2,a red sweatshirt,391,0.007792570153061225,0.006738926096613663,0.006978816378662867,0.16391233166160485,0,9183.4658203125,overall|small
2401518,1,4,White frisbee,578,0.011519451530612245,0.007525506922440452,0.008204408360994382,0.08336306113272803,0,5872.921875,overall|small
2401518,2,6,blue nike sneaker on foot of unseen player,280,0.005580357142857143,6.441393770068965e-05,6.730760761521695e-05,0.001496045504297529,0,6223.55712890625,overall|small
2401518,3,7,white sneakers on man walking,63,0.0012555803571428572,0.00010042275011157216,0.00010116723023841343,0.013462706217690119,0,8383.6484375,overall|small
2401518,4,8,this is a cap,50,0.0009964923469387755,0.0005422045690467707,0.0005506710936735945,0.034064226150512696,0,3092.973876953125,overall|small
2401518,5,9,the man is light skinned,130,0.002590880102040816,0.005990212457474826,0.006054880103016489,0.3593308668870192,0,7714.93603515625,overall|small
2401518,6,1,the t shirt is muddy,1073,0.02138472576530612,0.0394294013106975,0.04212792474494096,0.3810161437703868,0,9704.4970703125,overall|text
2401519,0,0,A lot of fluorescent lights.,2772,0.05524553571428571,0.0001836535070403984,0.0006649813136799677,0.0002536632410891644,0,1057.4049072265625,overall
2401519,1,1,woman lying down on mattress,27566,0.5493861607142857,0.09160751162695656,0.5829997501286227,0.09803086583676449,1,4635.197265625,overall
2401519,2,2,the cup board is wooden,1184,0.023596938775510203,0.027020239645051347,0.031128169090736596,0.16995093629166885,0,6464.302734375,overall
2401519,3,3,Plants in the mall.,1872,0.03730867346938776,0.12299190762585724,0.28295289118410394,0.17868441394251636,0,1182.165771484375,overall
2401519,4,4,white and red shopping bag on the floor,1204,0.023995535714285716,0.00039716139774197704,0.0004287835679410437,0.005356497938846829,0,15040.7431640625,overall
2401520,0,0,the cpu is black,476,0.009486607142857142,0.009377179420401902,0.00966909113735421,0.23699273181562663,0,11666.9228515625,overall|small
2401520,1,1,the keyboard is back in color,840,0.016741071428571428,0.0031590706007240776,0.0033841811474320848,0.045338435400099984,0,11253.619140625,overall|small
2401520,2,3,White telephone on a desk,483,0.009626116071428572,0.010912732152169109,0.011044156794147936,0.478363037109375,0,20920.505859375,overall|small
2401520,3,6,the fan is white,644,0.012834821428571428,0.04185592858213049,0.04629667248354593,0.3037986755371094,0,4225.9267578125,overall|small
2401520,4,7,the lamp is white,660,0.013153698979591837,0.011245226668884837,0.01535524622327543,0.040318844535134055,0,1732.9866943359375,overall|small
2401520,5,8,the blinds are white,504,0.010044642857142858,2.3052657910506675e-05,7.265394251926707e-05,3.376545473223641e-05,0,234.23077392578125,overall|small
2401520,6,2,the wall is white in color,2806,0.05592315051020408,0.00010728277243776622,0.0022299141100371577,0.0001126923946848276,0,141.80584716796875,overall
2401521,0,3,The roof of a house.,943,0.018793845663265307,0.004992812146784675,0.006088225516247506,0.02700042320081563,0,4182.072265625,overall|small
2401521,1,6,Plant with red flowers,400,0.007971938775510204,0.004914282702137043,0.005181946561180923,0.08687477111816407,0,6705.95654296875,overall|small
2401521,2,0,Plant with small yellow flowers,2744,0.0546875,0.032110489117978994,0.04620085744970873,0.09525758392956792,0,5657.6181640625,overall
2401521,3,1,the horses are brown,1450,0.02889827806122449,0.00873493139511704,0.010180552165400796,0.05794961863550647,0,8253.6728515625,overall
2401521,4,2,green grass,5600,0.11160714285714286,0.0026117917061330154,0.013404957041635484,0.0032333196912493023,0,1350.7384033203125,overall
2401521,5,4,Gray house with a brick chimney,3060,0.06098533163265306,0.019815215888374257,0.02423330660663224,0.09803202510659212,0,12378.748046875,overall
2401521,6,5,bright green medium sized bush,1292,0.02574936224489796,0.01830966853774255,0.019974987746011502,0.18007167426425236,0,11647.1962890625,overall
2401522,0,0,this is the road,1800,0.03587372448979592,0.014104212127178299,0.016054015020564093,0.10404645284016927,0,11665.8427734375,overall
2401522,1,1,man riding on motorbike,28665,0.5712890625,0.2363543797141901,0.5405476215632941,0.2957740548142334,1,15684.7666015625,overall
2401523,0,6,the flag is white and blue in color,180,0.003587372448979592,0.00024580074388444396,0.0002488420249674029,0.019715264108445908,0,14261.0458984375,overall|small|text
2401523,1,9,the flag on the building,627,0.012496014030612245,0.014735808393511886,0.01579949657250109,0.17957360664623206,0,7126.34423828125,overall|small|text
2401523,2,1,part of a building,56,0.0011160714285714285,0.0019351289208659093,0.0019498309458913638,0.20422915049961635,0,5865.55078125,overall|small
2401523,3,3,fence along the balcony.,78,0.0015545280612244898,7.981336037604677e-05,8.063976556649053e-05,0.007727919480739496,0,7474.94384765625,overall|small
2401523,4,8,part of  a wall,99,0.0019730548469387753,0.0013068943660664411,0.0015565533629927485,0.008082262193313752,0,514.0485229492188,overall|small
2401523,5,0,Large clock tower ,4326,0.08621651785714286,0.020327641016427877,0.02782347653220531,0.07015954527764534,0,10908.4208984375,overall
2401523,6,2,Overlapping power-line cables ,2736,0.0545280612244898,0.06641358320223578,0.10460396213436778,0.15391024093181765,0,4025.64501953125,overall
2401524,0,2,this is a plate,289,0.0057597257653061226,0.0070635305427644455,0.007531408742592895,0.10209313230943515,0,3917.58251953125,overall|small
2401524,1,5,the orange is tasty,441,0.0087890625,0.00949398727952072,0.011272521202327404,0.05675844378482187,0,2220.48583984375,overall|small
2401524,2,0,Orange vegetable on a plate,6237,0.12430245535714286,0.09743658105086278,0.13869906226668238,0.24671670590453143,0,11094.322265625,overall
2401524,3,1,Cooked potatoes on a plate,5780,0.11519451530612244,0.04056591302163899,0.08112826588900153,0.07504646274870243,0,5346.70068359375,overall
2401524,4,3,A knife on top of a fork,6764,0.13480548469387754,0.05508582916837668,0.07737103990289042,0.16054568750346504,0,14035.3681640625,overall
2401524,5,4,two eggs fried to order,7564,0.15074936224489796,0.09337692505585439,0.1545747696505984,0.19084250592857616,0,9338.734375,overall
2401525,0,0,crack in the street,552,0.011001275510204082,0.0417806919139197,0.057140685054086135,0.13452006077420883,0,1299.51318359375,overall|small
2401525,1,6,black street below man,600,0.011957908163265306,0.019553178338730798,0.02000031973293282,0.46655283610026044,0,13996.361328125,overall|small
2401525,2,1,yellow line on street,1326,0.026426977040816327,0.06008880404327815,0.060355327306656416,0.9315413853341817,0,20465.86328125,overall
2401525,3,2,hole in the center of the donut,3220,0.06417410714285714,0.012770882424734193,0.06493976345258506,0.015648414185328512,0,775.9174194335938,overall
2401525,4,3,thumb of person,1914,0.03814572704081633,0.01637123060930579,0.03775874944019768,0.028090806839483534,0,1423.9296875,overall
2401525,5,4,long sleeve of clothing,2349,0.04681521045918367,0.08042618970877038,0.09002171058024898,0.43004661745190775,0,11221.509765625,overall
2401525,6,5,white paper around donut,1176,0.0234375,0.000439229014409584,0.0009590307981986313,0.0008097184049028929,0,992.907470703125,overall
2401526,0,4,Part of a cats tail. ,175,0.0034877232142857145,0.0002054009337760029,0.00020856890923842605,0.013342481340680803,0,11195.025390625,overall|small|part
2401526,1,3,Tiny triangle shaped tip of a cats nose. ,20,0.0003985969387755102,0.0009384937518635695,0.0009435900171943014,0.1480408191680908,0,3137.82080078125,overall|small
2401526,2,6,buttons on front of television,646,0.01287468112244898,0.008749464337698744,0.009650166822847554,0.08570772649333942,0,5737.43359375,overall|small
2401526,3,7,striped line on cat's foot,520,0.010363520408163265,0.0027263156534601835,0.0029602722785431104,0.033345981744619516,0,5857.5390625,overall|small
2401526,4,8,white spots on the ground,504,0.010044642857142858,0.008476456399368665,0.010538053263367698,0.04152886072794596,0,1986.1871337890625,overall|small
2401526,5,9,stripes on cat thigh,459,0.00914779974489796,0.0054221835122607726,0.0055954935278287625,0.14898021756174257,0,12220.8916015625,overall|small
2401526,6,0,black top of television set,7182,0.14313616071428573,0.2788305978758809,0.3739877664937543,0.5228696061986564,0,10041.1025390625,overall
2401527,0,0,The word Scenic on the blue and white sign.,464,0.009247448979591837,0.01329690477256745,0.013544685277904802,0.42091514324319773,0,14419.28125,overall|small|text
2401527,1,1,this is a vehicle ,35,0.0006975446428571429,0.00011490389438690623,0.00011515556786587054,0.04994925771440779,0,15181.4111328125,overall|small
2401527,2,3,red double sided arrow,216,0.00430484693877551,0.0025842500624328616,0.0026946719854350947,0.05932332851268627,0,4755.25,overall|small
2401527,3,6,part of  a post,60,0.0011957908163265306,0.00214289072545245,0.002326877690722077,0.02638598680496216,0,680.3792114257812,overall|small
2401527,4,7,part of a board,270,0.005381058673469388,0.007547805048716819,0.008044122125238667,0.10899805846037688,0,3658.5068359375,overall|small
2401527,5,8,part of the sky,476,0.009486607142857142,0.0005413326976385242,0.0009013258692377493,0.0013535166738413962,0,714.806884765625,overall|small
2401527,6,9,A street light overhang,323,0.00643734056122449,0.0032237522730005474,0.003309797598921917,0.11032347782477506,0,10766.36328125,overall|small
2401528,0,2,the phone is gray,532,0.010602678571428572,0.023785004212678804,0.024127620102463235,0.6261657485388276,0,13806.5908203125,overall|small
2401528,1,1,man in a black t-shirt,6204,0.12364477040816327,0.2547388472944533,0.32559456979826623,0.5392915294064313,1,10275.861328125,overall|text
2401528,2,0,person wearing socks with polka dots,21063,0.41978236607142855,0.11032126371004618,0.4587348168929765,0.12683068957190927,1,5823.48388671875,overall
2401529,0,4,wood framed round clock on wall,304,0.006058673469387755,0.00026874518210721725,0.00035131415533997746,0.0011421499871893932,0,988.3279418945312,overall|small
2401529,1,6,decorative mugs sitting on shelf,420,0.008370535714285714,0.01088173245418396,0.011452227655144056,0.17927972702752976,0,6574.92041015625,overall|small
2401529,2,5,a decorative sign above the TV,1426,0.02841996173469388,0.012853609448862845,0.02503927412005105,0.02573214473430104,0,1465.4593505859375,overall|text
2401529,3,0,paid of blue denim jeans,8142,0.1622688137755102,0.2278299503259988,0.27407801530446074,0.5745005522099914,1,17066.61328125,overall
2401529,4,1,A television that is on,6300,0.12555803571428573,0.11028863417568176,0.1409958131325218,0.33616741846478176,0,15020.6923828125,overall
2401529,5,2,Fireplace tools in rack,1848,0.036830357142857144,0.0030430670594871925,0.0036829499187232984,0.017213377601656563,0,8637.185546875,overall
2401529,6,3,wooden shelf attached to wall,1872,0.03730867346938776,0.004189852126840734,0.022646085845298217,0.005114718889578795,0,422.79949951171875,overall
2401531,0,2,The mouth on the blue striped kite.,165,0.003288424744897959,0.007022409151609398,0.007229318062817703,0.19701951922792377,0,4496.72021484375,overall|small
2401531,1,3,clear blue sky.,672,0.013392857142857142,5.231340252028229e-05,6.64788214238333e-05,0.0002454484236382303,0,2481.111083984375,overall|small
2401531,2,4,The blue hat on the adult walking with the child in the yellow coat.,21,0.0004185267857142857,0.0004322156751217418,0.00043260431177371254,0.3248323258899507,0,15768.40234375,overall|small
2401531,3,5,black coat on man.,42,0.0008370535714285714,0.0011678188430983892,0.001170994182662564,0.30102457318987164,0,10796.8359375,overall|small
2401531,4,6,trees in the distance.,209,0.004165338010204082,0.0009290789248834102,0.0009985095282028177,0.013185284354469994,0,2759.837890625,overall|small
2401531,5,7,The hood on the adult's coat standing next to the child in the red coat.,888,0.017697704081632654,0.019319383600291323,0.020549040968286605,0.24405635799373593,0,10546.5771484375,overall|small
2401531,6,0,the people are in a field,12369,0.24651227678571427,0.011439363694840264,0.053363979893142226,0.014351687422468722,0,3326.513916015625,overall
2401532,0,3,this is a t shirt,280,0.005580357142857143,0.01125808527667539,0.011547613960993387,0.3098781585693359,0,7513.75,overall|small|text
2401532,1,2,the ground is green in color ,420,0.008370535714285714,0.058621689067021816,0.06271841631990864,0.4729803902762277,0,3167.359375,overall|small
2401532,2,0,Man wearing white tennis shoe on foot.,1292,0.02574936224489796,0.005058600746936246,0.007396153812714522,0.015753560021934863,0,2751.916748046875,overall|part
2401532,3,4,A door.,5880,0.1171875,0.059319016981426435,0.13300747040713112,0.09671530172127445,0,4275.59423828125,overall|part
2401532,4,1,Batting net behind man and little boy.,23875,0.4758250956632653,0.3675789048855975,0.5217723244192225,0.5543361420157068,1,25365.0390625,overall
2401533,0,3,White shirt on a woman,884,0.017617984693877552,0.06810161487516232,0.06977741913150394,0.7392863968378818,1,9365.912109375,overall|small|text
2401533,1,5,kite with a long yellow tail,644,0.012834821428571428,0.01930402859246192,0.01958993323343379,0.5694656372070312,0,18720.62890625,overall|small|part
2401533,2,0,boy holding a string,784,0.015625,0.015842196021858625,0.016798724737878423,0.2176641542084363,0,10158.431640625,overall|small
2401533,3,2,Child sitting on grass,375,0.007473692602040816,0.004161858142768579,0.004359897003076879,0.08393434143066406,0,7219.2939453125,overall|small
2401533,4,6,white clouds in sky,495,0.009865274234693877,2.1543689193441537e-08,3.184578621786011e-08,6.659573027534844e-08,0,1035.1412353515625,overall|small
2401533,5,1,blue cloudy sky,7062,0.14074457908163265,0.000188351644917586,0.0021505366660647925,0.00020638905851741717,0,677.7468872070312,overall
2401533,6,4,Long green grass on a hill,2322,0.04627710459183673,0.045627133722980724,0.07742351001044184,0.09999190272184202,0,2998.84619140625,overall
2401534,0,0,the shirt is black in color,63,0.0012555803571428572,0.00046807557320534385,0.0004705227097176006,0.08256808538285512,0,11055.341796875,overall|small|text
2401534,1,5,the black shirt button,162,0.0032286352040816328,0.0037194701842300187,0.003742270487040401,0.3790693871768904,0,16409.62109375,overall|small|text
2401534,2,2,He has red dots on his neck,294,0.005859375,0.0038604316954541688,0.003994253331584362,0.10331962222144717,0,7604.91796875,overall|small
2401534,3,4,smiling red lips,517,0.01030373086734694,0.0023312100659643726,0.0030746919992848776,0.009548732344370977,0,1605.5899658203125,overall|small
2401534,4,7,light on storefront,351,0.006995376275510204,0.0031808152514713655,0.0033542782124687696,0.05794387665229645,0,6063.39111328125,overall|small
2401534,5,3,The man has white hair,7125,0.1420001594387755,0.016006791700818666,0.0382027919018656,0.02681153200383772,0,5000.4765625,overall|part
2401534,6,6,the man's left arm,5187,0.10337611607142858,0.011579284405172483,0.03581378175345967,0.016823996048753193,0,2436.66162109375,overall|part
2401535,0,5,part of  a leaf,297,0.005919164540816327,0.010354740329255754,0.011628958824674981,0.0863415817620377,0,2205.13720703125,overall|small|part
2401535,1,6,part of a leaf,280,0.005580357142857143,0.005485939331723673,0.006148791307158289,0.04842474460601807,0,2205.13720703125,overall|small|part
2401535,2,1,There is a white band on the tree,441,0.0087890625,0.00042349109776805723,0.0011426850670140554,0.0006724077017128873,0,259.50439453125,overall|small
2401535,3,3,the fruits are green in color,945,0.018833705357142856,0.0030919457244615715,0.003457281356952525,0.0284282058635086,0,7770.45654296875,overall|small
2401535,4,4,it is brown in color,296,0.005899234693877551,0.00581240498182539,0.005892416701445672,0.29974499264278925,0,15057.4072265625,overall|small
2401535,5,7,part of a fruit,140,0.0027901785714285715,0.005211966812428471,0.005217945832832729,0.8197721208844866,0,21994.880859375,overall|small
2401535,6,0,these are some leaves,2625,0.05231584821428571,0.022857396062658675,0.10817210964068388,0.028165056501116073,0,683.4781494140625,overall|part
2401536,0,1,Face on a kite,891,0.01775749362244898,0.007819732601524656,0.010799014768072232,0.027562962370421884,0,2274.15185546875,overall|small|part
2401536,1,2,the kite is on air,255,0.005082110969387755,0.00019245281319935228,0.00020601982277802192,0.002913947900136312,0,3606.724365234375,overall|small
2401536,2,6,the car is parked,36,0.0007174744897959184,0.0007954536414640515,0.0007971096156008795,0.27687915166219074,0,12504.7412109375,overall|small
2401536,3,8,the car is red,312,0.006218112244897959,0.003783790067789504,0.003845249305632578,0.1914200171446189,0,15531.64453125,overall|small
2401536,4,9,the sky is blue in color,897,0.017877072704081634,4.352828844417393e-06,6.15500756097092e-06,1.4866059573331937e-05,0,2166.505126953125,overall|small
2401536,5,0,this is a man,2520,0.05022321428571429,0.10890580675557772,0.1566700562490362,0.2631990220811632,1,4233.49267578125,overall
2401536,6,3,Blue and purple kite,1840,0.03667091836734694,0.017616611324027698,0.02054262093016875,0.11006759975267494,0,9858.7412109375,overall
2401537,0,1,corner of a toilet,96,0.001913265306122449,0.0023853505480963093,0.0024637894409075527,0.06970217823982239,0,2715.9013671875,overall|small
2401537,1,2,outer part of a toilet,72,0.0014349489795918368,0.0017155190307200077,0.0017234776546337905,0.2708733081817627,0,11316.0029296875,overall|small
2401537,2,4,edge of the toilet wall,143,0.002849968112244898,0.000844451078814985,0.0009388427358045594,0.008329161397227041,0,1268.65771484375,overall|small
2401537,3,5,the hinge of the lid of a toilet,72,0.0014349489795918368,0.0008576064454254717,0.000868147802779294,0.06596993075476752,0,5471.228515625,overall|small
2401537,4,6,black tile in the toilet,20,0.0003985969387755102,0.00017229750580979422,0.0001726353364209462,0.08092122077941895,0,9374.8154296875,overall|small
2401537,5,7,part of the toilet cover,117,0.002331792091836735,0.002090701307078997,0.0021213733068827173,0.12633201403495592,0,6967.58349609375,overall|small
2401537,6,8,the toilet seat cover,96,0.001913265306122449,0.004324139302603634,0.004337165793769901,0.5901170174280802,0,13061.8095703125,overall|small
2401538,0,0,logo on woman's jacket,171,0.0034080038265306123,0.006717196957295008,0.006771011849385496,0.4580417209201389,0,11567.71484375,overall|small|text
2401538,1,8,a silver pen inside the pocket of a man's shirt,99,0.0019730548469387753,0.005753146595172537,0.005777360322858209,0.5785378735474865,0,9913.740234375,overall|small|text
2401538,2,5,a train window secured by many screws,520,0.010363520408163265,0.001298917007518527,0.001422583812616006,0.014721936445969802,0,5381.33984375,overall|small|part
2401538,3,7,sunglasses on mans face,406,0.008091517857142858,4.681632480029766e-05,5.160891542067026e-05,0.0005038866195185431,0,3964.00439453125,overall|small|part
2401538,4,6,zipper pull on a sweater ,72,0.0014349489795918368,0.0006420746554424804,0.0006479527507651291,0.06609874301486546,0,7344.84033203125,overall|small
2401538,5,9,phone numbers on woman's shopping bag,804,0.01602359693877551,0.018249558806018175,0.01999776796576591,0.1727036813005286,0,6943.462890625,overall|small
2401538,6,2,woman with brown hair,2832,0.05644132653061224,0.010998059556858961,0.016965812097751998,0.030318588860290874,0,5060.89794921875,overall|part
2401539,0,6,There is a package in the window,475,0.009466677295918368,0.0051845668148550825,0.005333462834590444,0.1566244828073602,0,13949.029296875,overall|small|part
2401539,1,7,reflection on window pane,315,0.006277901785714286,0.0015826878739254116,0.001967182504050145,0.008032433191935221,0,1286.21337890625,overall|small|part
2401539,2,2,two gold hands on clock,986,0.019650829081632654,0.027392322238283418,0.02920191545254313,0.30653681571295005,0,10350.1875,overall|small
2401539,3,3,gold ball on clock,399,0.007952008928571428,0.008974713630791808,0.009861537592483045,0.09074325370310542,0,3671.4921875,overall|small
2401539,4,1,white curtain on window,1980,0.03946109693877551,0.027435284050151765,0.04072897908138296,0.07753819167011916,0,3769.4443359375,overall|part
2401539,5,4,white wood window frame,1232,0.024553571428571428,0.002465839947129506,0.003064512656797103,0.012464916551267946,0,5011.16455078125,overall|part
2401539,6,0,Name of building in gold lettering,1472,0.029336734693877552,0.0345980480065064,0.03749636055886047,0.3092041015625,0,12138.4697265625,overall
2401540,0,3,a blue street sign,513,0.010224011479591837,0.017329907530815553,0.017689293525526877,0.4603326213754873,1,13349.9189453125,overall|small|text
2401540,1,4,a metal sign post,504,0.010044642857142858,0.01908490662399724,0.01951373326650361,0.4647992149231926,0,12004.8173828125,overall|small|text
2401540,2,7,part of a stop sign,170,0.0033880739795918366,0.004346311016365436,0.0044535536988989915,0.15289612938376035,0,5836.31494140625,overall|small|text
2401540,3,9,skylight window on roof,342,0.006816007653061225,0.001051542772823719,0.0012784969305185958,0.005888754861396656,0,1575.25146484375,overall|small|part
2401540,4,0,corner of a vehicle,48,0.0009566326530612245,0.00017632673207149864,0.00017744818916806896,0.027142892281214397,0,7342.19287109375,overall|small
2401540,5,1,part of a shade,192,0.003826530612244898,0.0017038742861906222,0.0020359651946465795,0.010338030134638151,0,974.9193115234375,overall|small
2401540,6,5,purple flowers on top of fence,672,0.013392857142857142,0.0015888180266869388,0.0017035351886216534,0.02304991086324056,0,9092.5859375,overall|small
2401541,0,2,blue eyes behind glasses,897,0.017877072704081634,0.02426786971690718,0.02502946235604882,0.44368867225604447,0,15900.810546875,overall|small|part
2401541,1,1,a man's right ear,490,0.009765625,0.0041248418968359525,0.004752420935847643,0.030289755062181123,0,3123.03564453125,overall|small
2401541,2,3,reflection on man's nose,108,0.002152423469387755,0.0022999857251563526,0.002312876565177358,0.2921174897087945,0,13640.455078125,overall|small
2401541,3,5,the man is light skinned,72,0.0014349489795918368,0.0014146020760083076,0.0014814462466347716,0.030398348967234295,0,1477.3948974609375,overall|small
2401541,4,6,A crooked smile,406,0.008091517857142858,0.0033482651759492205,0.003720090308799031,0.0324133887079549,0,3537.50439453125,overall|small
2401541,5,7,a man's left ear,210,0.004185267857142857,0.001601944595648435,0.0016387505723967331,0.0665764672415597,0,8531.53515625,overall|small
2401541,6,4,the hair is coiled,2028,0.04041772959183673,0.037586278713914206,0.0547515460797142,0.10705343694141395,0,3965.2646484375,overall|part
2401542,0,7,the number 311 on a person's chest,54,0.0010762117346938774,0.0008462007881546923,0.0008613006421368457,0.04604508700194182,0,2886.837158203125,overall|small|text
2401542,1,1,group of people on the mountainside,240,0.0047831632653061226,0.0198280199385016,0.02040106062106067,0.41380109786987307,0,4867.9951171875,overall|small
2401542,2,2,a red ski,168,0.0033482142857142855,0.0018246669052979308,0.0018429585972355765,0.15529285158429826,0,14156.150390625,overall|small
2401542,3,5,Dead plants sticking out of the snow,403,0.008031728316326531,0.024617164322182694,0.027248529341257027,0.20313499583204095,0,3004.32373046875,overall|small
2401542,4,6,a group of evergreen trees in front of a mountain ,525,0.010463169642857142,0.004294244487807063,0.0049260081287068585,0.03239842006138393,0,3452.931884765625,overall|small
2401542,5,0,Patch of snow with ski prints in it,8410,0.16761001275510204,0.01495938686086241,0.06194979727954185,0.01934028108394954,0,2625.54150390625,overall
2401542,6,3,a yellow snowmobile,1380,0.027503188775510203,0.013597993169110667,0.01438070615884095,0.19989409515823142,0,19182.21875,overall
2401543,0,1,the cow's feet are tied,858,0.01709980867346939,0.006855856546834049,0.007569984167762739,0.06775057510340408,0,7679.01123046875,overall|small
2401543,1,4,the grass is green in color,572,0.011399872448979591,0.012325041180414723,0.01380898989869191,0.10289083494173064,0,4261.97412109375,overall|small
2401543,2,5,a license plate on a motorcycle,350,0.006975446428571429,0.008044106183190883,0.008379724124440975,0.16725348336356027,0,6985.75732421875,overall|small
2401543,3,0,these are two people,12489,0.24890385841836735,0.2614132183968835,0.4576060156626392,0.37877707382496595,1,10337.59765625,overall
2401543,4,2,this is the road,1768,0.035235969387755105,0.008731588049527065,0.010382803404180203,0.05204646080327789,0,8862.552734375,overall
2401543,5,3,the cow is brown in color,3069,0.06116470025510204,0.021217181133795292,0.03002111575128943,0.06746852324116925,0,6897.17529296875,overall
2401544,0,0,scissor blades over woman's left eye,39565,0.7885243941326531,0.4765439516415705,0.7778978533841805,0.5515943404050297,0,28054.87890625,overall|part
2401545,0,4,Goggles on a woman,784,0.015625,0.0007928336489901333,0.0008921155086616359,0.007073758816232486,0,6216.48974609375,overall|small|part
2401545,1,8,ticket window for people to buy ski tickets,256,0.00510204081632653,0.009366689773873792,0.011256233806283954,0.05284953862428665,0,1201.95458984375,overall|small|part
2401545,2,2,small child at ski slope,312,0.006218112244897959,0.005777320779453747,0.005907835196921066,0.20730224022498497,0,10947.884765625,overall|small
2401545,3,5,light on side of building,108,0.002152423469387755,0.001928385628300323,0.0027148909945269766,0.006612463681786148,0,263.04779052734375,overall|small
2401545,4,6,child in red jacket,780,0.015545280612244899,0.020517945859416,0.02090089682759998,0.5282660851111779,0,19714.34765625,overall|small
2401545,5,9,"woman in fuschia colored jacket, black pants and white shoes with her back to the camera",728,0.014508928571428572,0.007788672600382148,0.00822379842846077,0.1283158207987691,0,11358.974609375,overall|small
2401545,6,0,A shaped cabin with a wreath hanging in front,1368,0.0272640306122449,0.0079212845190077,0.03057429488437225,0.010578099747150266,0,473.3008728027344,overall
2401546,0,0,Red and white stop sign,266,0.005301339285714286,0.008177062495004888,0.008338684222703993,0.2967087308267005,0,9464.865234375,overall|small|text
2401546,1,5,a red and white pole,540,0.010762117346938776,0.00459265633176209,0.004953404791677064,0.05932052047164352,0,6466.88134765625,overall|small
2401546,2,6,the grass are dry,414,0.00825095663265306,0.000847198228410333,0.0009874168944817453,0.005930570588595625,0,2486.544677734375,overall|small
2401546,3,7,Orange and white post in ground,180,0.003587372448979592,0.0022860726800928224,0.002302765388240749,0.23975450727674696,0,18740.86328125,overall|small
2401546,4,1,White teddy bear laying on ground,3869,0.07710857780612244,0.049858631033068354,0.06848415042054368,0.15492372766703283,0,8752.388671875,overall
2401546,5,2,the dusty mountains and hills,3990,0.07952008928571429,8.991977916119539e-05,0.0002306302747426964,0.00014736048858566094,0,2549.39794921875,overall
2401546,6,3,rocks and gravel mixed,8820,0.17578125,0.0020771283532726175,0.012732699458381744,0.002475885144707297,0,1715.05712890625,overall
2401547,0,1,face of a bear,650,0.012954400510204082,0.013549945933297709,0.015992702199338397,0.081482907808744,0,3311.753662109375,overall|small|part
2401547,1,2,black bear eyes,200,0.003985969387755102,0.003876214741014218,0.0039008965252319188,0.3798935699462891,0,19477.244140625,overall|small|part
2401547,2,3,tree leaves and brown stem,742,0.014787946428571428,0.0034259664496938866,0.0047791187126604235,0.011955310070932394,0,1856.16650390625,overall|small|part
2401547,3,8,The eyes of the bear in the middle.,147,0.0029296875,0.0028198694455325137,0.0028532472306292507,0.19423204538773517,0,10006.8828125,overall|small|part
2401547,4,0,this is the ear,165,0.003288424744897959,0.001706116205375571,0.0018464798953131865,0.021951233256946912,0,1961.5450439453125,overall|small
2401547,5,5,The nose of the bear in the middle.,55,0.001096141581632653,0.0005895218422703611,0.0005935242697570571,0.08039282018488103,0,7449.74609375,overall|small
2401547,6,7,The nose of the bear on the left side.,180,0.003587372448979592,0.0038886456557642203,0.003987648332215275,0.13541748258802627,0,6112.662109375,overall|small
2401548,0,2,hand of person operating vehicle,798,0.015904017857142856,0.004228486067177618,0.005126026649371202,0.02358024042650572,0,3670.880615234375,overall|small|part
2401548,1,5,handle of door,336,0.006696428571428571,0.005061060409719552,0.005209988986507525,0.15041970071338473,0,9700.7919921875,overall|small|part
2401548,2,0,light on red vehicle,520,0.010363520408163265,0.012467381738766038,0.012811313032896426,0.3171289590688852,0,12871.9873046875,overall|small
2401548,3,3,light on top of vehicle,504,0.010044642857142858,0.003918214453336827,0.004175417289159251,0.05980406488691058,0,7218.7392578125,overall|small
2401548,4,8,orange reflector on side of tractor,252,0.005022321428571429,0.006730865546057091,0.006810384984086204,0.36566743396577384,0,13530.541015625,overall|small
2401548,5,1,A lot of sheep.,19240,0.38345025510204084,0.05078474208560752,0.3672179738020617,0.05565519273405015,0,2915.995361328125,overall
2401548,6,4,grey skies are overehead,3655,0.07284359056122448,0.0008891349164488373,0.01304609992418148,0.0009532548171224738,0,267.064208984375,overall
2401549,0,4,Rubber bands on the man's arm. ,360,0.007174744897959184,0.012169612551227997,0.012676653074996772,0.23327916463216145,0,6624.81640625,overall|small|part
2401549,1,8,part of some leaves,56,0.0011160714285714285,0.001538829329259466,0.0015396153606173552,0.750880377633231,0,27311.5625,overall|small|part
2401549,2,0,part of a pocket,204,0.004065688775510204,0.006438448293986302,0.0068598871699404864,0.09485925412645527,0,2820.933837890625,overall|small
2401549,3,1,Crack in the wall. ,700,0.013950892857142858,0.004116756674380915,0.006534974994015923,0.011002686364310128,0,1178.5631103515625,overall|small
2401549,4,5,part of a belt,231,0.004603794642857143,0.0005994273904605313,0.0006127628184071748,0.026805365756476598,0,10105.1162109375,overall|small
2401549,5,6,part of a wall,360,0.007174744897959184,0.00453449225440179,0.0102703671897431,0.008053841193517049,0,282.3056640625,overall|small
2401549,6,9,part of a surface,225,0.00448421556122449,0.0017292210140014321,0.0019358772299763588,0.01594047334459093,0,1852.7034912109375,overall|small
2401550,0,2,yellow sign with red lettering,240,0.0047831632653061226,0.001244551180442916,0.0013223239555761838,0.02072187662124634,0,3760.992431640625,overall|small|text
2401550,1,3,motorcyclist wearing white helmet,168,0.0033482142857142855,0.007760476763825307,0.00784377206288412,0.42222931271507624,0,9043.419921875,overall|small|part
2401550,2,4,teal car parked on a sidewalk,680,0.013552295918367346,0.0007498374586660003,0.0007794170216911978,0.019375284980325137,0,16903.908203125,overall|small
2401550,3,6,A brick sidewalk,986,0.019650829081632654,1.3847192859246912e-05,2.2527403314101432e-05,3.593577483846498e-05,0,1572.869873046875,overall|small
2401550,4,7,bridge with advertisement,612,0.012197066326530613,0.006109127293454415,0.006473891082233554,0.09781967113220613,0,9247.2421875,overall|small
2401550,5,8,small white line on street,777,0.015485491071428572,0.0034066662796015308,0.004135884860178979,0.01895523316765077,0,3561.079833984375,overall|small
2401550,6,9,an air conditioner unit,615,0.01225685586734694,0.00031462930954389575,0.00034631159998896923,0.0034273511995144977,0,6086.48681640625,overall|small
2401551,0,2,the sky is clear,650,0.012954400510204082,5.2208091715446624e-05,6.3268548969797e-05,0.00029855402616354136,0,3067.24462890625,overall|small
2401551,1,5,the water is blue,396,0.007892219387755101,0.004816138038482038,0.005317573678842248,0.048591922027896146,0,3618.64306640625,overall|small
2401551,2,7,the back pair of wheels on a skateboard,56,0.0011160714285714285,0.001250991253120941,0.0012536409082442247,0.37181431906563894,0,16608.904296875,overall|small
2401551,3,8,horizon on blue water,615,0.01225685586734694,0.001765601728429872,0.0023474392565686676,0.007072984493844877,0,1853.0343017578125,overall|small
2401551,4,0,the dark grey ground,3874,0.07720822704081633,0.04635105363927041,0.08548917090126694,0.09193631528146376,0,4166.15673828125,overall
2401551,5,1,airborne skateboarder over board,3068,0.06114477040816327,0.0744180714566615,0.0845301114949005,0.3835102265319426,0,13919.4111328125,overall
2401551,6,3,a concrete railing down a flight of stairs,2948,0.0587531887755102,0.022588819795598795,0.03146972102667125,0.07411189189274243,0,6942.60546875,overall
2401552,0,1,power outlet near eating table,264,0.0052614795918367345,0.00033154860781760097,0.00034241351343001765,0.010340886585640184,0,7972.798828125,overall|small
2401552,1,2,glass container on table,768,0.015306122448979591,0.0015891093472772233,0.0018958807035606325,0.009725358958045641,0,3939.6337890625,overall|small
2401552,2,3,Napkin on the table,850,0.016940369897959183,0.01412184481768066,0.015311090506156007,0.15384275548598345,0,8540.62890625,overall|small
2401552,3,6,empty glass on table,294,0.005859375,0.0029200890761417655,0.0031387738978735343,0.040225966447064665,0,3767.8515625,overall|small
2401552,4,7,meat on top of pizza,414,0.00825095663265306,0.013414825670895804,0.014730394366000437,0.13059015320119075,0,3670.25634765625,overall|small
2401552,5,0,white stripes on shirt,2964,0.059072066326530615,0.08189959863264308,0.08635448566599664,0.6135354395980938,0,21058.767578125,overall|text
2401552,6,4,yellow wall paper with pink pattern,3212,0.06401466836734694,0.006023343246825712,0.021672582864773363,0.008272700707612567,0,1226.061279296875,overall
2401553,0,1,the tree is brown,936,0.01865433673469388,0.001896778224070542,0.002469675478200306,0.008110414203415569,0,3073.823974609375,overall|small
2401553,1,0,There is a baby elephant,17940,0.3575414540816326,0.1523311130247554,0.45287999113664007,0.18668709609287903,0,7395.2626953125,overall
2401553,2,2,a wooden fence,2430,0.04842952806122449,0.15063880851082037,0.1716394164366907,0.551806942033179,1,7812.2548828125,overall
2401553,3,3,green grass and brown dirt,3550,0.07075095663265306,0.010569178304786441,0.01375747350077492,0.04361675423635564,0,11254.935546875,overall
2401554,0,7,edge of a window,30,0.0005978954081632653,4.6506534317776935e-06,4.689946819930361e-06,0.0005547807862361273,0,3548.74462890625,overall|small|part
2401554,1,0,neck of a flower vase,130,0.002590880102040816,0.0007346949851862542,0.0007425938951304216,0.06460781097412109,0,11310.375,overall|small
2401554,2,1,part of a building,36,0.0007174744897959184,0.001665577280170034,0.001677367388951318,0.19156646728515625,0,4111.4384765625,overall|small
2401554,3,2,cement court ,736,0.014668367346938776,0.009097287082339015,0.009794039619087069,0.11337913637575896,0,8520.1865234375,overall|small
2401554,4,4,top of a building,15,0.00029894770408163266,6.108829922115374e-05,6.130675849068839e-05,0.016854417324066163,0,4123.791015625,overall|small
2401554,5,5,lights reflected on vase,352,0.00701530612244898,0.004346408435709917,0.0051077544088430245,0.028333214196291836,0,1952.5784912109375,overall|small
2401554,6,6,bottom of a vase,104,0.002072704081632653,0.0015628995308137506,0.0015702318379664075,0.25076730434711164,0,16608.884765625,overall|small
2401555,0,0,white pourcelain sink,22272,0.44387755102040816,0.28737006113963687,0.4980718185113413,0.4045158473924659,0,18088.509765625,overall
2401555,1,1,tile on bathroom wall,13800,0.27503188775510207,0.2959420661790176,0.34844551265711193,0.6626244055706522,0,26242.888671875,overall
2401556,0,2,dirt on toilet base,150,0.0029894770408163264,1.438184318792112e-05,1.4525154543028528e-05,0.00145553320646286,0,15031.1640625,overall|small
2401556,1,3,the lid is closed,518,0.010323660714285714,0.02017568593937964,0.025598172996669208,0.08696165048017465,0,1759.740234375,overall|small
2401556,2,5,the toilet sink is broken,990,0.019730548469387755,0.008529473337433096,0.00954150610061936,0.07443092423255998,0,7722.74462890625,overall|small
2401556,3,8,this is a container,825,0.016442123724489797,0.015323499518917169,0.016462137302282704,0.18136343291311552,0,9089.0283203125,overall|small
2401556,4,0,the trees are green,17301,0.3448062818877551,0.001714065623265527,0.01696715009985168,0.0019030552517850304,0,1940.500244140625,overall
2401556,5,1,the grass are green in color,1044,0.020806760204081634,0.012441257539133848,0.015779041112106207,0.055547780004040946,0,3675.24755859375,overall
2401556,6,4,a lid for a toilet,1908,0.03802614795918367,0.07583211157635107,0.08276055821307932,0.47529077429941363,0,10957.572265625,overall
2401557,0,3,The man has long hair.,630,0.012555803571428572,0.01885180626945631,0.01999978055979197,0.24723307291666666,0,7787.92724609375,overall|small|part
2401557,1,5,a hand hanging down,117,0.002331792091836735,0.0009763805575517557,0.0010081270693821037,0.03007304566538232,0,3490.181396484375,overall|small|part
2401557,2,0,bare feet with no shoes,546,0.010881696428571428,0.0018450360457341265,0.005096764817785888,0.002883573373158773,0,308.9079284667969,overall|small
2401557,3,6,a foot in the water,231,0.004603794642857143,0.004796784338248104,0.005897732793852164,0.02505241327987605,0,981.2427368164062,overall|small
2401557,4,1,open ocean with waves,18063,0.35999282525510207,0.20780630034224848,0.473435107549244,0.2702737954053175,1,10311.7734375,overall
2401557,5,2,a human rear end.,1312,0.02614795918367347,0.03369063008324369,0.035490275392673624,0.3991839711259051,0,14756.982421875,overall
2401557,6,4,There is white on top of the waves.,2597,0.0517578125,0.021825687056509283,0.02578335366834783,0.12448868661556604,0,12538.986328125,overall
2401558,0,3,The bottle cap is orange,120,0.0023915816326530613,0.0012377252648777756,0.0012827099355722082,0.03408983548482259,0,3189.170166015625,overall|small
2401558,1,5,part of a sheet,192,0.003826530612244898,0.0007747667845293037,0.0008221907814347861,0.013254115978876749,0,3095.133544921875,overall|small
2401558,2,0,orange drink lable on bottle,3105,0.06188217474489796,0.014218286160258194,0.0320104269099646,0.02494254242778784,0,2419.417724609375,overall
2401558,3,1,The box is white,10692,0.21308992346938777,0.12166824932341633,0.23786767005179124,0.19939968624321924,0,8962.888671875,overall
2401558,4,2,sheets are beige and white,3496,0.06967474489795919,0.04969276418835336,0.0739408454009223,0.13159055731662078,0,6221.73828125,overall
2401558,5,4,The sheets are white,1980,0.03946109693877551,0.017173328898228837,0.02210222831528208,0.07150251600477431,0,6405.4619140625,overall
2401558,6,6,grease spot on box,1512,0.030133928571428572,0.024846060708410195,0.02608738427068589,0.3430385690517527,0,19882.189453125,overall
2401559,0,0,number 14 on back of skier,238,0.004743303571428571,0.005844994959904977,0.0058637302977389335,0.6465618229713761,0,26242.97265625,overall|small|text
2401559,1,1,white words on red flag,989,0.01971061862244898,0.0028789613682469427,0.00357789208177817,0.014523629592571509,0,4014.617919921875,overall|small|text
2401559,2,2,the left shoe of a skier.,286,0.005699936224489796,0.0003689517880359171,0.00038808506569822625,0.007427954173588253,0,5474.04443359375,overall|small|part
2401559,3,7,the right shoe of a skier.,240,0.0047831632653061226,0.0005644081316464723,0.0006135219402913161,0.00700113574663798,0,2738.732666015625,overall|small|part
2401559,4,3,red net of fence,713,0.01420998086734694,0.008840013801173437,0.010330845767294972,0.05772172518565645,0,3983.758056640625,overall|small
2401559,5,6,"red, white, and black glove",429,0.008549904336734694,0.0046623113385346774,0.004970399639800693,0.06995538564828727,0,6037.9169921875,overall|small
2401559,6,8,small holes in the snow,658,0.013113839285714286,0.021824077710414693,0.029703504014794952,0.07601736236850541,0,1683.95703125,overall|small
2401560,0,2,blue ski stick of the man climbing up the hill left hand,150,0.0029894770408163264,0.0024036977511076745,0.0024260152774523754,0.2071626408894857,0,12808.8212890625,overall|small|part
2401560,1,4,a pile of snow on a branch,324,0.0064572704081632655,0.00011589679482371421,0.00014959113119954236,0.000514276831606288,0,1113.8741455078125,overall|small|part
2401560,2,0,orange backpack,198,0.003946109693877551,0.003529048750621844,0.003555139747753599,0.3247192459877091,0,18084.91796875,overall|small
2401560,3,1,man facing the camera looking down and to his left,2380,0.04743303571428571,0.027943201194744784,0.052178366908522726,0.056747731441209294,0,2588.42138671875,overall
2401560,4,3,This person is keeping on.,7344,0.14636479591836735,0.04695800516342288,0.07470874697799514,0.11222954045713338,0,11032.359375,overall
2401561,0,6,brown edge of large door,660,0.013153698979591837,0.0031324880952123754,0.004303568802021978,0.011380478830048533,0,1745.3226318359375,overall|small|part
2401561,1,2,Shadow of man on floor.,400,0.007971938775510204,0.0003706738253489701,0.0005429341934756527,0.0011669349670410155,0,859.7247924804688,overall|small
2401561,2,4,tow tone pink paint on wall,464,0.009247448979591837,0.0076936826969275195,0.008650430328621742,0.06503819186111977,0,3488.580322265625,overall|small
2401561,3,5,ground with white snow scattered,644,0.012834821428571428,0.010545245928438649,0.019214989590718434,0.02283795427831804,0,765.4254760742188,overall|small
2401561,4,7,indent in pink paint,297,0.005919164540816327,0.002474160560209736,0.002500732562389364,0.1888694120978667,0,22431.11328125,overall|small
2401561,5,8,Plug plugged in to outlet.,630,0.012555803571428572,0.040928696528630175,0.04781206158429421,0.22136085146949405,0,2916.781494140625,overall|small
2401561,6,9,tags are hanging off the suitcase,187,0.0037268813775510204,0.0010207375980066991,0.0010303085162016291,0.09900357251498788,0,17969.052734375,overall|small
2401563,0,3,metal faucet above white sink,950,0.018933354591836735,0.03721344649621187,0.03801525518609651,0.638252531352796,0,15949.91015625,overall|small
2401563,1,4,white plastic outlet in metal wall,560,0.011160714285714286,0.0009177968393422503,0.001369822885161085,0.0027735837868281773,0,1133.874267578125,overall|small
2401563,2,6,part of a surface,943,0.018793845663265307,0.011405843742203893,0.01294760239745682,0.08741274820532045,0,6366.44677734375,overall|small
2401563,3,7,edge of a sink,493,0.009825414540816327,0.0009153247242285405,0.000949903944905478,0.024527578760112276,0,12729.8095703125,overall|small
2401563,4,1,white door jamb,4840,0.09646045918367346,0.13099850303864985,0.2365788507996215,0.22692437290160125,1,4642.48583984375,overall|part
2401563,5,0,kitchen drawers for storage,3024,0.060267857142857144,0.024798732878268236,0.041333362316941645,0.058373335177305516,0,4270.66552734375,overall
2401563,6,2,White microwave sitting on a shelf,7138,0.14225924744897958,0.009437383329727876,0.022478552897932425,0.016006472933088642,0,5082.8095703125,overall
2401564,0,2,a name tag on a woman's shirt.,377,0.007513552295918368,0.011238692302444874,0.011495340900561651,0.33483360553609914,0,10981.16796875,overall|small|text
2401564,1,6,number 1 on fence in the background,243,0.004842952806122449,0.00012423002032561873,0.00012866046498205403,0.0035946813139895845,0,6789.24609375,overall|small|text
2401564,2,3,white grip on handle,561,0.01118064413265306,0.007547004699795997,0.008779567958089993,0.05101500050481841,0,3259.77490234375,overall|small|part
2401564,3,1,a section of a tennis court.,600,0.011957908163265306,0.0002965111486721244,0.00032816049216745835,0.0030649928251902264,0,5603.9521484375,overall|small
2401564,4,4,strip on player's skirt,615,0.01225685586734694,0.0003072157995944257,0.0003301012778617946,0.004411746234428592,0,8219.3681640625,overall|small
2401564,5,5,edge of a racket,208,0.004145408163265306,0.0033786693073749466,0.003588423645548022,0.05464297074538011,0,3167.33447265625,overall|small
2401564,6,7,part of a vest,322,0.006417410714285714,0.009321956760534739,0.009480525943047574,0.35787973344696233,0,12155.15625,overall|small
2401565,0,2,black eye in rat,204,0.004065688775510204,0.0014171372386139298,0.0014724680615424532,0.03634238476846732,0,5034.9794921875,overall|small|part
2401565,1,8,he eye of a puppy,90,0.001793686224489796,0.0029002016563849276,0.002923573916582992,0.2662050459120009,0,8194.919921875,overall|small|part
2401565,2,0,nose of a mouse,156,0.0031090561224489796,0.0016862618993742726,0.0017757750458060103,0.03236947915492914,0,2843.625244140625,overall|small
2401565,3,3,he ear of a cat,714,0.014229910714285714,0.014311770249445587,0.0185882083409574,0.05856511305694153,0,2249.57080078125,overall|small
2401565,4,4,part of  a button,160,0.0031887755102040817,0.0036981058375518544,0.0037822817329196392,0.14249007701873778,0,6027.6875,overall|small
2401565,5,5,small white square line,128,0.002551020408163265,0.0016011730758189022,0.0016921800785884675,0.02891138568520546,0,2186.9169921875,overall|small
2401565,6,6,gray buttons on the remote,384,0.007653061224489796,0.005416689662255165,0.005475026305874421,0.3370320796966553,0,23638.30078125,overall|small
2401566,0,7,gold metal sign plate on fire hydrant,500,0.009964923469387755,0.0030663914122902205,0.0032140731623579825,0.06256044006347657,0,9732.267578125,overall|small|text
2401566,1,0,part of a stocking,496,0.009885204081632654,0.007394807106299079,0.008887141331148544,0.042180015194800594,0,2354.107666015625,overall|small
2401566,2,2,grey uggs on person,680,0.013552295918367346,0.019343821407687693,0.026646444951673936,0.06592985601986155,0,1682.4871826171875,overall|small
2401566,3,4,metal grate in curb of sidewalk,561,0.01118064413265306,0.027483399287395186,0.029689500414265352,0.27000318449023786,0,5101.86376953125,overall|small
2401566,4,5,part of a line,330,0.006576849489795918,0.02018631213475442,0.020808901229990896,0.402874755859375,0,6389.02880859375,overall|small
2401566,5,8,top of a tank,624,0.012436224489795918,0.006938103669301288,0.007456084945873697,0.09080211932842548,0,7599.232421875,overall|small
2401566,6,1,a woman in a black jacket,3276,0.06529017857142858,0.1470299932470594,0.15243267774305208,0.8057626577524039,0,17317.01171875,overall
2401567,0,6,leaves of a tree,432,0.00860969387755102,1.0773334931791066e-05,1.2591442311340713e-05,7.460599213286682e-05,0,2559.658203125,overall|small|part
2401567,1,7,Head of a giraffe on the back right. ,198,0.003946109693877551,0.0015335672100843375,0.0016006168118128288,0.03531659251511699,0,4368.744140625,overall|small|part
2401567,2,8,branches of a tree,180,0.003587372448979592,2.5608156896862887e-06,2.6993979234022667e-06,4.9878801736566756e-05,0,3325.9951171875,overall|small|part
2401567,3,9,Two front legs of a giraffe on the left. ,338,0.0067362882653061226,0.0008391313762047318,0.0008478994460590423,0.07505605347763152,0,29919.7578125,overall|small|part
2401567,4,1,The giraffe has two horns.,70,0.0013950892857142857,8.799340076127968e-05,8.893508397655327e-05,0.008241839919771466,0,6487.07763671875,overall|small
2401567,5,2,part of a small twig,36,0.0007174744897959184,0.0006395747132603237,0.0006550093608778365,0.02642479207780626,0,1452.334228515625,overall|small
2401567,6,4,section of a forest,592,0.011798469387755101,3.5517615973589774e-05,4.571096964719538e-05,0.00015924946480506174,0,2062.43017578125,overall|small
2401568,0,0,part of some stands,918,0.01829559948979592,0.02160293165748712,0.023955908339849064,0.18028874283003132,0,6908.73681640625,overall|small
2401568,1,3,part of a  metal,176,0.00350765306122449,0.0006216864984090397,0.0006556248716110884,0.011867278001525185,0,3185.7255859375,overall|small
2401568,2,4,part of  a mesh,540,0.010762117346938776,0.010408867716747632,0.015610316541509553,0.03029226373743128,0,1047.8853759765625,overall|small
2401568,3,5,toilet paper on roll,276,0.005500637755102041,0.0017756513684852987,0.0018113318235548845,0.0826879860698313,0,12599.5048828125,overall|small
2401568,4,6,bucket with toilet brush,600,0.011957908163265306,0.02201941667662606,0.023555402879986878,0.25243865966796875,0,6430.0830078125,overall|small
2401568,5,7,part of a surface,484,0.009646045918367346,0.0006605756110819566,0.0007724314928988172,0.004540953754393523,0,2845.328857421875,overall|small
2401568,6,8,drain in bathroom florr,342,0.006816007653061225,0.0003090039233008257,0.00031506549087566667,0.015807383241709213,0,17158.734375,overall|small
2401569,0,6,One window from the building,312,0.006218112244897959,0.0026521202550793643,0.003145913355123854,0.016615684215839092,0,1647.8818359375,overall|small|part
2401569,1,1,part of an edge,108,0.002152423469387755,0.0004784833164554453,0.0005094529808926128,0.00780961138230783,0,1655.5758056640625,overall|small
2401569,2,5,Roof of the building,110,0.002192283163265306,0.004394955224285837,0.004482585993534495,0.18355057456276633,0,4504.22216796875,overall|small
2401569,3,7,Gray awning on a building,651,0.012974330357142858,0.0015828945631852444,0.0016907793298808341,0.024206756263650875,0,9320.31640625,overall|small
2401569,4,8,part of a tree,506,0.010084502551020409,0.009511331816185742,0.010695773798851583,0.07909593092123039,0,3741.90234375,overall|small
2401569,5,9,Top of a tree,368,0.007334183673469388,0.003659604869112129,0.004116634185100084,0.03191151826278023,0,2852.6796875,overall|small
2401569,6,0,Captain Misa's Edifice sign,1176,0.0234375,0.03424492645253951,0.03458300905438746,0.777924258692735,0,26453.421875,overall|text
2401570,0,4,white light switch cover attached to wall,304,0.006058673469387755,0.0004778717178270197,0.0005474758865671094,0.003744654357433319,0,2079.315185546875,overall|small
2401570,1,6,closed window with white frame,1250,0.02491230867346939,0.02132287623615395,0.046063831190916546,0.03818399658203125,0,1036.1707763671875,overall|part
2401570,2,0,Cabinets are in the island.,7446,0.14839764030612246,0.09267760982850412,0.17056212016477754,0.16871582818165795,0,7365.39892578125,overall
2401570,3,1,Outside can be seen through the doors.,2744,0.0546875,0.015419827603424457,0.023429094624442807,0.043160013137683924,0,5054.8720703125,overall
2401570,4,2,three hanging lights over island,2044,0.040736607142857144,0.0011729245487832097,0.004718570183409475,0.001558503526064281,0,675.1157836914062,overall
2401570,5,3,empty white kitchen sink,3224,0.06425382653061225,0.005427781902001478,0.0061545511359765315,0.04394457890437199,0,23019.927734375,overall
2401570,6,5,two hanging lights over sink,2310,0.04603794642857143,0.01759133675690973,0.020935726861685374,0.09919725558458468,0,10945.197265625,overall
2401571,0,4,The writing on the bus is in kanji.,792,0.015784438775510203,0.044297060338226675,0.04518458153821929,0.6927998860677084,0,12143.4677734375,overall|small|text
2401571,1,3,a moped rider's white helmet,90,0.001793686224489796,0.0012386078280012926,0.0012462022853919597,0.1689159181382921,0,12199.0087890625,overall|small|part
2401571,2,0,pink pants on cyclist,330,0.006576849489795918,4.42210406659465e-05,4.593211890013177e-05,0.0011856604706157337,0,8518.3955078125,overall|small
2401571,3,2,street lights blinking red,975,0.01943160076530612,1.1416967665654327e-05,1.2430218688317119e-05,0.00014003985967391577,0,10984.4296875,overall|small
2401571,4,9,storm grate on side of road,275,0.0054807079081632655,9.269122380387162e-05,9.964218198992407e-05,0.0013269681280309504,0,3662.2666015625,overall|small
2401571,5,6,black sign with white characters,1519,0.0302734375,0.0038266668719080105,0.009506223881601213,0.006364165677139051,0,1016.9303588867188,overall|text
2401571,6,1,a woman crossing the street,3075,0.06128427933673469,0.16566561698170915,0.4067424505437802,0.21845044143800812,1,1651.4998779296875,overall
2401572,0,1,part of a logo,476,0.009486607142857142,0.006913083761556424,0.007069582075008837,0.23797240377474232,0,16022.8515625,overall|small|text
2401572,1,0,Person has hat on head.,910,0.018136160714285716,0.001960776006307358,0.002668595865672328,0.007338196890694755,0,2502.349365234375,overall|small|part
2401572,2,3,edge of a laptop,672,0.013392857142857142,0.019380849145844103,0.021557129109497114,0.16105756305512928,0,5020.64453125,overall|small
2401572,3,4,Man is wearing a baseball cap. ,756,0.015066964285714286,0.012891911980592698,0.013938211655924725,0.14656744053754858,0,7949.7275390625,overall|small
2401572,4,6,nose of a man,165,0.003288424744897959,0.0052307308889014865,0.0054154447439954114,0.1329640243992661,0,4051.20263671875,overall|small
2401572,5,7,Man has earbuds in ear.,665,0.013253348214285714,0.01699091517009807,0.018345598753907406,0.18705592334718632,0,6780.4921875,overall|small
2401572,6,8,part of a table,288,0.005739795918367347,0.0024721687186351985,0.0025565617716009257,0.06967282295227051,0,7848.73388671875,overall|small
2401573,0,1,a woman walking next to a road,688,0.01371173469387755,0.0033254172774481606,0.003472365043082138,0.07285450780114462,0,14435.08984375,overall|small
2401573,1,2,this is electric wires,874,0.017418686224489797,0.0378489636733702,0.04665333419769515,0.1670534670762121,0,3129.56689453125,overall|small
2401573,2,3,the bus is green in color,540,0.010762117346938776,0.020665786157030595,0.020757359057217095,0.824080968786169,0,21438.359375,overall|small
2401573,3,5,the front light is off,180,0.003587372448979592,0.012244701458132572,0.014013491547158537,0.08843160735236275,0,1135.8831787109375,overall|small
2401573,4,8,a white stripe on a road,285,0.00568000637755102,0.0020251539833331627,0.0021837351944924794,0.027130687445924992,0,3540.8349609375,overall|small
2401573,5,0,the door is closed,1376,0.0274234693877551,0.0013902566661147496,0.0018526723602536996,0.0055392211259797566,0,4114.0400390625,overall|part
2401573,6,4,these are some buildings,3819,0.07611208545918367,0.07027623822029092,0.17092560712412816,0.10662046693700494,0,2382.226806640625,overall
2401574,0,1,small branch off the tree,270,0.005381058673469388,0.009445089932792285,0.0095858702230791,0.3914037916395399,0,11024.4580078125,overall|small|part
2401574,1,3,twigs on the branch,513,0.010224011479591837,0.009920657561095567,0.0119359855101317,0.055495412726151314,0,2385.152587890625,overall|small|part
2401574,2,5,The eye of a bear,204,0.004065688775510204,0.00501533789398234,0.005106059923020961,0.22013645546109067,0,8795.0078125,overall|small|part
2401574,3,6,green leaves in horizon,338,0.0067362882653061226,0.0002454852315135875,0.0005136226859040573,0.0004700108833566925,0,309.30035400390625,overall|small|part
2401574,4,0,The nose of a bear,840,0.016741071428571428,0.02718079614204313,0.027593658919281498,0.6449653988792783,0,19633.892578125,overall|small
2401574,5,2,brown tree trunk,952,0.018973214285714284,0.02619599061348892,0.03884917214998898,0.0744423906342322,0,1824.2127685546875,overall|small
2401574,6,8,lines in bear's foot,504,0.010044642857142858,0.013544897921751682,0.014449543696535993,0.177866330222478,0,6203.9765625,overall|small
2401575,0,1,part of  a water,513,0.010224011479591837,0.007141846286156632,0.011295001923754435,0.01905303345321447,0,865.3567504882812,overall|small
2401575,1,3,part of a bird,176,0.00350765306122449,0.0001955730986890723,0.0002097752503908624,0.0028804242610931396,0,2416.65625,overall|small
2401575,2,4,part of a metal,168,0.0033482142857142855,0.009020688356156216,0.009162765531126696,0.3677918116251628,0,6743.49072265625,overall|small
2401575,3,5,sailboat with white sail in distance,12,0.00023915816326530612,0.0003266226632487163,0.00032675129115941956,0.4534664948781331,0,16653.638671875,overall|small
2401575,4,7,part of a bench,324,0.0064572704081632655,0.00511933741395455,0.0059276398060759605,0.03618394003974067,0,1977.784912109375,overall|small
2401575,5,8,part of a wood,594,0.011838329081632654,0.02246830426331873,0.02382979165274333,0.28225754246567236,0,7035.77197265625,overall|small
2401575,6,9,seagull shown closest to beach,56,0.0011160714285714285,0.0002789372393371411,0.0002799376713926055,0.07240037407193865,0,14483.298828125,overall|small
2401576,0,1,a telephone cord hanging down,220,0.004384566326530612,0.00463035085746949,0.004718598286320805,0.1984515970403498,0,9252.6103515625,overall|small
2401576,1,0,sunlight creating glare on a computer monitor,3822,0.076171875,0.022063539422952624,0.03535868790694835,0.055426070105025184,0,5991.12841796875,overall
2401576,2,2,a grey keyboard in front of a monitor,5040,0.10044642857142858,0.015721408727527066,0.02318123099263423,0.04657838912237258,0,10126.9462890625,overall
2401576,3,3,laptop computer on a desk,11716,0.23349808673469388,0.13709950634601786,0.22572041752605684,0.2588184027185046,0,13433.9482421875,overall
2401576,4,4,Power cords hanging from computers.,2494,0.049705038265306124,0.049815578931379015,0.06312877222911052,0.19108022339552425,0,7548.92041015625,overall
2401576,5,5,"Red, white, and blue wall paper on wall.",2160,0.043048469387755105,0.009206023902897289,0.029171263911910265,0.013272418799223723,0,982.7625122070312,overall
2401577,0,0,part of the sky,88,0.001753826530612245,0.0038415787751821767,0.004104913010001103,0.05649997971274636,0,1211.2310791015625,overall|small
2401577,1,1,part of a green light,320,0.006377551020408163,0.0019681223191677123,0.0020277757346591862,0.06270646452903747,0,9895.60546875,overall|small
2401577,2,3,part of a traffic,198,0.003946109693877551,0.002472675789585359,0.002504642422427528,0.1622956208508424,0,12829.98828125,overall|small
2401577,3,4,the red light is the one on top,266,0.005301339285714286,0.004982653826426062,0.005099054412778678,0.1791642841539885,0,9346.3798828125,overall|small
2401577,4,7,edge of a board,672,0.013392857142857142,0.010314635488523863,0.015130026943944129,0.031391373702457974,0,1394.24755859375,overall|small
2401577,5,8,the frame of the light is black in color ,198,0.003946109693877551,0.0005568308366769243,0.0005923487778617623,0.009201073887372258,0,3075.57421875,overall|small
2401577,6,9,the post is black in color,200,0.003985969387755102,0.0034308173523426543,0.003474131673201073,0.21579523086547853,0,12422.9736328125,overall|small
2401578,0,9,part of a door,444,0.008848852040816327,0.0030672149702738547,0.0035363021317480633,0.022600199725176837,0,2837.5654296875,overall|small|part
2401578,1,0,The windshield of an airplane,783,0.015605070153061224,0.04136493103635202,0.061887985588960165,0.11090356819474377,0,1403.1397705078125,overall|small
2401578,2,1,part of a runway,209,0.004165338010204082,3.4265369023468275e-05,3.4599411436437815e-05,0.003536583133861779,0,21362.9609375,overall|small
2401578,3,3,very tall light,516,0.010283801020408163,0.000201845988322316,0.00021040093700955322,0.004939691040867058,0,12114.3974609375,overall|small
2401578,4,5,tip of  a wing,945,0.018833705357142856,0.006100545717962123,0.008617098999779464,0.020461854480561755,0,2243.963134765625,overall|small
2401578,5,7,passenger windows on body,676,0.013472576530612245,0.03431832114934776,0.036203567899633526,0.39724036222378883,0,7417.3486328125,overall|small
2401578,6,8,tip of  a plane,336,0.006696428571428571,0.009522688681307364,0.010566171809758168,0.08794531368073963,0,2796.62548828125,overall|small
2401579,0,0,the waves are white,854,0.017020089285714284,0.02123899876187574,0.02309086980614274,0.20937854847249157,0,7743.72216796875,overall|small
2401579,1,1,part of the sky,384,0.007653061224489796,4.34683113323138e-05,5.007793973886656e-05,0.00032922982548673946,0,2524.5498046875,overall|small
2401579,2,2,part of a person,80,0.0015943877551020409,0.003165090208742805,0.003283985138442573,0.08039435744285583,0,1958.45849609375,overall|small
2401579,3,4,part of the sky,104,0.002072704081632653,0.0019452263906493494,0.002021428757372911,0.04906920744822575,0,2524.5498046875,overall|small
2401579,4,5,someone carrying a red surfboard,180,0.003587372448979592,0.0021628803295854933,0.0021892754506078905,0.1521073235405816,0,12506.109375,overall|small
2401579,5,7,blue sailboard on right side,84,0.0016741071428571428,0.0005695171831461921,0.0005719021413698906,0.12015794572376069,0,17648.591796875,overall|small
2401579,6,8,the kite is pink in color,36,0.0007174744897959184,0.0007499173371171811,0.00075447430259794,0.11044700278176202,0,5270.0166015625,overall|small
2401580,0,3,part of a wheel,406,0.008091517857142858,0.0012135247344437826,0.0013684062659455867,0.010607974282626447,0,3147.33837890625,overall|small|part
2401580,1,9,steering wheel of fire truck,272,0.005420918367346939,0.013985653490202204,0.014105978968087471,0.6211495679967544,1,11977.380859375,overall|small|part
2401580,2,2,numbers on white stripe on side of fire truck,117,0.002331792091836735,0.0012080282086869738,0.0012172318148834823,0.13775928203876203,0,13241.3857421875,overall|small
2401580,3,6,part of a yellow line,320,0.006377551020408163,0.007243316530790749,0.007719405094784738,0.10510115623474121,0,4356.8603515625,overall|small
2401580,4,7,part of  a lamp,300,0.005978954081632653,0.009080734977178827,0.010000373114646174,0.08987167994181315,0,2696.0498046875,overall|small
2401580,5,8,woman wearing red scarf,170,0.0033880739795918366,0.0024909158386137234,0.0025211762735358233,0.1718652613022748,0,11588.67578125,overall|small
2401580,6,1,An American flag,5325,0.1061264349489796,0.014387856607923822,0.03802256438810991,0.022622958617590963,0,3168.3095703125,overall|text
2401581,0,6,number 12 on clock,48,0.0009566326530612245,0.0022953959702033053,0.0026386769915744106,0.017337969193855923,0,315.39385986328125,overall|small|text
2401581,1,7,the number 9 on a clock.,32,0.0006377551020408163,0.001421492844466206,0.0014303096187870212,0.1873902678489685,0,4192.44091796875,overall|small|text
2401581,2,9,number 2 on clock,35,0.0006975446428571429,0.001584389946572088,0.0017250504001432591,0.019060490812574115,0,386.7232971191406,overall|small|text
2401581,3,5,Black rectangle on the door. ,170,0.0033880739795918366,0.004299890449870254,0.004344434248191175,0.29546495325425093,0,11561.69921875,overall|small|part
2401581,4,0,Hands of the clock are black. ,323,0.00643734056122449,0.00501749114773006,0.005062165231041014,0.3624677864759699,0,23127.869140625,overall|small
2401581,5,4,a light embedded in a  ceiling.,390,0.007772640306122449,0.00024325895559595257,0.00027125688786266684,0.002351263547554994,0,3380.53271484375,overall|small
2401581,6,3,a window on the side of a hallway.,1456,0.029017857142857144,0.0036755536690532098,0.004401485496375947,0.021799870899745395,0,7211.3408203125,overall|part
2401582,0,1,red clay heart,744,0.01482780612244898,0.014108606611255079,0.020882162254356997,0.041682366401918476,0,1485.0799560546875,overall|small
2401582,1,2,small black bow-tie,392,0.0078125,0.0012911391954304285,0.0014844937311596104,0.009815517128730307,0,2591.915771484375,overall|small
2401582,2,4,small black tophat,792,0.015784438775510203,0.00018514758635653468,0.00024167153774797467,0.0007909834384918213,0,2592.19140625,overall|small
2401582,3,5,The face of a groom bear,1334,0.02658641581632653,0.0006546917524968551,0.0010892397173671998,0.0016383643986760588,0,2006.51708984375,overall|part
2401582,4,0,the bear has two flowers,5103,0.10170200892857142,0.1197179360843731,0.13480038507644138,0.5169051714371448,0,19567.94921875,overall
2401582,5,3,stone engraved with words HAPPY 2012,6099,0.12155213647959184,0.024211885487489083,0.038718088043225594,0.06070057871615736,0,9561.75390625,overall
2401583,0,9,ear on cows head,209,0.004165338010204082,0.0111260144856618,0.011223165501574978,0.5624224649091657,0,10473.5419921875,overall|small|part
2401583,1,0,two cows grazing on grass,357,0.007114955357142857,0.0014054417479579396,0.0014373081698922335,0.059612364996047246,0,14806.5771484375,overall|small
2401583,2,1,hills on top of mountain,527,0.010503029336734694,0.0006537814994061773,0.0009977829193489568,0.0018927169931907582,0,999.67822265625,overall|small
2401583,3,2,rocky terrain on mountain,374,0.007453762755102041,0.010792263904506688,0.012394326765506055,0.07706006707992145,0,2325.294921875,overall|small
2401583,4,3,animal sitting in back ground,220,0.004384566326530612,0.012129087659215835,0.012533779098907379,0.2730721733786843,0,4793.11767578125,overall|small
2401583,5,4,a road going up a green hillside.,2214,0.04412468112244898,0.07776440696526966,0.08714917185113397,0.41932674087483063,0,10652.876953125,overall
2401583,6,5,tall green grass of pasture,1036,0.020647321428571428,0.00013853830141726285,0.00016194895818975337,0.0009574550689417422,0,6124.9140625,overall
2401584,0,0,a weathervane on a clock tower,345,0.006875797193877551,0.0018442482916769044,0.0018777185566107417,0.09376320216966712,0,17227.451171875,overall|small
2401584,1,2,spotty blue areas between clouds,780,0.015545280612244899,0.004930485170050203,0.011245359826340203,0.008703657296987681,0,603.7025756835938,overall|small
2401584,2,6,a building between two clock towers,175,0.0034877232142857145,5.8204980948364754e-05,5.930481163722528e-05,0.0031286958285740444,0,9232.3330078125,overall|small
2401584,3,7,black hands on clock,81,0.0016143176020408164,0.004908280676393196,0.005169016378641956,0.08867665279058763,0,1389.589111328125,overall|small
2401584,4,8,a multi storied building behind the clock towers,616,0.012276785714285714,0.0011799243706473576,0.0012147407448803997,0.03953972420135102,0,20050.755859375,overall|small
2401584,5,9,clock face reading 10:55,1008,0.020089285714285716,0.01332059664245197,0.021391476552092753,0.03410161866082086,0,1606.921875,overall|part
2401584,6,1,angry black clouds in sky,3538,0.07051179846938775,0.0004701158662717456,0.025949674784631897,0.0004785607061930603,0,65.24736022949219,overall
2401585,0,0,part of the ocean water,420,0.008370535714285714,0.011739871087013213,0.012416580416331032,0.1772314707438151,0,5994.9853515625,overall|small
2401585,1,1,section of a water wave,705,0.014050542091836735,0.012947994988973886,0.015513195168671915,0.07261751864818816,0,3300.116455078125,overall|small
2401585,2,4,ripples of water on a wave,273,0.005440848214285714,0.0034698492110872997,0.003766221956608548,0.042231713459168596,0,3061.226318359375,overall|small
2401585,3,5,section of a surf board,32,0.0006377551020408163,0.0006363788546366149,0.0006371879389132884,0.33385521173477173,0,16766.4296875,overall|small
2401585,4,7,upper part of a wave,55,0.001096141581632653,0.0014379919440869846,0.0014447641182595637,0.234759521484375,0,8936.9423828125,overall|small
2401585,5,8,the foot of a man,70,0.0013950892857142857,0.0017464467896850483,0.001775369423033436,0.0968231201171875,0,3817.58203125,overall|small
2401585,6,9,lower part of a wave,180,0.003587372448979592,0.005262099243133245,0.005348092510154879,0.2465683619181315,0,8298.716796875,overall|small
