sample_id,slot_idx,source_idx,phrase,gt_area,area_frac,soft_iou,mass_in_gt,gt_coverage,peak_in_gt,pred_sum,slices
2401156,0,0,The person is wearing goggles.,180,0.003587372448979592,0.006789670255572945,0.007884901973923357,0.046602884928385414,0,1063.87109375,overall|small|part
2401156,1,3,The person is wearing a shoe.,792,0.015784438775510203,0.021879625785351315,0.023817768843162508,0.21190211748836016,0,7046.27197265625,overall|small|part
2401156,2,7,a camera on a helmet,130,0.002590880102040816,0.0014682351745550508,0.0015642292017144668,0.02336596158834604,0,1941.89892578125,overall|small|part
2401156,3,1,The flag has the word forum on it.,4590,0.0914779974489796,0.012672078041786055,0.025511509763893072,0.024560573469839326,0,4418.90869140625,overall|text
2401156,4,5,the hoodie has yellow letters,1120,0.022321428571428572,0.0077915430062025105,0.008585401230274924,0.07771523339407785,0,10138.263671875,overall|text
2401156,5,6,a black metal rail,2556,0.0509406887755102,0.006452262883751753,0.0071908148561891354,0.05910833415477675,0,21010.26171875,overall|part
2401156,6,2,the sky is gray,2610,0.05201690051020408,0.0003201822980132442,0.0005034231147225342,0.0008788735473749738,0,4556.52490234375,overall
2401157,0,2,Sign in the window.,986,0.019650829081632654,0.00015042571156639086,0.001146137944054788,0.00017312107112780063,0,148.9326629638672,overall|small|text|part
2401157,1,3,England's flag shirt on man.,198,0.003946109693877551,0.0005580650822965888,0.0006118350711216828,0.006310012003388068,0,2042.0247802734375,overall|small|text
2401157,2,4,There is an X on the building,180,0.003587372448979592,0.0003296866671690529,0.0003765622117008447,0.002641454339027405,0,1262.6380615234375,overall|small
2401157,3,1,Advertising on the building.,1826,0.03639190051020408,0.019142033302269466,0.02955185575731511,0.05154046249807469,0,3184.669189453125,overall|text
2401157,4,0,Motorcycles lined up,15914,0.31716358418367346,0.23806972749242777,0.28437612440872484,0.5938311245208622,0,33231.44140625,overall
2401157,5,5,Brookes Bros store front,1540,0.030691964285714284,0.018078969204391532,0.02266353447240649,0.08204021701565037,0,5574.67919921875,overall
2401158,0,0,Power pole on the street,697,0.013891103316326531,0.01251803722467909,0.012860318325722578,0.31988175117131457,0,17336.86328125,overall|small
2401158,1,1,Yellow garbage can on the street,15,0.00029894770408163266,9.949609013922234e-05,9.96483856404626e-05,0.06112210750579834,0,9200.6669921875,overall|small
2401158,2,7,license plate on the bus,85,0.0016940369897959183,0.00873807360571492,0.008803948690228545,0.5387048609116498,0,5201.0654296875,overall|small
2401158,3,8,Red words on the bus,420,0.008370535714285714,0.006263905859762419,0.006686084819023495,0.09024912516276042,0,5669.18212890625,overall|small
2401158,4,6,The trees have a few leaves.,5440,0.10841836734693877,0.0009644793010995641,0.004688654875156369,0.0012127855244804832,0,1407.13134765625,overall|part
2401158,5,2,The tree is bare.,11832,0.23580994897959184,0.07379742702678348,0.28161063277255766,0.09091235013166096,0,3819.72412109375,overall
2401158,6,3,Traffic on the streets.,3808,0.07589285714285714,0.04486154205672884,0.06461554944645473,0.12796467692912125,0,7541.36572265625,overall
2401159,0,0,books sitting on a coffee table,899,0.017916932397959183,0.023747958736202838,0.02592187788091199,0.22068087330649505,0,7653.4619140625,overall|small
2401159,1,2,a vent in the floor,475,0.009466677295918368,0.0145630029231507,0.016377610071164655,0.1161684859426398,0,3369.23583984375,overall|small
2401159,2,5,corner of a mounted painting,986,0.019650829081632654,0.025632071319733617,0.03723298147475693,0.07601258624156156,0,2012.95751953125,overall|small
2401159,3,6,TV on the wall,704,0.01403061224489796,0.03404468272832851,0.03938444059368008,0.2007054849104448,0,3587.62646484375,overall|small
2401159,4,8,White pillow on the couch,405,0.008071588010204082,0.013781375327376753,0.01384533570315263,0.7489467291184414,0,21907.986328125,overall|small
2401159,5,3,A door you can see through,7203,0.1435546875,0.23793502693681076,0.3307369712597733,0.45886771082795363,0,9993.5126953125,overall|part
2401159,6,7,trees outside the window,3584,0.07142857142857142,0.06131604657064914,0.1831721852096606,0.08439103194645473,0,1651.2193603515625,overall|part
2401160,0,0,black laptop with stickers,16472,0.3282844387755102,0.3176598558089175,0.5798158900635081,0.4126543042264904,0,11723.103515625,overall
2401160,1,1,a laptop screen across from the young man,4092,0.08155293367346939,0.1448696457858773,0.1963779527714628,0.35580402571900965,0,7414.02001953125,overall
2401160,2,2,a picture is hanging on the wall,1026,0.020448022959183673,0.013543683832218116,0.020472749714492634,0.03847672460604365,0,1928.2763671875,overall
2401160,3,3,Bottle on the table.,2904,0.05787627551020408,0.042600756619980765,0.047342501474349624,0.29841016869242853,0,18304.548828125,overall
2401161,0,2,The head of the teddy bear.,1260,0.025111607142857144,0.039887618521979855,0.04915679708196404,0.1746002197265625,0,4475.39892578125,overall|part
2401161,1,0,Windows on the building.,8428,0.16796875,0.016588057144571733,0.03336387037265124,0.03193684828241798,0,8067.52197265625,overall
2401161,2,1,feet of the teddy bear,1240,0.024713010204081634,0.009904464426677084,0.011566178387189058,0.0644928716844128,0,6914.22509765625,overall
2401161,3,3,white wispy clouds,1760,0.035076530612244895,0.001243622885007577,0.012751813541538627,0.001376117630438371,0,189.93118286132812,overall
2401161,4,4,building made of grey concrete,6604,0.13161670918367346,0.1156849391188324,0.17807442835285403,0.24822900080088772,0,9205.7255859375,overall
2401161,5,5,building holding the bear,1110,0.022122130102040817,0.018795092151030268,0.019783001823712384,0.2734531986820805,0,15343.1240234375,overall
2401163,0,5,yellow umbrella in garden,288,0.005739795918367347,0.00873229898676481,0.00891658648788191,0.2970145278506809,0,9593.3779296875,overall|small
2401163,1,0,Flower pedals on the path,2090,0.04165338010204082,0.0004730053557530129,0.0005670917658913245,0.0028428641232577235,0,10477.2919921875,overall
2401163,2,1,blue umbrella in garden,1960,0.0390625,0.012743074606847798,0.014984440846209503,0.07850460130341198,0,10268.5859375,overall
2401163,3,2,The tree has pink flowers,4850,0.09665975765306123,0.005386832177457754,0.008746809052260942,0.013829259184217945,0,7668.1572265625,overall
2401163,4,3,The flowers are pink,1591,0.03170838647959184,0.06347526303007295,0.09072501876848121,0.1744637192606851,1,3059.484375,overall
2401163,5,4,The woman is wearing a skirt,1749,0.034857302295918366,0.003094362269178379,0.004858647494159425,0.008449530451552672,0,3041.63427734375,overall
2401164,0,1,car with back to camera,729,0.014528858418367346,0.006102185438689067,0.006251205028862143,0.2038088825995049,0,23767.685546875,overall|small
2401164,1,0,The trees are green.,33726,0.6721540178571429,0.26039911024402895,0.8819316206860193,0.26980473730393467,1,10317.619140625,overall
2401165,0,6,The nose and nostril of the baby.,560,0.011160714285714286,0.015365689864406055,0.01692205070228994,0.1431523186819894,0,4737.32763671875,overall|small
2401165,1,8,dark eyelashes on a baby,252,0.005022321428571429,0.0034403149329977844,0.0036118120383302494,0.06755968124147445,0,4713.71142578125,overall|small
2401165,2,9,edge of white wall,621,0.012376434948979591,0.0011874202481739783,0.001252926301797662,0.022207278560325144,0,11006.80859375,overall|small
2401165,3,3,blue shirt on kid,3230,0.0643734056122449,0.07944691637184445,0.08942753608346964,0.41583796167521286,0,15019.4970703125,overall|text
2401165,4,0,brown hair on kid's head,4200,0.08370535714285714,0.029717945363053642,0.04662566523264223,0.07574445452008928,0,6822.99560546875,overall|part
2401165,5,1,The open mouth of the baby.,1125,0.022421077806122448,0.027908942277354527,0.03284648371344609,0.15658885362413194,0,5363.2060546875,overall
2401165,6,2,eyebrow of the kid,1586,0.03160873724489796,0.015244339350777247,0.024494023699052823,0.03880204949974262,0,2512.45166015625,overall
2401166,0,3,a white arm cast,986,0.019650829081632654,0.01522602689446076,0.017067902799518406,0.12364746929424046,0,7143.02197265625,overall|small|part
2401166,1,1,a pair of blue and white socks,858,0.01709980867346939,0.00034752232908158486,0.00039214137299088285,0.0030449537130502555,0,6662.3173828125,overall|small
2401166,2,4,wrist tag on the man,270,0.005381058673469388,0.004684945097687795,0.004736538164017633,0.30075050636574074,0,17143.87890625,overall|small
2401166,3,0,head of a man in wheelchair,2450,0.048828125,0.003281422575022069,0.0055578078092856815,0.007947936544612962,0,3503.61962890625,overall|part
2401166,4,5,Left wheel on man's wheelchair.,3560,0.07095025510204081,0.004243017800478551,0.005279731656455076,0.021151600526959708,0,14262.03125,overall|part
2401166,5,6,a metal gated window,4154,0.08278858418367346,0.011140015122800703,0.04881269401717639,0.014228796924486376,0,1210.8822021484375,overall|part
2401166,6,8,Window with metal covering.,1170,0.023317920918367346,0.00028519673567401106,0.0016181269770943634,0.000346098241643009,0,250.24917602539062,overall|part
2401167,0,2,branches of a small tree,195,0.0038863201530612247,0.00037681187791647005,0.0004168795766528074,0.003905183841020633,0,1826.692626953125,overall|small|part
2401167,1,3,edge of a river bank,297,0.005919164540816327,0.003936622155483001,0.00451106889683753,0.029986863184456872,0,1974.2767333984375,overall|small
2401167,2,4,water rippling around the back of the elephant ,390,0.007772640306122449,0.009650274868145842,0.010003141934055985,0.2148042727739383,0,8374.7353515625,overall|small
2401167,3,5,photographers name and copy right ,918,0.01829559948979592,0.0272889865559189,0.02968110231453523,0.25295009903918164,0,7823.435546875,overall|small
2401167,4,7,section of water plantation,253,0.005042251275510204,0.003238813802451777,0.0034870262292501317,0.043520448707309166,0,3157.611328125,overall|small
2401167,5,0,elephants splashing water,11800,0.23517219387755103,0.181752261728004,0.3429734744106211,0.2788375595868644,1,9593.404296875,overall
2401167,6,1,river has brown water,10309,0.20545679209183673,0.1184785042697983,0.16859466543047594,0.2849844113759821,0,17425.84375,overall
2401168,0,2,blue corner of a napkin,992,0.019770408163265307,0.005217250353724519,0.00714791078996433,0.01894986437213036,0,2629.896484375,overall|small
2401168,1,3,melted mozzarella cheese on pizza,798,0.015904017857142856,0.021345062627296754,0.022360728787909914,0.31969511180294485,0,11409.140625,overall|small
2401168,2,6,cheese on a pizza,238,0.004743303571428571,0.005043239659851353,0.005102867402359671,0.30147799323586855,0,14061.0673828125,overall|small
2401168,3,0,The bottle on the table,4400,0.08769132653061225,0.0689559580495645,0.12647508796586837,0.13166011463512073,0,4580.38427734375,overall
2401168,4,1,round basic white plate,1404,0.027981505102040817,0.02087407509879099,0.09975721023835508,0.025718857420136108,0,361.9715881347656,overall
2401168,5,4,tomatoes on a pizza,4131,0.08233019770408163,0.05405484147829937,0.06404188706438184,0.2574035600206518,0,16603.728515625,overall
2401168,6,5,metallic finish picture frame,2320,0.04623724489795918,0.00023893517787160594,0.001284905532894745,0.00029342996663060683,0,529.8113403320312,overall
2401169,0,1,The man's blue tie,330,0.006576849489795918,0.019354203233699113,0.019401640857603295,0.887838652639678,1,15101.1328125,overall|small
2401169,1,4,three grapes on top of round red cheese,221,0.004404496173469388,0.009688029812743212,0.009721400055967099,0.7383781881893382,0,16785.810546875,overall|small
2401169,2,5,A green apple.,800,0.01594387755102041,0.0029938492173120627,0.006047982419068581,0.005893663167953491,0,779.5873413085938,overall|small
2401169,3,0,the light is turned on,5124,0.10212053571428571,0.024514081321921864,0.051124341794219,0.04497873811029439,0,4508.04931640625,overall
2401169,4,2,a small picture on a wall,1440,0.028698979591836735,0.002481967506625846,0.018950311086078534,0.0028478946950700546,0,216.40638732910156,overall
2401169,5,3,The table the cake is on,6496,0.12946428571428573,0.0037270349695955134,0.006029166133184822,0.00966656325485906,0,10415.0380859375,overall
2401170,0,2,The leaves are green.,240,0.0047831632653061226,0.0004304268231486739,0.0006029400393657323,0.0015020978947480519,0,597.9093627929688,overall|small|part
2401170,1,5,Wall is made of brick.,432,0.00860969387755102,5.997365883593543e-05,7.911929616782089e-05,0.0002477795782464522,0,1352.903564453125,overall|small
2401170,2,6,white and blue sneakers,276,0.005500637755102041,0.00015292191141892244,0.00016578854538637904,0.001966547274935073,0,3273.851318359375,overall|small
2401170,3,7,The pants are black.,108,0.002152423469387755,8.017309302023604e-05,8.240463846816093e-05,0.002951825658480326,0,3868.679931640625,overall|small
2401170,4,8,White line on the road.,225,0.00448421556122449,1.8153898177727784e-05,1.8448493813816644e-05,0.0011355625258551703,0,13849.4541015625,overall|small
2401170,5,4,large blue and red sign,3591,0.07156808035714286,0.01244889764355432,0.015036649657121665,0.06745716882130456,0,16109.884765625,overall|text
2401170,6,1,black umbrella over person's head,1518,0.030253507653061226,0.0864117054113961,0.0903932801634236,0.6623670253829052,1,11123.3173828125,overall|part
2401171,0,8,red flag with yellow design,385,0.007672991071428571,0.0025148348801887015,0.0026712395298150214,0.04118212662733994,0,5935.4912109375,overall|small|text
2401171,1,7,Handle on a car door,96,0.001913265306122449,0.00027993884159242496,0.0002827952271526169,0.02696780612071355,0,9154.7138671875,overall|small|part
2401171,2,0,Black and white pole by the road,264,0.0052614795918367345,0.00313215645321011,0.0031998591696166204,0.12894740249171402,0,10638.62890625,overall|small
2401171,3,2,a policeman,144,0.0028698979591836736,0.0047686631788275945,0.005038128166108278,0.08186011844211155,0,2339.7294921875,overall|small
2401171,4,6,Light on a car,450,0.00896843112244898,0.005531520843214829,0.005867555042121436,0.08807957119411892,0,6755.08056640625,overall|small
2401171,5,1,the bus is red and white.,3025,0.06028778698979592,0.06156471902412407,0.07011709895549133,0.3354339448282541,0,14471.330078125,overall
2401171,6,3,street light on top of metal pole,1272,0.025350765306122448,0.022997916854365755,0.05493823791769642,0.038051836145748884,0,881.0245361328125,overall
2401172,0,3,flowers planted in boxes attached to railing,720,0.014349489795918368,0.0054708153755363585,0.005721085849445681,0.11115908092922634,0,13989.396484375,overall|small
2401172,1,6,path in garden,864,0.01721938775510204,0.003943933319706491,0.0044991121373842,0.03097134828567505,0,5947.67236328125,overall|small
2401172,2,0,tall white building in background,9100,0.18136160714285715,0.05426824744023375,0.16305014057327472,0.07522247649811126,0,4198.24560546875,overall
2401172,3,1,white post with lamp,2834,0.0564811862244898,0.0012694467379939886,0.00198901277401548,0.0034967141834547086,0,4982.21435546875,overall
2401172,4,2,white chairs on patio,3481,0.06937579719387756,0.04139300745131499,0.05965300265291193,0.11911775215848086,0,6951.0146484375,overall
2401172,5,4,A green tree in the distance.,3675,0.0732421875,2.893127353806195e-05,8.843888089641954e-05,4.2995165805427396e-05,0,1786.6263427734375,overall
2401172,6,5,A little black fence.,2040,0.04065688775510204,0.002381650511811473,0.002769392394787442,0.016726086186427697,0,12320.8310546875,overall
2401173,0,6,The eyes of the dog.,98,0.001953125,0.0009167075517112874,0.000986365290304509,0.012814392848890655,0,1273.1697998046875,overall|small|part
2401173,1,1,a chair facing away from the poo,266,0.005301339285714286,0.009497907782176546,0.0099879523668326,0.16218695963235727,0,4319.376953125,overall|small
2401173,2,2,a lounge at a pool,714,0.014229910714285714,0.012072043751451225,0.012848387957066115,0.1665212486972328,0,9253.78125,overall|small
2401173,3,3,Swimming pool drain,48,0.0009566326530612245,0.00045357615711732395,0.0004546901825755497,0.15620885292689005,0,16490.404296875,overall|small
2401173,4,4,a hill in the distance,392,0.0078125,0.0017018543912857421,0.0018922515833290996,0.016632464467262735,0,3445.591552734375,overall|small
2401173,5,8,top side of pool with blue designs,588,0.01171875,0.00980760249169389,0.01033809002401458,0.16046080297353316,0,9126.5361328125,overall|small
2401173,6,0,a man holding a dog,7590,0.15126753826530612,0.24666550841856744,0.4374844956456917,0.36123542232789857,1,6267.140625,overall
2401174,0,5,red shirt on young boy.,182,0.003627232142857143,0.010521886413986882,0.010640245180790178,0.48609874012706045,0,8314.6552734375,overall|small|text
2401174,1,3,backpack strap on boy's shoulder.,153,0.003049266581632653,0.0065164316442257965,0.0067504045012550485,0.1582541621588414,0,3586.87939453125,overall|small
2401174,2,4,A white clouded sky,476,0.009486607142857142,3.433205358913556e-05,0.0004089034959367837,3.7477418248142514e-05,0,43.627044677734375,overall|small
2401174,3,6,red heart shaped pillow.,377,0.007513552295918368,0.006175885969455076,0.007085876172431412,0.04588359863119353,0,2441.210693359375,overall|small
2401174,4,7,pole supporting the traffic light.,256,0.00510204081632653,0.003347307042063752,0.0033874922146536614,0.22007110714912415,0,16631.2421875,overall|small
2401174,5,8,giant stuffed animal.,651,0.012974330357142858,0.014848726075560939,0.016491449130281936,0.12972928704937117,0,5121.06396484375,overall|small
2401174,6,0,back of traffic sign,2288,0.045599489795918366,0.07929932248217254,0.08544862231809758,0.5242438149618935,0,14037.322265625,overall|text
2401175,0,2,part of a leg,420,0.008370535714285714,0.00525482671675953,0.005885364707640179,0.04675469171433222,0,3336.57666015625,overall|small|part
2401175,1,3,part of a doll,15,0.00029894770408163266,0.0003003016458483593,0.0003007961451736369,0.15445470809936523,0,7702.294921875,overall|small
2401175,2,4,part of a pillow,108,0.002152423469387755,0.0019682739704046026,0.0020029882029445256,0.10198577245076497,0,5499.015625,overall|small
2401175,3,7,section of a duve,364,0.007254464285714286,0.010565801918139243,0.01071780403801275,0.42693542648147753,0,14499.658203125,overall|small
2401175,4,8,part of a doll,189,0.0037667410714285715,0.0031238595529731,0.003190546440650298,0.13002396639061983,0,7702.294921875,overall|small
2401175,5,9,part of a blanket,312,0.006218112244897959,0.007039747322576351,0.007336606593188978,0.14819741860414162,0,6302.3134765625,overall|small
2401175,6,0,bare human foot on top of bed sheet,4664,0.09295280612244898,0.046106242243727155,0.08411464567508782,0.09258829708982699,0,5133.84814453125,overall
2401176,0,4,Tail light on taxi cab,480,0.009566326530612245,0.01269648760874677,0.013183098525682554,0.2559351921081543,0,9318.666015625,overall|small|part
2401176,1,0,man driving a car,462,0.009207589285714286,0.0071963665859475345,0.007446924464427712,0.1761993474258489,0,10931.2373046875,overall|small
2401176,2,2,a white fire hydrant,250,0.0049824617346938774,0.00039266156110102603,0.00040211723943544447,0.016424274444580077,0,10211.123046875,overall|small
2401176,3,3,red and white cap,770,0.015345982142857142,2.1672289994497327e-05,2.3879203496880885e-05,0.0002344431234644605,0,7559.7666015625,overall|small
2401176,4,5,Headlights and grill on front of car,288,0.005739795918367347,0.008664281632360427,0.009415495366143967,0.09795780976613362,0,2996.3212890625,overall|small
2401176,5,6,round metal manhole cover,564,0.011240433673469387,0.008010346586154566,0.012956660060232612,0.020551537791042462,0,894.60302734375,overall|small
2401176,6,7,Tire on car,378,0.007533482142857143,0.0006342376875535569,0.000662826691683084,0.014491501308622815,0,8264.283203125,overall|small
2401177,0,4,a surfer waiting to catch a wave,8,0.00015943877551020407,0.00020373910399717264,0.00020376703091798154,0.5978395342826843,0,23471.4921875,overall|small
2401177,1,6,a surfboard standing on end,756,0.015066964285714286,0.01847176763669884,0.019211948562140677,0.3240724593874008,0,12752.4169921875,overall|small
2401177,2,0,sun shining on ocean,1406,0.028021364795918366,0.03163833121110514,0.03679763977185884,0.18410870699929988,0,7034.6044921875,overall
2401177,3,1,Orange color in the sky.,1400,0.027901785714285716,0.00024053517900555848,0.0003568919272099633,0.0007372307777404785,0,2891.9765625,overall
2401177,4,2,Silhouette of a person.,1400,0.027901785714285716,0.048873904442369144,0.15648145473178407,0.06635575430733817,1,593.6681518554688,overall
2401177,5,3,blue sky,3835,0.07643096301020408,3.9870559538058176e-05,0.0001391668427678739,5.5876712289285475e-05,0,1539.7862548828125,overall
2401177,6,5,the wet sand has a reflection of the sun,10990,0.21902901785714285,0.005962871195418219,0.040357529361646174,0.006948018789942206,0,1892.0565185546875,overall
2401179,0,2,glasses around man's face,960,0.01913265306122449,0.004188709186332982,0.00831223647300964,0.00837293267250061,0,967.0099487304688,overall|small|part
2401179,1,8,hair of a man,1000,0.01992984693877551,6.854089667291592e-05,0.00010151055439053108,0.00021098661422729492,0,2078.4697265625,overall|small|part
2401179,2,9,part of  a hair,960,0.01913265306122449,0.011013207561239637,0.013492236792247047,0.05655029614766439,0,4023.668212890625,overall|small|part
2401179,3,3,A thick black watch,286,0.005699936224489796,0.008137187254384034,0.008351404045933274,0.24083368261377294,0,8247.52734375,overall|small
2401179,4,4,part of an elbow,247,0.004922672193877551,0.0012212280338927451,0.001237082167844011,0.08700078894734865,0,17370.87109375,overall|small
2401179,5,5,A white corded phone,725,0.014449139030612245,0.03038267052648791,0.03171859654746222,0.41906704606681033,0,9578.7216796875,overall|small
2401179,6,7,part of a top,414,0.00825095663265306,0.0004083244003351025,0.00042952095460784283,0.008206269591326875,0,7909.73193359375,overall|small
2401180,0,5,wheel on the chair,182,0.003627232142857143,0.0021251556385222447,0.002138543791907716,0.2534303141164256,0,21568.095703125,overall|small|part
2401180,1,1,a light fixture is hanging from the ceiling,672,0.013392857142857142,7.199530427352495e-06,1.3998087397366935e-05,1.4823463667804996e-05,0,711.6234741210938,overall|small
2401180,2,2,edge of a wall,182,0.003627232142857143,0.004007187800701686,0.004178532521897767,0.08902261545369913,0,3877.465576171875,overall|small
2401180,3,6,part of a floor,780,0.015545280612244899,0.0016401314489631592,0.002491186510656086,0.004778011639912923,0,1496.013671875,overall|small
2401180,4,7,part of a wall,72,0.0014349489795918368,1.9637817770335113e-05,2.0232056510706778e-05,0.0006681623765163951,0,2377.79541015625,overall|small
2401180,5,8,computer monitor on wooden desk,403,0.008031728316326531,0.016272972458165242,0.01684468117505666,0.32407895980342744,0,7753.416015625,overall|small
2401180,6,3,a blanket folded on the arm of a chair,1728,0.03443877551020408,0.017025858147329067,0.01907532974844099,0.13679034621627242,0,12391.5927734375,overall|part
2401181,0,0,two tall giraffes,27342,0.544921875,0.23148422513827233,0.608026774672051,0.2720877886184716,1,12235.3564453125,overall
2401182,0,0,Two buildings are in the distance.,676,0.013472576530612245,0.03996797343353576,0.04118873224491175,0.5742017757257766,0,9423.9462890625,overall|small
2401182,1,3,A patch of blue sky.,408,0.008131377551020409,7.030639301424159e-08,7.373973254597206e-08,1.5100070181777518e-06,0,8354.8291015625,overall|small
2401182,2,1,The trees are bare.,9360,0.18654336734693877,0.008512913746342441,0.01983054038351719,0.014696950993986211,0,6936.94970703125,overall
2401182,3,2,The ground is concrete.,19184,0.3823341836734694,0.004681042887911091,0.010822712933307842,0.008181342092327917,0,14501.9892578125,overall
2401182,4,4,a cloud in the sky,1400,0.027901785714285716,0.0005148517390920464,0.0008501062883903255,0.0013038094554628644,0,2147.182373046875,overall
2401183,0,3,black number five on sign,162,0.0032286352040816328,2.586576847135744e-05,2.6362133852828055e-05,0.0013718551691667533,0,8430.2939453125,overall|small|text
2401183,1,5,a partial speed limit sign,96,0.001913265306122449,0.004088558225518107,0.004106079943042534,0.48930664857228595,0,11439.9716796875,overall|small|text
2401183,2,0,The person is wearing a jacket.,595,0.011858258928571428,0.0025122142261746853,0.002683539334907652,0.037860107421875,0,8394.4228515625,overall|small
2401183,3,1,house next to trees,4752,0.09470663265306123,0.09007920333816677,0.134722131818304,0.21373658870607112,0,7539.04541015625,overall
2401183,4,2,a tall tree trunk,1375,0.027403539540816327,0.04808705976565369,0.05539488686090456,0.26713627485795455,0,6630.79931640625,overall
2401183,5,4,a woman holding an umbrella,1752,0.03491709183673469,0.07235282001907915,0.09009741101802674,0.2686681878076841,0,5224.41943359375,overall
2401183,6,6,a row of street lights,1100,0.021922831632653062,0.010368200994695119,0.014746416466129897,0.03374313007701527,0,2517.04833984375,overall
2401186,0,5,a small portion of road,693,0.013811383928571428,0.006054249481349395,0.006260545132028293,0.1552134592295725,0,17181.080078125,overall|small
2401186,1,0,A white clouded sky,1190,0.023716517857142856,3.9201416313485976e-05,8.898670062925786e-05,7.00640828669572e-05,0,936.951904296875,overall
2401186,2,1,the water has waves in it,15228,0.30349170918367346,0.08748575464391183,0.3182630557881284,0.10766143037291502,0,5151.29931640625,overall
2401186,3,2,many trees are in the background,5974,0.1190609056122449,0.01009594398514543,0.017784512969260147,0.0228201192799004,0,7665.51171875,overall
2401186,4,3,shadow of person on ground,2280,0.04544005102040816,0.00025459069705708524,0.0005981465323812565,0.0004430577420351798,0,1688.83642578125,overall
2401186,5,4,A small patch of grass,1696,0.03380102040816327,0.0030944398977359867,0.0037264413123573033,0.01791866882792059,0,8155.25048828125,overall
2401187,0,3,a typewriter on a small desk,609,0.012137276785714286,0.00037814738854573737,0.0004032345015976581,0.006041383508390981,0,9124.2255859375,overall|small
2401187,1,4,a large clock on the wall,671,0.013372927295918368,0.042861304227281,0.053006520332849194,0.18296707085099198,0,2316.147216796875,overall|small
2401187,2,6,a picture leaning against the wall on top of the fireplace,403,0.008031728316326531,0.0006781582653988314,0.001140814578337659,0.0016694061513574188,0,589.7283325195312,overall|small
2401187,3,0,flat screen TV,1768,0.035235969387755105,0.00024248118946848844,0.0002678200630797653,0.002556361224316903,0,16875.68359375,overall
2401187,4,1,bay windows at the far end,5850,0.11658960459183673,0.03245993445618553,0.16181545381315648,0.03902084220168937,0,1410.6929931640625,overall
2401187,5,2,picture on a wall,3636,0.07246492346938775,0.05887053616643415,0.3308600913285271,0.06682705013665428,0,734.3984985351562,overall
2401187,6,5,the floor is brown,5720,0.11399872448979592,0.11183338655293262,0.13066783015999794,0.43689481295072113,0,19125.123046875,overall
2401188,0,6,The number 8 on the boy's shirt.,156,0.0031090561224489796,0.00150607665786558,0.0015195394025886177,0.1452924288236178,0,14916.111328125,overall|small|text
2401188,1,0,black and grey sneaker cleats,289,0.0057597257653061226,0.0011435837238591153,0.0011691566401782893,0.04968529341542597,0,12281.544921875,overall|small
2401188,2,1,The red sneakers the player is wearing.,561,0.01118064413265306,0.00016529129848220125,0.0001791806181852966,0.002127820370244045,0,6662.033203125,overall|small
2401188,3,7,The black shorts worn by the player in red sneakers.,161,0.003208705357142857,0.0027981996406641666,0.0029396623960487134,0.05495252668487359,0,3009.650634765625,overall|small
2401188,4,8,The ball is white,266,0.005301339285714286,0.0026535730966285856,0.0030929951275238507,0.01833544996448029,0,1576.863037109375,overall|small
2401188,5,2,The white and black shirt the player in red sneakers is wearing.,1248,0.024872448979591837,0.03233370434692554,0.03991845980788651,0.14542464720897186,0,4546.51708984375,overall|text
2401188,6,3,soccer player in black and white uniform,3636,0.07246492346938775,0.11229187936696826,0.15205655031598372,0.30040288574755913,0,7183.28076171875,overall
2401189,0,5,Nose on the face of a white cat. ,196,0.00390625,0.0014099819560454046,0.0015504519691388933,0.015324328626905168,0,1937.22119140625,overall|small|part
2401189,1,3,Two front paws on a white and tan cat. ,882,0.017578125,0.0034835014909448945,0.0037443336309644797,0.04762525407094804,0,11218.4111328125,overall|small
2401189,2,4,Pink tongue of a cat. ,84,0.0016741071428571428,0.0025829701200100782,0.0026288408960102043,0.1289420695531936,0,4120.11767578125,overall|small
2401189,3,1,the pussy cat has blue eyes,1020,0.02032844387755102,0.0016705964560144845,0.002282518164510418,0.006192871168547985,0,2767.4384765625,overall|part
2401189,4,0,the cycle has a backrest for a passenger,3773,0.0751953125,0.10339775720790337,0.11088522850474233,0.6049402208123509,0,20583.80078125,overall
2401189,5,2,copyright mark on side,6438,0.12830835459183673,0.17712017860045562,0.3016028063604295,0.3002763969182005,0,6409.6865234375,overall
2401189,6,6,A cat's left side whiskers. ,1334,0.02658641581632653,0.010127691586242427,0.014286586890876602,0.03362083721017909,0,3139.322021484375,overall
2401190,0,0,white snow on a hill,13392,0.2669005102040816,0.4478342612984455,0.6088102905696373,0.6287642721634185,0,13830.927734375,overall
2401190,1,1,The rock the elephant is leaning on.,9880,0.19690688775510204,0.10812118835810038,0.23477683704829128,0.16695837105816674,0,7026.0283203125,overall
2401190,2,2,small rocks in a pile,2992,0.05963010204081633,0.0007290842136347441,0.003290229750440851,0.0009357569848789888,0,850.9390258789062,overall
2401191,0,3,Handle of racket is white,384,0.007653061224489796,0.0032352482441745374,0.003615308475021556,0.029856341580549877,0,3171.19140625,overall|small|part
2401191,1,2,a tennis ball,864,0.01721938775510204,0.0070378927173641815,0.010436616423832031,0.021154399271364564,0,1751.2764892578125,overall|small
2401191,2,4,chains holding a banner in place,946,0.018853635204081634,0.02290683909708194,0.023684622355152653,0.41091444729246496,0,16412.55078125,overall|small
2401191,3,5,a wristband,154,0.0030691964285714285,0.00173432717083505,0.0017556830957505473,0.12478780127190925,0,10945.7802734375,overall|small
2401191,4,0,Man's face who is playing tennis,2597,0.0517578125,0.0034313115932354398,0.007349275714481562,0.006395255504868147,0,2259.879638671875,overall|part
2401191,5,1,Socks are white,5069,0.10102439413265306,0.03855139070473928,0.07801069461859754,0.07081828867102732,0,4601.64990234375,overall
2401192,0,3,part of a doll's hair,15,0.00029894770408163266,0.0006659022329737692,0.0006685576247972852,0.14358383814493816,0,3221.498779296875,overall|small|part
2401192,1,5,The yellow ribbon in the doll's hair.,152,0.0030293367346938774,0.0053757318956386265,0.005493817062355034,0.20006501047234787,0,5535.2919921875,overall|small|part
2401192,2,9,tail of a doll,60,0.0011957908163265306,0.0006318007917018125,0.0006352715895096703,0.10365397930145263,0,9789.8896484375,overall|small|part
2401192,3,1,The cat's right ear.,364,0.007254464285714286,0.004657448350161328,0.004864166671070912,0.09876756353692694,0,7391.0693359375,overall|small
2401192,4,4,multi colored cloth on a doll,21,0.0004185267857142857,0.0003048556748978126,0.0003052102371998718,0.2078720728556315,0,14302.64453125,overall|small
2401192,5,6,white patch of a doll,132,0.0026307397959183672,0.0012571703097759078,0.0012823043983987246,0.06027313073476156,0,6204.49658203125,overall|small
2401192,6,7,green and yellow behind toy,621,0.012376434948979591,0.015037734744455323,0.017280727777221592,0.10382658732686066,0,3731.11083984375,overall|small
2401193,0,0,The black phone on the table in front of the mirror.,120,0.0023915816326530613,0.002602905997657563,0.002742350259782637,0.04869672457377116,0,2130.87548828125,overall|small
2401193,1,2,The lamp is white.,598,0.011918048469387755,0.00047074831558342604,0.0005147850713480681,0.005472881339465495,0,6357.57177734375,overall|small
2401193,2,1,large patterned headboard for bed,2842,0.056640625,0.009895700411193992,0.015106741056184286,0.027887487981958677,0,5246.41552734375,overall
2401193,3,3,dark blanket on bed,14476,0.2885044642857143,0.0814966422154684,0.13937118020350242,0.1640592281513367,0,17040.26171875,overall
2401193,4,4,view of city from hotel room,2464,0.049107142857142856,0.2640708426261519,0.274412014689271,0.8751147381671063,1,7857.8291015625,overall
2401193,5,5,wall made of brick,4200,0.08370535714285714,0.0031845098196593724,0.008459242509653258,0.005081141335623605,0,2522.7783203125,overall
2401194,0,3,brown branches of a tree,931,0.0185546875,0.0335123501891423,0.038726819710027824,0.19928865197137655,0,4790.9365234375,overall|small|part
2401194,1,2,bare branches of a tree,3800,0.07573341836734694,0.00011277889996617818,0.00020781321971667782,0.0002465548013385973,0,4508.4150390625,overall|part
2401194,2,0,The church has a steeple,8778,0.17494419642857142,0.166854365818948,0.36184274487736234,0.23642791727187287,1,5735.5419921875,overall
2401194,3,1,The tree is green.,1380,0.027503188775510203,0.01369384443470298,0.015258957948533557,0.11778233846028646,0,10652.0791015625,overall
2401194,4,4,patch of brow grass,1144,0.022799744897959183,0.0009427190512810643,0.001064820291835789,0.008154224682521154,0,8760.5703125,overall
2401194,5,5,brownish green grass in a field,8778,0.17494419642857142,0.0007890850690251115,0.0013136647516830433,0.001972148292943051,0,13178.033203125,overall
2401195,0,1,black and white square platform sign hanging from ceiling,720,0.014349489795918368,9.49886942144829e-06,1.2049870588713217e-05,4.486670303675864e-05,0,2680.86083984375,overall|small|text
2401195,1,2,sign with light writing,500,0.009964923469387755,0.0002541526475922253,0.0004698894199108051,0.000553255558013916,0,588.708251953125,overall|small|text
2401195,2,0,post on ground,972,0.019371811224489797,0.03689863054404012,0.037339625069046756,0.7575321903935185,0,19719.568359375,overall|small
2401195,3,3,copper ring around pole,115,0.002291932397959184,1.1437517386711593e-05,1.1544982496849042e-05,0.001227225168891575,0,12224.435546875,overall|small
2401195,4,4,metal ceiling vent,288,0.005739795918367347,5.3336376666312184e-08,6.746302951027974e-08,2.547123282662748e-07,0,1087.3681640625,overall|small
2401195,5,7,person in black walking along train platform,180,0.003587372448979592,0.005641165828670418,0.005716398907945175,0.3000286950005425,0,9447.41015625,overall|small
2401195,6,9,white rectangular ceiling light,308,0.006138392857142857,0.0030444996972351147,0.0032464003554245353,0.046668538799533595,0,4427.6455078125,overall|small
2401196,0,5,an airplane cabin window,96,0.001913265306122449,0.0034327723142601753,0.003562445229085395,0.08617965380350749,0,2322.3505859375,overall|small|part
2401196,1,6,open door on front of plane,992,0.019770408163265307,0.057176401605186236,0.06511514567040674,0.31925189110540575,0,4863.6591796875,overall|small|part
2401196,2,8,an airplane cabin window,60,0.0011957908163265306,0.0018740874972622203,0.0019189100150404507,0.07427302996317546,0,2322.3505859375,overall|small|part
2401196,3,0,part  of a road,828,0.01650191326530612,0.0009228625398960937,0.0010103860029267338,0.010541380315587141,0,8638.54296875,overall|small
2401196,4,2,gray words on plane,266,0.005301339285714286,0.00875516037558708,0.008968197396958482,0.26930767432191316,0,7987.763671875,overall|small
2401196,5,4,Two rear airplane wheels,288,0.005739795918367347,0.006981438649521034,0.007026883331345895,0.5191162957085503,0,21276.216796875,overall|small
2401196,6,9,edge of a wing,576,0.011479591836734694,0.0015167978475642545,0.0018299857391689267,0.008784930739137862,0,2765.114501953125,overall|small
2401197,0,0,papayas on display at fruit stand,190,0.003786670918367347,0.0007646654386587227,0.0007856256390504136,0.027862455970362614,0,6738.40869140625,overall|small
2401197,1,2,pink fruit next to green bananas,504,0.010044642857142858,0.002426396150000983,0.0025221511254451237,0.06007121479700482,0,12003.99609375,overall|small
2401197,2,3,sunlight next to fruit stand.,140,0.0027901785714285715,0.0007196023705964271,0.0007292337847607198,0.05166890961783273,0,9919.517578125,overall|small
2401197,3,4,orange round fruit by bananas,272,0.005420918367346939,0.01064870960388279,0.01090958732842297,0.3081097883336684,0,7681.8544921875,overall|small
2401197,4,5,a banana beginning to ripen,228,0.004544005102040816,0.004078375469733353,0.0041679526648213585,0.1594967758446409,0,8724.970703125,overall|small
2401197,5,6,sand on the ground.,80,0.0015943877551020409,0.007821279352735607,0.007971405873161797,0.2934328556060791,0,2944.854248046875,overall|small
2401197,6,7,pole next to hanging bananas,590,0.01175860969387755,0.0007769704638567356,0.0009881953385320141,0.003621816635131836,0,2162.398193359375,overall|small
2401198,0,2,colored part of obstacle bar.,156,0.0031090561224489796,0.0021867532806659016,0.0022102738560513357,0.17046416111481497,0,12031.2734375,overall|small
2401198,1,4,the woman's socks are black.,848,0.016900510204081634,0.004845562784975655,0.005953866292050414,0.02537022221763179,0,3613.441650390625,overall|small
2401198,2,5,saddle on horse's back.,160,0.0031887755102040817,0.005410399857130922,0.005449348326986221,0.430841064453125,0,12650.0576171875,overall|small
2401198,3,7,green grass on the ground.,80,0.0015943877551020409,4.669136375879929e-05,4.699781824370821e-05,0.0071096718311309814,0,12102.130859375,overall|small
2401198,4,8,black saddle used by young woman,192,0.003826530612244898,0.004252942206707159,0.004399462481339794,0.11323944727579753,0,4941.96142578125,overall|small
2401198,5,6,brown tree with green leaves,4784,0.09534438775510204,0.0061210112671708445,0.02868966555116087,0.007721057304969201,0,1287.48583984375,overall|part
2401198,6,0,the trees are green,9345,0.18624441964285715,0.00667986285080112,0.024104616157583223,0.009156013109136737,0,3549.649658203125,overall
2401199,0,9,The word WHITE.,120,0.0023915816326530613,0.00011704509625053295,0.00012063202134261015,0.003920914232730865,0,3900.37158203125,overall|small|text
2401199,1,3,rear wheel of a car,90,0.001793686224489796,0.002399857343904775,0.002411550986258676,0.3310663859049479,0,12355.5234375,overall|small|part
2401199,2,5,leaves of a palm tree,171,0.0034080038265306123,5.2680169023549575e-05,5.6924084661268006e-05,0.00070610568363067,0,2121.14208984375,overall|small|part
2401199,3,7,branches of a palm tree,126,0.0025111607142857145,5.417414806576541e-05,5.6312536292016714e-05,0.0014245952405626812,0,3187.549560546875,overall|small|part
2401199,4,1,leggings on a woman,264,0.0052614795918367345,0.0026848457876333933,0.0027587747811426305,0.0910654067993164,0,8714.47265625,overall|small
2401199,5,2,wind screen of a car,200,0.003985969387755102,0.0047875751043382755,0.004826535810745626,0.3722910690307617,0,15426.84375,overall|small
2401199,6,8,part of a palm tree,96,0.001913265306122449,0.000916553077603829,0.0009353796924311801,0.04355454941590627,0,4470.095703125,overall|small
2401200,0,2,Person has dark hair.,288,0.005739795918367347,0.0008544784900631047,0.0009195076531081959,0.0119380255540212,0,3739.1220703125,overall|small|part
2401200,1,1,A guy in red standing by a picnic table,490,0.009765625,0.011094815557726144,0.01189505898513928,0.14156950347277583,0,5831.75390625,overall|small
2401200,2,5,part of a floor,247,0.004922672193877551,0.010880661030127541,0.011630950453129275,0.14432754207719192,0,3065.00341796875,overall|small
2401200,3,6,part of a bench,72,0.0014349489795918368,0.003543337116860891,0.003619480921621332,0.14415204524993896,0,2867.523681640625,overall|small
2401200,4,7,part of a wood,285,0.00568000637755102,5.281222672471415e-07,5.592773792949132e-07,9.480435727981098e-06,0,4831.0986328125,overall|small
2401200,5,8,part of a line,702,0.013990752551020409,0.025073506254360285,0.02651223490175772,0.3160256497201077,0,8367.8349609375,overall|small
2401200,6,9,Someone in grey sitting at a picnic table,540,0.010762117346938776,0.0039363648020311615,0.004019530562512307,0.159840816921658,0,21473.662109375,overall|small
2401202,0,1,A street light hanging from a building,289,0.0057597257653061226,0.001324427068873851,0.0013817143740119673,0.03095507374271802,0,6474.5771484375,overall|small
2401202,1,0,A train is on the tracks.,41736,0.8317920918367347,0.46770656743613864,0.8096254559295006,0.5254988667607102,1,27089.341796875,overall
2401203,0,1,tusk on the elephant,504,0.010044642857142858,0.005382800741582819,0.005525604174373593,0.17237787398080978,0,15722.88671875,overall|small
2401203,1,0,man leaning over in water,14208,0.28316326530612246,0.1789477762886262,0.3574914230159853,0.2637859378849064,0,10483.8056640625,overall
2401203,2,2,brown lake water,3780,0.07533482142857142,0.06778744394169647,0.0923657682722261,0.20302619732246197,0,8308.6953125,overall
2401203,3,3,overcast grey cloud sky,3100,0.06178252551020408,1.9496271783323336e-05,3.060984373320624e-05,5.369522879200597e-05,0,5437.96337890625,overall
2401204,0,2,Registration sticker on right front window,190,0.003786670918367347,0.013321806937538223,0.017571117634587904,0.05221028076974969,0,564.5601806640625,overall|small|part
2401204,1,0,a rearview mirror in a car,120,0.0023915816326530613,0.002772847995288927,0.003721159681713739,0.010763497153917948,0,347.10137939453125,overall|small
2401204,2,4,the plant is green,703,0.014010682397959183,0.044087878323201365,0.07217781078092296,0.10175736971294896,0,991.1000366210938,overall|small
2401204,3,7,white top of licence plate,913,0.01819595025510204,0.020364932180033237,0.021342310575521904,0.30781209220760886,0,13167.8544921875,overall|small
2401204,4,1,Pavement on left side of car,5625,0.11210538903061225,0.2127785360741955,0.2923382486384449,0.4387837239583333,0,8442.8173828125,overall
2401204,5,3,grey cat on hood,4366,0.08701371173469388,0.02830141375142711,0.09467208376024765,0.03880308311137375,0,1789.48486328125,overall
2401204,6,5,the headlights are off,11948,0.2381218112244898,0.24156979041537585,0.2880304753421217,0.5996154233449112,1,24873.080078125,overall
2401205,0,8,leaves of a tree,36,0.0007174744897959184,4.9265110110444556e-05,5.658013672529678e-05,0.00038090974299444095,0,242.35980224609375,overall|small|part
2401205,1,0,green tree near river,450,0.00896843112244898,0.012054051747130345,0.016756076940980857,0.04118647257486979,0,1106.1009521484375,overall|small
2401205,2,1,a wooden walkway,304,0.006058673469387755,0.014431537556423202,0.01445216995822506,0.9099805731522409,0,19141.353515625,overall|small
2401205,3,4,plantations on the edge of the lake,660,0.013153698979591837,0.012889744350037388,0.015638738615577703,0.06831869645552202,0,2883.24658203125,overall|small
2401205,4,6,part of a hilly terrain,18,0.0003587372448979592,0.0003421227931371983,0.000342242170578768,0.4951608445909288,0,26042.65625,overall|small
2401205,5,7,a section of a house,30,0.0005978954081632653,0.00014358559471513104,0.0001543278094134252,0.002058573067188263,0,400.1689147949219,overall|small
2401205,6,5,brown branches and green leaves on tree,2160,0.043048469387755105,0.0002386229027576832,0.00166950670175383,0.0002783396177821689,0,360.114501953125,overall|part
2401206,0,1,electrical poles visible in background,817,0.01628268494897959,0.00011448018102354243,0.0001292274755564893,0.0010021606886547374,0,6335.84521484375,overall|small
2401206,1,4,side of railroad tracks and rocks,684,0.01363201530612245,0.006673226133442567,0.006904512323153634,0.1661202503226654,0,16456.810546875,overall|small
2401206,2,5,red metal pane on second train car,169,0.0033681441326530613,0.012692388764549103,0.012892809943511852,0.44948573366424743,0,5891.8955078125,overall|small
2401206,3,6,front driver wheels and connecting rod,460,0.009167729591836735,0.03372609165269047,0.035749280272165805,0.3734070155931556,0,4804.7744140625,overall|small
2401206,4,9,cab for train conductor,200,0.003985969387755102,0.006421007160803711,0.006689882100342344,0.13775352478027345,0,4118.2646484375,overall|small
2401206,5,0,The grass is green.,4440,0.08848852040816327,0.005803015029014926,0.009498488621526167,0.01469630679568729,0,6869.6826171875,overall
2401206,6,2,trees in photograph,3915,0.07802535076530612,0.033787861586665406,0.05513700782469771,0.08025818260845706,0,5698.7275390625,overall
2401207,0,3,Word that says photography.,434,0.008649553571428572,0.0011550624006690644,0.0022610608115700634,0.002355802443719679,0,452.1852111816406,overall|small|text
2401207,1,1,back wheel of a truck,135,0.002690529336734694,0.0008686234551477252,0.0008739462620389208,0.12481717710141782,0,19280.7265625,overall|small|part
2401207,2,4,numbers 1105 on door,80,0.0015943877551020409,0.0007927321585086383,0.0008370397804244139,0.014754971861839295,0,1410.205078125,overall|small|part
2401207,3,6,Small orange truck light.,56,0.0011160714285714285,0.0014797675830613036,0.0014848612182258127,0.3013693945748465,0,11365.833984375,overall|small
2401207,4,7,side of a truck,504,0.010044642857142858,0.008901625760442611,0.00927349045611875,0.18166071271139478,0,9872.9814453125,overall|small
2401207,5,9,steel diamond plate panel,320,0.006377551020408163,0.0007417510836878745,0.0013769938309285692,0.0016052871942520142,0,373.05316162109375,overall|small
2401207,6,8,door of the truck,1702,0.03392059948979592,0.06492690771274416,0.07495144174588636,0.32680130453143363,0,7421.015625,overall|part
2401208,0,2,a blue base on the upper engine,56,0.0011160714285714285,0.0011878874143207054,0.0011925269235879598,0.23391100338527135,0,10984.251953125,overall|small
2401208,1,4,large flood light on front of boat,756,0.015066964285714286,0.009874944776459683,0.011267267931412661,0.07399881958330749,0,4965.099609375,overall|small
2401208,2,6,a tree on the shore,558,0.011120854591836735,0.014510617280611857,0.01525538740139974,0.22912433583249328,0,8380.736328125,overall|small
2401208,3,7,white lettering on red boat,259,0.005161830357142857,0.007176060157479505,0.007213606345063826,0.5796039242541928,0,20810.314453125,overall|small
2401208,4,0,Blue Ocean Water,13608,0.27120535714285715,0.09340789167643505,0.4375850692816359,0.10615188804953887,0,3301.1064453125,overall
2401208,5,1,people are visible through the small windows,2058,0.041015625,0.002278217080782656,0.06681061159935103,0.0023530959156210615,0,72.48356628417969,overall
2401208,6,3,Light Post in Background,1526,0.030412946428571428,0.0070091709787953715,0.013351181885012416,0.01454112101663612,0,1662.0064697265625,overall
2401210,0,4,a silver meter,430,0.008569834183673469,0.00173071439305339,0.0017815811853115664,0.05715285900027253,0,13794.3359375,overall|small
2401210,1,6,two black windshield wipers,551,0.010981345663265306,0.029596384677637953,0.031044887150387352,0.388125327883961,0,6888.64013671875,overall|small
2401210,2,8,two windows on a train engine,240,0.0047831632653061226,0.011475208543055448,0.011812313813154365,0.2867822011311849,0,5826.77783203125,overall|small
2401210,3,0,two round black things on train nose,1680,0.033482142857142856,0.06000077142544953,0.07612105075922126,0.2207758040655227,0,4872.54638671875,overall
2401210,4,1,a luggage cart rack,1242,0.024752869897959183,0.009268118094017199,0.010006517401737636,0.1115834701464372,0,13849.640625,overall
2401210,5,2,two red lights seen,1045,0.02082669005102041,0.006572886687918219,0.00855578699098249,0.027578446967750074,0,3368.419189453125,overall
2401210,6,3,The ceiling is white.,12900,0.2570950255102041,3.551844621487649e-05,0.00032630131713368783,3.985535266787507e-05,0,1575.6419677734375,overall
2401211,0,3,Moist green leaf.,1058,0.02108577806122449,0.003349145620999622,0.007685665801139981,0.0059007052437794905,0,812.2843627929688,overall|part
2401211,1,0,shadow on water ,2592,0.051658163265306124,0.0054234685711045385,0.02761362044763588,0.006703768247439537,0,629.2607421875,overall
2401211,2,1,A blue spare net,4088,0.08147321428571429,0.08506676722052628,0.10318599339320264,0.32634581325105494,0,12929.0966796875,overall
2401211,3,2,A net the man is holding out into the water,1950,0.03886320153061224,0.0023099773340101507,0.002751503881449529,0.014191025954026442,0,10057.2275390625,overall
2401211,4,4,a red and white baseball cap,3120,0.062181122448979595,0.014807763630903532,0.019367840191559325,0.059171040852864586,0,9531.96875,overall
2401213,0,2,the lowercase letter A,56,0.0011160714285714285,0.0017956449882574291,0.0018147010474862605,0.14602799074990408,0,4506.2890625,overall|small|text
2401213,1,5,the silver letter V,56,0.0011160714285714285,0.0004543366304736508,0.00045549781426927713,0.15126403740474156,0,18596.765625,overall|small|text
2401213,2,6,The letter M on the building.,36,0.0007174744897959184,0.0008050978398811597,0.0008076491974096529,0.20309776730007595,0,9052.8408203125,overall|small|text
2401213,3,9,The letter I on the building.,28,0.0005580357142857143,0.00014311668535916264,0.00014345223639383007,0.05765649676322937,0,11253.7939453125,overall|small|text
2401213,4,1,part of a window,75,0.0014947385204081632,1.269497841768875e-05,1.4198728489648981e-05,0.00011985432356595994,0,633.090087890625,overall|small|part
2401213,5,3,part of a wall,99,0.0019730548469387753,0.00097880096958086,0.0010044089861737837,0.03697159073569558,0,3644.12060546875,overall|small
2401213,6,4,a brick in the wall,28,0.0005580357142857143,0.000333805922666549,0.0003374482798837215,0.029997936316898892,0,2489.09912109375,overall|small
2401214,0,2,white lines on grey pavement,944,0.01881377551020408,0.006787067236362524,0.007605887717897138,0.05930511426117461,0,7360.6171875,overall|small
2401214,1,0,sign leaning against pole,2886,0.057517538265306124,0.10986694940584668,0.11398039383062428,0.7527401951230076,0,19059.490234375,overall|text
2401214,2,1,the building is orange yellow and red,31584,0.6294642857142857,0.16636140896910087,0.701182590297685,0.1790559221787535,1,8065.37744140625,overall
2401214,3,3,cloudy blue sky in the background,4431,0.08830915178571429,3.6649797109429096e-05,0.0001811720945088705,4.5941806732733885e-05,0,1123.6175537109375,overall
2401215,0,1,a man wearing a light brown coat,658,0.013113839285714286,0.031040677401614758,0.036090795733225156,0.18155752489269686,0,3310.11962890625,overall|small
2401215,1,0,A crowd of people.,4510,0.08988360969387756,0.0305977657062709,0.04773817122609389,0.07852666816796008,0,7418.7021484375,overall
2401215,2,2,vehicles are parked by building,1188,0.023676658163265307,0.06807237622405668,0.06944094395453944,0.77548186947601,0,13266.9921875,overall
2401215,3,3,The sky is overcast.,5451,0.10863759566326531,0.00022441716837741935,0.0005772470712311372,0.0003670227678516243,0,3465.83154296875,overall
2401215,4,4,Flags are flying.,1058,0.02108577806122449,0.006615573907177669,0.008151208406428533,0.033924445312730755,0,4403.28125,overall
2401215,5,5,The snow is dirty.,3072,0.061224489795918366,0.005705169431246068,0.0074982165706622,0.023302100598812103,0,9546.810546875,overall
2401216,0,0,helmet on man's head,483,0.009626116071428572,0.0008342369688213129,0.000887868756815389,0.013622570235289896,0,7410.6689453125,overall|small|part
2401216,1,3,dark snow covered snowboard,875,0.017438616071428572,0.011948515476830434,0.012250474198429397,0.3264866768973214,0,23319.57421875,overall|small
2401216,2,6,black stone on top of the snow,255,0.005082110969387755,0.003756248589336292,0.004411898911665868,0.024652832629633886,0,1424.890380859375,overall|small
2401216,3,7,one black glove,40,0.0007971938775510204,0.0019382011175371075,0.0019645238703813223,0.12637213468551636,0,2573.084228515625,overall|small
2401216,4,1,white snow dust from snow drift on hill ,1452,0.02893813775510204,0.04341667891845702,0.04974110875567921,0.25454829612710916,0,7430.556640625,overall
2401216,5,2,Clear blue sky,3468,0.06911670918367346,7.793798188957654e-06,2.0244992960954486e-05,1.2672148567582497e-05,0,2170.759521484375,overall
2401216,6,4,snowy mountains in the distance,8649,0.17237324617346939,0.19277792393950738,0.4007158606726705,0.2708718922527171,1,5846.46435546875,overall
2401217,0,5,street sign with electric,228,0.004544005102040816,0.002026583991855388,0.0021621095873849117,0.03131857252957528,0,3302.623779296875,overall|small|text
2401217,1,9,The white street sign with one arrow on it.,476,0.009486607142857142,0.005942000204882826,0.006292070354276879,0.09649437816203141,0,7299.87451171875,overall|small|text
2401217,2,1,sewer drain opening on street corner,225,0.00448421556122449,0.005171338753024568,0.00530478796836225,0.1705153062608507,0,7232.32373046875,overall|small
2401217,3,2,cars parked on side of street,612,0.012197066326530613,0.015736769629110272,0.016352788083908634,0.2946556939019097,0,11027.43359375,overall|small
2401217,4,3,white line on asphalt street,156,0.0031090561224489796,0.0005238717295217144,0.0005397473387883556,0.017499191638750907,0,5057.6884765625,overall|small
2401217,5,6,a red and silver fire hydrant,200,0.003985969387755102,0.0009310745059874249,0.0009450952130847651,0.059054698944091794,0,12497.08984375,overall|small
2401217,6,8,electric avenue sign suspended,1450,0.02889827806122449,0.004857115105887255,0.006698186540822556,0.01736430990284887,0,3758.965087890625,overall|text
2401218,0,2,The head of the zebra,391,0.007792570153061225,4.584339277100329e-05,5.042747215517974e-05,0.0005040491176078386,0,3908.250732421875,overall|small|part
2401218,1,7,Thin tail of a giraffe. ,130,0.002590880102040816,0.0021634418091828612,0.0021870822577337756,0.1667705095731295,0,9912.826171875,overall|small|part
2401218,2,1,large brown boulder in animal enclsure,688,0.01371173469387755,0.023577154780606815,0.027473491868270337,0.14254727474478787,0,3569.714599609375,overall|small
2401218,3,5,trees next to fence,990,0.019730548469387755,0.009509944712155813,0.011031976455975931,0.06448495267617582,0,5786.82373046875,overall|small
2401218,4,8,Silver long pole,273,0.005440848214285714,0.0015663137659039014,0.0016511401882571151,0.029586156209309895,0,4891.78369140625,overall|small
2401218,5,3,Two front legs of a giraffe. ,1508,0.03005420918367347,0.0031816568500452965,0.0034574856681333054,0.038352187179444004,0,16727.501953125,overall|part
2401218,6,0,The zebra facing to the right,4680,0.09327168367346939,0.16091725714913319,0.2592094774007761,0.29793025611812235,1,5379.099609375,overall
2401219,0,1,player is wearing headband,255,0.005082110969387755,0.004298923787641325,0.004401946022222679,0.15518058328067555,0,8989.4443359375,overall|small
2401219,1,4,Man is wearing white socks.,238,0.004743303571428571,0.0011541428510042676,0.0011936047310080107,0.03373183723257369,0,6725.9931640625,overall|small
2401219,2,0,Tennis court is green.,3168,0.06313775510204081,0.02930078676761969,0.035494115082775,0.1437795523441199,0,12832.93359375,overall
2401219,3,2,black and red long shorts,2542,0.050661670918367346,0.03543043295765538,0.0438576813702869,0.15568320381650766,0,9023.4296875,overall
2401219,4,3,racket is yellow and black,1196,0.02383609693877551,0.012700620407432906,0.015072955841803555,0.07466964338934143,0,5924.8427734375,overall
2401220,0,3,partial label on wine bottle on counter,124,0.0024713010204081634,0.0043145170430968225,0.004436361152236549,0.13576461422827937,0,3794.734375,overall|small|text
2401220,1,2,a removable tray for the toaster,551,0.010981345663265306,0.010340163670147869,0.01042994430636179,0.5457088518921563,0,28829.068359375,overall|small
2401220,2,4,splotch of worn off paint,322,0.006417410714285714,0.0016294569187519578,0.0020515000915948215,0.007858347448503009,0,1233.4329833984375,overall|small
2401220,3,0,The cabinet has a small lock,3640,0.07254464285714286,0.08556503594010027,0.1317469137548345,0.19620515592805632,0,5420.8994140625,overall
2401220,4,1,old marble looking counter top,4116,0.08203125,0.005280900564789191,0.00769200347977827,0.016568223751205282,0,8865.67578125,overall
2401220,5,5,gray wall next to bottle,2679,0.053392059948979595,0.0009878860122803648,0.002807269092921148,0.0015219670260473168,0,1452.4256591796875,overall
2401220,6,6,a faux wooden wall,8160,0.16262755102040816,0.007091917667370984,0.10615547821066679,0.007542306301640529,0,579.764892578125,overall
2401221,0,1,the man's left foot,780,0.015545280612244899,0.0038826116879250574,0.007373185862996311,0.008134577824519231,0,860.5466918945312,overall|small
2401221,1,3,the man wears sneakers,598,0.011918048469387755,0.0029362312220599387,0.00341724361268623,0.020433550295622452,0,3575.765869140625,overall|small
2401221,2,5,the man's left sock,682,0.013592155612244899,0.007810224441506157,0.00953990854970551,0.04129759377398449,0,2952.330078125,overall|small
2401221,3,6,the man is wearing a green color baseball cap,741,0.014768016581632654,0.0004306003294829107,0.00045015700965895465,0.009814312583521792,0,16155.2646484375,overall|small
2401221,4,7,section of green grass,851,0.01696029974489796,0.004556032785673907,0.005697499156277356,0.022235267450890727,0,3321.1435546875,overall|small
2401221,5,8,this is the white fence,88,0.001753826530612245,0.0010412463235319764,0.0011004624311627225,0.018983022733168167,0,1518.003662109375,overall|small
2401221,6,0,the opponent is wearing a long sleeve white jersey,4836,0.09638073979591837,0.10423862922994898,0.11534633304857471,0.5197965939050868,0,21792.9453125,overall|text
2401222,0,1,The door lock on the car is down.,714,0.014229910714285714,0.03099546504406583,0.03184800019905181,0.5365847632998512,0,12029.6884765625,overall|small|part
2401222,1,6,shadow of the woman's hair,693,0.013811383928571428,0.003367702210951663,0.00717092085159821,0.006309695058054738,0,609.7708740234375,overall|small|part
2401222,2,2,The lady has on a black bra.,378,0.007533482142857143,0.007740288119760819,0.00797165826084311,0.21053770357969576,0,9983.2744140625,overall|small
2401222,3,4,The girl nose is blemish red.,850,0.016940369897959183,0.018260587553088126,0.01944574401260261,0.2305413818359375,0,10077.2783203125,overall|small
2401222,4,3,green leaves outside car window,1575,0.03138950892857143,0.08543311925038363,0.12299801984757833,0.21858638702876984,0,2799.01708984375,overall|part
2401222,5,5,right eye of a woman looking down,1058,0.02108577806122449,0.0009330775454380579,0.0017167056790229065,0.002039936855294529,0,1257.206298828125,overall|part
2401222,6,0,brown and black baby kitten,11704,0.23325892857142858,0.03757680568458922,0.0678015140038369,0.07774098540362803,0,13419.7666015625,overall
2401223,0,1,Left flip flop shoe on rock deck,989,0.01971061862244898,0.007047658299340077,0.00773161216553289,0.07379000734149867,0,9438.9521484375,overall|small|part
2401223,1,3,bottom part of a door,44,0.0008769132653061224,0.00025354248953848445,0.0002551786443594067,0.038038920272480355,0,6558.9833984375,overall|small|part
2401223,2,8,section of a door,156,0.0031090561224489796,0.004209069513811491,0.004426893026172668,0.07880135071583283,0,2776.8935546875,overall|small|part
2401223,3,4,foot of a man,102,0.002032844387755102,0.0024518861989682086,0.0037294303156826833,0.007106724323010912,0,194.3690643310547,overall|small
2401223,4,5,a small brown bird,572,0.011399872448979591,0.01455807479336871,0.014921605032403305,0.37404403152999344,0,14338.4833984375,overall|small
2401223,5,6,The yellow jug on the bottom of the cart.,850,0.016940369897959183,0.0020648065250360973,0.002169143409079598,0.041160049438476565,0,16128.966796875,overall|small
2401223,6,9,Flip flops of left foot of person,980,0.01953125,0.007844954620828173,0.018101323960735174,0.013656372926673111,0,739.3517456054688,overall|small
2401224,0,4,tail of a zebra ,528,0.010522959183673469,0.01255518745431465,0.013359581554339056,0.1725414449518377,0,6819.216796875,overall|small|part
2401224,1,2,a black mane goes down the back of the zebra,689,0.013731664540816327,0.014370865306312536,0.015396818333511903,0.1774072301059053,0,7938.8857421875,overall|small
2401224,2,5,the ears are up on the zebra,918,0.01829559948979592,0.0012362913624157617,0.0014854151123754097,0.007317519655414656,0,4522.29345703125,overall|small
2401224,3,3,legs of a zebra ,10374,0.20675223214285715,0.009677520249135804,0.017764127012613186,0.020816406579474526,0,12156.48828125,overall|part
2401224,4,0,the zebra's nose is black,1216,0.02423469387755102,0.028468449383501862,0.0325875980978534,0.18382064919722707,0,6859.232421875,overall
2401224,5,1,dried grass on the ground ,7056,0.140625,0.02509314709828284,0.15815796161615017,0.02896139356825087,0,1292.07275390625,overall
2401225,0,0,cingular logo of phone,798,0.015904017857142856,0.014538935667805428,0.01606354521926713,0.13283621995968925,0,6598.998046875,overall|small|text
2401225,1,3,Small rectangular speaker on the top of a cell phone. ,300,0.005978954081632653,0.003060792726207811,0.003177446539404143,0.07695487976074218,0,7265.728515625,overall|small
2401225,2,4,sony ericisson branding of phone,342,0.006816007653061225,0.009609378639568147,0.009817158172506122,0.31225320470263385,0,10877.9541015625,overall|small
2401225,3,6,Circle of green light on the far right. ,252,0.005022321428571429,0.01261101607650756,0.015033197733899868,0.0725884059118846,0,1216.792236328125,overall|small
2401225,4,7,silver edge of phone,280,0.005580357142857143,0.004981813841011325,0.005056064807685561,0.25330390930175783,0,14027.7265625,overall|small
2401225,5,1,man in black shirt,16400,0.3268494897959184,0.08223768494903866,0.32893826345354665,0.09881626780440168,0,4926.72021484375,overall|text
2401225,6,2,Man on cellphone.,2079,0.04143415178571429,0.027281017334291384,0.03704877012447455,0.09377278176106302,0,5262.08056640625,overall
2401226,0,2,brown pants worn by young woman,230,0.004583864795918368,0.0034973365337046406,0.003534115753609023,0.25153012483016307,0,16369.5625,overall|small
2401226,1,4,white spherical lamp in transportation center,416,0.008290816326530613,9.799734960671067e-06,1.0246387131900503e-05,0.00022475947984136068,0,9125.162109375,overall|small
2401226,2,5,street light over shelter,255,0.005082110969387755,0.0006274739551106809,0.0006831721253607677,0.007637570418563544,0,2850.790283203125,overall|small
2401226,3,6,white spherical lamp in transportation center,208,0.004145408163265306,4.8146308089162434e-05,4.924138981038911e-05,0.0021602676178400335,0,9125.162109375,overall|small
2401226,4,8,woman sitting on bench,624,0.012436224489795918,0.008074122933905062,0.008821442574436506,0.08701465068719326,0,6155.1318359375,overall|small
2401226,5,0,man standing on sidewalk while reading a paper,1098,0.02188297193877551,0.013044642245196518,0.015755251010954003,0.0704775117134136,0,4911.65185546875,overall
2401226,6,1,There is a white house,1656,0.03300382653061224,0.026632286547703377,0.05215924750186565,0.05160929730548951,1,1638.5396728515625,overall
2401227,0,1,The white laptop on the center table.,775,0.01544563137755102,0.002192862187415954,0.0023745068786481054,0.0278668459000126,0,9095.2802734375,overall|small
2401227,1,5,The stuffed dog toy next to the orange bench.,225,0.00448421556122449,0.009330207653478624,0.009350160141659354,0.8138611518012153,0,19584.55859375,overall|small
2401227,2,6,The brown pillow against the wall.,532,0.010602678571428572,0.0003368163636453376,0.0004078350677309903,0.0019304821813913215,0,2518.21533203125,overall|small
2401227,3,7,glass with a drink on a coaster,759,0.015126753826530613,0.0015941116994547665,0.0034616903430109273,0.002946094719003469,0,645.9520263671875,overall|small
2401227,4,0,two brown and white decorative pillows,3400,0.06776147959183673,0.09014504203817589,0.11245722908358213,0.31240589815027575,0,9445.19140625,overall
2401227,5,2,a standing lamp,3048,0.06074617346938776,0.15682814827864866,0.1827865504581013,0.524784438566273,1,8750.87890625,overall
2401227,6,3,The frame hanging on the wall.,1050,0.020926339285714284,1.69820357481203e-05,0.00014816418214433979,1.918005801382519e-05,0,135.9239501953125,overall
2401228,0,0,section of a lawn,48,0.0009566326530612245,3.7728301432352856e-05,3.858504754982096e-05,0.0016962772545715172,0,2110.177734375,overall|small
2401228,1,1,"red, white, and black baseball uniform",11543,0.23005022321428573,0.29520122040607116,0.3109090147360172,0.8538653702460366,1,31701.1328125,overall
2401228,2,2,green grass on baseball field,10320,0.20567602040816327,0.08867258081925299,0.3983827130014255,0.10238250022710756,0,2652.19189453125,overall
2401228,3,3,brown baseball pitcher's mound,5656,0.11272321428571429,0.03322570133801956,0.05549869608239448,0.0764599574843087,0,7792.21044921875,overall
2401228,4,4,brown dirt on baseball field,2052,0.040896045918367346,0.01744179265754224,0.03423653709858742,0.0343347701877646,0,2057.8876953125,overall
2401229,0,0,a child bending over on the beach,63,0.0012555803571428572,4.6667693796323525e-05,4.684249704652705e-05,0.012351207316867889,0,16611.541015625,overall|small
2401229,1,4,Person in red on a beach,80,0.0015943877551020409,0.0013954144676691846,0.0014144263608981034,0.09405071139335633,0,5319.51123046875,overall|small
2401229,2,5,Girl and boy on left behind flags,210,0.004185267857142857,0.006109584734150247,0.0064131166773204445,0.11432723999023438,0,3743.68994140625,overall|small
2401229,3,6,Belongings on sand near girl in red top,132,0.0026307397959183672,0.0009854610002136108,0.0010145172862401105,0.03326342322609641,0,4327.94189453125,overall|small
2401229,4,7,Person a black outfit on a beach,682,0.013592155612244899,0.001060362551066698,0.0011906317731491,0.009598455121440272,0,5498.04443359375,overall|small
2401229,5,1,the foamy part of the wave,1246,0.024832589285714284,0.028879546675596942,0.032861098936264446,0.19247560210250927,0,7298.130859375,overall
2401229,6,2,a kite flying in the air,3431,0.06837930484693877,1.6170897852181064e-05,2.3691361368572064e-05,5.093982149511619e-05,0,7377.1416015625,overall
2401230,0,0,the leaves are dry,462,0.009207589285714286,0.005642054700960961,0.006843536863036222,0.031136040047649697,0,2101.96142578125,overall|small|part
2401230,1,1,black bag on girl,851,0.01696029974489796,0.02484983816123597,0.028599657666019466,0.15933062579180743,0,4740.978515625,overall|small
2401230,2,3,Pink and blue hat worn by young man,420,0.008370535714285714,0.0031863726585470166,0.003359964523541882,0.05809124992007301,0,7261.48291015625,overall|small
2401230,3,4,the leaves are green,3239,0.06455277423469388,0.0015723823136494653,0.025855017845412727,0.001671401097767881,0,209.38558959960938,overall|part
2401230,4,2,red pants on a woman,3848,0.07669005102040816,0.07415028935938078,0.09357878140937405,0.2631619903501007,0,10821.3349609375,overall
2401230,5,5,grey cement sidewalk by bench,1836,0.03659119897959184,0.04110386406325802,0.04643493962370173,0.263636237915305,0,10423.9638671875,overall
2401230,6,6,image of a bowling ball and pins,1224,0.024394132653061226,0.023969737956925998,0.02536884842026497,0.3029524360606873,0,14616.89453125,overall
2401231,0,0,A Thomas the Tank Engine cake,35280,0.703125,0.3555481470899349,0.8739449121889507,0.37476740207801873,1,15128.8642578125,overall
2401231,1,1,a red cake or baking sheet,1748,0.034837372448979595,0.010427982777899721,0.011070761080567362,0.15225804588614666,0,24040.5390625,overall
2401231,2,2,a wood table against the wall,2808,0.055963010204081634,0.011250463093224042,0.032006411444744635,0.01705277271759816,0,1496.0810546875,overall
2401233,0,1,A man in a white shirt,12540,0.2499202806122449,0.17773498226320789,0.4027075806879977,0.24136149088541667,1,7515.80859375,overall|text
2401233,1,2,Man holding cellphone in right hand.,3936,0.0784438775510204,0.046772586959581905,0.057092039352935844,0.20557232988559135,0,14172.42578125,overall|part
2401233,2,0,Brown wood liquor cabinet,16044,0.3197544642857143,0.3634314712203954,0.6030808091791459,0.47769229711068,1,12708.2392578125,overall
2401233,3,3,A tall standing lamp,2695,0.0537109375,0.01716359705673586,0.028296123637624404,0.04180197353044556,0,3981.333984375,overall
2401234,0,0,green flower leaf,621,0.012376434948979591,0.003070609748474714,0.003770224537806801,0.01627815480009561,0,2681.2021484375,overall|small|part
2401234,1,3,a large shiny leaf,855,0.017040019132653062,0.008387126247570828,0.009450721164602334,0.06935621116593567,0,6274.60693359375,overall|small|part
2401234,2,2,shadow of leaves on wall,4757,0.0948062818877551,0.00015138229969775924,0.0021720999495789192,0.0001626966479247123,0,356.313232421875,overall|part
2401234,3,1,two glass vases,3311,0.06598772321428571,0.06266018067080664,0.06496725996177567,0.6382720034779901,0,32528.978515625,overall
2401234,4,4,white border between white and blue painted wall,1740,0.034677933673469385,0.009404411923098899,0.024240896258835184,0.015133064094631152,0,1086.244140625,overall
2401234,5,5,blue painted wall,3999,0.07969945790816327,0.17669587096113362,0.24721253953959357,0.3825057826956739,1,6187.552734375,overall
2401234,6,6,white wall,7424,0.14795918367346939,0.0186773138700748,0.1466146436100038,0.02095544749292834,0,1061.10302734375,overall
2401235,0,0,3 different boats,15128,0.3014987244897959,0.17828739554372872,0.27718361890048876,0.33319953583586726,0,18185.2109375,overall
2401235,1,1,mountains in the distance,2952,0.05883290816326531,0.033647743233472964,0.05892590331047277,0.07273145225959096,0,3643.614013671875,overall
2401235,2,2,dark blue water with waves,1596,0.03180803571428571,0.00510667276638924,0.005497486686305445,0.06702001471268504,0,19456.880859375,overall
2401236,0,2,a protective metal bar on a door,1656,0.03300382653061224,0.013056796291770829,0.030031616381886204,0.0225783454047309,0,1245.0125732421875,overall|part
2401236,1,0,a tan-colored horse,14664,0.2922512755102041,0.18722042628894825,0.3897525482999541,0.2648608784693808,1,9965.091796875,overall
2401236,2,1,padding in the horse holder,2304,0.04591836734693878,0.03674496904751463,0.040682942239585,0.2751573986477322,0,15583.0087890625,overall
2401236,3,3,reflection of sun shining in,1050,0.020926339285714284,0.004302079149518246,0.0069732610034881634,0.01110607419695173,0,1672.299072265625,overall
2401236,4,4,The strap attached to the horse's harness.,2728,0.054368622448979595,0.06854930823390604,0.07750415553352252,0.3723694026644978,0,13106.7001953125,overall
2401237,0,6,Blue and white toothbrush,390,0.007772640306122449,0.001694305035009815,0.0018423072609189196,0.020654810391939605,0,4372.43896484375,overall|small
2401237,1,5,window on batrhoom wall,6669,0.13291214923469388,0.06587655153240769,0.5618003949247651,0.06944484713553381,1,824.3634033203125,overall|part
2401237,2,7,Bathroom window reflection mirrow,3960,0.07892219387755102,0.001700527082789476,0.0026305146819682137,0.004786997130422881,0,7206.3876953125,overall|part
2401237,3,0,Silver hot cold water faucet,1230,0.02451371173469388,0.005575893463186901,0.005882344891652487,0.0966816661803703,0,20216.1640625,overall
2401237,4,1,The towel is pink.,3360,0.06696428571428571,0.0015016662708397506,0.002064312070259017,0.005479330675942557,0,8918.4921875,overall
2401237,5,2,The cabinet is white.,4953,0.0987125318877551,0.014576617989222329,0.032575741603181,0.025703419393273332,0,3908.09326171875,overall
2401237,6,3,green tooth brush holder,1240,0.024713010204081634,0.05541260167417676,0.06626715841042766,0.2527802498109879,0,4730.05810546875,overall
2401238,0,5,steel track on urinal area floor,441,0.0087890625,0.006359651818518279,0.00658847519940062,0.15477180048451672,0,10359.66015625,overall|small
2401238,1,6,Special button for disabled,483,0.009626116071428572,0.015694664361101625,0.01599553210690202,0.45486308032681483,0,13735.0146484375,overall|small
2401238,2,4,handle to a door,2812,0.05604272959183673,0.008161389257471459,0.06816708073783859,0.009186252252136491,0,378.94744873046875,overall|part
2401238,3,0,built-in floor white porcelain urinal,7068,0.1408641581632653,0.13672763581627892,0.20551725778755914,0.29001992640686897,1,9974.154296875,overall
2401238,4,1,a green shelf,3760,0.07493622448979592,0.00010820325590052391,0.00018494574297101864,0.0002606967186674159,0,5300.0390625,overall
2401238,5,2,plastic bag in trash can,1225,0.0244140625,0.025999507793259248,0.029222997719684694,0.1907435078523597,0,7995.78466796875,overall
2401238,6,3,A paper towel dispenser,3904,0.0778061224489796,0.0770691545681592,0.18639946490593096,0.11613676977939293,1,2432.3994140625,overall
2401239,0,3,The nose of the zebra,247,0.004922672193877551,0.004546269684501641,0.004774092743630822,0.0869816922948428,0,4500.22216796875,overall|small
2401239,1,4,Zebra has black and white mane.,348,0.0069355867346938774,0.005468514276524465,0.005717962223875461,0.11138901765319123,0,6779.2294921875,overall|small
2401239,2,5,Roof is made from tree branches.,3036,0.06050701530612245,0.0001569307119085135,0.0005407551754562219,0.00022104463008709732,0,1241.0264892578125,overall|part
2401239,3,0,The shadow of the tree the zebras are under,17171,0.3422154017857143,0.019153145670524025,0.07530113863141921,0.025043366916330585,0,5710.666015625,overall
2401239,4,1,The lone zebra,1035,0.020627391581632654,0.014146756154806555,0.014955875073727195,0.2072870964013436,0,14345.0078125,overall
2401239,5,2,Tips of zebra's ears are black.,1763,0.03513632015306122,0.04030071662335446,0.04435090393672888,0.30618495584142796,0,12171.2080078125,overall
2401240,0,0,part of a short,299,0.0059590242346938774,0.006607537441694429,0.006790590920520957,0.19686108847525607,0,8668.091796875,overall|small
2401240,1,1,part of a sock,32,0.0006377551020408163,1.310589038355925e-05,1.317370291047847e-05,0.0025395697448402643,0,6168.822265625,overall|small
2401240,2,2,part of a white line,165,0.003288424744897959,0.00400669340250081,0.0041087658976439925,0.1388835097804214,0,5577.2900390625,overall|small
2401240,3,3,white baseball cap,270,0.005381058673469388,0.0008750854530722938,0.0009249357640099404,0.015977151305587203,0,4663.9248046875,overall|small
2401240,4,4,Person wearing black shorts.,260,0.005181760204081632,0.014672573510950688,0.01483784726981212,0.5684568551870492,0,9960.931640625,overall|small
2401240,5,5,edge of a racket,108,0.002152423469387755,0.0031704552378350034,0.003190552947276483,0.3348040050930447,0,11333.0927734375,overall|small
2401240,6,6,part of a shade,135,0.002690529336734694,0.008573325273486377,0.008802132362790368,0.24801454897280092,0,3803.846923828125,overall|small
2401241,0,1,black nose of bear,572,0.011399872448979591,0.028280717853400777,0.03043635004906591,0.28536120328036224,0,5362.8837890625,overall|small
2401241,1,5,rock on ground,814,0.016222895408163265,0.0024206439123580707,0.0026175100359520013,0.031181061297142536,0,9696.7666015625,overall|small
2401241,2,2,Right arm of a black bear. ,2409,0.0480110012755102,0.03041720901152315,0.0401600209296258,0.11141141809928264,0,6683.01708984375,overall|part
2401241,3,6,Left side front arm of a black bear. ,3071,0.061204559948979595,0.04335134269905659,0.06333637787796066,0.1207930559601158,0,5856.91015625,overall|part
2401241,4,0,Wooden barricade on ground,5720,0.11399872448979592,0.13506026406931856,0.22374171603640683,0.25415137230933127,0,6497.4287109375,overall
2401241,5,3,Bears ears pointing straight up,2144,0.04272959183673469,0.00610694475467874,0.00789612876191904,0.02624419553955989,0,7125.96728515625,overall
2401241,6,4,Part of a tree trunk to the right of a black bear. ,7104,0.14158163265306123,0.12325027291125394,0.1967916258676061,0.2480124739913253,0,8953.0263671875,overall
2401242,0,5,Black handle on the bottom suitcase. ,851,0.01696029974489796,0.026124559208938383,0.029488884601619823,0.18632121820147254,0,5376.91943359375,overall|small|part
2401242,1,3,Bottom right latch on a brown suitcase. ,350,0.006975446428571429,0.006562460529898575,0.006879527504759857,0.1246408952985491,0,6341.1787109375,overall|small
2401242,2,4,There is a red ribbon on the suitcase,567,0.011300223214285714,0.012927876485077275,0.01310364521022519,0.49077787853422616,0,21236.15625,overall|small
2401242,3,1,The round handle is sticking out,2576,0.05133928571428571,0.0013480667568522503,0.009526991887046985,0.0015677959652420897,0,423.9158020019531,overall|part
2401242,4,0,White tag on a bottom suitcase. ,1092,0.021763392857142856,0.03195698945591035,0.03584886993484083,0.22741864103100676,0,6927.447265625,overall
2401242,5,2,stitches were on the seams of the case,14136,0.2817283163265306,0.037653692639456816,0.1206426770991059,0.051897153654676,0,6080.91748046875,overall
2401244,0,3,the stop sign is red.,880,0.017538265306122448,0.016681292717647882,0.017430354574377725,0.27962540713223544,0,14117.3466796875,overall|small|text
2401244,1,5,and advertising sign,255,0.005082110969387755,0.003357422524418357,0.003668490160796692,0.03808679393693513,0,2647.44677734375,overall|small|text
2401244,2,8,The green street sign.,133,0.002650669642857143,0.004400406629465706,0.004485459231580086,0.18835538132746416,0,5584.99462890625,overall|small|text
2401244,3,1,The side view mirror of the black pickup truck.,84,0.0016741071428571428,0.006167104170661524,0.006360684230681119,0.16849575723920548,0,2225.17626953125,overall|small
2401244,4,4,a billboard in the distance,285,0.00568000637755102,0.0029601414410421814,0.003174356016467968,0.04202180494341934,0,3772.80126953125,overall|small
2401244,5,6,a set of traffic lights,630,0.012555803571428572,0.018355570849785875,0.01874746600350208,0.4675450400700645,0,15711.63671875,overall|small
2401244,6,9,The date is 9/19/2008.,312,0.006218112244897959,0.01126585140952823,0.011708600819906318,0.22954111832838792,0,6116.60009765625,overall|small
2401245,0,0,black socks,210,0.004185267857142857,0.01031099885481783,0.01205001595462631,0.06668279284522646,0,1162.105224609375,overall|small
2401245,1,1,A HUB CAP ON A TIRE,630,0.012555803571428572,0.022075838065982508,0.034631353501829436,0.0573959713890439,0,1044.125,overall|small
2401245,2,2,green tire on board,704,0.01403061224489796,0.011910434197880846,0.012393710135301998,0.23397798971696335,0,13290.6533203125,overall|small
2401245,3,3,the back right wheel,2200,0.043845663265306124,0.04399146425932175,0.04624726510652556,0.47420731977982955,0,22558.22265625,overall|part
2401245,4,4,the right black shoelaces,1470,0.029296875,0.018632333997408948,0.024794949196869438,0.06973818305398331,0,4134.5166015625,overall
2401245,5,5,green and white sneakers on a black skateboard,2610,0.05201690051020408,0.023324605310565818,0.03059049368494438,0.08941915811706777,0,7629.29833984375,overall
2401245,6,6,cement under board,4895,0.09755660076530612,0.01141882358719574,0.16605762294969884,0.01211347570214744,0,357.07763671875,overall
2401246,0,1,section of a boys hair,105,0.0020926339285714285,0.001053544011091069,0.0010748944437674176,0.050369371686662945,0,4920.2822265625,overall|small|part
2401246,1,2,string of wii controller,912,0.018176020408163265,0.056931254682326786,0.060304590055934984,0.5043987474943462,0,7628.13671875,overall|small
2401246,2,3,back of a boy,420,0.008370535714285714,0.015491935336127992,0.015790912549541875,0.45001424153645836,0,11969.2880859375,overall|small
2401246,3,6,the books are on the shelf,363,0.00723453443877551,0.0004630217259295513,0.000497590779531082,0.0066206606294826375,0,4829.8720703125,overall|small
2401246,4,8,the boy looks down,108,0.002152423469387755,0.0009207571199293771,0.0009401282984147746,0.04277501724384449,0,4913.90576171875,overall|small
2401246,5,9,section of a remote,50,0.0009964923469387755,0.0004932810533811174,0.0004953745473162215,0.10452278137207031,0,10549.8740234375,overall|small
2401246,6,4,indians logo on tshirt,1560,0.031090561224489797,0.06442917051463365,0.07813082233724124,0.2686818636380709,0,5364.6396484375,overall|text
2401247,0,0,a green leaf laying on the ground ,475,0.009466677295918368,0.0035541356695455864,0.004562740973264387,0.015823823025352075,0,1647.32470703125,overall|small|part
2401247,1,5,The cat has yellow eyes.,816,0.016262755102040817,0.02118221956083364,0.021882417864883093,0.39830851087383196,0,14853.0087890625,overall|small|part
2401247,2,7,green leaf next to cat,552,0.011001275510204082,0.02623162997183996,0.026658720731878985,0.6208330790201823,0,12855.0751953125,overall|small|part
2401247,3,8,dead brown leaf on the ground ,132,0.0026307397959183672,0.0008419214786611938,0.0008804570390836572,0.018873100930994206,0,2829.49560546875,overall|small|part
2401247,4,2,a small pink nose of a cat,48,0.0009566326530612245,0.00011320556120141074,0.00011365513992248097,0.027822531759738922,0,11750.2958984375,overall|small
2401247,5,4,white paw of cat,405,0.008071588010204082,0.01293715631525868,0.014133880142701708,0.13254232524353782,0,3797.94091796875,overall|small
2401247,6,6,leaves on the ground,4760,0.09486607142857142,0.023254358470248,0.0670081060785045,0.03438893165908942,0,2442.8583984375,overall|part
2401248,0,8,yellow mustard container on door,504,0.010044642857142858,0.0017611833522185392,0.0018367492143571945,0.04105105097331698,0,11264.3193359375,overall|small|part
2401248,1,0,jar of jam,506,0.010084502551020409,0.00762208277952121,0.00906621076384279,0.0456661216826307,0,2548.70068359375,overall|small
2401248,2,1,five beers in fridge,343,0.0068359375,0.004828904709814757,0.0048932200464043354,0.2686804279294028,0,18833.689453125,overall|small
2401248,3,4,jar of pickle relish,120,0.0023915816326530613,0.0023117208683660177,0.0024070407883791567,0.0551563024520874,0,2749.748291015625,overall|small
2401248,4,5,bottle of salad dressing,145,0.002889827806122449,0.00668459629113486,0.006993807357391889,0.13133648839490167,0,2722.950439453125,overall|small
2401248,5,6,There is butter on the shelf,176,0.00350765306122449,0.0038539152731738185,0.004047407460057493,0.07460100542415272,0,3243.996826171875,overall|small
2401248,6,7,carton of eggs at top,192,0.003826530612244898,0.0022772563303902426,0.0023215840826697857,0.10655820369720459,0,8812.5927734375,overall|small
2401249,0,0,wake of a person sailing,25,0.0004982461734693878,0.00014069807385555167,0.0001408651268093408,0.10605874061584472,0,18822.74609375,overall|small
2401249,1,1,hands holding camera to take a photo,224,0.004464285714285714,0.0004086743626851992,0.0004590681791029751,0.003709057079894202,0,1809.815673828125,overall|small
2401249,2,2,a person is skydiving,968,0.019292091836734693,0.028706743809147933,0.0424341033849967,0.08150577545166016,0,1859.2967529296875,overall|small
2401249,3,4,part of tree trunk to left of the woman,845,0.016840720663265307,0.049794945668500006,0.053020319018870936,0.45011271640393863,1,7173.5751953125,overall|small
2401249,4,6,part of coat woman in red boots is wearing,162,0.0032286352040816328,0.0009131399110508928,0.0009621382820222327,0.017614691345779983,0,2965.873046875,overall|small
2401249,5,7,part of scarf woman is wearing,231,0.004603794642857143,0.004266937846261364,0.004347363875742294,0.18741855373630276,0,9958.6064453125,overall|small
2401249,6,8,grass by picnic bench,147,0.0029296875,2.360848470766416e-05,2.406539187190302e-05,0.0012419193374867343,0,7586.08642578125,overall|small
2401250,0,5,Red stop sign on the road,176,0.00350765306122449,0.005941136064146985,0.006020584361363982,0.3104488416151567,0,9075.3642578125,overall|small|text
2401250,1,2,fire hydrant to the right of skateboarder,63,0.0012555803571428572,0.00042974659019058483,0.0004322616361814507,0.0687804903302874,0,10024.4169921875,overall|small
2401250,2,4,Dirty white skate shoes with black accents,510,0.01016422193877551,0.009948117652467628,0.010500983756270612,0.15892298081341913,0,7718.39306640625,overall|small
2401250,3,7,mini van parked in drive way,575,0.011459661989795918,0.018320268681321056,0.018777526685267127,0.4293315323539402,0,13146.8662109375,overall|small
2401250,4,8,Black wheels on the skateboard,210,0.004185267857142857,0.004449268697539459,0.004598216872466256,0.12076665787469773,0,5515.3984375,overall|small
2401250,5,9,Windows with white frames,182,0.003627232142857143,0.0007592464117304754,0.0008101577582920945,0.011937738774896978,0,2681.784423828125,overall|small
2401250,6,0,boy wearing a hooded sweatshirt,3388,0.06752232142857142,0.03501476289292708,0.09074651176041987,0.05393837812799771,0,2013.77685546875,overall
2401251,0,9,The design on the man's shirt,989,0.01971061862244898,0.06985233978889292,0.07317676110957941,0.6059239525404448,0,8189.1953125,overall|small|text
2401251,1,5,black beard on man's face,816,0.016262755102040817,0.008379268358250707,0.011462324758962162,0.030211640339271695,0,2150.759033203125,overall|small|part
2401251,2,0,cell phone in man's pocket,952,0.018973214285714284,0.016922247912044833,0.021234796963385837,0.07691545246028099,0,3448.279296875,overall|small
2401251,3,4,white wii remote control,360,0.007174744897959184,0.006284496543644275,0.006646817731128032,0.10337198045518663,0,5598.75634765625,overall|small
2401251,4,7,drawer in desk without cover,480,0.009566326530612245,0.015631678423065537,0.01628715132058116,0.2797542572021484,0,8244.6611328125,overall|small
2401251,5,8,The man's glasses,420,0.008370535714285714,0.0020586475536649874,0.0025672107073562746,0.01028510502406529,0,1682.6605224609375,overall|small
2401251,6,1,black office chairs,2448,0.04878826530612245,0.0356072169162574,0.038417577263196924,0.32739197974111517,0,20861.689453125,overall
2401252,0,0,Arm band is red and green.,846,0.01686065051020408,0.023583680093397008,0.026995197982836755,0.15726786584155217,0,4928.60302734375,overall|small|part
2401252,1,3,left hand of a girl,1386,0.027622767857142856,0.0003172900154013365,0.00045674344049769297,0.0010381221427201881,0,3150.208984375,overall|part
2401252,2,1,a white wii remote,3956,0.07884247448979592,0.08212807861985544,0.1230299869417022,0.19809810071430264,0,6369.79736328125,overall
2401252,3,2,an asian young child,17667,0.3521006058673469,0.32521573189757247,0.4940791905049273,0.48758725881940906,0,17434.865234375,overall
2401253,0,0,empty white beach chairs,546,0.010881696428571428,0.0052728135281425725,0.005770363852222011,0.05762767791748047,0,5452.8125,overall|small
2401253,1,1,blue beach chair in sand,630,0.012555803571428572,0.016933234205481585,0.01885018540525758,0.14274319845532615,0,4770.6806640625,overall|small
2401253,2,3,yellow umbrella on beach,342,0.006816007653061225,0.0029334316060266657,0.003031209115545957,0.08335894311380665,0,9405.078125,overall|small
2401253,3,4,yellow umbrella on beach,90,0.001793686224489796,0.0006214337835501232,0.0006269908356360583,0.06552108658684624,0,9405.078125,overall|small
2401253,4,7,blue beach chair in sand,738,0.014708227040816327,0.015568721911274572,0.017701533639415727,0.1144286778561145,0,4770.6806640625,overall|small
2401253,5,8,A person standing on the beach.,198,0.003946109693877551,0.00905893000160138,0.009232758166924022,0.3248528374565972,0,6966.59228515625,overall|small
2401253,6,9,yellow umbrella on beach,418,0.008330676020408163,0.00423118987337661,0.00440062133013353,0.09901480241255327,0,9405.078125,overall|small
2401254,0,5,A small gray logo over the man's chest on the left side,72,0.0014349489795918368,0.00024101441407584117,0.00024271634537986002,0.03322947025299072,0,9857.275390625,overall|small|text
2401254,1,9,Man wearing yellow shirt.,660,0.013153698979591837,0.016167810371354358,0.017536858978115747,0.17156954678622158,0,6457.02294921875,overall|small|text
2401254,2,1,Man has dark hair.,783,0.015605070153061224,7.551798314926148e-06,9.051034529001825e-06,4.558886090914408e-05,0,3943.8671875,overall|small|part
2401254,3,2,The man's thick metal bracelet,84,0.0016741071428571428,7.998882933164725e-07,8.202464163646057e-07,3.22271537567888e-05,0,3300.326416015625,overall|small
2401254,4,4,metal railing along sidewalk.,420,0.008370535714285714,0.007199334471027735,0.007576898490524486,0.12623705182756698,0,6997.5283203125,overall|small
2401254,5,6,grass on the ground.,230,0.004583864795918368,0.004189564708360238,0.0042876454732115364,0.15479772816533627,0,8303.736328125,overall|small
2401254,6,7,metal pole on sidewalk.,272,0.005420918367346939,0.013237008815626379,0.013378090849153444,0.5565799825331744,0,11316.2451171875,overall|small
2401255,0,1,hood of car is white.,264,0.0052614795918367345,0.0044176768734359795,0.004510486830163879,0.17674836245450107,0,10345.12890625,overall|small
2401255,1,2,Statue on the right side of the stairs,945,0.018833705357142856,0.03237957446417031,0.03702787148221146,0.20504476557333004,0,5233.01220703125,overall|small
2401255,2,3,metal parking meter,1003,0.019989636479591837,0.020861405135103685,0.022221072955637786,0.254253520566231,0,11476.326171875,overall|small
2401255,3,4,Woman walking in the street,390,0.007772640306122449,0.0017896947842024362,0.0018726809851735255,0.03881880442301432,0,8084.31005859375,overall|small
2401255,4,5,two people leaving building,154,0.0030691964285714285,0.003638554150975348,0.003718131192361215,0.14530396151852298,0,6018.294921875,overall|small
2401255,5,6,statue of religious figure,300,0.005978954081632653,0.0042617385201053634,0.0044578726321290825,0.08830974578857421,0,5942.9521484375,overall|small
2401255,6,7,the hub caps are circles.,99,0.0019730548469387753,0.004991151380960534,0.005126205348773566,0.15927368703514638,0,3075.97802734375,overall|small
2401256,0,5,logo on the arm of a baseball uniform ,210,0.004185267857142857,0.003822077725261012,0.0038868338318966897,0.18660254705519902,0,10081.865234375,overall|small|text|part
2401256,1,2,left hand giving a signal ,364,0.007254464285714286,0.008212869532664199,0.0125880712356251,0.023084113886068156,0,667.50634765625,overall|small|part
2401256,2,3,The mitt is black.,1000,0.01992984693877551,0.00384334708960728,0.004973893218792234,0.01662783432006836,0,3343.02197265625,overall|small
2401256,3,4,baseball cap on player,744,0.01482780612244898,0.0038601021986787607,0.003973165017181851,0.1194459956179383,0,22367.009765625,overall|small
2401256,4,6,pocket on left side,324,0.0064572704081632655,0.0005269136908140683,0.0006205285129272025,0.0034805061640562833,0,1817.2960205078125,overall|small
2401256,5,0,name and number of baseball player,1375,0.027403539540816327,0.012698556058729434,0.01470656973445206,0.08508980490944602,0,7955.52490234375,overall|text
2401256,6,1,bright green grass of baseball field,7238,0.14425223214285715,0.019999663159207523,0.055593140670010956,0.03029108693106262,0,3943.77587890625,overall
2401257,0,1,text reading'09,40,0.0007971938775510204,0.007864200261907116,0.007921649537507833,0.5202434062957764,0,2626.94482421875,overall|small|text
2401257,1,2,arm of a human in back,7315,0.14578683035714285,0.2820136909842425,0.3654807805150457,0.5525456708176691,1,11059.0537109375,overall|part
2401257,2,0,The plate is white.,29104,0.5800382653061225,0.13123813785052307,0.574841820488981,0.14534614818839334,0,7358.814453125,overall
2401258,0,8,man with grey hair,459,0.00914779974489796,0.0005658443800158475,0.0006710389231874616,0.003596555173786637,0,2460.093994140625,overall|small|part
2401258,1,4,black backpack on a woman,444,0.008848852040816327,0.004708696888729336,0.0048953299078320885,0.10993048521849486,0,9970.55078125,overall|small
2401258,2,6,dark purple backpack,468,0.00932716836734694,0.010677925014958338,0.011060704631871502,0.23579339899568477,0,9976.87890625,overall|small
2401258,3,0,tan duffel bag in middle,1960,0.0390625,0.013489645024290954,0.015024552583252587,0.11664238754583865,0,15216.365234375,overall
2401258,4,1,blue instrument case,1386,0.027622767857142856,0.0062298806246718404,0.007126232884542728,0.04719179602068396,0,9178.4580078125,overall
2401258,5,2,man wearing blue shorts,1520,0.030293367346938774,0.003979350995484244,0.006318136418894878,0.010635724820588765,0,2558.713623046875,overall
2401258,6,3,large round white column,2352,0.046875,0.0027662912277538025,0.010720445458261627,0.0037145014522837944,0,814.9388427734375,overall
2401259,0,2,a green carrot leaf,432,0.00860969387755102,0.007957202614715986,0.013801791793055669,0.018444077836142644,0,577.3048706054688,overall|small|part
2401259,1,6,a green carrot leaf,256,0.00510204081632653,0.0013664336096340145,0.0019696733316546078,0.004441804718226194,0,577.3048706054688,overall|small|part
2401259,2,3,brown spots on carrots,338,0.0067362882653061226,0.006668063629384626,0.006872708892414141,0.1829645281007304,0,8998.2001953125,overall|small
2401259,3,5,an unpeeled orange carrot,910,0.018136160714285716,0.006313913529939467,0.012145838412161773,0.012978981353424408,0,972.42138671875,overall|small
2401259,4,0,large carrots are toward the bottom,7208,0.14365433673469388,0.06497308372434195,0.09838111532203618,0.160605512104606,0,11766.9384765625,overall
2401259,5,1,The umbrella is yellow and red,17280,0.34438775510204084,0.1899539765423668,0.39984257101801496,0.26571372703269674,0,11483.3525390625,overall
2401259,6,4,purple carrots on the table,1280,0.025510204081632654,0.0043832633551787285,0.004717673633127311,0.05823554396629334,0,15800.4775390625,overall
2401260,0,1,red pasta on a white dish on a table,768,0.015306122448979591,0.019186251343185374,0.01934189630940171,0.7045146624247233,0,27973.84765625,overall|small
2401260,1,0,broccoli rabe,33790,0.6734295280612245,0.20054860859187357,0.6316017816693872,0.22711549043725954,0,12150.4287109375,overall
2401261,0,0,person is flying a kite,252,0.005022321428571429,0.005582105648922854,0.0057029056404888446,0.20856543949672154,0,9216.08984375,overall|small
2401261,1,5,wave in the ocean,310,0.0061782525510204085,0.01148642766902525,0.013332921154603381,0.07658756009994015,0,1780.7158203125,overall|small
2401261,2,7,white wave in ocean,276,0.005500637755102041,0.006931079822075235,0.007742927552531116,0.062005713366080024,0,2210.220458984375,overall|small
2401261,3,8,bird next to bird,12,0.00023915816326530612,9.685467932331932e-05,9.68964742058528e-05,0.18337086836496988,0,22709.29296875,overall|small
2401261,4,1,white cloud in grey sky,2440,0.04862882653061224,1.5753307471666847e-05,2.082693236007229e-05,6.466222102524804e-05,0,7575.56689453125,overall
2401261,5,2,flock of birds flying above the ocean,1944,0.038743622448979595,0.0352335183563271,0.052714051743140665,0.09604495641135384,0,3541.96630859375,overall
2401261,6,3,huge kite in the air,2968,0.05915178571428571,0.0017605702912932876,0.003417548312073677,0.003618071342735599,0,3142.14599609375,overall
2401262,0,1,the hand of the woman,40,0.0007971938775510204,0.0057445333481027355,0.006324701692687054,0.058933353424072264,0,372.7186279296875,overall|small|part
2401262,1,2,part of a building,21,0.0004185267857142857,0.00271031998457778,0.0027162872381570253,0.5523192541939872,0,4270.05810546875,overall|small
2401262,2,3,edge of a building ,70,0.0013950892857142857,0.005235009783910778,0.005308448777221324,0.27452452523367743,0,3620.02490234375,overall|small
2401262,3,4,a kite in the sky,448,0.008928571428571428,0.00012431590115429672,0.00013417482115503723,0.0016890177503228188,0,5639.5078125,overall|small
2401262,4,6,a lady pointing to something,304,0.006058673469387755,0.016367430405227708,0.01672922530897772,0.4307904494436164,0,7828.234375,overall|small
2401262,5,7,part of sea water,140,0.0027901785714285715,5.8493970699709886e-05,5.8791600389170746e-05,0.011422491925103324,0,27200.294921875,overall|small
2401262,6,8,A person's knee.,72,0.0014349489795918368,0.0008309542724273266,0.000878273336677326,0.015188806586795382,0,1245.1636962890625,overall|small
2401263,0,0,the color light brown,60,0.0011957908163265306,3.994274840822482e-05,4.012810978847966e-05,0.008572908242543538,0,12818.30859375,overall|small
2401263,1,1,black arch design on bed,330,0.006576849489795918,0.015218920773382804,0.015548953277554857,0.4175939386541193,0,8862.71875,overall|small
2401263,2,3,brownish red carpeted floor,198,0.003946109693877551,0.0006498485128011785,0.0006621587752783172,0.03377423864422423,0,10099.23828125,overall|small
2401263,3,5,pastel colored lamp with a white shade,575,0.011459661989795918,0.005149656927628043,0.005543112139024215,0.06764242421025815,0,7016.70703125,overall|small
2401263,4,6,the white bed skirt,280,0.005580357142857143,0.0031503406025340432,0.0032703197230877674,0.07907954624720982,0,6770.67529296875,overall|small
2401263,5,8,vent above the bed,374,0.007453762755102041,1.8283889179193654e-06,2.1002948077258216e-06,1.4122906713721586e-05,0,2514.869384765625,overall|small
2401263,6,9,small table on the headboard,186,0.003706951530612245,0.005483224279150346,0.005937834788733495,0.06683200405490014,0,2093.482421875,overall|small
2401264,0,0,shadow cast on white plate,648,0.012914540816326531,0.0004464395787422137,0.0015900904494769612,0.0006203282578491871,0,252.79864501953125,overall|small
2401264,1,3,a splash of gravy on the side of the plate,378,0.007533482142857143,0.0041411922826728766,0.0052132460562259696,0.019740498255169582,0,1431.3363037109375,overall|small
2401264,2,5,red plate with food,888,0.017697704081632654,0.014270068146886349,0.0149487785742643,0.23913990055118595,0,14205.5908203125,overall|small
2401264,3,8,a red bowl with food inside it,594,0.011838329081632654,0.007831830847994157,0.008145058511254183,0.16919790454183764,0,12339.2060546875,overall|small
2401264,4,1,Shiny light green piece of broccoli on the bottom left. ,5082,0.10128348214285714,0.032948667206769006,0.06981429353933243,0.05873188377599555,0,4275.27685546875,overall
2401264,5,2,some cooked broccoli,4000,0.07971938775510204,0.09096494586400469,0.1244236183876325,0.2527686767578125,0,8126.0673828125,overall
2401264,6,4,Pile of thin sliced carrots on the top of the photo. ,5488,0.109375,0.01127448137527524,0.01755841116595269,0.030540772151668984,0,9545.724609375,overall
2401265,0,1,white sign on building,429,0.008549904336734694,0.016094583589133005,0.016568116136995464,0.360254959070877,0,9328.1201171875,overall|small|text
2401265,1,7,red letter on sign.,144,0.0028698979591836736,0.0048550130018520585,0.005040623650576613,0.11648872163560656,0,3327.83740234375,overall|small|text
2401265,2,2,street light on pole.,120,0.0023915816326530613,0.0008728353603132923,0.000895592127030954,0.0332096536954244,0,4449.7470703125,overall|small
2401265,3,3,a blue pickup truck,676,0.013472576530612245,0.013152234429785492,0.013558986353945276,0.3047960721529447,0,15195.984375,overall|small
2401265,4,4,wood beam of garden bed,917,0.018275669642857144,0.00842897477725705,0.014359837391287227,0.02000011248572962,0,1277.180419921875,overall|small
2401265,5,5,stop lights over road,468,0.00932716836734694,0.002238352449529028,0.0023235231413591966,0.05754978636391143,0,11591.578125,overall|small
2401265,6,6,yellow paint on curb,400,0.007971938775510204,0.0005709858108731293,0.000616262131014598,0.007711830735206604,0,5005.55224609375,overall|small
2401266,0,1,the eye of a giraffe,72,0.0014349489795918368,0.00323525896302603,0.0034603562723362243,0.04737835791375902,0,985.8065185546875,overall|small|part
2401266,1,2,back leg of a giraffe,234,0.00466358418367347,0.001309560874677506,0.0013234271079326878,0.11110137874244624,0,19644.2421875,overall|small|part
2401266,2,3,front leg of a giraffe,60,0.0011957908163265306,0.0008099794188765147,0.0008130678889505927,0.17575701077779135,0,12969.9140625,overall|small|part
2401266,3,6,tail of a giraffe,40,0.0007971938775510204,0.0016550794791692178,0.001663441522164125,0.247691011428833,0,5956.10986328125,overall|small|part
2401266,4,9,branch of a tree,156,0.0031090561224489796,0.0008832622789969776,0.0009058345374615426,0.03423231075971554,0,5895.3818359375,overall|small|part
2401266,5,4,neck of a giraffe,297,0.005919164540816327,0.006113132266623468,0.007338938739656483,0.03530727091060343,0,1428.852294921875,overall|small
2401266,6,7,part of a grass,336,0.006696428571428571,0.013329415918887722,0.014495153663926078,0.14217740013485863,0,3295.695068359375,overall|small
2401267,0,0,a field of tall grass,30459,0.6070432079081632,0.11774919965286365,0.24854361125311666,0.18284249998461047,0,22407.333984375,overall
2401267,1,1,the trees are green,16568,0.3301977040816326,0.007247398969076372,0.01868916292707178,0.011699519947149626,0,10371.66015625,overall
2401268,0,2,Knob of cotton ball container top,117,0.002331792091836735,0.0006299023059311618,0.0006716493876237372,0.010032533580421383,0,1747.6475830078125,overall|small
2401268,1,5,Silver fixtures on sink.,957,0.019072863520408163,0.028421141527675737,0.030851645441673185,0.2651188610240334,0,8223.83203125,overall|small
2401268,2,7,Cotton balls inside of container.,540,0.010762117346938776,0.01101275992111965,0.01287575298589447,0.07072936870433666,0,2966.33984375,overall|small
2401268,3,0,Black and white keyboard,7392,0.14732142857142858,0.11174395316238767,0.17226749881023992,0.24130665172230115,0,10354.470703125,overall
2401268,4,1,a medical chart lying open,12740,0.25390625,0.14181270299464452,0.30455607877150714,0.2097277199641876,0,8773.19921875,overall
2401268,5,3,Wooden tongue depressors in container.,2535,0.05052216198979592,0.026544968173294724,0.029989260800690996,0.18773514787120932,0,15869.30078125,overall
2401268,6,4,Water bottle sitting on desktop,1127,0.0224609375,0.011947275490004797,0.01774303031192647,0.03528465331922936,0,2241.20703125,overall
2401269,0,7,yellow shirt on boy's torso.,48,0.0009566326530612245,0.0019031610124631458,0.0019250955006706791,0.14312564333279928,0,3568.670166015625,overall|small|text
2401269,1,0,clear blue sky above.,714,0.014229910714285714,9.908089549740548e-07,1.2088328445087e-06,5.49350729530432e-06,0,3244.753173828125,overall|small
2401269,2,2,pattern on woman's dress.,289,0.0057597257653061226,0.006953086868186473,0.009306562042427137,0.026759469385378088,0,830.9713745117188,overall|small
2401269,3,3,The brown pants the boy is wearing.,180,0.003587372448979592,0.0008145638054747992,0.0008292231467794971,0.044047220547993975,0,9561.3583984375,overall|small
2401269,4,4,umbrella behind the boy.,75,0.0014947385204081632,0.0013833794922853578,0.0013976142796297748,0.11958218892415365,0,6417.1240234375,overall|small
2401269,5,6,yellow bag near inflatable gym.,40,0.0007971938775510204,0.0004836671353016613,0.00048425452241671605,0.2850736856460571,0,23547.42578125,overall|small
2401269,6,8,bracelet on woman's wrist.,32,0.0006377551020408163,0.0027255788889780333,0.0027471091722332864,0.2580304741859436,0,3005.696044921875,overall|small
2401270,0,1,herd of zebras walking behind other zebras,232,0.004623724489795918,0.002015150935613505,0.0020615162721620305,0.08223078168671706,0,9254.130859375,overall|small
2401270,1,0,large group of zebras walking,12627,0.2516541772959184,0.18654788213560078,0.38852941899348276,0.2640789500549418,1,8582.42578125,overall
2401270,2,2,herd of zebras in the lower field,3680,0.07334183673469388,0.04027711449786825,0.05596965432455835,0.1256096715512483,0,8258.8251953125,overall
2401270,3,3,bunch of low bushes in background,3393,0.06762197066326531,0.0058418768656748775,0.010422856916285738,0.013117355405142481,0,4270.15234375,overall
2401270,4,4,tall brown grass covering the ground,2993,0.059650031887755105,0.005219294148800785,0.0062968897636893366,0.029596106328177205,0,14067.4443359375,overall
2401271,0,0,Dog's long furry pointy tail,854,0.017020089285714284,0.030864635262554434,0.03515545019642429,0.20183879486012515,0,4903.08984375,overall|small|part
2401271,1,1,Dog's big red tongue,260,0.005181760204081632,0.005786176200815276,0.005876844729597202,0.2727492112379808,0,12066.814453125,overall|small
2401271,2,2,a dog collar ,800,0.01594387755102041,0.05374891067541233,0.06200471976509871,0.28758575439453127,0,3710.50146484375,overall|small
2401271,3,4,The dog's nose is black.,140,0.0027901785714285715,0.0010011194518911657,0.0010231103130441004,0.044503603662763326,0,6089.76806640625,overall|small
2401271,4,7,Dog's brown back left paw,420,0.008370535714285714,0.004663365374278667,0.00496774682991281,0.0707268169948033,0,5979.625,overall|small
2401271,5,5,Dog's brown left front leg,2254,0.044921875,0.004020394950729521,0.0046839766203588965,0.027595360932777493,0,13279.302734375,overall|part
2401271,6,3,The circle designed curtain.,5896,0.1175063775510204,0.025811831785930803,0.06093780319628939,0.04286005441983972,0,4146.8984375,overall
2401272,0,0,Tail of a smaller zebra. ,204,0.004065688775510204,0.0040610913003554594,0.004156006308290568,0.15097485336602903,0,7410.68896484375,overall|small|part
2401272,1,1,Back two legs of a larger black and white zebra. ,612,0.012197066326530613,0.0067481665819271565,0.007383977117931803,0.0726742775611628,0,6023.4013671875,overall|small|part
2401272,2,3,front leg of a zebra,87,0.0017338966836734694,0.0005572593522966109,0.0005633140050500049,0.049290854355384564,0,7612.6357421875,overall|small|part
2401272,3,5,head of a zebra,90,0.001793686224489796,0.0020626467437596546,0.002068988772408217,0.40223799811469185,0,17497.15625,overall|small|part
2401272,4,4,Light colored rock in between two zebras. ,234,0.00466358418367347,0.0019758699448431554,0.0020581535839786272,0.04709473634377504,0,5354.3955078125,overall|small
2401272,5,6,A dark grey rock beside the grazing deer,240,0.0047831632653061226,0.006045364150570416,0.00663698522668528,0.06351146697998047,0,2296.637939453125,overall|small
2401272,6,7,The shadow of the little zebra,416,0.008290816326530613,0.01699948176213185,0.01846198341081356,0.1766796478858361,0,3981.08544921875,overall|small
2401273,0,1,the dog's eyes are black,3111,0.062001753826530615,0.06613372064088889,0.08139858876051846,0.2607117385888782,0,9964.2294921875,overall|part
2401273,1,0,a black skateboard under the dog,15456,0.3080357142857143,0.02976150770494485,0.05233835438778141,0.06454110787275168,0,19059.5859375,overall
2401274,0,1,cheese mixed with carrots,598,0.011918048469387755,0.006796357083719446,0.00699259749792595,0.1949593534437709,0,16672.73046875,overall|small
2401274,1,6,A leaf of spinach.,2337,0.046576052295918366,0.00278625909891326,0.04991364951316535,0.0029423052192397436,0,137.76126098632812,overall|part
2401274,2,0,the salad has spinach ,4736,0.09438775510204081,0.03224128616710031,0.07227885240623375,0.05500299866135056,0,3604.016845703125,overall
2401274,3,2,Two pieces of broccoli. ,2337,0.046576052295918366,0.04101205914575311,0.045941714401476715,0.2765210159425813,0,14066.29296875,overall
2401274,4,3,the table is made of metal,1144,0.022799744897959183,0.04368462041790155,0.04728912910923777,0.36431964794238964,0,8813.4775390625,overall
2401274,5,4,A sliver of carrots.,2448,0.04878826530612245,0.02380949320939817,0.048626217571324376,0.044573179257461445,0,2243.95703125,overall
2401274,6,5,the rim of a table,1189,0.02369658801020408,0.004645826108872047,0.005809901687825728,0.02266185237541231,0,4637.76220703125,overall
2401275,0,5,an exit sign,200,0.003985969387755102,0.0011280246970728817,0.001174843277735884,0.027526936531066894,0,4686.06103515625,overall|small|text
2401275,1,3,a tennis player's left shoe,551,0.010981345663265306,0.0005628502316616375,0.0006553734806288392,0.003971026726945991,0,3338.60888671875,overall|small|part
2401275,2,4,a tennis player's right shoe,320,0.006377551020408163,0.00012691302173651855,0.00013473615371666412,0.0021810289472341537,0,5179.97021484375,overall|small|part
2401275,3,2,blue tennis shorts,855,0.017040019132653062,0.00036542367567627304,0.00040530398594806335,0.0037000631031237153,0,7805.3857421875,overall|small
2401275,4,6,2 men are sitting in first row,864,0.01721938775510204,0.02723519791421711,0.02834872512151901,0.4094605975680881,0,12479.3603515625,overall|small
2401275,5,8,a long black umbrella,312,0.006218112244897959,0.009595313790538339,0.009696988014923417,0.4778436024983724,0,15374.5888671875,overall|small
2401275,6,9,green plants behind the barrier fence,806,0.016063456632653062,0.01122647508385756,0.017921908101811577,0.02917363566737021,0,1312.022705078125,overall|small
2401276,0,0,surfer walking in the water,2907,0.057936065051020405,0.009814527060152985,0.01108224266355936,0.07901805120519974,0,20727.345703125,overall
2401276,1,1,the ship has a white sail,2397,0.047771843112244895,0.015241124132132603,0.019795716043392052,0.06212732142391531,0,7522.798828125,overall
2401276,2,2,white wave moved by the wind,3568,0.07110969387755102,0.0415302274724224,0.07350454497712362,0.08715169419087637,0,4230.44921875,overall
2401277,0,7,round logo on surfboard,456,0.009088010204081632,0.015026724081501316,0.015487601111446217,0.33553381133497806,0,9879.0908203125,overall|small|text
2401277,1,3,boy has brown curly hair,999,0.019909917091836735,0.019725676885898297,0.028846632318113186,0.05872247980402277,0,2033.6431884765625,overall|small|part
2401277,2,1,ripple in ocean water,390,0.007772640306122449,0.004894477878758861,0.005882408542111994,0.028317788931039662,0,1877.45166015625,overall|small
2401277,3,2,dirt spots on surfboard,882,0.017578125,0.012179033868269538,0.013018283963010038,0.15889966623042445,0,10765.58984375,overall|small
2401277,4,0,wetsuit bottoms of kid,3204,0.06385522959183673,0.024801473654053434,0.030730186448033766,0.11390959397981527,0,11876.4765625,overall
2401277,5,4,dark blue ocean water,4028,0.08027742346938775,0.05168057294997915,0.07794526850916163,0.1329766797214421,0,6871.8740234375,overall
2401277,6,5,dark blue ocean water,2968,0.05915178571428571,0.05761459401834901,0.07800445735340743,0.18060539225041064,0,6871.8740234375,overall
2401278,0,1,pencil holder on shelf,224,0.004464285714285714,0.014403449229952075,0.014776599479518166,0.36320771489824566,0,5505.9033203125,overall|small
2401278,1,3,section of a shelf,738,0.014708227040816327,0.006823577041143511,0.008199311791464041,0.03907891663755505,0,3517.397705078125,overall|small
2401278,2,4,part of a drawer ,160,0.0031887755102040817,0.003110615327614084,0.0031839151130758758,0.11903235912322999,0,5981.68505859375,overall|small
2401278,3,6,section of a brown surface,299,0.0059590242346938774,0.0022496423855728276,0.0022920188948726927,0.10847730859864914,0,14151.1552734375,overall|small
2401278,4,7,red basket on top of dresser,900,0.01793686224489796,0.0004371545984165414,0.000462687713457195,0.007859454684787326,0,15287.869140625,overall|small
2401278,5,8,part of a wooden floor,180,0.003587372448979592,0.0006681981444658276,0.0006974599960677528,0.015676909022861056,0,4045.885986328125,overall|small
2401278,6,9,unsolved Rubik's cube,96,0.001913265306122449,0.002052191309897878,0.0021645926017596286,0.038018032908439636,0,1686.1053466796875,overall|small
2401279,0,1,Flower centerpiece on table,512,0.01020408163265306,0.014190001402094534,0.014256148373840729,0.7535890936851501,0,27064.646484375,overall|small
2401279,1,0,Smiling couple,33166,0.6609933035714286,0.286147742321314,0.933233242912697,0.2921281925107791,1,10381.888671875,overall
2401280,0,1,circular red sign with one flat white line,722,0.014389349489795918,0.011668980023162412,0.021190347449607416,0.025312613912566548,0,862.454345703125,overall|small|text
2401280,1,3,red stop sign on a city street,476,0.009486607142857142,0.010300411142057313,0.010941396821081563,0.14953283101570705,0,6505.35107421875,overall|small|text
2401280,2,6,black and white sign with arrow pointing right,143,0.002849968112244898,0.004542890503507581,0.005525780111996206,0.024903965996695566,0,644.4822387695312,overall|small|text
2401280,3,7,"red, white, and black caution sign",418,0.008330676020408163,0.006234604066670514,0.0064798329575421225,0.14143984853936153,0,9123.978515625,overall|small|text
2401280,4,0,metal divider on a pole,702,0.013990752551020409,0.010024877586582496,0.01120231350707584,0.08707337773423589,0,5456.5078125,overall|small
2401280,5,2,small black tire on a car,70,0.0013950892857142857,0.0012686352149415615,0.0012712077175016012,0.38533363342285154,0,21218.68359375,overall|small
2401280,6,4,person driving small white car,460,0.009167729591836735,0.007738800416717949,0.00823440101852111,0.11393087635869566,0,6364.54345703125,overall|small
2401281,0,1,steeple on top of church,330,0.006576849489795918,0.0010486820757660922,0.0010659968436527152,0.06064734025435014,0,18774.560546875,overall|small
2401281,1,0,wintry day in front of the clock tower,26568,0.5294961734693877,0.1727320106772257,0.5744420763088752,0.1980788205912658,1,9161.1640625,overall
2401282,0,5,The text is white.,880,0.017538265306122448,0.033900656688798866,0.03942920290789011,0.19470249522816052,0,4345.46435546875,overall|small|text
2401282,1,7,the black face of the sheep,414,0.00825095663265306,0.015751140251746572,0.015922491939941382,0.5940967504528986,0,15447.0830078125,overall|small|part
2401282,2,0,trough for the sheep.,279,0.005560427295918368,0.0006207838357906216,0.0006276710107179564,0.05354644748045125,0,23801.416015625,overall|small
2401282,3,1,hazy sky in the background.,372,0.00741390306122449,8.429894124600127e-08,1.1068998929165445e-07,3.535685884285598e-07,0,1188.251220703125,overall|small
2401282,4,6,pasture in the distance.,126,0.0025111607142857145,0.0014963491198718068,0.0015477261052658584,0.04313303175426665,0,3511.449462890625,overall|small
2401282,5,8,grass on the ground.,210,0.004185267857142857,0.00010457267944637208,0.00012118641211977634,0.0007622085156894866,0,1320.806396484375,overall|small
2401282,6,3,a tree with green leaves,4264,0.08498086734693877,0.00294180901408352,0.025206382632867376,0.0033194535668750642,0,561.5303955078125,overall|part
2401283,0,6,corner of street sign to exit,156,0.0031090561224489796,0.003975732202946231,0.004203912979927584,0.06824832084851387,0,2532.578125,overall|small|text
2401283,1,7,dust covered ford logo,357,0.007114955357142857,0.015082943203764668,0.01549847689467743,0.3600245884486607,0,8292.994140625,overall|small|text
2401283,2,1,white house with dark roof,165,0.003288424744897959,0.008759099471940849,0.00912932523336554,0.1776240955699574,0,3210.311279296875,overall|small
2401283,3,3,clean spots on dirty SUV,777,0.015485491071428572,0.017171905899163502,0.017557129803497402,0.43903239874919564,0,19429.609375,overall|small
2401283,4,4,a fence alongside a road,912,0.018176020408163265,0.07419718102308391,0.08353412871283689,0.3989712899191338,0,4355.84619140625,overall|small
2401283,5,8,grass and dirt,440,0.008769132653061224,0.001610585112678819,0.0022631480372162865,0.005554630539634011,0,1079.92822265625,overall|small
2401283,6,0,white line on road,1452,0.02893813775510204,0.009924172641316814,0.011092162452521905,0.08613026306320484,0,11274.73046875,overall
2401284,0,0,A number sign,121,0.0024115114795918366,0.0001466213929219483,0.0001497728834375783,0.006919883992061142,0,5590.50439453125,overall|small|text
2401284,1,4,tracks in the snow,425,0.008470184948979591,0.001013621521394883,0.0010393312962908698,0.03936323278090533,0,16096.2861328125,overall|small
2401284,2,1,A man skiing on a road,11832,0.23580994897959184,0.0871281241997248,0.15761459027004188,0.16305872135020497,0,12240.6865234375,overall
2401284,3,2,A clear blue sky,3750,0.07473692602040816,1.752437916390732e-06,8.902770019736608e-06,2.1819291015466054e-06,0,919.0661010742188,overall
2401284,4,3,group of evergreen trees,2522,0.05026307397959184,0.0774444020044098,0.09150025000158564,0.3351703737578063,0,9238.22265625,overall
2401285,0,0,Both people are skiing.,27495,0.5479711415816326,0.2712098234677592,0.4880487266804423,0.3790454088243317,0,21354.125,overall
2401286,0,0,black and white ram face,1517,0.030233577806122448,0.04138526600550121,0.0478923990070203,0.2334785436279458,0,7395.47314453125,overall|part
2401286,1,1,sheep grazing on a dry grassy hillside,25415,0.5065170599489796,0.11031698226833686,0.5714927134330743,0.1202648150083612,1,5348.32763671875,overall
2401286,2,2,A white sheep in the back eating grass,2700,0.053810586734693876,0.06666704776224451,0.08346013153899999,0.2488710304542824,0,8051.1708984375,overall
2401286,3,3,a black sheep eating grass,4108,0.08187181122448979,0.05710880813923708,0.06834941466848235,0.257749860219389,0,15491.521484375,overall
2401287,0,6,the surfer's hair is dark colored,264,0.0052614795918367345,0.0013491943639914342,0.001397663899576806,0.037448330359025436,0,7073.48828125,overall|small|part
2401287,1,7,legs of a man,45,0.000896843112244898,0.00011961794207471552,0.00012138037647015089,0.008170877562628851,0,3029.2333984375,overall|small|part
2401287,2,0,green ocean water,820,0.01634247448979592,0.007510854190245114,0.012986747289571374,0.017501158830596178,0,1105.0457763671875,overall|small
2401287,3,2,back of person,110,0.002192283163265306,0.0022248085634121446,0.002392398973683802,0.03078211871060458,0,1415.32958984375,overall|small
2401287,4,4,back of surf board,20,0.0003985969387755102,0.0003942508471112229,0.00039441084666263625,0.4928640365600586,0,24992.41796875,overall|small
2401287,5,1,"a large, dark rock face",25606,0.5103236607142857,0.08905606545022601,0.2944652585819176,0.11321316407470416,0,9844.748046875,overall|part
2401287,6,3,the shore is rocky,5740,0.11439732142857142,0.050042637791270585,0.14838737669190027,0.0702057788596336,0,2715.737548828125,overall
2401288,0,0,a glass cup is next to bowl,1584,0.031568877551020405,0.01768368953704256,0.032850816313182936,0.03688860662055738,0,1778.694091796875,overall
2401288,1,1,orange pasta,1972,0.03930165816326531,0.03350083304813115,0.036474668820251674,0.2912296194575621,0,15745.3056640625,overall
2401288,2,2,fork to the left of the plate,3925,0.07822464923469388,0.03812015283038857,0.05480581606996278,0.11127673106588376,0,7969.24853515625,overall
2401288,3,3,The edge of a brown plate or tray,1020,0.02032844387755102,0.055366678706304906,0.06551594929188043,0.2633002187691483,1,4099.24951171875,overall
2401288,4,4,green broccoli,1320,0.026307397959183673,0.01486187564512588,0.0222728546828021,0.04275595347086589,0,2533.93017578125,overall
2401289,0,4,Short yellow pole,234,0.00466358418367347,0.0009389163196803845,0.0009584106338961344,0.0441237311077933,0,10772.9951171875,overall|small
2401289,1,5,'sherrif' is written on  trunk,256,0.00510204081632653,0.0013110434988804478,0.0013807538763297915,0.025310585275292397,0,4692.7333984375,overall|small
2401289,2,6,part of a pole,180,0.003587372448979592,0.010301854803521898,0.010439509615926598,0.438604482014974,0,7562.50146484375,overall|small
2401289,3,7,back light of a car,88,0.001753826530612245,0.006399336122919098,0.006438247339476153,0.5142881220037286,1,7029.45263671875,overall|small
2401289,4,8,Short wooden post in the grass,168,0.0033482142857142855,0.0016381421190172008,0.0017284328359996781,0.030405430566696895,0,2955.34326171875,overall|small
2401289,5,9,License plate on a police car,130,0.002590880102040816,0.005195723609255078,0.005234913767658825,0.4096918546236478,0,10173.986328125,overall|small
2401289,6,0,Back tire of the sheriff car.,1152,0.02295918367346939,0.0022200361490024396,0.0025802381189171273,0.01565386520491706,0,6988.98779296875,overall
2401290,0,0,leaves of a tree,245,0.0048828125,0.008277843229091203,0.00851789664363651,0.2270385119379783,0,6530.3017578125,overall|small|part
2401290,1,2,woman's hand holding string,380,0.007573341836734694,0.0021725605626246175,0.0027006396866284164,0.010988561730635794,0,1546.1719970703125,overall|small|part
2401290,2,5,top part of pole with string running through it,320,0.006377551020408163,0.0015036593657907224,0.0015248873566352293,0.09748398065567017,0,20457.166015625,overall|small
2401290,3,6,sky over the colorful fabric,225,0.00448421556122449,0.000245120390727041,0.00026416223619427906,0.003388963010576036,0,2886.546875,overall|small
2401290,4,7,tip of tree,91,0.0018136160714285715,0.0011920842147948223,0.0012018062525957916,0.12843512440775776,0,9725.025390625,overall|small
2401290,5,8,edge of a fence,10,0.0001992984693877551,1.964564899026951e-05,1.9689985672573198e-05,0.008649200201034546,0,4392.68994140625,overall|small
2401290,6,9,part of a fence,56,0.0011160714285714285,0.00027989503742033035,0.0002831952005017962,0.023455132331166948,0,4638.09912109375,overall|small
2401291,0,2,white sign with drwaing,168,0.0033482142857142855,1.4032389879408513e-05,1.6800311720456558e-05,8.516441587181318e-05,0,851.6283569335938,overall|small|text
2401291,1,3,Business name visible through trees,468,0.00932716836734694,0.00035435704471882524,0.0004189733367427436,0.002292391071971665,0,2560.637939453125,overall|small
2401291,2,6,The coin slot on the right meter.,66,0.0013153698979591836,0.001600780369602473,0.001608456785915808,0.2511691758126924,0,10306.2548828125,overall|small
2401291,3,1,a sign about Jesus taped to a parking meter,1225,0.0244140625,0.04114065971105809,0.06083781711959441,0.11274326869419643,0,2270.142333984375,overall|text
2401291,4,0,A row of shops on a city street,2323,0.04629703443877551,0.008475016832504255,0.010246614216179463,0.04672754544715044,0,10593.556640625,overall
2401291,5,4,The pole of a parking meter,2139,0.04262994260204082,0.010280709586552047,0.013184809681148895,0.04459369689741665,0,7234.53125,overall
2401291,6,5,Mud guard on the back of bicycle tire,2303,0.0458984375,0.013818230733903824,0.01554865965129151,0.11044915779435112,0,16359.25,overall
2401292,0,1,A guard rail along the road,510,0.01016422193877551,0.002024354622678805,0.0021443021465802213,0.03492546081542969,0,8306.658203125,overall|small|part
2401292,1,3,rear wheel of a vehicle ,280,0.005580357142857143,0.006745144098699596,0.0070651242879082405,0.12962645121983118,0,5137.263671875,overall|small|part
2401292,2,5,licence plate on a vehicle ,96,0.001913265306122449,0.009506917643783797,0.009651624058768758,0.3880393902460734,0,3859.638671875,overall|small
2401292,3,6,side rear view mirror on a vehicle ,63,0.0012555803571428572,0.0033996021973495185,0.003494595515269303,0.11116159529913039,0,2004.003173828125,overall|small
2401292,4,8,Rock along the train track,841,0.016761001275510203,0.0066490601574326035,0.006921834221653374,0.14436642423396162,0,17540.4609375,overall|small
2401292,5,9,windows on a train car ,345,0.006875797193877551,0.0341118338721435,0.036810634959699745,0.3175331447435462,0,2976.01318359375,overall|small
2401292,6,0,train engine on tracks ,1353,0.026965082908163265,0.046775416524080224,0.05052559990362638,0.38657737218796195,1,10351.9638671875,overall
2401293,0,7,part of a number plate,40,0.0007971938775510204,0.0013854096947048618,0.0013948023987343844,0.17062778472900392,0,4893.24609375,overall|small|text
2401293,1,4,Glasses on man on motorcycle,156,0.0031090561224489796,0.0007661155835998122,0.0007781601597743293,0.04716185728708903,0,9454.6728515625,overall|small
2401293,2,5,Round motorcycle headlight,840,0.016741071428571428,0.020190608052359286,0.02104369446959026,0.3324683053152902,0,13271.119140625,overall|small
2401293,3,6,engine of a bike,336,0.006696428571428571,0.0005073611318715701,0.0005196784747611143,0.020957356407528833,0,13550.0546875,overall|small
2401293,4,8,small circular orange indicator light,240,0.0047831632653061226,0.008551865652352676,0.00897587277250016,0.15328559875488282,0,4098.603515625,overall|small
2401293,5,9,part of a jeans,88,0.001753826530612245,9.780157840129903e-05,0.00010056249416904431,0.0035496408289129085,0,3106.211669921875,overall|small
2401293,6,0,hand on a man,1204,0.023995535714285716,0.029311272979410885,0.04750213595056964,0.07109906903137005,0,1802.09326171875,overall|part
2401294,0,1,a man in a white shirt,345,0.006875797193877551,0.0023815222475070106,0.002575458405876479,0.030656878153483072,0,4106.6953125,overall|small|text
2401294,1,2,a white patch on a pony's head,484,0.009646045918367346,0.010292612826861591,0.010739689038245417,0.19823592950489896,0,8933.7958984375,overall|small|part
2401294,2,0,group of carotts,165,0.003288424744897959,0.007913066120754087,0.00796392767673777,0.553378388375947,0,11465.1259765625,overall|small
2401294,3,4,nose of a horse,54,0.0010762117346938774,0.0006303809713638345,0.00063495547423775,0.08045881765860098,0,6842.64697265625,overall|small
2401294,4,6,pieces of carrot ,208,0.004145408163265306,0.0055483262314367145,0.005938067704945621,0.07794484725365272,0,2730.27001953125,overall|small
2401294,5,8,red lead attached to horse halter,935,0.0186344068877551,0.019816174390767292,0.02088022472661895,0.2799848097530916,0,12537.4990234375,overall|small
2401294,6,9,leg of a small horse ,2175,0.04334741709183673,0.007943693751548577,0.012696125742810076,0.02078058703192349,0,3559.966064453125,overall|part
2401295,0,0,button is on shirt,28728,0.5725446428571429,0.03627111768152078,0.5933682893989686,0.03719566725516047,0,1800.8328857421875,overall|text
2401295,1,1,foliage in the background,1426,0.02841996173469388,0.05976518680660814,0.06456436097364013,0.44568684325144636,0,9843.6572265625,overall
2401296,0,0,An Airplane in a hanger,39537,0.7879663584183674,0.16854679805327283,0.8181654984290652,0.17510608881791107,1,8461.8203125,overall
2401297,0,0,The kite is blue and black,759,0.015126753826530613,0.00024292556037021386,0.00026987948808930297,0.0024264199617509,0,6823.98193359375,overall|small
2401297,1,1,upper part of a kite,176,0.00350765306122449,0.005173003193205019,0.005213641500548454,0.39891711148348724,0,13466.482421875,overall|small
2401297,2,3,ripples of ocean water,144,0.0028698979591836736,0.0026066234724811147,0.0026709199058346043,0.09770176145765516,0,5267.49365234375,overall|small
2401297,3,5,Man hovering over water,120,0.0023915816326530613,0.0015069645559274304,0.0016427125670750652,0.017909467220306396,0,1308.284912109375,overall|small
2401297,4,6,part of a sandy beach,56,0.0011160714285714285,0.0005958477527909045,0.000599619497675388,0.08652933154787336,0,8081.19580078125,overall|small
2401297,5,7,yellow part of a kite,72,0.0014349489795918368,0.0009879797617760866,0.0010006426974228265,0.07241776254442003,0,5210.72998046875,overall|small
2401297,6,2,Kite strings in the sand,10240,0.20408163265306123,0.02430895706922323,0.04799042756577189,0.04694921374320984,0,10017.830078125,overall
2401298,0,5,a red rock in the dirt,42,0.0008370535714285714,0.00016898153521116089,0.00016980849781771646,0.033535046236855645,0,8294.47265625,overall|small
2401298,1,0,some weeds hanging over the street,15184,0.3026147959183674,0.14604932275988272,0.33037263080725615,0.20746385033690892,0,9535.0849609375,overall
2401298,2,1,the street is made of asphalt,6216,0.12388392857142858,0.03653239434624853,0.09064157958490902,0.05766845762039244,0,3954.77587890625,overall
2401298,3,2,the case has white lines,7750,0.1544563137755102,0.016346180829559763,0.03903064342084339,0.02735568335748488,0,5431.79736328125,overall
2401298,4,3,small brown wood pieces,1508,0.03005420918367347,0.009629205211137411,0.016337970292354943,0.022912857703251927,0,2114.8642578125,overall
2401298,5,4,brown dirt next to a suitcase,3318,0.06612723214285714,0.08190073629924365,0.1270121539695659,0.18738381614018235,0,4895.1181640625,overall
2401299,0,0,black rimmed glasses on man's face,624,0.012436224489795918,0.011722067727836466,0.012975463906929545,0.10821754504472782,0,5204.2646484375,overall|small|part
2401299,1,6,a golden door knob,36,0.0007174744897959184,0.00089995065152856,0.0009131203204400102,0.05873331758711073,0,2315.575927734375,overall|small|part
2401299,2,7,part of a door,48,0.0009566326530612245,0.00416883257323698,0.004219428768477664,0.2579711079597473,0,2934.665771484375,overall|small|part
2401299,3,8,edge of a door,105,0.0020926339285714285,0.007556607449712165,0.00758620777851124,0.6594779604957217,0,9127.7734375,overall|small|part
2401299,4,1,part of a silver bangle ,6,0.00011957908163265306,4.595065577756597e-05,4.596234006016077e-05,0.15308469533920288,0,19983.9296875,overall|small
2401299,5,5,part of a beard,70,0.0013950892857142857,0.0010070212178777752,0.0010145453908464556,0.11955156326293945,0,8248.6298828125,overall|small
2401299,6,9,section of a wall a painting,120,0.0023915816326530613,0.002671400329663779,0.0027996884141727615,0.05508760611216227,0,2361.16015625,overall|small
2401300,0,2,The word Travel on the wall behind the girl.,180,0.003587372448979592,0.0021909580488418475,0.002353072521670751,0.030821333991156684,0,2357.700439453125,overall|small|text
2401300,1,1,the shoe is blue,632,0.012595663265306123,0.0038432218303944892,0.004165733373703168,0.047293430642236636,0,7175.07470703125,overall|small|part
2401300,2,3,The pink design on the dress next to the girl's thigh.,253,0.005042251275510204,0.0019330507303749027,0.001976214023172856,0.0813078823768103,0,10409.244140625,overall|small
2401300,3,5,The design on the front of the girl's dress.,247,0.004922672193877551,0.010290274301988577,0.010460988920844643,0.38671516696451164,0,9130.9384765625,overall|small
2401300,4,0,The woman is holding an umbrella.,5885,0.11728714923469388,0.013777436264314541,0.020528189908025508,0.04021079582791259,0,11527.5888671875,overall
2401300,5,4,a dirty red carpet,1769,0.035255899234693876,0.006741816247822579,0.008831913657874838,0.027699114172521994,0,5548.03125,overall
2401300,6,6,pink and white patterned wallpaper,1887,0.037607621173469385,0.07105276130579673,0.09742160085269921,0.2079268204325649,1,4027.422119140625,overall
2401302,0,3,a triangular metal piece on the front of a bench leg,304,0.006058673469387755,0.0012392991972926945,0.0013068699060236493,0.023407942370364542,0,5445.08251953125,overall|small|part
2401302,1,6,woman has polka dotted scarf,960,0.01913265306122449,0.018204763959828257,0.019048323459265253,0.29132283528645836,0,14682.1279296875,overall|small
2401302,2,0,a pair of blue jeans on a woman,2775,0.05530532525510204,0.013835613366675145,0.022057101852277577,0.035790504249366556,0,4502.796875,overall
2401302,3,1,a grey and black speckled floor,2720,0.054209183673469385,0.10475444783146765,0.14878362669106535,0.2614403444177964,0,4779.54296875,overall
2401302,4,2,bench is silver metal,1564,0.0311702806122449,0.04176902595366887,0.04492663987888152,0.37276199223745204,0,12976.705078125,overall
2401302,5,4,a  white wall behind a bench,3783,0.07539461096938775,0.05138944311768524,0.0895020488475025,0.10768527162790362,0,4551.5537109375,overall
2401302,6,5,back of a laptop screen ,1596,0.03180803571428571,0.015746841072769965,0.023143520916124025,0.046956815217670644,0,3238.188232421875,overall
2401303,0,1,section of a snow,126,0.0025111607142857145,0.0028845033330264255,0.0029021974923721314,0.32116705273825025,0,13943.5888671875,overall|small
2401303,1,0,a striped cat,29744,0.5927933673469388,0.26918646279652425,0.63092563786433,0.3194965528762103,0,15062.1640625,overall
2401304,0,0,the eyes of the crow are yellow,60,0.0011957908163265306,0.002117609836318532,0.002179022834809904,0.0698850154876709,0,1924.3033447265625,overall|small|part
2401304,1,4,the elongated beak is gray,400,0.007971938775510204,0.01451014307144206,0.015131895679323158,0.2609783935546875,0,6898.7626953125,overall|small
2401304,2,3,a bird's black tail,3604,0.07182716836734694,0.00399703137288508,0.005658542813649694,0.0134297168744391,0,8553.5625,overall|part
2401304,3,1,bird's feet on top of the wood,3456,0.06887755102040816,0.004393050162564579,0.03914966473557447,0.004923943016264174,0,434.6690368652344,overall
2401304,4,2,the top of the wings have turquoise blue feathers,4453,0.08874760841836735,0.0895270513244369,0.11991695812737661,0.2610486105750337,0,9693.787109375,overall
2401304,5,5,wooden floor surface outdoors,3720,0.0741390306122449,0.016008324719270713,0.027706173058888884,0.03653040239887853,0,4904.794921875,overall
2401305,0,2,A silver toilet paper holder,216,0.00430484693877551,0.004994633587316899,0.005083010778694674,0.22315987834223994,0,9483.0673828125,overall|small
2401305,1,4,A white light switch on the white wall,72,0.0014349489795918368,0.0034526035515867783,0.0035154255686751876,0.16191928916507298,0,3316.295166015625,overall|small
2401305,2,0,rectangular mirror over sink,4680,0.09327168367346939,0.06101420100654986,0.1305862841245453,0.10275533301198585,0,3682.583984375,overall
2401305,3,1,Toilet seat is up.,2275,0.04534040178571429,0.005567532725910679,0.0068270790990583256,0.029293514712826235,0,9761.53125,overall
2401305,4,3,The white wall in the bathroom.,9000,0.17936862244897958,0.008233681854234145,0.05904296238286101,0.00947727796766493,0,1444.634521484375,overall
2401305,5,5,Black tile in the bathroom.,1656,0.03300382653061224,0.002705041843141261,0.003030129491678571,0.024593500699398023,0,13440.6259765625,overall
2401306,0,2,a black hand bag,400,0.007971938775510204,0.013675206618876558,0.0142030533668828,0.2689877128601074,0,7575.48974609375,overall|small|part
2401306,1,6,a man's right shoe,138,0.0027503188775510204,0.0015694588666275305,0.0018862821883814302,0.009257637936135998,0,677.2868041992188,overall|small|part
2401306,2,3,bonnet of a car,190,0.003786670918367347,0.006623427995179172,0.006721095121344915,0.3130925228721217,0,8850.8759765625,overall|small
2401306,3,4,a closed umbrella ,260,0.005181760204081632,0.0054530444210360955,0.005618355245660988,0.15635345165546125,0,7235.55126953125,overall|small
2401306,4,5,part of a road,55,0.001096141581632653,0.0004654619179753703,0.000468155850889387,0.07483536113392222,0,8791.826171875,overall|small
2401306,5,0,a woman's lace stockings ,6545,0.13044084821428573,0.010866528916351387,0.04192157989753308,0.014456791072696835,0,2257.064208984375,overall
2401306,6,1,the umbrella is open,8556,0.17051977040816327,0.0035793788711409803,0.005630186659481741,0.009731026997684373,0,14787.9052734375,overall
2401307,0,1,lower part of a sculpture,132,0.0026307397959183672,0.0012097855151518902,0.001227850736463106,0.07597882819898201,0,8168.09814453125,overall|small
2401307,1,0,Shiny green and blue vase,42174,0.8405213647959183,0.1671905344433666,0.8610491800539475,0.17182644279502773,1,8416.021484375,overall
2401308,0,3,face of a doll,216,0.00430484693877551,8.118909306155157e-05,9.797079415567448e-05,0.00047375361814543056,0,1044.5029296875,overall|small|part
2401308,1,0,This teddy bear is bright green.,806,0.016063456632653062,0.009229445440025906,0.009843625123733797,0.12886130661881592,0,10551.2158203125,overall|small
2401308,2,1,edge of a shelf,65,0.001295440051020408,0.00023874912440600743,0.0002464712727347565,0.0075626336611234225,0,1994.43603515625,overall|small
2401308,3,2,floor of a shop,132,0.0026307397959183672,0.0007702827078730394,0.0008039583938067034,0.018057324669577858,0,2964.788818359375,overall|small
2401308,4,4,hot pink shirts on display,180,0.003587372448979592,0.005599347884411633,0.0056898100482164005,0.260455067952474,0,8239.626953125,overall|small
2401308,5,7,light pink shirts on display,294,0.005859375,0.00767060284999089,0.008053467096997047,0.13893275358239,0,5071.88134765625,overall|small
2401308,6,8,tag on stuffed teddy bear,54,0.0010762117346938774,0.001528408303584846,0.00153013344043384,0.5754873487684462,0,20309.546875,overall|small
2401309,0,0,the girl is carrying a brown purse,1638,0.03264508928571429,0.04241487058694484,0.043543919108852774,0.620610089238019,0,23345.609375,overall
2401309,1,1,a sewage hole closed,10890,0.2170360331632653,0.019375590616172198,0.07317100263475,0.025677425780353248,0,3821.55712890625,overall
2401310,0,1,numbers on the plane,204,0.004065688775510204,0.004427702686559791,0.0044456580800195135,0.5229633929682713,0,23997.466796875,overall|small
2401310,1,3,the nose of the plane,988,0.019690688775510203,0.025424870933681402,0.03375124702782033,0.09343147277832031,0,2735.018798828125,overall|small
2401310,2,5,the afterburner of the plane,496,0.009885204081632654,0.01324227304877058,0.013725086728961989,0.2734891829952117,0,9883.408203125,overall|small
2401310,3,0,one window on fighter jet,1410,0.02810108418367347,0.0046573677571032064,0.007242477459237453,0.012880081826067985,0,2507.5556640625,overall|part
2401310,4,2,cloudy blue skies,4400,0.08769132653061225,0.0001420634822442079,0.003162001103119702,0.00014872429045763882,0,206.95339965820312,overall
2401310,5,4,the jet has a stinger on the left wing,3025,0.06028778698979592,0.01860899834151799,0.024045276534914353,0.07605005689888947,0,9567.4267578125,overall
2401311,0,2,The door opens in,1786,0.03559470663265306,0.005771250518379848,0.015889387551090057,0.008981692964526066,0,1009.5608520507812,overall|part
2401311,1,0,white flowers in a pot,1824,0.03635204081632653,0.0008243573237142757,0.0027473255288083904,0.0011763656348512885,0,781.0108032226562,overall
2401311,2,1,white toilet bowl in a bathroom,2059,0.04103555484693878,0.005015481319579239,0.006428600043061283,0.022307588152077198,0,7144.8408203125,overall
2401311,3,3,Wicker four legged vanity stool ,2275,0.04534040178571429,0.10505408426574984,0.1110257089829828,0.6613828554258242,1,13552.23046875,overall
2401311,4,4,a dark brown stand to hold magazines and toiletries ,2376,0.047353316326530615,0.11199599134586699,0.12161430372114562,0.5861066824659354,1,11450.869140625,overall
2401311,5,5,The floor is made of tile,2100,0.04185267857142857,0.00026113924373098924,0.0005215477838522869,0.000522737843649728,0,2104.791748046875,overall
2401311,6,6,Brass three globe lighting,3195,0.06367586096938775,7.089310396749501e-06,8.69193977719281e-06,3.844774758125508e-05,0,14132.697265625,overall
2401312,0,0,White writing on the side of bike.,132,0.0026307397959183672,0.004007887784154528,0.004031441799949244,0.4068728938247218,0,13322.087890625,overall|small|text
2401312,1,1,extended side view mirror,273,0.005440848214285714,0.004855026532169412,0.005461814386408156,0.04187121408762949,0,2092.865234375,overall|small
2401312,2,4,round headlight turned off,170,0.0033880739795918366,0.00652776622410816,0.00665876095006371,0.24914849225212546,0,6360.82958984375,overall|small
2401312,3,7,The black mark on a cross,77,0.0015345982142857143,0.0002831893236469621,0.00028717455372228787,0.019998443591130243,0,5362.1748046875,overall|small
2401312,4,2,The road the motorcycle is parked on,19401,0.3866589604591837,0.03428242873904552,0.0797537650755372,0.05671870192942696,0,13797.4619140625,overall
2401312,5,3,Multi colored sky beyond artwork.,1849,0.03685028698979592,0.011820776588914592,0.021258424210166205,0.02593587294599699,0,2255.831787109375,overall
2401312,6,5,concrete pillar on bridge,4888,0.09741709183673469,0.1966789360576128,0.2793705742029511,0.39920900535271325,0,6984.75,overall
2401313,0,0,white spot on the floor,260,0.005181760204081632,0.008988811668517843,0.00988020006226643,0.09060527361356295,0,2384.301025390625,overall|small
2401313,1,3,gray edge of wall,648,0.012914540816326531,0.010709151349762426,0.018666811185332158,0.024505559309029284,0,850.6864013671875,overall|small
2401313,2,5,blue line on the dirty floor,609,0.012137276785714286,0.0009181981191153029,0.0009573034551207952,0.02198346769085463,0,13985.044921875,overall|small
2401313,3,1,Two doors in the wall.,5590,0.1114078443877551,0.051305454271338626,0.10061810938252685,0.0947639478980322,0,5264.7626953125,overall
2401313,4,2,The wall has two colors.,7980,0.15904017857142858,0.04560874354974342,0.26852649789612604,0.05207901192189458,0,1547.67041015625,overall
2401313,5,4,small white spots on the wall,1558,0.031050701530612245,0.0051538382702636795,0.010480081169063534,0.010039047956160618,0,1492.4346923828125,overall
2401314,0,1,section of a hill,180,0.003587372448979592,0.004580960034756127,0.0048161714324584815,0.08575558132595486,0,3205.036376953125,overall|small
2401314,1,2,tip of a hill,60,0.0011957908163265306,0.0005858245536128084,0.0005916901177809271,0.055797803401947024,0,5658.14453125,overall|small
2401314,2,4,section of a white cap,12,0.00023915816326530612,8.335125529314613e-05,8.343934624239543e-05,0.07317293186982472,0,10523.5146484375,overall|small
2401314,3,5,a small patch of white snow,315,0.006277901785714286,0.007177058907918007,0.007297203009787179,0.3035793001689608,0,13104.67578125,overall|small
2401314,4,6,back of a man,96,0.001913265306122449,0.0038946204109526197,0.00392569368847839,0.3297736644744873,0,8064.37646484375,overall|small
2401314,5,7,edge of an ocean shore,104,0.002072704081632653,0.001767345331342666,0.001788297815404607,0.131071897653433,0,7622.59912109375,overall|small
2401314,6,8,section of a rocky landscape,162,0.0032286352040816328,0.0005926065775893193,0.0006402846700806666,0.007895472608966591,0,1997.6529541015625,overall|small
2401315,0,7,sign hanging above the blue bus,460,0.009167729591836735,0.0009211947427259184,0.00112741100980589,0.005011053707288659,0,2044.5823974609375,overall|small|text
2401315,1,3,steering wheel on the blue bus,272,0.005420918367346939,0.014295176721995937,0.014483895082447587,0.5231593636905446,0,9824.66015625,overall|small|part
2401315,2,6,bus interior window,228,0.004544005102040816,0.008902498500707448,0.009592383881023491,0.11014860554745323,0,2618.1064453125,overall|small|part
2401315,3,0,The license plate is white.,430,0.008569834183673469,0.010723227667504507,0.011090748007544738,0.24448323804278707,0,9478.873046875,overall|small
2401315,4,1,child in background of blue bus,147,0.0029296875,0.0031738384851494814,0.0031961036446677086,0.3129961701477466,0,14395.7900390625,overall|small
2401315,5,4,part of shadow of the blue bus,738,0.014708227040816327,0.012023579050980194,0.012871084986000213,0.15440717040684812,0,8853.37109375,overall|small
2401315,6,5,man walking in convention building,384,0.007653061224489796,0.03642431566549641,0.03970250932426661,0.30610406398773193,0,2960.617919921875,overall|small
2401316,0,0,Three blue containers full of mushrooms,13104,0.2611607142857143,0.10050147436350466,0.23508290956460307,0.1493365482241825,0,8324.3232421875,overall
2401316,1,1,The box is cardboard.,3420,0.06816007653061225,0.028526534497077354,0.04803367941684226,0.06563249108387016,0,4673.0361328125,overall
2401316,2,2,grey cement ground under the boxes,4750,0.09466677295918367,0.13975121959284825,0.2620138605488685,0.23046887849506578,0,4178.126953125,overall
2401316,3,3,Three red apples on top of an onion ,2967,0.05913185586734694,0.07241586612552729,0.08231797003502876,0.3757826570794363,1,13544.3955078125,overall
2401316,4,4,The table is blue.,3204,0.06385522959183673,0.03248516221068983,0.049515261283106876,0.08629995815167564,0,5584.2392578125,overall
2401316,5,5,potato in a box,1462,0.029137436224489797,0.03261513173783902,0.03636614907231097,0.24023936385169076,0,9658.15625,overall
2401316,6,6,The sidewalk is dirty.,2800,0.05580357142857143,0.023849615767743443,0.03877286710165277,0.05834930419921875,0,4213.72119140625,overall
2401317,0,3,arrows on sign giving directions,782,0.01558514030612245,0.015105249925020995,0.01825272527952705,0.08054247414669417,0,3450.674560546875,overall|small|text
2401317,1,0,yellow traffic light on pole,400,0.007971938775510204,0.004141469862225055,0.004266659199509526,0.1236895751953125,0,11595.91796875,overall|small
2401317,2,5,a person crossing on the street,713,0.01420998086734694,0.0031689003832250243,0.0039937430290354105,0.015111400235083795,0,2697.8271484375,overall|small
2401317,3,6,yellow traffic light on pole,336,0.006696428571428571,0.0020810798110193814,0.0021369334548921952,0.07374912216549828,0,11595.91796875,overall|small
2401317,4,7,the front of a car,135,0.002690529336734694,0.003624796475460775,0.003703223810833104,0.14614393446180557,0,5327.63671875,overall|small
2401317,5,1,vehicle driving on the street,7722,0.1538982780612245,0.11568879436444428,0.20898378145983107,0.20581132147294257,1,7604.77685546875,overall
2401317,6,2,Buildings are in the background.,4746,0.09458705357142858,0.04491666001761903,0.06879943591484268,0.1145678623487213,0,7903.2490234375,overall
2401318,0,1,glass over the cockpit.,30,0.0005978954081632653,0.00019444875761403147,0.0002044819123691423,0.003947342932224274,0,579.12353515625,overall|small
2401318,1,2,black stripe underneath wing.,260,0.005181760204081632,0.0028250141159337798,0.0029024776823772087,0.0957184571486253,0,8574.3291015625,overall|small
2401318,2,4,blue circle with white star,528,0.010522959183673469,0.005147321076445403,0.005747628810261931,0.046968149416374436,0,4314.6806640625,overall|small
2401318,3,5,pilot inside the plane.,42,0.0008370535714285714,0.00041740096437720435,0.0004187065609472224,0.11805771646045503,0,11842.2412109375,overall|small
2401318,4,0,yellow tail with red lion on airplane,1113,0.022181919642857144,0.021717107190201042,0.024863900964610396,0.1464622476994188,0,6556.19091796875,overall|part
2401318,5,3,propeller on the front of a plane,2387,0.047572544642857144,0.052178811164370204,0.056204529513519674,0.4214595160226618,0,17899.337890625,overall
2401318,6,6,clear blue sky,5724,0.11407844387755102,0.0069836429810193725,0.10373442188633439,0.007432085246493315,0,410.0977783203125,overall
2401319,0,1,designer tile border on counter,114,0.002272002551020408,0.00038516643276391904,0.0003884121734402322,0.04406131777847022,0,12932.11328125,overall|small
2401319,1,6,beige wall phone ,200,0.003985969387755102,0.00023740294633373102,0.0002536544506934079,0.0036917200684547426,0,2910.826171875,overall|small
2401319,2,8,A kitchen sink is visible.,759,0.015126753826530613,0.03207827873282097,0.032309648580038104,0.8175039982450181,0,19204.341796875,overall|small
2401319,3,9,metal fixture on wall,44,0.0008769132653061224,2.4955365497063778e-05,2.6029634364475945e-05,0.0006043054163455963,0,1021.5064086914062,overall|small
2401319,4,5,two panel kitchen window,1176,0.0234375,0.004324183005404353,0.008065530843448174,0.009235899464613727,0,1346.6463623046875,overall|part
2401319,5,0,Cabinets are on the wall.,6324,0.1260363520408163,0.00016732753083240195,0.0006429676619704219,0.0002261412663975522,0,2224.24462890625,overall
2401319,6,2,white wall with grey floorboards,3013,0.060048628826530615,0.1823235681284471,0.19830561006740727,0.693465523097826,1,10536.3212890625,overall
2401320,0,0,Two people are surfing,7107,0.14164142219387754,0.06949951772932096,0.08443305971712085,0.2820964366117912,0,23744.95703125,overall
2401320,1,1,A cloud in the sky.,8307,0.16555723852040816,3.978288746186322e-06,2.2279880293039178e-05,4.843041521411977e-06,0,1805.7164306640625,overall
2401320,2,2,Water in the ocean.,3672,0.07318239795918367,0.010012358717964293,0.024502330463986092,0.01664887430361413,0,2495.05517578125,overall
2401320,3,3,Ripples in the water.,5031,0.1002670599489796,0.2035555357760284,0.3686183845930791,0.3125164507397883,0,4265.30615234375,overall
2401321,0,0,a pedestrian directional sign,319,0.006357621173469388,0.0060939391912586014,0.006476094598305446,0.09360299663483909,0,4610.7041015625,overall|small|text
2401321,1,2,train on the track pulling into the station,84,0.0016741071428571428,0.0018216098480996958,0.0018317031430034525,0.24844844000680105,0,11393.5869140625,overall|small
2401321,2,4,outside board posted with train schedules,96,0.001913265306122449,0.00016776994836869316,0.00017138545370278942,0.007890035087863604,0,4419.53125,overall|small
2401321,3,5,the back of a parked van,224,0.004464285714285714,0.003653012669020253,0.0037203591605578508,0.16791476522173202,0,10110.0205078125,overall|small
2401321,4,7,group of people waiting on platform for train,104,0.002072704081632653,0.001143597587693306,0.0011711767528333845,0.046314780528728776,0,4112.73291015625,overall|small
2401321,5,9,A bench sitting in the train station.,180,0.003587372448979592,0.00901878695316133,0.009254944052082438,0.26114429897732205,0,5079.01220703125,overall|small
2401321,6,1,Yellow and white train.,4312,0.0859375,0.031128874442326877,0.04264561337989125,0.10335442396174556,0,10450.4130859375,overall
2401322,0,0,two metal handles to wooden cabinets,224,0.004464285714285714,0.012134426656020504,0.012508687705322675,0.2885403973715646,0,5167.052734375,overall|small
2401322,1,6,Blue Moon beer on counter,264,0.0052614795918367345,0.009018815352711892,0.009201589314401544,0.3122629396843188,0,8959.041015625,overall|small
2401322,2,2,the door is white,2294,0.04571906887755102,0.003247622332792958,0.007545372922742953,0.005669383453927875,0,1723.6478271484375,overall|part
2401322,3,5,white cabinet with glass door,1836,0.03659119897959184,0.15075759523733243,0.18702820846673643,0.4373730096422249,1,4293.56005859375,overall|part
2401322,4,1,Oven,4554,0.09076052295918367,0.06232958798509831,0.09710045778660328,0.1482550646581302,0,6953.14501953125,overall
2401322,5,3,lady is wearing a jacket,8712,0.17362882653061223,0.3400711533675817,0.36017089310843237,0.8590317683224288,1,20778.705078125,overall
2401322,6,4,the man is wearing eyeglasses,1715,0.0341796875,0.021183864844703377,0.03620683302356595,0.04857518499168641,0,2300.8486328125,overall
2401323,0,0,a toilet in the bathroom,20550,0.40955835459183676,0.022542512392219726,0.08538315304058335,0.029718816529805354,0,7152.71875,overall
2401323,1,1,another metal pipe on the wall,2520,0.05022321428571429,0.00455460501562129,0.014462675922545179,0.0066043868897453185,0,1150.759033203125,overall
2401323,2,2,Brown tile wall in bathroom,2365,0.04713408801020408,0.010287853730209068,0.019449949437839145,0.02137300680858136,0,2598.83251953125,overall
2401324,0,1,white plates on top of table,840,0.016741071428571428,0.02529311250704441,0.030634865651460265,0.12667994726271856,0,3473.531005859375,overall|small
2401324,1,2,man wearing grey tie,780,0.015545280612244899,0.013170381340648324,0.014788449263948445,0.10743904113769531,0,5666.75048828125,overall|small
2401324,2,3,two champagne glasses ,171,0.0034080038265306123,0.004360880115409739,0.00441931384504496,0.24801354659231087,0,9596.583984375,overall|small
2401324,3,4,pearl earring on woman's ear,90,0.001793686224489796,0.0011947234324275794,0.0012288431402823704,0.04125363826751709,0,3021.400634765625,overall|small
2401324,4,6,The red flower is a decoration on the cake.,220,0.004384566326530612,0.0011800334056880257,0.0011978352045293752,0.07356048063798384,0,13510.4609375,overall|small
2401324,5,8,pink and yellow ball decorations ,550,0.010961415816326531,0.0028037575822339963,0.003277479078573415,0.019028892517089845,0,3193.274658203125,overall|small
2401324,6,9,The yellow flower is a decoration on the cake.,117,0.002331792091836735,0.0018566348798466851,0.0018717039697239756,0.18739434592744225,0,11713.9990234375,overall|small
2401325,0,0,The woman is wearing a white shirt with black sleeves,363,0.00723453443877551,0.017930629790886745,0.02411874115082514,0.06532124185693494,0,983.1197509765625,overall|small|text
2401325,1,5,The sign on the wall says Claro,504,0.010044642857142858,0.00021943925815697275,0.0005494466359600652,0.0003652225233732708,0,335.0137023925781,overall|small|text
2401325,2,1,a red motorcycle between a blue and black motorcycle,989,0.01971061862244898,0.022714322420146562,0.023311791020338896,0.46984992880671766,0,19933.328125,overall|small
2401325,3,6,blue and black motor bike next to a building,912,0.018176020408163265,0.03130230057326887,0.03695771984393634,0.16982001589055648,0,4190.62255859375,overall|small
2401325,4,2,the building has a window,4620,0.09207589285714286,0.002122901409459478,0.023862803777909437,0.0023247855050223215,0,450.09417724609375,overall|part
2401325,5,3,the motorcycle is red and black,3213,0.06403459821428571,0.030997732517153067,0.034556975643225574,0.2313365396071623,0,21508.951171875,overall
2401325,6,4,black bike next to a red building,1475,0.02939652423469388,0.017338081846208716,0.026101700231500217,0.04910427287473517,0,2774.869140625,overall
2401326,0,3,roof of a house,117,0.002331792091836735,0.0012073251648872503,0.0013378957140902157,0.012219730605427017,0,1068.624755859375,overall|small
2401326,1,6,lower chin of a man,12,0.00023915816326530612,0.0004203736369012227,0.00042056765701362645,0.4767747720082601,0,13603.75,overall|small
2401326,2,7,a section of a wall.,161,0.003208705357142857,0.00017044357879040918,0.000177670376828385,0.004172858984574028,0,3781.329833984375,overall|small
2401326,3,9,ceramic vase near a wall,204,0.004065688775510204,0.0007357343925880242,0.0007847217866313493,0.011648337046305338,0,3028.156982421875,overall|small
2401326,4,1,Windows on the door,5320,0.10602678571428571,0.30557571607740547,0.4871247644311067,0.45052164407601036,1,4920.2490234375,overall|part
2401326,5,2,a door is open next to the man,7176,0.14301658163265307,0.13985243717222096,0.1902484667518367,0.34552940955528844,0,13033.056640625,overall|part
2401326,6,5,mans head on a body,2304,0.04591836734693878,0.013056480513183229,0.01565283589874795,0.0729706949657864,0,10740.83203125,overall|part
2401327,0,1,bicycle peddle ,324,0.0064572704081632655,0.0023444719308297318,0.0025207265133972874,0.03244198104481638,0,4169.90966796875,overall|small
2401327,1,0,the truck is yellow,36023,0.7179328762755102,0.40034878031945537,0.8479608092486165,0.4313092123868778,1,18322.841796875,overall
2401328,0,0,The ball in mid air,84,0.0016741071428571428,5.8737080788950776e-05,5.91347038020406e-05,0.00865976299558367,0,12301.0693359375,overall|small
2401328,1,1,Large field for playing baseball,33896,0.6755420918367347,0.16942864547174585,0.37852276074571656,0.23472301707336413,0,21019.00390625,overall
2401328,2,2,telephone wires suspended on poles,1887,0.037607621173469385,0.011880401016515668,0.01672322997919938,0.03940858421467193,0,4446.74853515625,overall
2401329,0,3,BROWN CRUST OF A CAKE,209,0.004165338010204082,0.0025912015530367488,0.0026343967400020455,0.1364665419291081,0,10826.580078125,overall|small
2401329,1,4,CHOCOLTAE CAKE ICING,630,0.012555803571428572,0.016282054498330468,0.016728865509538605,0.3787313552129836,0,14262.8173828125,overall|small
2401329,2,6,AIR POCKET IN A YELLOW CAKE,110,0.002192283163265306,0.00217045919077962,0.002365669556872026,0.025628742304715242,0,1191.6971435546875,overall|small
2401329,3,5,SILVER HANDLE OF A FORK,5044,0.10052614795918367,0.19446769392298746,0.2429858852421002,0.49339421489331386,0,10242.078125,overall|part
2401329,4,0,the edge of a piece of cake ,1104,0.022002551020408163,0.011424052569101471,0.037641090240304105,0.016137387441552204,0,473.3039245605469,overall
2401329,5,1,crumbly texture of vanilla cake ,1378,0.027463329081632654,0.02155557986845791,0.028221196165002946,0.08363063241989069,0,4083.562255859375,overall
2401329,6,2,prongs of a fork ,2600,0.05181760204081633,0.08807587035664619,0.10408426171208768,0.36413330078125,0,9095.962890625,overall
2401330,0,2,wheel of the plane,378,0.007533482142857143,0.009107884681364604,0.009716749489252342,0.12690510825505333,0,4936.849609375,overall|small|part
2401330,1,1,specks of yellow on the side of the plane,702,0.013990752551020409,0.002567273517521847,0.0027621759506998547,0.035106349195170604,0,8922.189453125,overall|small
2401330,2,3,the front landing gear of the jet,112,0.002232142857142857,0.0009459453832150581,0.0009510870898750021,0.1489189522606986,0,17536.693359375,overall|small
2401330,3,4,green grass next to cement,783,0.015605070153061224,0.00844013919254773,0.011782463966329095,0.02889374480850395,0,1920.1248779296875,overall|small
2401330,4,5,the tarmac marker cones,21,0.0004185267857142857,0.00046329191776173435,0.00046475661891276054,0.12816400755019414,0,5791.0830078125,overall|small
2401330,5,6,nondescript buildings,980,0.01953125,0.027385141031823775,0.04498899245493101,0.06540866773955677,1,1424.803955078125,overall|small
2401330,6,7,Pilot sitting in the back seat,187,0.0037268813775510204,0.007469561570142226,0.007557940211745596,0.38978992808948865,0,9644.2568359375,overall|small
2401331,0,0,black and white flower shaped knob,520,0.010363520408163265,0.0037699317309531615,0.004031472889640602,0.05491942992577186,0,7083.7890625,overall|small
2401331,1,6,person wearing a floral shirt,2120,0.04225127551020408,0.15026713940266873,0.15216901170835292,0.9232121305645636,0,12862.078125,overall|text
2401331,2,7,number keys on cell phone,2242,0.04468271683673469,0.01997803810797765,0.047926604469619404,0.03312385007805531,0,1549.5291748046875,overall|text
2401331,3,3,this is a hand,2756,0.05492665816326531,0.0006871414541877194,0.010378009038837606,0.000735322865069518,0,195.27346801757812,overall|part
2401331,4,1,display area on small cell phone,2592,0.051658163265306124,0.04039718185732817,0.05130505857865167,0.15966925208951221,0,8066.70361328125,overall
2401331,5,2,this is a jacket,1333,0.026566485969387755,0.008594544386658416,0.010789447259857662,0.04053551115134741,0,5008.0263671875,overall
2401331,6,4,orange fall colored sweater,2378,0.04739317602040816,0.06878182521565653,0.07428597912506457,0.48140943060410535,0,15410.6015625,overall
2401332,0,0,A lot of meat is in the sandwich.,17286,0.34450733418367346,0.10622553925637201,0.3866078034883673,0.12775746426841086,0,5712.2890625,overall
2401332,1,1,The bowl has cut tomatoes in it.,3854,0.07680963010204081,0.13856354005119723,0.13961515105963868,0.9484433152852556,0,26181.259765625,overall
2401332,2,2,White doily sitting on white surface.,1320,0.026307397959183673,0.02423906493576649,0.03553400982935083,0.07085332581491181,0,2632.024658203125,overall
2401333,0,0,black and white sign on front of train,88,0.001753826530612245,0.005378954975370339,0.005399017144934613,0.5914288000626997,0,9639.853515625,overall|small|text
2401333,1,5,The text is red.,165,0.003288424744897959,7.553269226303158e-06,7.934001062575867e-06,0.00015737642392967688,0,3272.8896484375,overall|small|text
2401333,2,3,rock and gravel on ground on the side of train ,546,0.010881696428571428,0.0011291641395226647,0.0011869368014684402,0.022672653198242188,0,10429.59375,overall|small
2401333,3,6,trees next to a train track,648,0.012914540816326531,0.0006508724819139919,0.0008188131466355423,0.0031633616229634226,0,2503.45068359375,overall|small
2401333,4,1,The tracks are brown.,2112,0.042091836734693876,0.010616082011008178,0.012003576658915844,0.0841169718540076,0,14800.17578125,overall
2401333,5,2,The sky is blue.,17640,0.3515625,1.0184030118865556e-05,0.00010349025218160543,1.129545186922934e-05,0,1925.3192138671875,overall
2401333,6,4,Graffiti on the train car.,1221,0.0243343431122449,0.015396133428477336,0.017597181391480848,0.10959997028722615,0,7604.7158203125,overall
2401334,0,2,an american flag on the wall,4270,0.08510044642857142,0.001623693765532549,0.002717773850910443,0.004017169693314778,0,6311.53125,overall|text
2401334,1,0,Military men posing for picture with medals around their necks,27192,0.5419323979591837,0.19853382724397156,0.500669080144274,0.2475493998694469,0,13444.7353515625,overall
2401334,2,1,beams on the ceiling of a building,4914,0.09793526785714286,0.006990267778658164,0.033071117326292275,0.008785943360070558,0,1305.493408203125,overall
2401335,0,4,rectangular window ,936,0.01865433673469388,0.003308667986919612,0.004509512289761108,0.012272504659799429,0,2547.29638671875,overall|small|part
2401335,1,0,part of a lounge,35,0.0006975446428571429,0.0008787112069144036,0.0008810256162955139,0.2506549835205078,0,9957.626953125,overall|small
2401335,2,2,light blue pillows ,912,0.018176020408163265,0.03347270815819277,0.03438134800171585,0.5588006136710184,0,14822.7509765625,overall|small
2401335,3,3,silver part on a seat,204,0.004065688775510204,0.0007722089739028401,0.0008564684441380451,0.007788107091305303,0,1855.029052734375,overall|small
2401335,4,5,white part of a seat,56,0.0011160714285714285,0.00010983934696490566,0.00011181448209198258,0.006179695150681904,0,3094.97412109375,overall|small
2401335,5,6,part of a blue surface,104,0.002072704081632653,7.106374564693009e-05,7.15684775261758e-05,0.00997596406019651,0,14496.609375,overall|small
2401335,6,8,a silver and white bench stool,660,0.013153698979591837,0.0028994005173721303,0.003451933181467064,0.017791651234482272,0,3401.714111328125,overall|small
2401336,0,4,the helmet is closed,156,0.0031090561224489796,0.002781883164606752,0.0028470197814788704,0.10841000385773487,0,5940.23291015625,overall|small|part
2401336,1,0,this is knee cap,135,0.002690529336734694,0.002711619092425298,0.0034797340692936146,0.012135174539354112,0,470.79705810546875,overall|small
2401336,2,5,grass on side of the road.,510,0.01016422193877551,0.0019271565680574136,0.0019837669230614494,0.0632602242862477,0,16263.359375,overall|small
2401336,3,6,the bike has a white stripe,308,0.006138392857142857,0.009878712087030781,0.010082973793951414,0.3277957222678445,0,10013.0263671875,overall|small
2401336,4,7,he is wearing gloves,143,0.002849968112244898,0.0053797785125788665,0.005714904323262896,0.08403219209684358,0,2102.677978515625,overall|small
2401336,5,8,white barrier along the road.,250,0.0049824617346938774,0.003567688543472225,0.003635239048027275,0.16107073974609376,0,11077.0390625,overall|small
2401336,6,9,shade on the road.,621,0.012376434948979591,0.0068893371530973175,0.007828306384772315,0.05431743750825596,0,4308.86669921875,overall|small
2401337,0,3,the leaves are bright,4845,0.09656010841836735,0.052750821140105396,0.1952986085255189,0.06740049316910152,0,1672.08251953125,overall|part
2401337,1,0,a long elephant trunk,5310,0.10582748724489796,0.023236291897903213,0.032282641931191076,0.07657127595890713,0,12594.8017578125,overall
2401337,2,1,Little green plants on the ground.,2385,0.047532684948979595,0.0008631401729694787,0.0024609843148759424,0.001327635307232039,0,1286.643798828125,overall
2401337,3,2,Patterned hide of an elephant,7221,0.14391342474489796,0.15142260871761573,0.2393547487697087,0.2918741236497715,0,8805.4365234375,overall
2401338,0,0,the bread is toasted,19493,0.388492506377551,0.13217872500255065,0.31328900940778925,0.18609591273550122,0,11578.9814453125,overall
2401338,1,1,the cup has soup,5405,0.10772082270408163,0.10434720287985781,0.13577247649263638,0.31073970318281685,0,12370.3134765625,overall
2401338,2,2,Green chair next to table.,3456,0.06887755102040816,0.16551325705919873,0.2018063488901882,0.4792562060885959,0,8207.419921875,overall
2401339,0,2,large door on a building ,759,0.015126753826530613,0.0036349402155309075,0.003913790948847546,0.048541474876353546,0,9413.6298828125,overall|small|part
2401339,1,3,windshield of orange train engine,200,0.003985969387755102,0.006363714026810815,0.006844974504755505,0.0829988670349121,0,2425.103759765625,overall|small
2401339,2,4,top of tall green evergreen tree,744,0.01482780612244898,0.003517319676448945,0.00423353525097263,0.0203673493477606,0,3579.350830078125,overall|small
2401339,3,5,small windows on a building ,168,0.0033482142857142855,0.01976463899787575,0.020213347904166783,0.47099840073358445,0,3914.627685546875,overall|small
2401339,4,0,the tracks are dark,23192,0.4622130102040816,0.036373656706751044,0.08703317102088852,0.058814699792088865,0,15672.5361328125,overall
2401339,5,1,electrical wire above the ground ,2820,0.05620216836734694,0.011939856113599196,0.015493978039416677,0.04947580648652205,0,9004.9033203125,overall
2401339,6,6,black power line and electric tower,5037,0.10038663903061225,0.0008616309612609313,0.0015641658616218901,0.0019147137173684268,0,6165.8505859375,overall
2401340,0,4,Person has dark hair.,264,0.0052614795918367345,0.007995231863378792,0.008305361309536305,0.17635462500832297,0,5605.73095703125,overall|small|part
2401340,1,9,shoe on man's foot.,180,0.003587372448979592,0.00023043605907940783,0.0005372637674300309,0.000403337139222357,0,135.13043212890625,overall|small|part
2401340,2,1,bus tire in the water.,56,0.0011160714285714285,0.00039618635752499825,0.00039761805933660553,0.09912384407860893,0,13960.470703125,overall|small
2401340,3,2,the trousers are folded,40,0.0007971938775510204,0.0005858108723283167,0.0005944496236775506,0.03874881267547607,0,2607.3740234375,overall|small
2401340,4,3,rocks on the shore.,576,0.011479591836734694,0.02268642619376723,0.02328277647448774,0.46970028347439235,0,11620.064453125,overall|small
2401340,5,5,Person wearing big sweater.,540,0.010762117346938776,0.012821896314276438,0.013434581686457591,0.2194515934696904,0,8820.8076171875,overall|small
2401340,6,0,Large object on top of bus.,1722,0.03431919642857143,0.07505881283321217,0.08600744688712991,0.3709218449431983,0,7426.419921875,overall
2401341,0,3,black letters on the bus,476,0.009486607142857142,0.01610971353240557,0.016578114183342884,0.36312686695772056,0,10426.2998046875,overall|small|text
2401341,1,0,Marquee display on the side of the bus.,234,0.00466358418367347,0.011362522925078992,0.011846682994420581,0.21754219185592782,0,4296.97265625,overall|small
2401341,2,6,yellow step ,264,0.0052614795918367345,1.9278814214735152e-05,1.993934752297888e-05,0.0005816260747837298,0,7700.81787109375,overall|small
2401341,3,7,J222 in blue on the front of a bus,143,0.002849968112244898,0.0017018877279463618,0.0017293585258196633,0.09677045995538885,0,8001.91259765625,overall|small
2401341,4,8,Back tire on the side of the bus.,275,0.0054807079081632655,0.0028566010168580816,0.002930083784192656,0.10225765575062144,0,9597.287109375,overall|small
2401341,5,9,Front tire on the side of the bus.,816,0.016262755102040817,0.007888189484642144,0.00863705372952212,0.08339184405756932,0,7878.5830078125,overall|small
2401341,6,2,Sign that reads Tesco Free Bus,1012,0.020169005102040817,0.0018394210478391727,0.002653094268739728,0.0059619293853699455,0,2274.126708984375,overall|text
2401342,0,9,Window on a door,675,0.013452646683673469,0.0018385679571156482,0.0020527661057579334,0.017314814814814814,0,5693.537109375,overall|small|part
2401342,1,0,spice rack with jars on it,448,0.008928571428571428,0.0012752848798083377,0.0013294467473081706,0.03035276702472142,0,10228.3447265625,overall|small
2401342,2,6,Iron skillet hanging from ceiling,560,0.011160714285714286,4.4485238470138085e-05,8.227825533506094e-05,9.683834921036448e-05,0,659.0985107421875,overall|small
2401342,3,8,metal cabinet hinge,100,0.001992984693877551,0.000547310531428634,0.000555619052274557,0.035308218002319335,0,6354.7529296875,overall|small
2401342,4,1,Stainless steel double door fridge,3807,0.07587292729591837,0.04681792223897329,0.05506028956444216,0.23824089657518224,0,16472.544921875,overall|part
2401342,5,2,cutting board on countertop,1344,0.026785714285714284,0.034972112214951064,0.039803216963833814,0.22368288040161133,0,7552.90185546875,overall
2401342,6,3,various items on shelf,1092,0.021763392857142856,0.03294289608436103,0.042725337667609234,0.12578232035095438,0,3214.820556640625,overall
2401343,0,1,calm gray waters in the bay,500,0.009964923469387755,0.014833534799750534,0.016067525303932653,0.16187838745117186,0,5037.43994140625,overall|small
2401343,1,2,white and blue building,924,0.018415178571428572,0.018704692938421946,0.027383452921729317,0.055728577948235845,0,1880.44970703125,overall|small
2401343,2,3,red thing in the water,650,0.012954400510204082,0.004904084441272346,0.005903342671628331,0.028156239436222957,0,3100.2021484375,overall|small
2401343,3,0,There are trees on the land,18020,0.3591358418367347,0.05719369710663432,0.5996484131559386,0.05946434435913221,1,1786.9595947265625,overall
2401343,4,4,large white boat in the water,3128,0.0623405612244898,0.007526344704217286,0.010295227181196048,0.02722256262893872,0,8271.0341796875,overall
2401343,5,5,The motor boat is black and white,2170,0.043247767857142856,0.1001706381401671,0.10558284149329165,0.6614940731206798,0,13595.4111328125,overall
2401343,6,6,large gray home on the shore,1672,0.033322704081632654,0.027079328484052423,0.02903633386175601,0.2866209842371598,0,16504.50390625,overall
2401344,0,1,ripples in the water,475,0.009466677295918368,0.004617498627227921,0.004943443099103138,0.06544796993857936,0,6288.69091796875,overall|small
2401344,1,0,four birds standing,19323,0.38510443239795916,0.0682648735025995,0.3251541827965698,0.07953324653788556,0,4726.4375,overall
2401344,2,2,Concrete on the side of the water,2610,0.05201690051020408,0.07543895382001983,0.10070468695448362,0.23117502731381706,0,5991.447265625,overall
2401344,3,3,crack in concrete by water,1472,0.029336734693877552,0.00570721437074974,0.006885880449206106,0.03226626955944559,0,6897.58544921875,overall
2401345,0,0,Nut and bolt on top of fire hydrant,30,0.0005978954081632653,0.0009638826786441441,0.0009651528887415139,0.42276407877604166,0,13140.8427734375,overall|small
2401345,1,3,car tire with hubcap,171,0.0034080038265306123,0.009242625697631571,0.00936089055220383,0.42248994704575565,0,7717.83203125,overall|small
2401345,2,7,fresh gum on sidewalk,414,0.00825095663265306,0.004559851597320883,0.005069145717483724,0.04341505575871122,0,3545.732177734375,overall|small
2401345,3,1,the road is wet,6900,0.13751594387755103,0.017076597198429834,0.035225394474129805,0.03208103345788044,0,6284.078125,overall
2401345,4,2,Grayish colored sidewalk,2928,0.05835459183673469,0.030505537452826165,0.06901349225079766,0.051837608462474385,0,2199.28759765625,overall
2401345,5,4,Red fire hydrant,6603,0.1315967793367347,0.12172256042827358,0.17201881116400147,0.2939372890991784,0,11282.8818359375,overall
2401345,6,5,dirty line in the sidewalk,5520,0.11001275510204081,0.05037834364177363,0.09204793637244939,0.10014125436976336,0,6005.34619140625,overall
2401346,0,0,part of a glass of wine,2484,0.049505739795918366,0.03275679815823424,0.11601192037204015,0.043652471520858493,1,934.6689453125,overall
2401346,1,1,salt shaker with finger puppet,8256,0.16454081632653061,0.16726168982659168,0.19903440486814877,0.5116664088049601,0,21224.05859375,overall
2401346,2,2,Lights in the ceiling.,1740,0.034677933673469385,2.944541616200285e-05,8.349603967057409e-05,4.548446714192971e-05,0,947.864990234375,overall
2401346,3,3,A horse shaker cover.,3060,0.06098533163265306,0.06467605084844369,0.06849757309581019,0.5368791966656454,0,23984.06640625,overall
2401346,4,4,painting hanging on wall,1144,0.022799744897959183,0.035163388051702944,0.08270758090962954,0.057643930395166354,0,797.322998046875,overall
2401347,0,1,clear water bottle sitting in seat to chair,480,0.009566326530612245,0.022168837771645526,0.022684899818359937,0.4935403823852539,0,10443.04296875,overall|small
2401347,1,3,a section of a wooden floor.,72,0.0014349489795918368,0.0024778540787371954,0.0024992306773715675,0.22462386555141872,0,6471.15869140625,overall|small
2401347,2,4,coffee cup on desk,377,0.007513552295918368,0.013635949113219201,0.014001369221119336,0.3431736872746394,0,9240.2734375,overall|small
2401347,3,6,white cordless phone on chair,204,0.004065688775510204,0.001079164476066252,0.0010905556766045903,0.09364103803447649,0,17516.548828125,overall|small
2401347,4,2,mini blinds in a window.,2650,0.052814094387755105,5.9489123015651e-05,0.00013131215912241703,0.00010875056374747798,0,2194.686279296875,overall|part
2401347,5,5,a large door in a room.,3741,0.07455755739795919,0.1381513951505471,0.2825765879243073,0.2127853267111902,1,2817.041259765625,overall|part
2401347,6,0,black computer monitor screen,6171,0.12298708545918367,0.06110317461571581,0.2955586870556425,0.07151879245855108,1,1493.2481689453125,overall
2401348,0,6,Logo on front of white shirt,90,0.001793686224489796,0.003256128761982107,0.0033201069738263596,0.14454945458306206,0,3918.383056640625,overall|small|text
2401348,1,1,blue and white advertising wall sign,2080,0.04145408163265306,0.03489917925289516,0.04711196871726896,0.11865295263437124,0,5238.54443359375,overall|text
2401348,2,2,Man wearing a red bandana on his head,1224,0.024394132653061226,0.004975447692162047,0.0053578805974643364,0.06516366846421186,0,14886.544921875,overall|part
2401348,3,0,the socks are white,4416,0.08801020408163265,0.0004271318426916031,0.0005321103830495811,0.002160348969957103,0,17928.80078125,overall
2401348,4,3,the line is white,1500,0.029894770408163265,0.01327419505822809,0.026678122626169486,0.0257398681640625,0,1447.245849609375,overall
2401348,5,4,green turf on tennis court,3481,0.06937579719387756,0.015137401370635128,0.08986733639841407,0.01787820611661688,0,692.5100708007812,overall
2401348,6,5,Concrete wall in between blue advertisement signs,4360,0.08689413265306123,0.0400524179614071,0.06619871885149005,0.09207044128977925,0,6063.97119140625,overall
2401349,0,7,the acer computer logo,221,0.004404496173469388,0.003615890307020407,0.0040141484609364396,0.03516393980828885,0,1935.9599609375,overall|small|text
2401349,1,0,power display is green,130,0.002590880102040816,3.079384789277341e-05,3.151541209318034e-05,0.0013431615554369413,0,5540.49560546875,overall|small
2401349,2,1,a blue duffle bag,980,0.01953125,0.018916275426257595,0.019707685064701497,0.3202149060307717,0,15923.2607421875,overall|small
2401349,3,2,Wall outlets on wall,720,0.014349489795918368,0.00019206272027186128,0.0003707097051052866,0.0003983898709217707,0,773.760986328125,overall|small
2401349,4,3,cat sleeping in photograph,7392,0.14732142857142858,0.03919655636582244,0.11339290518440533,0.05651776615159336,0,3684.3515625,overall
2401349,5,4,bottom wheels of black office chair,2418,0.04819036989795918,0.020000597063614057,0.02221736790105571,0.1669818382799576,0,18173.263671875,overall
2401349,6,5,purple and green graphs on a computer screen,6177,0.12310666454081633,0.0010440544375209077,0.0025972587163287336,0.001742818738836406,0,4144.9052734375,overall
2401350,0,5,orange t-shirt on boy's torso.,259,0.005161830357142857,0.012409423591351202,0.012520532589481484,0.5830518803541265,0,12061.0234375,overall|small|text
2401350,1,8,ID tag of man wearing red and black shirt,624,0.012436224489795918,0.0004771353528856943,0.0006030915615666373,0.0022793668202864817,0,2358.3896484375,overall|small|text
2401350,2,9,Writing on black sweatshirt of man playing Wii,874,0.017418686224489797,0.011009911177660484,0.013781462521083145,0.0519048703889825,0,3291.730224609375,overall|small|text
2401350,3,0,black hair on girl's head.,162,0.0032286352040816328,0.005259588498386852,0.005527336454450169,0.09794342370680821,0,2870.611328125,overall|small|part
2401350,4,6,shoe on boy's foot.,96,0.001913265306122449,0.00020630754153742317,0.00020976849671038565,0.012349873781204224,0,5651.88720703125,overall|small|part
2401350,5,2,yellow paint on the wall.,54,0.0010762117346938774,0.00043039761037198045,0.00044133298876466553,0.01707353525691562,0,2089.0595703125,overall|small
2401350,6,4,white cord for the controller.,442,0.008808992346938776,0.019054416401660182,0.019076318703313618,0.9431685365702771,0,21853.298828125,overall|small
2401351,0,9,"white sign reading, ""one car per green""",270,0.005381058673469388,0.008438804892843108,0.008547150621492158,0.3996584009241175,0,12624.9990234375,overall|small|text
2401351,1,1,back wheel  of  truck,8,0.00015943877551020407,0.00016511444809412334,0.00016521504752808552,0.21332219243049622,0,10329.431640625,overall|small|part
2401351,2,0,a taillight on a truck,54,0.0010762117346938774,0.001697992682277851,0.0017055605453868067,0.2767640573007089,0,8762.6669921875,overall|small
2401351,3,2,part of a bolt,40,0.0007971938775510204,0.00020051693645132643,0.0002013452601980284,0.04647551476955414,0,9232.9990234375,overall|small
2401351,4,4,a section of a freeway.,630,0.012555803571428572,0.002603961022716063,0.0027768526154766963,0.040143900068979416,0,9107.669921875,overall|small
2401351,5,5,a patch of clear sky.,420,0.008370535714285714,0.0010734016646830713,0.007886421475890408,0.0012409758000146774,0,66.08952331542969,overall|small
2401351,6,6,part of the sky,784,0.015625,0.0006232313285250933,0.009987721276553407,0.0006642674609106414,0,52.14259338378906,overall|small
2401353,0,2,window in a yellow house,60,0.0011957908163265306,0.0005194130429214468,0.0005318914561310058,0.021660383542378744,0,2443.39892578125,overall|small|part
2401353,1,4,window in a white house,98,0.001953125,0.011169763131864317,0.011859205938309183,0.16116722262635522,0,1331.8250732421875,overall|small|part
2401353,2,1,pole holding up power lines ,540,0.010762117346938776,0.0023769381459720893,0.0026799817112361747,0.020587809880574546,0,4148.318359375,overall|small
2401353,3,5,a wood electric pole,654,0.013034119897959183,0.003499378669953768,0.004000620617954925,0.027171108700813504,0,4441.787109375,overall|small
2401353,4,0,a yellow fire hydrant,13608,0.27120535714285715,0.09365291771121328,0.20416826516463818,0.1474969091308881,0,9830.802734375,overall
2401353,5,3,a silver vehicle parked next to the grass,4266,0.08502072704081633,0.14270604162239725,0.1595265005824897,0.5750891519609997,0,15378.826171875,overall
2401354,0,2,French bread,805,0.016043526785714284,0.02881821986010966,0.029276056085693294,0.6482296013684006,0,17824.287109375,overall|small
2401354,1,4,Circular shape tomato on white plate,420,0.008370535714285714,0.009180467960237358,0.009756132163051415,0.13463892255510604,0,5796.18505859375,overall|small
2401354,2,8,Spinach in the sandwich,324,0.0064572704081632655,0.006024366369712673,0.006085517808114734,0.3748116669831453,0,19955.40625,overall|small
2401354,3,0,a white ceramic plate with a cup on it,2080,0.04145408163265306,0.002542677928574147,0.011282652821041421,0.0032716677739070012,0,603.1444091796875,overall
2401354,4,1,A white plate with bread,1980,0.03946109693877551,0.028053413660102305,0.039715149730478065,0.08720693877249053,0,4347.70458984375,overall
2401354,5,3,a white ceramic dinner plate,5904,0.11766581632653061,0.011687641247802966,0.0905978255064756,0.013241057150409151,0,862.8816528320312,overall
2401354,6,5,A piece of broccoli,2397,0.047771843112244895,0.013930198484074594,0.05561629057748193,0.018246129894932957,0,786.3878173828125,overall
2401355,0,0,A white piece of paper in hand,775,0.01544563137755102,0.006823334609125083,0.008564199570867325,0.032477271787581904,0,2938.96533203125,overall|small|part
2401355,1,1,black glasses on a man's face,480,0.009566326530612245,0.0024202996525329733,0.002960987694723687,0.013080986340840657,0,2120.533447265625,overall|small|part
2401355,2,4,a game controller is on the table,1000,0.01992984693877551,0.023516157717204948,0.024402472756942867,0.3930045166015625,0,16105.1103515625,overall|small
2401355,3,5,A brown necklace on the man,576,0.011479591836734694,0.02206977717096012,0.02240913563071768,0.593057844373915,0,15243.841796875,overall|small
2401355,4,6,a vent in a wall,480,0.009566326530612245,0.0009693235774201287,0.0011054311708433657,0.007811105251312256,0,3391.73583984375,overall|small
2401355,5,9,the remote is white in color,160,0.0031887755102040817,0.0025883461978730153,0.0026274458455879685,0.14816300868988036,0,9022.4814453125,overall|small
2401355,6,2,the man's shoe is brown,2201,0.043865593112244895,0.028135769838182844,0.07187240647104895,0.044192253920448094,0,1353.3309326171875,overall|part
2401356,0,7,a folded dark red shirt,1056,0.021045918367346938,0.028566481455644423,0.03110665516309753,0.25916137117328064,0,8797.9375,overall|text
2401356,1,0,a stack of khaki pants,3416,0.06808035714285714,0.023819236251486495,0.028961964638253113,0.11827559102614535,0,13950.345703125,overall
2401356,2,1,three bras in white grey and black,2090,0.04165338010204082,0.048274554830468136,0.051851645573687676,0.4116826253644587,0,16593.81640625,overall
2401356,3,2,A brown wooden coffee table.,3944,0.07860331632653061,0.16484064408724247,0.3757333404094924,0.22701459965889642,1,2382.92822265625,overall
2401356,4,3,a pair of black mary janes with brown inner soles,2379,0.04741310586734694,0.002421614440826291,0.009550040953094752,0.0032337755152737208,0,805.5621948242188,overall
2401356,5,4,An empty black piece of luggage,4488,0.08944515306122448,0.055054227066789314,0.09496619699488801,0.1158232255415483,0,5473.6806640625,overall
2401356,6,5,a pair of dark grey sneakers with white shoelaces,1681,0.033502072704081634,0.0019927598167492565,0.003528200938853544,0.004558174898055677,0,2171.727783203125,overall
2401357,0,8,maroon shirt on woman.,798,0.015904017857142856,0.017450836947524247,0.019058985184804617,0.1713751694911106,0,7175.48095703125,overall|small|text
2401357,1,0,the left bare foot of a woman,224,0.004464285714285714,0.00034005821064005067,0.0006376418609573363,0.000728122889995575,0,255.7854766845703,overall|small
2401357,2,2,footrest on the carpet.,480,0.009566326530612245,1.237225870741808e-05,1.300925276572692e-05,0.0002526133166005214,0,9320.626953125,overall|small
2401357,3,4,a white wii controller in a woman's hands,480,0.009566326530612245,0.0011963335420131867,0.0012965658300427326,0.015239469210306804,0,5641.78466796875,overall|small
2401357,4,6,fan near the footrest.,224,0.004464285714285714,0.00027353205337572907,0.0002801088931618279,0.011515629078660692,0,9208.921875,overall|small
2401357,5,7,Vase of pink and white flowers on fireplace mantel,924,0.018415178571428572,0.05225384324671514,0.06214865709191342,0.24710296036361099,1,3673.822509765625,overall|small
2401357,6,9,white statue,189,0.0037667410714285715,0.003273118313446323,0.003303823769029174,0.2604527549138145,0,14899.5751953125,overall|small
2401358,0,1,a sign.,940,0.01873405612244898,0.031236986536942433,0.036019593713208536,0.19045210493371842,0,4970.2109375,overall|small|text
2401358,1,5,a window in a building.,675,0.013452646683673469,0.0017979578514903732,0.0025704074229135885,0.005947312249077691,0,1561.7896728515625,overall|small|part
2401358,2,0,There are white stripes on the road,5117,0.10198102678571429,0.028643470455602636,0.04180257924190478,0.08340282339543739,0,10209.232421875,overall
2401358,3,2,The awning is painted on the building,2916,0.058115433673469385,0.009182223631312186,0.011282144111737915,0.04701358496897505,0,12151.2021484375,overall
2401358,4,3,The sky is white.,2000,0.03985969387755102,7.931822039305998e-05,0.0002699229436612232,0.00011231307685375214,0,832.1862182617188,overall
2401358,5,4,a grey fire hydrant,5600,0.11160714285714286,0.04740921900168508,0.05977939020847802,0.18640125819614956,0,17461.654296875,overall
2401359,0,2,the headband is white,600,0.011957908163265306,6.387585845453015e-05,6.716588217923306e-05,0.0013023283084233602,0,11633.837890625,overall|small
2401359,1,3,woman is wearing wristband,550,0.010961415816326531,0.002245386438190139,0.0025093813617415787,0.02089731216430664,0,4580.22119140625,overall|small
2401359,2,4,plant behind woman,943,0.018793845663265307,0.001117358926279328,0.0012737116709290268,0.009020343185861694,0,6678.2646484375,overall|small
2401359,3,6,woman wears a watch,600,0.011957908163265306,0.02662989992894412,0.03053055922720092,0.1724819819132487,1,3389.69189453125,overall|small
2401359,4,0,woman wearing black watch,20295,0.404476243622449,0.12469608985109655,0.4125571947776615,0.15161642867316458,0,7458.494140625,overall
2401359,5,1,balcony railing,1656,0.03300382653061224,0.10535720942393613,0.15016664521596643,0.2609432423172366,1,2877.616455078125,overall
2401359,6,5,the floor is red,2478,0.04938616071428571,0.0266983026345004,0.030756849957164246,0.16827984949193528,0,13557.873046875,overall
2401360,0,1,white lamp on window sill,646,0.01287468112244898,0.0382843251048969,0.04362101632066976,0.23834372600165682,0,3529.7216796875,overall|small|part
2401360,1,0,this is a pillow ,135,0.002690529336734694,0.002226915235538676,0.0022577735234800282,0.14010611640082465,0,8377.423828125,overall|small
2401360,2,3,wooden baseboard of a bed frame,286,0.005699936224489796,0.00023233722701179298,0.00023714034878620778,0.011340892398274028,0,13677.5341796875,overall|small
2401360,3,5,this is a bed cover ,462,0.009207589285714286,0.020422967782911052,0.021125466575999955,0.3804816704291802,0,8320.8828125,overall|small
2401360,4,2,white wall in a bedroom,6039,0.12035634566326531,0.0011166426677341713,0.006454022032278831,0.0013484367374395532,0,1261.726318359375,overall
2401360,5,4,the room has wooden floors,9348,0.18630420918367346,0.022878999944504885,0.0577243172984097,0.03651703102852883,0,5913.646484375,overall
2401361,0,4,a red sign with a white light through the middle,40,0.0007971938775510204,0.0013154853906474347,0.0013232624956457913,0.18289159536361693,0,5528.50537109375,overall|small|text
2401361,1,0,this is a tent,399,0.007952008928571428,0.006441533616375739,0.0064961534572106905,0.43378611017289315,0,26643.560546875,overall|small
2401361,2,1,this is the roof ,300,0.005978954081632653,6.387295050185051e-05,0.00015038615693145776,0.00011101820816596348,0,221.46627807617188,overall|small
2401361,3,2,the wall is orange,399,0.007952008928571428,2.7883615573996925e-05,4.0849831773490424e-05,8.783911478549317e-05,0,857.9669799804688,overall|small
2401361,4,3,an umbrella with rainbow colors in blocks,336,0.006696428571428571,0.004178905612767381,0.004329463578164247,0.10727766581944057,0,8325.580078125,overall|small
2401361,5,5,Street name signs corner building,360,0.007174744897959184,0.0070416631616893755,0.00739541411266541,0.12832073635525174,0,6246.50146484375,overall|small
2401361,6,6,dome in the background,396,0.007892219387755101,0.0006058211330531308,0.0007073749853341839,0.0042021244463294445,0,2352.41748046875,overall|small
2401362,0,7,the left eye of a dog.,378,0.007533482142857143,0.0030563397390162474,0.003971223247300242,0.013092916478555669,0,1246.246337890625,overall|small|part
2401362,1,2,another piece of luggage or furniture,588,0.01171875,0.0662541520396945,0.06776204726062002,0.7485756906522375,0,6495.70849609375,overall|small
2401362,2,4,gold zipper for closing/opening a suitcase,500,0.009964923469387755,0.006764504644410408,0.007115360647621746,0.12063496398925781,0,8477.080078125,overall|small
2401362,3,5,the black nose of a dog.,256,0.00510204081632653,0.0037054927114897563,0.004713157988901765,0.017036449164152145,0,925.3521728515625,overall|small
2401362,4,8,silver zipper tab,416,0.008290816326530613,0.01262751886914301,0.012640045130102098,0.9272315685565655,0,30516.373046875,overall|small
2401362,5,0,black suitcase handle,1025,0.0204280931122449,0.0027675451735234037,0.004240249023108127,0.007905398112971609,0,1910.98046875,overall|part
2401362,6,6,a door in a bedroom.,3024,0.060267857142857144,0.04698802100037562,0.26947686677632826,0.05384703035707827,0,604.2575073242188,overall|part
2401363,0,3,lines in man's hand,864,0.01721938775510204,0.014389185803481542,0.01855260590181894,0.06025602199413158,0,2806.1396484375,overall|small|part
2401363,1,6,this is a shoe ,378,0.007533482142857143,0.005331602527341777,0.00567520127980772,0.08093453967382037,0,5390.69091796875,overall|small|part
2401363,2,0,finger nail on man'shand,600,0.011957908163265306,0.012580314870248658,0.02517366829082425,0.024530715942382812,0,584.6755981445312,overall|small
2401363,3,1,red button on blue remote,224,0.004464285714285714,0.0060825977969297855,0.006139203298201715,0.3974792616707938,0,14502.75390625,overall|small
2401363,4,4,the man has a light skin ,168,0.0033482142857142855,0.0045456156493886846,0.004597240840898198,0.2881491297767276,0,10530.0234375,overall|small
2401363,5,8,a tan bench,380,0.007573341836734694,0.01584707478549075,0.016104447548412226,0.49788874575966285,0,11748.166015625,overall|small
2401363,6,9,the floor is brown in color ,532,0.010602678571428572,0.04207391728867666,0.045030938745197806,0.39051213658841927,0,4613.54931640625,overall|small
2401364,0,0,A typical scene in India.,46221,0.9211774553571429,0.4559653889413689,0.9418186213594704,0.46918105575658253,1,23025.68359375,overall
2401365,0,0,Ground has a serials of hills,22338,0.4451929209183674,0.01792610489408881,0.10846309549075386,0.02102393226237591,0,4329.8837890625,overall
2401365,1,1,The clouds are long in shape,13065,0.26038345025510207,0.0014651704872341857,0.00480282429397503,0.0021039183916280973,0,5723.2353515625,overall
2401366,0,1,a yellow sleeve on a man's shirt,819,0.016322544642857144,0.014459203905014125,0.01700461222834819,0.08808612008380075,0,4242.52734375,overall|small|text
2401366,1,9,a pony tail on a man,540,0.010762117346938776,0.00025162404987141883,0.00029979092956717435,0.001563660634888543,0,2816.552001953125,overall|small|part
2401366,2,0,part of a trouser,592,0.011798469387755101,0.003267151322595806,0.00619437183731725,0.006866237601718387,0,656.2106323242188,overall|small
2401366,3,3,a divider between urinals,900,0.01793686224489796,0.011321369473075263,0.012158147459524864,0.14125961303710938,0,10456.6630859375,overall|small
2401366,4,4,part of  a wall,600,0.011957908163265306,0.007060345573200101,0.009253394762051032,0.028928756713867188,0,1875.771484375,overall|small
2401366,5,6,a flushing device for a urinal,315,0.006277901785714286,0.006887058082148592,0.006936260146365206,0.4926183306981647,0,22371.533203125,overall|small
2401366,6,7,edge of a board,700,0.013950892857142858,0.012336471448642401,0.013285864181412742,0.1472214617047991,0,7756.7421875,overall|small
2401367,0,0,part of a surface,209,0.004165338010204082,0.006886496681354767,0.008412774382954315,0.036569937564539565,0,908.5132446289062,overall|small
2401367,1,1,two white metal canisters in grass,638,0.012715242346938776,0.010119436466948515,0.01029721156094393,0.3695406061728546,0,22896.189453125,overall|small
2401367,2,2,part of an edge,768,0.015306122448979591,0.026557394282260876,0.033333166932083345,0.11555154124895732,0,2662.32080078125,overall|small
2401367,3,3,green plant in white pot,440,0.008769132653061224,0.001895353439641546,0.0019589133775589646,0.05519072792746804,0,12396.6279296875,overall|small
2401367,4,6,part of a metal,70,0.0013950892857142857,0.0008868005504159773,0.0009038049438837822,0.045012903213500974,0,3486.2646484375,overall|small
2401367,5,7,part of a surface,36,0.0007174744897959184,0.0001380746096008688,0.00014352602343077609,0.0036220914787716335,0,908.5132446289062,overall|small
2401367,6,9,a right hand.,1015,0.020228794642857144,0.002906996110729956,0.003323870858359774,0.022653309112699162,0,6917.56982421875,overall|part
2401368,0,5,the word sicko stylized for graffiti,805,0.016043526785714284,0.009465432327664324,0.01107393132580334,0.061179252292798914,0,4447.318359375,overall|small|text
2401368,1,3,white graffiti on floor on bottom right,240,0.0047831632653061226,0.0011535375297847428,0.001324513619022946,0.008857049544652303,0,1604.8848876953125,overall|small
2401368,2,4,red stylized graffiti on a wall,684,0.01363201530612245,0.0016094285158761142,0.001912040293431351,0.010066739299841095,0,3601.205322265625,overall|small
2401368,3,6,potential hazard jutting up from the ground,156,0.0031090561224489796,0.007905814374188717,0.008191975471891313,0.1845527551113031,0,3514.44287109375,overall|small
2401368,4,0,large exclamation point in graffiti ,2211,0.044064891581632654,0.007544794807238846,0.011009166835313729,0.023414644597612964,0,4702.4248046875,overall
2401368,5,1,boy riding skateboard,5635,0.1123046875,0.0831801521377574,0.09495860325846012,0.4014139359887977,0,23820.564453125,overall
2401368,6,2,metal gate at a skate park,5100,0.1016422193877551,0.11275188480535227,0.16222963482661135,0.26991067325367646,1,8485.16015625,overall
2401369,0,3,The eye glasses the man behind the girl in the white blouse is wearing.,104,0.002072704081632653,0.00012321355445844235,0.00012515418450160994,0.007883584843232082,0,6551.06201171875,overall|small|part
2401369,1,1,part of  a pocket,60,0.0011957908163265306,0.00013184585460424556,0.0001328087965135488,0.01785940130551656,0,8068.47216796875,overall|small
2401369,2,5,part of an edge,416,0.008290816326530613,0.022988882767289304,0.023884415967047278,0.38008620188786435,0,6620.04296875,overall|small
2401369,3,6,The black sunglasses the lady is wearing.,143,0.002849968112244898,0.0016977080169187368,0.0017271571962745068,0.09055228333373169,0,7497.27734375,overall|small
2401369,4,7,The black shirt the lady is wearing with the sunglasses.,2774,0.05528539540816327,0.1187683447276454,0.1508785301585522,0.3581785437178938,1,6585.345703125,overall|text
2401369,5,0,woman on cellphone,18837,0.3754185267857143,0.1272764020638541,0.3953297682663216,0.1580432418577799,0,7530.5751953125,overall
2401369,6,2,A black fence,2450,0.048828125,0.051811566627401426,0.06573918593072846,0.19649908571827168,0,7323.2236328125,overall
2401370,0,0,man flying a huge red and white kite,16799,0.3348014987244898,0.11395255068998031,0.18383911913326487,0.23062498023505865,0,21074.236328125,overall
2401370,1,1,shadow on cut grass,7018,0.13986766581632654,0.02001596384541423,0.09306774695917094,0.02486618185491771,0,1875.094970703125,overall
2401371,0,1,food bits on spoon,720,0.014349489795918368,0.00010531272955321047,0.00011700557030586336,0.001052712897459666,0,6477.9248046875,overall|small
2401371,1,0,pan handle for holding dish ,7904,0.15752551020408162,0.17197486751004512,0.4325083430010165,0.2220885242045167,0,4058.62158203125,overall|part
2401371,2,2,onion is white,1560,0.031090561224489797,0.00303471146029339,0.007889161880267675,0.004907627594776642,0,970.4324951171875,overall
2401371,3,3,broccoli and beef in stew,5640,0.11240433673469388,0.10670119343790638,0.13770057976303648,0.32156069058898495,0,13170.6220703125,overall
2401371,4,4,brown gravy,1596,0.03180803571428571,0.01617630699532227,0.01873731204478825,0.10582728373974487,0,9014.1181640625,overall
2401371,5,5,sliced cooked beef strips,1560,0.031090561224489797,0.03170740575206197,0.034474363530793035,0.28318092150565904,0,12814.224609375,overall
2401371,6,6,top of green broccoli floret,1715,0.0341796875,0.019124937148819538,0.027535319190689536,0.0589248790685359,0,3670.05615234375,overall
2401372,0,3,old paint on the sign post ,675,0.013452646683673469,0.02479727930196169,0.02725293841151939,0.21580962004484955,0,5345.16650390625,overall|small|text
2401372,1,9,torn white sign on wooden pole,494,0.009845344387755101,0.021596270141912455,0.022212546732783285,0.43769601675180286,0,9734.220703125,overall|small|text
2401372,2,1,blue car moving on the street,902,0.01797672193877551,0.018957524493033586,0.020590411627293772,0.1929306909937552,0,8451.67578125,overall|small
2401372,3,4,The blue box on the side of the street,208,0.004145408163265306,0.0006206126419408338,0.0006537692019076047,0.01208908397417802,0,3846.20361328125,overall|small
2401372,4,5,cobblestone side walk in a city,299,0.0059590242346938774,1.5648573974265025e-05,1.655228479519138e-05,0.0002865357243496439,0,5175.97314453125,overall|small
2401372,5,6,The red light over the road,42,0.0008370535714285714,0.0011586689896450333,0.001161367460405362,0.33274071557181223,0,12033.3232421875,overall|small
2401372,6,7,curbing on a street corner,675,0.013452646683673469,0.0001545516337230069,0.00017318906230713024,0.0014341176880730523,0,5589.4375,overall|small
2401373,0,7,the t-shirt is white in color,312,0.006218112244897959,0.007857606946236254,0.00817979361244229,0.16631361154409555,0,6343.662109375,overall|small|text
2401373,1,5,the hand is raised,496,0.009885204081632654,0.0014517904528752036,0.001510983292874261,0.035734764991268035,0,11730.4033203125,overall|small|part
2401373,2,6,the handle is back in color,32,0.0006377551020408163,0.000710262756595166,0.0007124409752821411,0.18851536512374878,0,8467.3564453125,overall|small|part
2401373,3,9,A man's head.,665,0.013253348214285714,0.001663581021087834,0.002029195257719299,0.009148570469447545,0,2998.134033203125,overall|small|part
2401373,4,0,this is a tennis ball,187,0.0037268813775510204,0.0013805720983159138,0.0014043489321554881,0.07539400314902239,0,10039.298828125,overall|small
2401373,5,2,this is a short,646,0.01287468112244898,0.014547368458491,0.015857132952376684,0.14974874018146528,0,6100.57861328125,overall|small
2401373,6,3,the short is black in color ,161,0.003208705357142857,0.0014715322549480848,0.0015219809671873656,0.042507381913084424,0,4496.56640625,overall|small
2401374,0,0,part of a ceiling,780,0.015545280612244899,0.0032264757886245935,0.0035699867968691343,0.03244371658716446,0,7088.5693359375,overall|small
2401374,1,3,part of a sheet,468,0.00932716836734694,0.00755780222400635,0.008995897916219225,0.04514301740206205,0,2348.50732421875,overall|small
2401374,2,4,flat screen TV mounted to wall,760,0.015146683673469387,0.0022074020747478705,0.00238544809703909,0.02872508450558311,0,9151.7666015625,overall|small
2401374,3,5,part of  a floor,612,0.012197066326530613,0.0026509198683125363,0.003025366499422375,0.020969160242018357,0,4241.841796875,overall|small
2401374,4,6,edge of a table,285,0.00568000637755102,0.005351860446494095,0.005389622635514992,0.43305717602110744,0,22899.802734375,overall|small
2401374,5,7,part of a switch,153,0.003049266581632653,0.0014119495261373407,0.001464921473242213,0.03757962058572208,0,3924.907958984375,overall|small
2401374,6,9,edge of a wall,576,0.011479591836734694,0.004922675086647136,0.01031834251507396,0.009326027499304878,0,520.6060791015625,overall|small
2401375,0,1,Person floating on the water,304,0.006058673469387755,0.004381434468274797,0.0051672188005826136,0.02800489099402177,0,1647.5955810546875,overall|small
2401375,1,3,a small area of trees in the distance,228,0.004544005102040816,0.0035073525626897893,0.0036467131549240374,0.08406331246359307,0,5255.81103515625,overall|small
2401375,2,4,Person standing on a surfboard,429,0.008549904336734694,0.01006299410702529,0.01247414728170063,0.049484857590326344,0,1701.840087890625,overall|small
2401375,3,6,Two people on top of a wave,527,0.010503029336734694,0.017976363560461932,0.019771664753182108,0.16525721685709943,0,4404.81640625,overall|small
2401375,4,7,Underside of large wave,330,0.006576849489795918,0.006753464402993754,0.007115234947408458,0.11725179498845881,0,5438.0625,overall|small
2401375,5,0,Stretch of calm water,4004,0.07979910714285714,0.018434885609513247,0.02079098626859674,0.13991466602245411,0,26945.25,overall
2401375,6,2,the area where the white waves meet the grey sky,1196,0.02383609693877551,0.0038677880216295116,0.004816384171598101,0.01926000142177212,0,4782.62548828125,overall
2401376,0,4,yellow line on pink shirt,98,0.001953125,0.0013154198686368267,0.0013346319601359735,0.0837288778655383,0,6148.08447265625,overall|small|text
2401376,1,8,white button on man's shirt,36,0.0007174744897959184,0.0005080540818753301,0.0005117647758472997,0.06548072232140435,0,4606.2294921875,overall|small|text
2401376,2,9,This man's shirt is a light purple color,252,0.005022321428571429,0.0033732965758808907,0.0034444367946160335,0.14039634522937594,0,10271.6005859375,overall|small|text
2401376,3,1,onyx stone ring on man's finger,66,0.0013153698979591836,0.00112869836151257,0.0011706492553898837,0.03053484179756858,0,1721.52294921875,overall|small
2401376,4,2,The lights seen in the black background,300,0.005978954081632653,3.317661439006896e-05,3.4893930862278494e-05,0.0006736572086811066,0,5791.7568359375,overall|small
2401376,5,5,"This man has a very, very large nose",650,0.012954400510204082,0.0036012065624938566,0.004035300510167747,0.032392135033240683,0,5217.67529296875,overall|small
2401376,6,6,This man is wearing very dark black slacks,15,0.00029894770408163266,0.00010565610448439202,0.00010574145633809304,0.11574552059173585,0,16419.130859375,overall|small
2401377,0,1,Pet food dishes floor corner,286,0.005699936224489796,0.026544424900154802,0.026933418017372476,0.6476272903122269,0,6877.0107421875,overall|small
2401377,1,2,yellow and silver stripe on floor,520,0.010363520408163265,0.015030624839800175,0.018130090632078367,0.08081519053532527,0,2317.908935546875,overall|small
2401377,2,3,wooden molding on wall,500,0.009964923469387755,0.018128751298181506,0.021319208641185545,0.1080503921508789,0,2534.10888671875,overall|small
2401377,3,0,this is a chair,32376,0.6452487244897959,0.14635174347715194,0.4602218312728085,0.17667881518138437,0,12429.1220703125,overall
2401379,0,2,Cup sitting on table,336,0.006696428571428571,0.005851551553732731,0.006039124372778012,0.15853070077441989,0,8820.205078125,overall|small
2401379,1,8,pizza slice on a paper plate,528,0.010522959183673469,0.025036981657759305,0.025823877862690803,0.451046625773112,0,9222.1865234375,overall|small
2401379,2,6,woman wearing a blue T-shirt,1938,0.03862404336734694,0.011975291133200063,0.016010462288175688,0.045359458962707204,0,5490.57421875,overall|text
2401379,3,7,man wearing black and white striped shirt,1118,0.02228156887755102,0.04680377470145653,0.0529801847725524,0.2864659126841318,0,6045.0693359375,overall|text
2401379,4,0,Napkins in blue and gray napkin holder,1560,0.031090561224489797,0.06120841892568366,0.06878507785199908,0.35719581017127405,0,8100.96435546875,overall
2401379,5,1,the little boy is drinking from his cup,6204,0.12364477040816327,0.0961160540356145,0.15007992605754678,0.21092717006543157,0,8719.3017578125,overall
2401379,6,3,the little girl is smiling,1680,0.033482142857142856,0.007869385453912366,0.011280252705101143,0.025365111941383,0,3777.697998046875,overall
2401380,0,4,the leaves are green,925,0.018435108418367346,1.692507593139925e-05,2.057101946131467e-05,9.548497361105842e-05,0,4293.59375,overall|small|part
2401380,1,2,the grass is green,255,0.005082110969387755,0.001067627015093287,0.0010897271887887797,0.05001041935939415,0,11702.6142578125,overall|small
2401380,2,0,person running in photo,11324,0.22568558673469388,0.093224005327397,0.4526172719825093,0.10506984396732051,1,2628.735107421875,overall
2401380,3,1,a  tall tree trunk.,1125,0.022421077806122448,0.012134196042684956,0.013063465349739824,0.14572254774305557,0,12549.33984375,overall
2401380,4,3,a net for a sporting game.,2244,0.04472257653061224,0.03603434222894026,0.046966427487391785,0.13405724727746213,0,6405.095703125,overall
2401380,5,5,a log on the ground ,1140,0.02272002551020408,0.0007438319175414064,0.0008403790193626596,0.006432917243555972,0,8726.4501953125,overall
2401381,0,3,A plastic wall mounted door bell,132,0.0026307397959183672,0.00024695003973715786,0.00026616151605747085,0.003409653902053833,0,1690.98193359375,overall|small|part
2401381,1,4,A closed silver laptop,285,0.00568000637755102,0.026506596398807116,0.02673198305485624,0.758676468698602,0,8088.54296875,overall|small
2401381,2,8,A brown table book.,418,0.008330676020408163,0.019345733373389195,0.01966338176993484,0.5449495452442809,0,11584.421875,overall|small
2401381,3,9,white phone in the corner,180,0.003587372448979592,5.02329684419554e-05,5.361380144836901e-05,0.0007959685391849942,0,2672.340576171875,overall|small
2401381,4,0,purple orchid sitting on table,2730,0.054408482142857144,0.043132530665158396,0.05352767647535417,0.181737789391598,0,9268.927734375,overall
2401381,5,1,brown tile on the floor,3276,0.06529017857142858,0.011486398160827697,0.026105529510244804,0.02009911589570098,0,2522.251220703125,overall
2401381,6,2,orange pillow on a sofa,2310,0.04603794642857143,0.02163336379254766,0.024584322133046864,0.15270517852915313,0,14348.533203125,overall
2401382,0,4,United States of America flag,192,0.003826530612244898,0.00015806160015357257,0.00016245446265761028,0.005811378980676333,0,6868.29248046875,overall|small|text
2401382,1,0,row of three benches,368,0.007334183673469388,0.010811961823860964,0.010910166913412093,0.5456946829090947,0,18406.28515625,overall|small
2401382,2,3,black trash can next to bench,120,0.0023915816326530613,0.00022959008541406918,0.00023181473979472,0.023364901542663574,0,12094.9521484375,overall|small
2401382,3,6,wood chips around the base of a tree,396,0.007892219387755101,0.0062755068901579536,0.008594281028497743,0.02273076953309955,0,1047.369140625,overall|small
2401382,4,1,Wood carved eagle,1040,0.02072704081632653,0.05752494413584118,0.06782849490484165,0.2746726989746094,1,4211.49853515625,overall
2401382,5,2,Large white building with trees in front of it,5160,0.10283801020408163,0.00224431570728824,0.004602885750187252,0.004360811839732089,0,4888.62646484375,overall
2401382,6,5,black clock with Roman numeral numbers,2800,0.05580357142857143,0.07052822470861068,0.13525756698065505,0.1284452383858817,0,2658.976318359375,overall
2401383,0,2,a peeling price tag label,208,0.004145408163265306,0.0010847488911257762,0.0011125464020740037,0.04160871414037851,0,7779.1025390625,overall|small|text
2401383,1,1,a section of porcelain.,950,0.018933354591836735,0.03179649934475938,0.03496739861930813,0.2596096962376645,0,7053.11865234375,overall|small
2401383,2,6,a grey countertop in a bathroom,285,0.00568000637755102,0.00812314048178389,0.008351111481427457,0.2293284633703399,0,7826.3369140625,overall|small
2401383,3,0,green spray bottle visible in photo,4956,0.09877232142857142,0.03730395998880506,0.07275431105691439,0.07111406672664762,0,4844.26708984375,overall
2401383,4,3,the slug's antenna are protruding,1596,0.03180803571428571,0.04595147665645722,0.09259254788193619,0.08359749394849428,0,1440.9539794921875,overall
2401383,5,4,filth inside of a toilet.,4641,0.09249441964285714,0.1326803815822864,0.1587877814130299,0.4465889646122872,0,13052.763671875,overall
2401383,6,5,a section of the inside of a toilet bowl.,3360,0.06696428571428571,0.05406919716899613,0.07236719060699306,0.17616793314615886,1,8179.4560546875,overall
2401384,0,1,Man has ring on finger.,345,0.006875797193877551,0.002846374870149449,0.00295933962509569,0.06939219599184783,0,8089.74658203125,overall|small
2401384,1,2,The phone in the man's hand.,4620,0.09207589285714286,0.09811605661582742,0.11857919291595581,0.362472626657197,0,14122.40625,overall|part
2401384,2,3,hair stubble on the face of a man,7134,0.1421795280612245,0.10618280826802522,0.23467909354144473,0.1624277776317634,1,4937.63525390625,overall|part
2401384,3,4,Man has short hair on his head.,4368,0.08705357142857142,0.009311402839151321,0.020577905610282943,0.01672257783212068,0,3549.64306640625,overall|part
2401384,4,0,Man has brown eyebrows.,2436,0.048549107142857144,0.03126570358399645,0.04664876534632181,0.08660158304549595,0,4522.33740234375,overall
2401385,0,2,HAND HOLDING FOOD UP TO MOUTH,30,0.0005978954081632653,5.233917034469604e-05,5.2456603098115414e-05,0.022845516602198284,0,13065.380859375,overall|small|part
2401385,1,1,MULTI COLORED DESIGN ON THE FLOOR,140,0.0027901785714285715,0.00010050932068780218,0.00010146377318821604,0.010571760790688651,0,14586.9453125,overall|small
2401385,2,4,a doorway in a wall,837,0.0166812818877551,0.0038810193547542666,0.005686166538333824,0.012077461434094282,0,1777.79443359375,overall|small
2401385,3,0,man looking up to ceiling,29808,0.5940688775510204,0.05666692379244427,0.5118844361908242,0.059903868154627116,0,3488.315673828125,overall
2401385,4,3,lighting recessed into ceiling,1870,0.0372688137755102,1.2195115030629439e-05,6.675734991176226e-05,1.4920602428084388e-05,0,417.9543762207031,overall
2401386,0,8,arched window on building.,216,0.00430484693877551,0.0005127023874034838,0.0005383922617105436,0.010630669417204681,0,4264.9658203125,overall|small|part
2401386,1,0,edge of a road,336,0.006696428571428571,0.0030342850022442623,0.0031648679610928247,0.06850260779971168,0,7272.6181640625,overall|small
2401386,2,2,part of a road,255,0.005082110969387755,0.0008823325923404767,0.0008940664065311077,0.06299482607374005,0,17966.98828125,overall|small
2401386,3,6,stoplight on the corner.,155,0.0030891262755102043,0.0012034096497088947,0.001221715224004797,0.074344604246078,0,9432.16015625,overall|small
2401386,4,7,electronic billboard on building.,420,0.008370535714285714,9.373325482377974e-05,0.00010376806986031308,0.0009683387620108468,0,3919.33935546875,overall|small
2401386,5,9,a billboard,405,0.008071588010204082,0.005740898655273106,0.006384931874773693,0.053850254011742864,0,3415.75341796875,overall|small
2401386,6,1,Evergreen tree,2430,0.04842952806122449,0.0010090291424347604,0.0016354093782904196,0.002627541106424214,0,3904.17529296875,overall
2401387,0,4,flashlight next to knives,598,0.011918048469387755,0.002914520489962199,0.0030986777669366147,0.04674793166859094,0,9021.6748046875,overall|small
2401387,1,6,hand towel on counter,1386,0.027622767857142856,0.014111063688453308,0.016916926217564562,0.07840685823779085,0,6423.8564453125,overall|part
2401387,2,0,black stove top by counter,4410,0.087890625,0.09003784051514785,0.19504871294602538,0.1432763893317744,0,3239.44140625,overall
2401387,3,1,a bag of croutons,3234,0.064453125,0.026005386819485252,0.04652914647182457,0.055674121788274966,0,3869.619873046875,overall
2401387,4,2,brightly colored container holding kitchen utensils,1736,0.03459821428571429,0.061224830437128216,0.0674961735179145,0.3972056164719542,0,10216.119140625,overall
2401387,5,3,stack of two blue plates,7826,0.15597098214285715,0.20495307186664782,0.2700108415347332,0.4596410527608293,1,13322.24609375,overall
2401387,6,5,tiled floor is white,2405,0.047931281887755105,0.023548115924977544,0.036557596928560844,0.06206497541336409,0,4083.043701171875,overall
2401388,0,0,This is at a beach.,41748,0.83203125,0.34766743418283064,0.8354098057836713,0.37323255941901406,0,18651.580078125,overall
2401389,0,2,The shoe lace of a tennis player.,27,0.0005381058673469387,0.000264444660511094,0.00026505994285209956,0.10227040891294126,0,10417.6474609375,overall|small|part
2401389,1,3,Strings on a tennis racket,240,0.0047831632653061226,0.004629007182193693,0.004693646770599798,0.2515665372212728,0,12863.3388671875,overall|small
2401389,2,0,Shadow of tennis player holding a racket,25098,0.5001992984693877,0.02437022731270184,0.28672204335865115,0.02594304447658927,0,2270.905029296875,overall
2401389,3,1,Black shorts worn by a tennis player,3403,0.06782126913265306,0.07795749461209414,0.11256653744794366,0.20227075891217308,0,6114.84912109375,overall
2401390,0,3,fence outside of window,432,0.00860969387755102,0.004386899967582905,0.006359372773338377,0.013946380880143907,0,947.394775390625,overall|small|part
2401390,1,2,a light color wooden floor,784,0.015625,0.014069430867610465,0.014471458730849646,0.33618572780064176,0,18213.064453125,overall|small
2401390,2,0,black stand with tv,4000,0.07971938775510204,0.18910831087465443,0.22935709372131044,0.5186825561523437,1,9045.8515625,overall
2401390,3,1,lights in the ceiling,1045,0.02082669005102041,6.630670329781029e-08,6.6242290870695e-07,7.368207009036861e-08,0,116.23656463623047,overall
2401390,4,4,a wooden table between the chairs,1932,0.03850446428571429,0.01939120771196483,0.021528473265245318,0.16340799904264525,0,14664.498046875,overall
2401391,0,4,blue sign on a train,432,0.00860969387755102,0.012495420454338728,0.012907579659004343,0.2812574527881764,0,9413.3232421875,overall|small|text
2401391,1,3,silver door to cargo compartment,720,0.014349489795918368,0.008128539269817344,0.00891327428114342,0.08452287250094943,0,6827.6220703125,overall|small|part
2401391,2,1,tall building in the background.,462,0.009207589285714286,7.901941792808443e-07,8.501778345378851e-07,1.1199685136154617e-05,0,6086.0849609375,overall|small
2401391,3,2,Front windshield of passenger train,465,0.009267378826530613,0.008093736546397811,0.00881326306421131,0.09019591628864247,0,4758.86181640625,overall|small
2401391,4,6,white building behind the train.,210,0.004185267857142857,0.005822444825962258,0.006045416466956256,0.1363404046921503,0,4736.06494140625,overall|small
2401391,5,7,train wheels on cargo train carrier,800,0.01594387755102041,0.0013483875790038986,0.0014219419232160168,0.025404615402221678,0,14292.9130859375,overall|small
2401391,6,8,vent on side of train.,112,0.002232142857142857,0.0008424895714371668,0.0008649954375407101,0.03136482409068516,0,4061.131591796875,overall|small
2401393,0,3,red tomato sauce on pizza,828,0.01650191326530612,0.020860664743653157,0.021165763236022293,0.5913660906363225,0,23134.111328125,overall|small
2401393,1,5,melted cheese on  pizza,475,0.009466677295918368,0.011786569338922524,0.012237179816246179,0.24247393156352795,0,9411.900390625,overall|small
2401393,2,0,spinach on the pizza,2520,0.05022321428571429,0.038158425230863977,0.0604648676727909,0.09373825920952691,0,3906.73828125,overall
2401393,3,1,fork and a knife,2652,0.052853954081632654,0.016020713709385324,0.02212863048081358,0.05485804516086032,0,6574.4482421875,overall
2401393,4,2,the pinky is curled,2050,0.0408561862244898,0.023681296290141006,0.10933024211007548,0.029342018685689787,0,550.1784057617188,overall
2401393,5,4,burnt crust of pizza,1596,0.03180803571428571,0.009699115496040748,0.015291381736137958,0.025835873787863214,0,2696.55517578125,overall
2401393,6,6,wooden pizza board,3649,0.07272401147959184,0.08479097289688553,0.15125753963179092,0.16174771368225885,0,3902.0693359375,overall
2401394,0,2,window air conditioning unit in apartment building,224,0.004464285714285714,0.001386331107944835,0.0014205088489900996,0.054480139698301046,0,8590.9716796875,overall|small|part
2401394,1,0,Street sign says Cumming St,1554,0.030970982142857144,0.05694973573995121,0.06853386451868362,0.2520150242318211,0,5714.4208984375,overall|text
2401394,2,5,NO PARKING SIGN IN PICTURE,1833,0.03653140943877551,0.016933886437815283,0.01965993614855465,0.10883377499744272,0,10147.1494140625,overall|text
2401394,3,1,apartment building fire escape,12654,0.2521922831632653,0.16286415712353197,0.312796892429528,0.2536060423087561,1,10259.4716796875,overall
2401394,4,3,apartment building light,1204,0.023995535714285716,0.022312601667739518,0.03114779828253696,0.0729249656398431,0,2818.8720703125,overall
2401394,5,4,Building exterior is brick,2838,0.056560905612244895,0.010027869616553347,0.017588434386237903,0.022796421171998878,0,3678.340087890625,overall
2401394,6,6,There is a black ladder on the building,1105,0.022022480867346938,0.01908405244234211,0.021034409336612655,0.17068858427159928,0,8966.7783203125,overall
2401395,0,9,front wheel of a motor cycle,90,0.001793686224489796,0.0006328191496086886,0.0006396588887568027,0.05587505764431423,0,7861.6201171875,overall|small|part
2401395,1,0,black tire on bike,988,0.019690688775510203,0.002996453197241235,0.00320332609791428,0.044341245643523056,0,13676.14453125,overall|small
2401395,2,1,part of a name,272,0.005420918367346939,0.0005738342644695921,0.0009230031318914183,0.0015145927010213629,0,446.3356628417969,overall|small
2401395,3,3,edge of a seat,180,0.003587372448979592,0.006820914579005463,0.008102213082270167,0.041348221566942005,0,918.598388671875,overall|small
2401395,4,5,part of a building,33,0.0006576849489795918,0.00011049774207765132,0.00011368376556266382,0.003927298567511819,0,1140.011962890625,overall|small
2401395,5,8,engine of a motor cycle,544,0.010841836734693877,0.0175311336944542,0.01770579861530201,0.639916363884421,0,19661.044921875,overall|small
2401395,6,2,The awning is black with Pub on the side,2070,0.04125478316326531,0.0004653491490462777,0.000613894820248707,0.0019194574171794208,0,6472.24365234375,overall
2401396,0,6,part of  a hair,420,0.008370535714285714,0.03562557729598012,0.03898989200768448,0.2922227042061942,0,3147.82958984375,overall|small|part
2401396,1,1,Pair of sunglasses,410,0.00817123724489796,0.023340449712535245,0.025061411942423714,0.25367226949552213,0,4150.03076171875,overall|small
2401396,2,2,orange life preserver on a large boat,25,0.0004982461734693878,0.0004366685170455336,0.0004371112459924902,0.3012503433227539,0,17229.615234375,overall|small
2401396,3,4,Small watercraft operate water,481,0.00958625637755102,0.009449563190929506,0.009669037268540905,0.2939374451825624,0,14622.3359375,overall|small
2401396,4,5,part of a chin,48,0.0009566326530612245,0.0038929917932993404,0.003922373665499942,0.34197552998860675,0,4184.92138671875,overall|small
2401396,5,7,part of a water,736,0.014668367346938776,0.07593888423559744,0.08416310701280964,0.4372935087784477,0,3824.0986328125,overall|small
2401396,6,8,woman wearing glasses,372,0.00741390306122449,0.023943918558379566,0.026267129435428666,0.21304413580125378,0,3017.1708984375,overall|small
2401397,0,4,a top of a table.,837,0.0166812818877551,0.0037618940630287927,0.006251338812514248,0.009358230599935478,0,1252.98583984375,overall|small
2401397,1,7,a section of a table.,456,0.009088010204081632,0.009120460038374644,0.01082365904120813,0.05478433140537195,0,2308.06005859375,overall|small
2401397,2,0,the dressing is white,2912,0.05803571428571429,0.04328231488990903,0.04884000408714342,0.27554996197040266,0,16429.185546875,overall
2401397,3,1,the pickle is green,2046,0.04077646683673469,0.027101733407561435,0.04728575673773719,0.0597015224244238,0,2583.2158203125,overall
2401397,4,2,lettuce and slices of carrots ,1650,0.032884247448979595,0.03624240586701841,0.039551960066633585,0.3022252678148674,0,12608.0146484375,overall
2401397,5,3,a piece of wheat bread ,7353,0.1465441645408163,0.06787301170996876,0.09703349364794335,0.18424089033068985,0,13961.3984375,overall
2401397,6,5,the lettuce is green,1015,0.020228794642857144,0.022889766330885207,0.044362211591574385,0.04515500749860491,0,1033.1390380859375,overall
2401398,0,5,a distant flag kite ,42,0.0008370535714285714,0.000693109129878659,0.0006967853223381638,0.11611731847127278,0,6999.18212890625,overall|small|text
2401398,1,8,a streamer flag kite,440,0.008769132653061224,0.025386475845090187,0.02611563107068488,0.47623391584916547,0,8023.6591796875,overall|small|text
2401398,2,0,Buildings in the distance.,456,0.009088010204081632,0.007355024837565612,0.008961740043380477,0.039407316007112204,0,2005.1614990234375,overall|small
2401398,3,3,man wearing white walking on the sand,45,0.000896843112244898,0.00024226092064805497,0.0002436723231085531,0.040146141582065156,0,7413.9580078125,overall|small
2401398,4,9,a vehicle on the far end of the beach,24,0.00047831632653061223,0.00046524820292752583,0.000466607170385168,0.13774142662684122,0,7084.748046875,overall|small
2401398,5,2,green and red legs to kite,2610,0.05201690051020408,0.032578092285019455,0.039126582408421706,0.16293537242202466,0,10868.859375,overall|part
2401398,6,6,The eyes and the mouth on the cat are black.,1560,0.031090561224489797,0.007262100732270088,0.008655317849653635,0.04316802391639123,0,7780.4326171875,overall|part
2401399,0,6,left arm of a surfer,306,0.006098533163265306,0.009048972527500244,0.009279798612347782,0.2667502608953738,0,8796.05078125,overall|small|part
2401399,1,3,white crashing water from a wave,805,0.016043526785714284,0.014484834222008375,0.015243484754883617,0.22543200380313472,0,11904.939453125,overall|small
2401399,2,7,white foam from the ocean water,196,0.00390625,0.002959570588680192,0.003125806789366908,0.052716342770323464,0,3305.515625,overall|small
2401399,3,0,The birds are white.,2600,0.05181760204081633,0.026365595442598706,0.03186806881045802,0.13247062096228968,0,10807.796875,overall
2401399,4,1,Foamy and motionless water ,7616,0.15178571428571427,0.09768432573650138,0.2117778562319094,0.15348892853039653,0,5519.80126953125,overall
2401399,5,2,Rock in the ocean.,1128,0.022480867346938774,0.02268686684047414,0.029117469882370833,0.09315565122780226,0,3608.8154296875,overall
2401399,6,4,Dark blue clear ocean water,3618,0.07210618622448979,0.0726005846399856,0.1069752214412279,0.18429664961866016,0,6233.08154296875,overall
2401400,0,4,Giraffe has black hair on the end of tail.,408,0.008131377551020409,0.00246602262172619,0.002507957308634957,0.12852786569034352,0,20909.1953125,overall|small|part
2401400,1,9,green leaves on the trees.,414,0.00825095663265306,0.006371498528750482,0.007143191410824807,0.05569323940553527,0,3227.8291015625,overall|small|part
2401400,2,2,A small rock on the ground.,16,0.00031887755102040814,0.0002836092475809293,0.00029537378586903595,0.00707026943564415,0,382.9869689941406,overall|small
2401400,3,7,Two of the feet of the tallest giraffe. ,413,0.008231026785714286,0.007215538502675622,0.00785981635489834,0.08090379913551755,0,4251.1513671875,overall|small
2401400,4,8,rocks in the ditch.,198,0.003946109693877551,0.00022483493040323786,0.000234320412757445,0.005523432384837757,0,4667.28271484375,overall|small
2401400,5,0,Housing structure in the background.,1320,0.026307397959183673,0.061258961400410275,0.06440460564683662,0.5563894098455255,1,11403.439453125,overall
2401400,6,1,Wires in the sky over giraffes area.,13056,0.2602040816326531,0.000439974348047713,0.0015162060870091768,0.0006194563180792565,0,5334.11767578125,overall
2401401,0,2,tail of plane number two,192,0.003826530612244898,0.003436530171972914,0.003499183202510707,0.1610251466433207,0,8835.44140625,overall|small|text|part
2401401,1,3,Tail end of black airplane,231,0.004603794642857143,0.0031347460141339612,0.0032135682141777957,0.11332038780311485,0,8145.77685546875,overall|small|part
2401401,2,1,back wings of a jet.,156,0.0031090561224489796,0.0025470442691753613,0.0025816548038832122,0.1596554487179487,0,9647.3974609375,overall|small
2401401,3,6,Lights on bottom of airplane,64,0.0012755102040816326,0.0024325536883702857,0.002434611606750885,0.7421233057975769,0,19508.611328125,overall|small
2401401,4,0,the left outer plane,2640,0.052614795918367346,0.007484650174872005,0.014567275045763774,0.015160758567578864,0,2747.555908203125,overall
2401401,5,4,a section of clear blue sky.,1908,0.03802614795918367,0.004864466750873745,0.017631257609908503,0.006673120602621722,0,722.1444091796875,overall
2401401,6,5,Clear blue sky,12900,0.2570950255102041,0.005051910927183322,0.11896985121344635,0.005248258132343145,0,569.072998046875,overall
2401402,0,0,Identifying number of airplane.,117,0.002331792091836735,0.0001842208482437534,0.0001862691969543836,0.016476339764065213,0,10349.1708984375,overall|small|text
2401402,1,3,the grass is green,504,0.010044642857142858,0.0038184999877351783,0.004161202167148862,0.04431097848074777,0,5366.89453125,overall|small
2401402,2,6,open windows,220,0.004384566326530612,0.0006163173468205509,0.0007361133028998222,0.003772813081741333,0,1127.5694580078125,overall|small
2401402,3,1,the roof is gray,2379,0.04741310586734694,0.0012161208728660238,0.0014420408085288451,0.007702674721408762,0,12707.451171875,overall
2401402,4,2,brown hotel,16472,0.3282844387755102,0.2122183326655012,0.6134100890019185,0.2449841047734413,1,6578.59765625,overall
2401402,5,4,the water ,1680,0.033482142857142856,0.015978693313752516,0.0202243415145135,0.07073149908156622,0,5875.53955078125,overall
2401402,6,5,Water movement from the airplane.,1080,0.021524234693877552,0.01270561358311311,0.014204543587062074,0.10746495282208478,0,8170.7763671875,overall
2401403,0,5,Head of a man walking in the water. ,200,0.003985969387755102,0.005425558436183078,0.00560723496389952,0.14343487739562988,0,5116.064453125,overall|small|part
2401403,1,3,decal on surf board,144,0.0028698979591836736,0.003971300877063875,0.00401502637132629,0.26721599366929794,0,9583.7734375,overall|small
2401403,2,4,Top black tip of a surfboard. ,72,0.0014349489795918368,0.001107660722869762,0.0011132815680062152,0.17991556061638725,0,11635.798828125,overall|small
2401403,3,0,The foam is white.,14381,0.2866111288265306,0.03314726360421088,0.11950131079046336,0.043859084054861885,0,5278.080078125,overall
2401403,4,1,The waves are white.,9768,0.1946747448979592,0.05274258514177537,0.13186304278341593,0.08079903717415925,0,5985.3388671875,overall
2401403,5,2,small wave crashing down,5112,0.1018813775510204,0.053656864293568446,0.1027104227186416,0.10100159025714618,0,5026.94970703125,overall
2401404,0,1,neck of a sheep,464,0.009247448979591837,0.007501667493316847,0.007782936124363706,0.17189570130973025,0,10248.009765625,overall|small
2401404,1,3,part of the sky,238,0.004743303571428571,0.0010839240680161953,0.0016050415298643722,0.0033273772031319243,0,493.3927001953125,overall|small
2401404,2,4,stomach of a sheep,648,0.012914540816326531,0.0029682520575749897,0.0030677628258889314,0.08383514263011792,0,17708.400390625,overall|small
2401404,3,5,part of a tree,187,0.0037268813775510204,0.016343441734925003,0.019598208580336864,0.08959328554530832,0,854.8712158203125,overall|small
2401404,4,7,part of a cloth,125,0.0024912308673469387,0.00135145709824971,0.0013676375413716445,0.1025197982788086,0,9370.154296875,overall|small
2401404,5,0,Man wearing white shirt.,1463,0.029157366071428572,0.09399000373942479,0.09821563990169327,0.6859879718605818,1,10218.3359375,overall|text
2401404,6,2,The sky is bright.,5472,0.1090561224489796,0.001450714319358765,0.007627757454919923,0.0017882195132517674,0,1282.832763671875,overall
2401405,0,0,The plane in the sky,11745,0.23407605229591838,0.04990761621980662,0.1135348546088209,0.08177180511487601,0,8459.1630859375,overall
2401405,1,1,clouds in the sky,13244,0.26395089285714285,0.012406358467363335,0.15966163087730503,0.01327305882764129,0,1101.005859375,overall
2401406,0,0,Yellow and red left boot,320,0.006377551020408163,0.0017822560772276946,0.002074750200427024,0.012484259903430939,0,1925.5152587890625,overall|small
2401406,1,1,Yellow and red right boot,360,0.007174744897959184,0.0021837949352981026,0.0025638555428721134,0.014517817232343886,0,2038.4979248046875,overall|small
2401406,2,2,red hat with a white patterned stripe,342,0.006816007653061225,0.001492160224707364,0.001540390473636963,0.04548913275289257,0,10099.5712890625,overall|small
2401406,3,3,person wearing white hat ,714,0.014229910714285714,0.014832806032770415,0.015610001236177186,0.22953505743117558,0,10498.912109375,overall|small
2401406,4,5,light blue jacket,925,0.018435108418367346,0.023076721669433888,0.024236958693318128,0.3252657173775338,0,12413.71875,overall|small
2401406,5,7,bright yellow hat,154,0.0030691964285714285,0.0026548955434398834,0.0026948620085124066,0.15183401727057122,0,8676.673828125,overall|small
2401406,6,8,"black ski boot with small areas of yellow, pink and blue on the side",210,0.004185267857142857,0.00255161638283858,0.0026632876584135197,0.0573635737101237,0,4523.11279296875,overall|small
2401407,0,3,green leaves on the plate,550,0.010961415816326531,0.0074670201001501395,0.008575555977565895,0.05460984316739169,0,3502.445068359375,overall|small|part
2401407,1,1,side of a plate,60,0.0011957908163265306,0.0005946043602974995,0.000614847203921865,0.017739864190419515,0,1731.1485595703125,overall|small
2401407,2,2,cutting edge of a knife,12,0.00023915816326530612,0.0003635612447382252,0.0003646238848766687,0.11091261108716328,0,3650.203369140625,overall|small
2401407,3,4,part of a dinner table,42,0.0008370535714285714,0.0003115796569943268,0.000312292879599331,0.12005046435764857,0,16145.4833984375,overall|small
2401407,4,5,front part of a fork,270,0.005381058673469388,0.001423575027525057,0.0014598086310697094,0.054243073640046297,0,10032.568359375,overall|small
2401407,5,7,napkin for meal,416,0.008290816326530613,0.0031326365146599196,0.0032635505659662353,0.07243654361137977,0,9233.3798828125,overall|small
2401407,6,8,part of a silver knife,60,0.0011957908163265306,0.0005896957933910341,0.0005953612264982146,0.05835305054982503,0,5880.77099609375,overall|small
2401408,0,7,Japan airline logo on side of plane.,513,0.010224011479591837,0.0073351876671724535,0.0077342005443312555,0.12448156553867035,0,8256.708984375,overall|small|text
2401408,1,1,Luggage transport vehicles.,725,0.014449139030612245,0.020382429088067963,0.021709605203482852,0.2500434191473599,0,8350.2890625,overall|small
2401408,2,3,an orange and white cone,117,0.002331792091836735,0.0029658958175225784,0.0031213146898427043,0.05621628883557442,0,2107.222900390625,overall|small
2401408,3,4,One person at the luggage carrier.,364,0.007254464285714286,0.009041399063990471,0.009515458722587274,0.1536050314431662,0,5875.9365234375,overall|small
2401408,4,5,Landing gear on JAL airline.,270,0.005381058673469388,0.0020972665411153678,0.0021251127013928294,0.13797218887894241,0,17529.654296875,overall|small
2401408,5,8,this is the propeller,399,0.007952008928571428,0.001076329232699472,0.0011478853110902716,0.016973151300186503,0,5899.79443359375,overall|small
2401408,6,0,The lines are white.,6695,0.13343032525510204,0.057170037742076435,0.22197659463418998,0.07149649086596807,0,2156.39404296875,overall
2401409,0,3,shadow in the snow.,285,0.00568000637755102,0.008458116628246597,0.010483050321027022,0.04195062403093305,0,1140.5008544921875,overall|small
2401409,1,4,trunk of a tree.,605,0.012057557397959183,0.01710631091292717,0.019195458057930184,0.13582710707483212,0,4280.9814453125,overall|small
2401409,2,5,a shed in the background,132,0.0026307397959183672,0.00011754294476290463,0.00011881343162817645,0.010872866168166653,0,12079.5966796875,overall|small
2401409,3,6,ski trail in the snow.,448,0.008928571428571428,0.005140301530993033,0.005318263123150784,0.13315927982330322,0,11217.0751953125,overall|small
2401409,4,7,a round barrel in the snow,56,0.0011160714285714285,9.636547832526722e-05,9.686255853774788e-05,0.018431953021458218,0,10656.2265625,overall|small
2401409,5,0,a black bench in snow,9100,0.18136160714285715,0.0360528007735375,0.10176229058358066,0.05288130875472184,0,4728.86279296875,overall
2401409,6,1,a person walking in the snow,2880,0.05739795918367347,0.17317814100001835,0.21762063056841435,0.4588738335503472,0,6072.75439453125,overall
2401410,0,3,front wheel of a bicycle,25,0.0004982461734693878,4.972901049499695e-05,4.9811843913496784e-05,0.029036207199096678,0,14572.943359375,overall|small|part
2401410,1,0,yellow bananas in cart,648,0.012914540816326531,0.019878063430891064,0.02014447791795093,0.6004867553710938,0,19316.232421875,overall|small
2401410,2,1,section of tomatoes,40,0.0007971938775510204,0.001913300750298458,0.001928699397925078,0.1933163046836853,0,4009.25732421875,overall|small
2401410,3,2,a boot on a man,234,0.00466358418367347,0.006495001873265557,0.006860614031388706,0.10863666045360076,0,3705.350341796875,overall|small
2401410,4,4,part of a path,75,0.0014947385204081632,0.0019127945612327489,0.0019918318936240514,0.04598780314127604,0,1731.6146240234375,overall|small
2401410,5,6,pedal of a bicycle,21,0.0004185267857142857,1.6101258149899952e-05,1.6173045777955444e-05,0.0036143440575826737,0,4693.0693359375,overall|small
2401410,6,7,inside of a shop,558,0.011120854591836735,0.03249935735839314,0.039655004631497,0.15261720500112008,1,2147.5322265625,overall|small
2401411,0,0,Lightly brown bread toasted,19890,0.3964046556122449,0.026615209486183043,0.12450373799139519,0.032743283862022375,0,5230.87841796875,overall
2401411,1,1,black hinged box sitting on desk behind plate,2256,0.04496173469387755,0.11972996017967494,0.12747762407649868,0.663299560546875,0,11738.560546875,overall
2401411,2,2,The plate is covered in toast crumbs ,5238,0.10439253826530612,0.1137864650771012,0.13438269187573282,0.426083652515273,0,16607.98828125,overall
2401411,3,3,white wall in the background,1015,0.020228794642857144,0.000308323386227379,0.000684071611352002,0.0005610058460329553,0,832.3995971679688,overall
2401412,0,0,a section of night sky.,931,0.0185546875,2.0323760782537345e-05,6.153446529452914e-05,3.034584864445839e-05,0,459.12457275390625,overall|small
2401412,1,1,the front lights are on,126,0.0025111607142857145,2.382906178774286e-05,2.4091641711308e-05,0.002181540878992232,0,11409.5234375,overall|small
2401412,2,2,Top of clock tower,200,0.003985969387755102,0.0005810161993623861,0.0006004828817602224,0.017606873512268067,0,5864.23828125,overall|small
2401412,3,5,Small part of the street,540,0.010762117346938776,0.0011339402624907058,0.001162791715247983,0.043703573721426504,0,20295.921875,overall|small
2401412,4,6,clock on a side of a building,189,0.0037667410714285715,0.0002152921822245123,0.00023173089920302387,0.003025716574734481,0,2467.778076171875,overall|small
2401412,5,7,green light on side of street pole,60,0.0011957908163265306,0.00024528096145059883,0.0002472724610950842,0.02955495516459147,0,7171.4306640625,overall|small
2401412,6,8,a tall light.,621,0.012376434948979591,3.256327054001669e-05,4.0624916106144804e-05,0.00016406862344142895,0,2507.9833984375,overall|small
2401413,0,6,a tennis player wearing an orange shirt,270,0.005381058673469388,0.004595864813675346,0.004738620950302999,0.13236191361038774,0,7541.796875,overall|small|text
2401413,1,1,blue surface on the court.,323,0.00643734056122449,0.0008981376747511893,0.000934741404963644,0.022421299488551847,0,7747.6826171875,overall|small
2401413,2,3,an advertisement on the wall,644,0.012834821428571428,0.002136616850660044,0.0067951116739431786,0.0031068924791324212,0,294.4526672363281,overall|small
2401413,3,4,green floor next to court,529,0.010542889030612245,0.0024473398700244745,0.0027437768934590124,0.02215045611664568,0,4270.6064453125,overall|small
2401413,4,5,ball boy near the net.,207,0.00412547831632653,0.0024979949269555092,0.0025198321240030544,0.22375193425422704,0,18380.84765625,overall|small
2401413,5,7,green surface on the court.,196,0.00390625,0.0036307642629493774,0.0037403873611631003,0.1102278573172433,0,5776.048828125,overall|small
2401413,6,9,scoreboard on the court.,220,0.004384566326530612,0.0018828642698349555,0.0019463948185057922,0.054539450732144445,0,6164.56591796875,overall|small
2401415,0,0,The eyes of the man holding the phone.,299,0.0059590242346938774,0.002421870318945604,0.0026662814774628674,0.025740125904912533,0,2886.528564453125,overall|small|part
2401415,1,5,The ear of the man holding the phone.,612,0.012197066326530613,0.001860507808188532,0.001985571695649135,0.02869079938901016,0,8843.1806640625,overall|small
2401415,2,6,Bicycle tire in the background,987,0.019670758928571428,0.006779686014825089,0.008036975869603797,0.04153764718934033,0,5101.1298828125,overall|small
2401415,3,2,person with sunglasses in hand,1512,0.030133928571428572,0.008371865127640652,0.009818193322374356,0.05377511120347119,0,8281.357421875,overall|part
2401415,4,1,There is a drink with a straw,1287,0.02564971301020408,0.003652726386329614,0.004055195233472976,0.035497675779353026,0,11265.9208984375,overall
2401415,5,3,Man looking at something,3504,0.06983418367346939,0.018014263682487264,0.05679169692204127,0.025704721337584054,0,1585.959716796875,overall
2401415,6,4,The phone is black,2010,0.04005899234693878,0.027516124270052483,0.031186947776375408,0.1894789358869714,0,12211.9248046875,overall
2401416,0,1,the gold letter G,60,0.0011957908163265306,0.0025916414495795134,0.0026540266047356998,0.09930614630381267,0,2245.02978515625,overall|small|text
2401416,1,9,the gold letter E,85,0.0016940369897959183,0.00344570960663159,0.0035456827210413196,0.10889863406910616,0,2610.60693359375,overall|small|text
2401416,2,2,string hanging from case,848,0.016900510204081634,0.0076002489657790015,0.008765155685452174,0.05409343287629901,0,5233.36181640625,overall|small
2401416,3,8,tan stitching on leather,935,0.0186344068877551,0.038493164576120925,0.03951949297527088,0.5971325879428476,0,14127.685546875,overall|small
2401416,4,0,cream leather handle of suitcase,1584,0.031568877551020405,0.039370221337163926,0.04060471603682687,0.5642618506845801,0,22011.994140625,overall|part
2401416,5,3,closed pink storage chest,4278,0.08525988520408163,0.013211140389645517,0.02889525522114062,0.023760907501748592,0,3517.849609375,overall
2401416,6,4,books on blue bookshelf,1725,0.03437898596938776,0.010499325989846443,0.05212324000858953,0.012977084837098052,0,429.47198486328125,overall
2401417,0,0,toilets in bathroom,24948,0.49720982142857145,0.037468692716117025,0.21941269546264522,0.04323141548483345,0,4915.56494140625,overall
2401417,1,1,geometrically patterned lavendar and burgundy wallpaper,5332,0.10626594387755102,0.024983392570527847,0.11857093785168775,0.030681604383945106,0,1379.716796875,overall
2401418,0,0,This is a baseball game.,32308,0.6438934948979592,0.46364407421502524,0.6763659556316101,0.5958277796907887,1,28460.9296875,overall
2401418,1,1,The ground is brown.,7242,0.14433195153061223,0.005738576363753771,0.009391974827289535,0.014537975624166645,0,11209.998046875,overall
2401419,0,3,the letters Slazerx,240,0.0047831632653061226,0.0011394828294490629,0.0013835140478993895,0.006418733795483907,0,1113.4661865234375,overall|small|text
2401419,1,1,a greenish yellow tennis ball flying through the air,45,0.000896843112244898,8.497829373269265e-05,8.547762885818262e-05,0.014338253604041205,0,7548.42431640625,overall|small
2401419,2,5,The dark blue jacket the person behind the player has on.,675,0.013452646683673469,0.006784432541788981,0.0072108990186485564,0.10290925202546296,0,9633.16015625,overall|small
2401419,3,0,tennis player lunging for tennis ball,10614,0.21153539540816327,0.06554054032879104,0.08938560839956197,0.19722898320467072,0,23419.748046875,overall
2401419,4,2,green tennis court grass with spray painted white lines,1696,0.03380102040816327,0.047461704531550464,0.06683495507446562,0.14069866684247861,0,3570.361328125,overall
2401419,5,4,the green back fence of a tennis court,3024,0.060267857142857144,0.022613601462024086,0.04952964063731932,0.03995007308071883,0,2439.125732421875,overall
2401419,6,6,a long green metal bar at the top of the court wall,1106,0.022042410714285716,0.0019350728857127708,0.0028025869076454472,0.00621260010096738,0,2451.7119140625,overall
2401420,0,1,part of a forest,120,0.0023915816326530613,0.0020906361537479912,0.002119583855940938,0.1327565590540568,0,7515.99755859375,overall|small
2401420,1,2,white rocks by trees,161,0.003208705357142857,0.008488666037292132,0.008522122379918342,0.6837708846382473,0,12917.8046875,overall|small
2401420,2,3,part of a lake,63,0.0012555803571428572,0.0006423557681879183,0.0006480495021455993,0.06813052343943762,0,6623.294921875,overall|small
2401420,3,4,part of a sea,672,0.013392857142857142,0.021322997860535296,0.0230214711076418,0.22421473548525855,0,6544.85986328125,overall|small
2401420,4,5,ripples of water,270,0.005381058673469388,0.010236893775678421,0.010802798269581873,0.16347150449399594,0,4085.72900390625,overall|small
2401420,5,0,surfer in the middle is woman,14868,0.2963169642857143,0.18408398603205076,0.42739229830967396,0.24434749099366088,1,8500.2900390625,overall
2401421,0,1,Blue solution in Windex bottle,912,0.018176020408163265,0.0045519594066406165,0.004861753464148414,0.06667329553972211,0,12507.01953125,overall|small
2401421,1,2,reflection of faucet in mirror,837,0.0166812818877551,0.029615259643002833,0.03189596884720992,0.2928727672946069,0,7685.4384765625,overall|small
2401421,2,0,The sink has just been cleaned.,39894,0.7950813137755102,0.15693454396456671,0.6726117085169447,0.16991367455789091,0,10077.93359375,overall
2401422,0,4,If that were a wedding ring it would be on his other hand. ,256,0.00510204081632653,0.01821589676011299,0.01885842672592251,0.34838199615478516,0,4729.2275390625,overall|small|part
2401422,1,1,squirt of red ketchup,435,0.008669483418367346,0.003702289230104558,0.0038460629026201634,0.09011439180922234,0,10192.1787109375,overall|small
2401422,2,2,the boat is white in color,80,0.0015943877551020409,0.0030935726634781966,0.0030956549854967786,0.8213972091674805,0,21227.099609375,overall|small
2401422,3,7,A narrow ladder in the wall.,190,0.003786670918367347,0.033179672058727544,0.03866934121671465,0.18944218284205386,0,930.8153076171875,overall|small
2401422,4,8,He needs to wash his hands. Dirt on fingernail. ,546,0.010881696428571428,0.025361593449048276,0.02880213618881633,0.17512974721608143,0,3319.921875,overall|small
2401422,5,9,this is some meat,286,0.005699936224489796,0.00789284002115199,0.008140445391031823,0.20602813133826622,0,7238.43017578125,overall|small
2401422,6,0,The thumb of a man holding a hotdog.,2352,0.046875,0.008435199646865222,0.016115267813895474,0.01739194441814812,0,2538.3291015625,overall
2401423,0,2,this is a writing,672,0.013392857142857142,0.0024477816975244575,0.003379817431988775,0.008798232390767052,0,1749.328857421875,overall|small|text
2401423,1,9,single front landing wheel,99,0.0019730548469387753,0.002519826724521472,0.0025719662383764537,0.11055719009553543,0,4255.56201171875,overall|small|part
2401423,2,1,part of an engine,308,0.006138392857142857,0.0036558750599807667,0.003736418607659356,0.14500406190946505,0,11952.95703125,overall|small
2401423,3,4,the clouds are white in color ,110,0.002192283163265306,1.2601906720517948e-05,1.4300722379577299e-05,0.00010607228191061453,0,815.8994140625,overall|small
2401423,4,5,front windows on airplane ,55,0.001096141581632653,0.00016807285753630467,0.00017048386875609698,0.011744937029751865,0,3789.0478515625,overall|small
2401423,5,6,six landing wheels,280,0.005580357142857143,0.0019826837381417732,0.0020255653027351377,0.08563452448163714,0,11837.5185546875,overall|small
2401423,6,8,wheels on airplane,196,0.00390625,0.004058968667019564,0.004092785547156417,0.32942090715680805,0,15775.685546875,overall|small
2401424,0,5,Left hand arrow on traffic sign.,500,0.009964923469387755,0.0037683301424860025,0.003974272895747325,0.06779119873046875,0,8528.7548828125,overall|small|text|part
2401424,1,9,section of a sign post,224,0.004464285714285714,0.0018100758171766093,0.0018719060153197212,0.05195293256214687,0,6216.90234375,overall|small|text
2401424,2,1,Traffic Lights in Background,1000,0.01992984693877551,0.023767297610447963,0.024699886191260373,0.38630877685546877,0,15640.103515625,overall|small
2401424,3,3,Lady with Yellow Bag,171,0.0034080038265306123,0.0008575246332026877,0.0008837059328284271,0.028130101878740633,0,5443.26708984375,overall|small
2401424,4,4,Exclamation point.,720,0.014349489795918368,0.039626400274266255,0.04937965491782975,0.16709984673394096,0,2436.466796875,overall|small
2401424,5,7,part of a road,300,0.005978954081632653,3.590587784745081e-05,3.6990733688290125e-05,0.001222799022992452,0,9917.0703125,overall|small
2401424,6,0,Green leaves on the tree.,2205,0.0439453125,0.007980622085375994,0.016675158338383275,0.01507520956787663,0,1993.4345703125,overall|part
2401425,0,6,The eye of the elephant.,198,0.003946109693877551,0.0037088304842666344,0.004001752667759705,0.04822468516802547,0,2386.076416015625,overall|small|part
2401425,1,0,the back left leg of an elephant.,2349,0.04681521045918367,0.0026334646660876085,0.004107058741183605,0.007286258533489151,0,4167.318359375,overall|part
2401425,2,2,Elephant's right front leg,2727,0.05434869260204082,0.043504639707829265,0.05287277007696713,0.19713263237131004,0,10167.439453125,overall|part
2401425,3,3,the tail on an elephant.,1672,0.033322704081632654,0.06242903058590382,0.06747978142085974,0.4547655753541791,0,11268.0869140625,overall|part
2401425,4,5,The elephant's front right leg.,2790,0.05560427295918367,0.03434736407754871,0.04249486549847987,0.1519280983982975,0,9974.837890625,overall|part
2401425,5,1,The trunk of an elephant.,4760,0.09486607142857142,0.021218337218537067,0.05380224054533013,0.03384958475577731,0,2994.74560546875,overall
2401425,6,4,Left ear of elephant,4081,0.08133370535714286,0.03179686326264329,0.044461045620197835,0.1004213250404887,0,9217.494140625,overall
2401426,0,5,legs of a chair,920,0.01833545918367347,0.00018549493239238614,0.00020249006745095297,0.0022052223267762555,0,10019.279296875,overall|small|part
2401426,1,8,metal handle on oven door,330,0.006576849489795918,0.003774399585184357,0.004861513561928,0.01659873760107792,0,1126.723876953125,overall|small|part
2401426,2,2,steel pan for cooking pizza,639,0.01273517219387755,0.005782492195656021,0.0060700857640741184,0.10877254050289148,0,11450.5224609375,overall|small
2401426,3,6,the table is of glass,999,0.019909917091836735,0.006101674068542377,0.009352342721299848,0.017251977930078516,0,1842.824462890625,overall|small
2401426,4,7,burn marks on a pizza crust,476,0.009486607142857142,0.015446612008547252,0.015782117740314777,0.420828843317112,0,12692.5,overall|small
2401426,5,1,a pizza oven door,3162,0.06301817602040816,0.09474121665772729,0.13273454788349393,0.2486798493338868,0,5924.046875,overall|part
2401426,6,0,the pizza is spicy,5184,0.10331632653061225,0.07270132369431392,0.11711895002952961,0.16086015583556376,0,7120.103515625,overall
2401427,0,2,2 blue garbage cans,570,0.01136001275510204,0.0026936047692926136,0.002815300320080044,0.05865851954409951,0,11876.3017578125,overall|small
2401427,1,3,banner on side of building,238,0.004743303571428571,0.0010199489967864241,0.0010532277608589764,0.031270588145536536,0,7066.27783203125,overall|small
2401427,2,1,man in black shirt,27777,0.5535913584183674,0.24938782327372405,0.8309963306041581,0.26271238133730246,1,8781.4609375,overall|text
2401427,3,0,white line on road,1800,0.03587372448979592,0.006673604256691947,0.008292012922024949,0.033062127431233726,0,7177.00634765625,overall
2401428,0,0,the glass is shinny ,690,0.013751594387755101,0.0007599590170461928,0.002604853493369086,0.0010718553826428842,0,283.9239196777344,overall|small
2401428,1,2,the table is brown in color ,156,0.0031090561224489796,0.004855079742299184,0.004874305352012586,0.5517539488963592,0,17658.642578125,overall|small
2401428,2,4,round red pepperoni slice,792,0.015784438775510203,0.014778481789651056,0.015411471053729229,0.2646050886674361,0,13598.1328125,overall|small
2401428,3,5,patch of green spice,550,0.010961415816326531,0.004831419260637822,0.007184668669255182,0.01453630880876021,0,1112.781982421875,overall|small
2401428,4,6,round red pepperoni slice,704,0.01403061224489796,0.016252935271210193,0.016820988768132802,0.3249063058332963,0,13598.1328125,overall|small
2401428,5,7,this is a knife,16,0.00031887755102040814,0.0002818974788359847,0.0002846554106265893,0.028272967785596848,0,1589.17578125,overall|small
2401428,6,8,corner of a white napkin,336,0.006696428571428571,0.0017051268984165327,0.0019471476152987176,0.013532739310037522,0,2335.2109375,overall|small
2401429,0,0,bare feet in water and sand,90,0.001793686224489796,0.00011512111894313076,0.0001157827736295762,0.019747205575307212,0,15349.8525390625,overall|small
2401429,1,1,the sky is blue in color,294,0.005859375,2.7515056742861598e-06,2.9334603498104843e-06,4.435761128457225e-05,0,4445.64990234375,overall|small
2401429,2,3,the grass is green in color,225,0.00448421556122449,8.497764201930532e-05,8.622244107514836e-05,0.005851631164550781,0,15270.00390625,overall|small
2401429,3,5,Boogie board in a man's hands,256,0.00510204081632653,0.008055863846482316,0.009283595373029245,0.057417500764131546,0,1583.317626953125,overall|small
2401429,4,6,man's blue floral swimming trunk,180,0.003587372448979592,0.0018525574475571646,0.0018941409491319819,0.07781791687011719,0,7395.02783203125,overall|small
2401429,5,7,this is the sky,464,0.009247448979591837,1.2686933520111656e-05,1.4875438762364807e-05,8.622662902906023e-05,0,2689.61181640625,overall|small
2401429,6,2,white cloud in the sky at the beach,9048,0.1803252551020408,0.00016291207093131532,0.0005909966569049286,0.00022485939197894434,0,3442.536865234375,overall
2401431,0,5,A blue and gold sign.,288,0.005739795918367347,2.8360261437248558e-06,2.9590693586299255e-06,6.819901237678196e-05,0,6637.66650390625,overall|small|text
2401431,1,0,this is the roof ,500,0.009964923469387755,0.0002548118498025309,0.0002832043980784514,0.0025352034568786623,0,4475.92529296875,overall|small
2401431,2,1,the carpet is brown,729,0.014528858418367346,0.0004123462171007228,0.00042999778344403924,0.009944989030416775,0,16860.3125,overall|small
2401431,3,3,part of a metal,104,0.002072704081632653,0.0005122964663769434,0.0005417391642096725,0.00933811985529386,0,1792.6790771484375,overall|small
2401431,4,4,A central vendor kiosk,720,0.014349489795918368,0.017395399367849354,0.01817435371247684,0.2886940426296658,0,11436.9794921875,overall|small
2401431,5,6,part of a metal,65,0.001295440051020408,0.0011704233292848447,0.001211443317163101,0.03341121673583984,0,1792.6790771484375,overall|small
2401431,6,7,part of  a castle,208,0.004145408163265306,0.0010376332943154115,0.0010665871577843508,0.03681652133281414,0,7179.7568359375,overall|small
2401432,0,3,Company logo truck cab,336,0.006696428571428571,0.015126466375993462,0.015169560270406885,0.8418896084740048,0,18647.53515625,overall|small|text
2401432,1,6,the logo on the side of the truck,396,0.007892219387755101,0.014378835799002542,0.014602143641311512,0.48459848731455174,0,13141.974609375,overall|small|text
2401432,2,7,the freeway sign on the side of the road,195,0.0038863201530612247,0.0012637053466881844,0.0013114556464334,0.03354329573802459,0,4987.5439453125,overall|small|text
2401432,3,0,the light is off,70,0.0013950892857142857,0.0005132952876985786,0.0005397712645058754,0.010356283187866211,0,1343.050048828125,overall|small
2401432,4,1,the front screen is clear,660,0.013153698979591837,8.569405443137192e-05,0.0002315974238802944,0.00013600661221778755,0,387.5879211425781,overall|small
2401432,5,4,part of the sky,624,0.012436224489795918,8.103180929634637e-07,1.133267594936782e-06,2.843492928569993e-06,0,1565.6845703125,overall|small
2401432,6,5,part of a road,504,0.010044642857142858,0.002471094749671798,0.002587977670026136,0.05187571994842045,0,10102.623046875,overall|small
2401433,0,9,There is a yield sign.,420,0.008370535714285714,0.0004327502213688685,0.00044022606320808834,0.024849887121291388,0,23708.166015625,overall|small|text
2401433,1,8,a clock face that says 1:55 ,384,0.007653061224489796,0.0014308293483583697,0.0015882289949907436,0.014232193430264791,0,3441.041748046875,overall|small|part
2401433,2,0,a street light over the public street,75,0.0014947385204081632,0.0037607281710640536,0.0037913622852293167,0.3176101938883464,0,6282.90380859375,overall|small
2401433,3,4,part of gutter on red brick building,20,0.0003985969387755102,7.371323825384527e-05,7.3985798565225e-05,0.019616752862930298,0,5302.8427734375,overall|small
2401433,4,5,chimney top on red brick building,60,0.0011957908163265306,0.003001197883986847,0.0030536225066217313,0.1488009770711263,0,2923.759765625,overall|small
2401433,5,7,part of roof on red brick building,36,0.0007174744897959184,0.0007218751709195702,0.000728507028307666,0.07347158590952556,0,3630.681640625,overall|small
2401433,6,1,a grey decorative brick triangle,1764,0.03515625,0.002510486756641223,0.003408183282987432,0.009441294637667078,0,4886.6044921875,overall
2401434,0,1,Utility pole in park.,504,0.010044642857142858,0.005268258943234398,0.005599561670771974,0.08176198081364708,0,7359.154296875,overall|small
2401434,1,3,part of a bench,225,0.00448421556122449,0.00014992699599200883,0.0001603764125241015,0.0022957791222466364,0,3220.862060546875,overall|small
2401434,2,5,tattoo on a shoulder,432,0.00860969387755102,0.013632593845794906,0.013827523382321412,0.4916223949856228,0,15359.28515625,overall|small
2401434,3,6,Green garbage can.,576,0.011479591836734694,0.001541737497249537,0.0016478356352002516,0.023385135663880244,0,8174.2607421875,overall|small
2401434,4,7,a blue bench,42,0.0008370535714285714,0.001141867427075078,0.0011622463270373258,0.06114112763177781,0,2209.451904296875,overall|small
2401434,5,0,brown mulch on ground,2550,0.05082110969387755,0.0032178804705543817,0.0039542494132086365,0.016986272475298714,0,10954.037109375,overall
2401434,6,2,brown belt of a man,1007,0.020069355867346938,0.007807401600571686,0.010437943502108539,0.030048732132518657,0,2898.94970703125,overall
2401435,0,4,this is a t shirt,338,0.0067362882653061226,0.010034579943915148,0.011743236416990046,0.06451616343661878,0,1856.9381103515625,overall|small|text
2401435,1,2,right arm of a boy,80,0.0015943877551020409,0.0018951319158222793,0.0019061274523871781,0.24728832244873047,0,10378.6689453125,overall|small|part
2401435,2,7,wheel of a skate board,66,0.0013153698979591836,1.4698375193184893e-05,1.5064973227392488e-05,0.0006036501603596138,0,2644.60546875,overall|small|part
2401435,3,8,part of a shoe,20,0.0003985969387755102,0.0001512360948496114,0.0001527959140891587,0.014598430693149566,0,1910.8404541015625,overall|small|part
2401435,4,0,the lady is light skinned,35,0.0006975446428571429,6.640688213171574e-05,6.652912913819393e-05,0.03487934385027204,0,18349.51171875,overall|small
2401435,5,3,ram of a skating court,252,0.005022321428571429,0.00011335846667572912,0.00011729413018849878,0.003367034215775747,0,7233.88818359375,overall|small
2401435,6,5,black and silver wrist watch,60,0.0011957908163265306,0.0003124691186638515,0.00031477389356518464,0.04092872142791748,0,7801.546875,overall|small
2401436,0,8,woman wearing red shirt,396,0.007892219387755101,0.040362271348487064,0.041230821207200556,0.6570682718296244,0,6310.78955078125,overall|small|text
2401436,1,0,Lights are giving an orange glow.,832,0.016581632653061226,0.008267136315641448,0.00842135298385513,0.3110318183898926,0,30728.84765625,overall|small
2401436,2,1,Pictures are hanging on the wall.,799,0.015923947704081634,0.03233300804789298,0.13928703515716856,0.040406118495592634,0,231.78387451171875,overall|small
2401436,3,5,the walls are brick,868,0.017299107142857144,0.00025382709969144844,0.0003540475540216866,0.0008958885059928015,0,2196.4033203125,overall|small
2401436,4,4,woman in white shirt,1085,0.021623883928571428,0.13545677823899854,0.1408269973364651,0.7803249095442109,0,6012.00439453125,overall|text
2401436,5,7,A window.,1598,0.03184789540816327,0.15229061774445282,0.19645881754234995,0.4038336112890136,0,3284.790771484375,overall|part
2401436,6,2,large white and gray clock,2430,0.04842952806122449,0.003518062296514276,0.009541603847929552,0.005541910163659618,0,1411.38134765625,overall
2401437,0,2,a wooden support beam.,714,0.014229910714285714,0.02637515597259984,0.027652738621711796,0.3634137920304841,0,9383.4267578125,overall|small
2401437,1,6,red and gold Griffindor scarf ,315,0.006277901785714286,0.003605623096776028,0.0038267468218233483,0.05873368278382316,0,4834.68359375,overall|small
2401437,2,9,Blue bath robe,455,0.009068080357142858,0.006978202842983118,0.007697624814772937,0.06947739988892943,0,4106.74951171875,overall|small
2401437,3,7,There is one window,1062,0.02116549744897959,0.004294201864556999,0.00709714719789691,0.010756104679430946,0,1609.517578125,overall|part
2401437,4,0,The trunk has the initials HP,1804,0.03595344387755102,0.04842480804015182,0.05722101169649739,0.23955111281570468,0,7552.29931640625,overall
2401437,5,1,Dark wooden coat rack,1311,0.026128029336734693,0.033591183325601064,0.03773225922480851,0.2343459722197392,0,8142.30517578125,overall
2401437,6,3,a large wooden support beam.,1152,0.02295918367346939,0.03599455930043964,0.037495391426334415,0.4734776284959581,0,14547.0205078125,overall
2401438,0,1,The back left leg of the sheep.,144,0.0028698979591836736,0.0001468271355132359,0.0001496555707902689,0.0077088938819037545,0,7417.5703125,overall|small|part
2401438,1,5,The back right leg of the sheep.,216,0.00430484693877551,0.000318254374840785,0.00032403523057136064,0.017526505170045076,0,11683.06640625,overall|small|part
2401438,2,7,the eye is closed,60,0.0011957908163265306,0.0015993315759263245,0.0016126907400502582,0.16182481447855632,0,6020.67626953125,overall|small|part
2401438,3,2,The mouth of the sheep.,121,0.0024115114795918366,0.0039515110537519,0.004016036000125286,0.1973945838360747,0,5947.34326171875,overall|small
2401438,4,3,a sheep's hoof,153,0.003049266581632653,9.283596046107008e-05,9.549110575146523e-05,0.0033276930353999916,0,5331.7744140625,overall|small
2401438,5,6,The right ear of the sheep.,120,0.0023915816326530613,0.0020989559770045896,0.002185255626007594,0.05046690305074056,0,2771.3134765625,overall|small
2401438,6,9,sheep has black nose,70,0.0013950892857142857,0.002445687316299752,0.002455240012564386,0.3859727042061942,0,11004.255859375,overall|small
2401439,0,2,"Black, brown and white cat's left eye",176,0.00350765306122449,0.0037706672744761867,0.004130530106305178,0.04148452661254189,0,1767.63671875,overall|small|part
2401439,1,6,"Right eye of black, brown and white cat",288,0.005739795918367347,0.004037462800366434,0.00456293391491943,0.033871826198365956,0,2137.897705078125,overall|small|part
2401439,2,3,part of a wall,437,0.008709343112244899,0.017193550879848345,0.018436219457660465,0.20324017417785506,0,4817.47119140625,overall|small
2401439,3,4,"Tail of black, brown and white cat",1596,0.03180803571428571,0.00903346730108847,0.010673336501476324,0.05553072018730909,0,8303.591796875,overall|part
2401439,4,0,White wall in the background,1081,0.021544164540816327,1.4064446877230515e-05,1.8565889873303364e-05,5.8004472346133814e-05,0,3377.313720703125,overall
2401439,5,1,white blanket on bed,28458,0.5671635841836735,0.3248768173760492,0.4886747677251084,0.49218921579608543,0,28662.6640625,overall
2401439,6,5,Painting or poster against the wall,1638,0.03264508928571429,0.0010350611547179655,0.0025606160597034795,0.0017343181684631422,0,1109.4256591796875,overall
2401440,0,0,shadow of a man on the water ,190,0.003786670918367347,0.0005360129577189693,0.0005724673207550732,0.008347110371840627,0,2770.378173828125,overall|small
2401440,1,1,slopes of a mountain,196,0.00390625,0.0019604402866748513,0.00205916561957786,0.03928361863506084,0,3739.17919921875,overall|small
2401440,2,2,section of the sea water,80,0.0015943877551020409,0.0002165326635344128,0.0002176272254589241,0.041275298595428465,0,15172.84375,overall|small
2401440,3,3,peak of a mountain,3,5.978954081632653e-05,2.3515770684968355e-06,2.3589136024275335e-06,0.0007555306268235048,0,960.8626098632812,overall|small
2401440,4,4,small birds on the water in the distance,440,0.008769132653061224,0.0015385778632554569,0.0016033508757499508,0.03668774691495028,0,10068.044921875,overall|small
2401440,5,6,group of people on boat,910,0.018136160714285716,0.04718830959270666,0.04899635092065583,0.561165275154533,0,10422.4169921875,overall|small
2401440,6,8,ripples of water,98,0.001953125,0.002039406086555983,0.002063577904120193,0.14828859056745256,0,7042.2744140625,overall|small
2401441,0,0,BMW logo on bike,198,0.003946109693877551,0.004858192180936032,0.0048875557922284825,0.44709935814443263,0,18112.462890625,overall|small|text
2401441,1,5,the letters BIA on the side of a bucket,84,0.0016741071428571428,0.003514522137330914,0.003622866888217583,0.10516121273949033,0,2438.27392578125,overall|small|text
2401441,2,6,There is a green leaf on the bike,408,0.008131377551020409,0.004191293002507997,0.004335998170894258,0.11157658520866842,0,10498.908203125,overall|small|part
2401441,3,8,small purple flowers with green leaves,550,0.010961415816326531,0.020842928909179267,0.025635509733415347,0.10030582774769176,0,2152.02294921875,overall|small|part
2401441,4,9,leaf on ground near bike,625,0.012456154336734694,0.02016102783110295,0.03679017377274706,0.042699505615234376,0,725.3890991210938,overall|small|part
2401441,5,4,Red and orange brake light,350,0.006975446428571429,0.003777880262619645,0.0038560651000158104,0.1570603288922991,0,14255.75390625,overall|small
2401441,6,7,the road is grey in color,187,0.0037268813775510204,0.015852276959515518,0.017068948656731666,0.18193382630373706,0,1993.1881103515625,overall|small
2401442,0,4,a black motorcycle helmet,288,0.005739795918367347,0.003912288848680626,0.003980187043745124,0.1865541140238444,0,13498.7587890625,overall|small|part
2401442,1,8,white van parked on road,288,0.005739795918367347,0.015318234926108572,0.015573030975995472,0.4835362434387207,0,8942.2822265625,overall|small
2401442,2,0,an American flag,5883,0.11724728954081633,0.03334945761509943,0.06354810269363438,0.06557641879608087,0,6070.7724609375,overall|text
2401442,3,1,The motorcycle's front tire.,1350,0.026905293367346938,0.01750249479049648,0.02105783688940756,0.09392799094871239,0,6021.6435546875,overall
2401442,4,2,The motorcycle's back tire.,1833,0.03653140943877551,0.011631334239177983,0.013916316721449716,0.0661525944836206,0,8713.34765625,overall
2401442,5,3,tall buildings in city,2925,0.058294802295918366,0.01592865210451103,0.02625504319898728,0.03892257560012687,0,4336.25390625,overall
2401442,6,5,white painted lines on the street,6237,0.12430245535714286,0.006012624988799619,0.020352882286112647,0.008461409546309449,0,2592.9404296875,overall
2401443,0,5,the floor is brown in color ,252,0.005022321428571429,0.0001809603711890315,0.00018425988319685908,0.01000455447605678,0,13682.564453125,overall|small
2401443,1,6,some children are not wearing shoes,986,0.019650829081632654,0.022347658004309125,0.029055087330976576,0.08826096014367156,0,2995.18310546875,overall|small
2401443,2,3,a boy wearing a white striped shirt,4214,0.083984375,0.0942871709136322,0.118047071819869,0.3190098179987838,0,11387.892578125,overall|text
2401443,3,0,wooden stool in the garden,1617,0.0322265625,0.0802808736174284,0.08901082443359647,0.4501101576994434,0,8176.849609375,overall
2401443,4,1,solid blue plates,8036,0.16015625,0.14387279258896363,0.2804974363884473,0.22802471580524358,0,6532.70361328125,overall
2401443,5,2,this is a child ,5586,0.111328125,0.014108691991954353,0.026438304955357317,0.029364793820488722,0,6204.3212890625,overall
2401443,6,4,plants in garden,2698,0.05377072704081633,0.07630534336337186,0.23076090599447743,0.10233578918773745,0,1196.4849853515625,overall
2401444,0,5,baseball players number on back of uniform shirt,400,0.007971938775510204,0.006410629547496076,0.0067015477846425935,0.12867263793945313,0,7680.17431640625,overall|small|text
2401444,1,1,a human arm.,493,0.009825414540816327,0.001347957815235895,0.00161515619017348,0.008082257323042616,0,2466.976806640625,overall|small|part
2401444,2,3,baseball hat on players head,195,0.0038863201530612247,0.003075611100322654,0.0030961116954536182,0.3171710283328325,0,19976.13671875,overall|small|part
2401444,3,4,the trouser is white in color ,155,0.0030891262755102043,0.0005121717292818565,0.0005427312572982007,0.009014077340402911,0,2574.353271484375,overall|small
2401444,4,7,The black belt on the player's pants.,209,0.004165338010204082,0.00024592529997110376,0.0002526411132051013,0.009166620564802982,0,7583.1826171875,overall|small
2401444,5,8,The patch on the player's left sleeve.,60,0.0011957908163265306,0.0012312745652401284,0.0012423254926057275,0.12158778508504232,0,5872.26708984375,overall|small
2401444,6,9,The player's right foot.,264,0.0052614795918367345,0.00017670990819877665,0.00018827307761027634,0.002868959849531,0,4022.90869140625,overall|small
2401445,0,5,Tarp covering a fence,868,0.017299107142857144,0.016545085381325826,0.02057441813293532,0.07790066240020611,0,3286.49755859375,overall|small
2401445,1,6,A fence,918,0.01829559948979592,0.007152013681442445,0.008110622581081724,0.05705917790564576,0,6458.2373046875,overall|small
2401445,2,0,a wire fence in front of a planter filled with surfboards,4784,0.09534438775510204,0.07560461408699869,0.13253230386469644,0.1496697747986452,0,5402.60888671875,overall
2401445,3,1,metal building enclosure,1443,0.028758769132653062,0.026587798377026056,0.03177787844110949,0.1400010075242009,0,6357.29833984375,overall
2401445,4,2,wooded area in the background,5994,0.1194595025510204,0.05236497937244821,0.07756133058252675,0.13881736554262597,0,10727.9140625,overall
2401445,5,3,a length of barbed wire in front of a row of surfboards,2268,0.045200892857142856,0.019973502809213447,0.023112459039628712,0.12821131576726466,0,12581.234375,overall
2401445,6,4,a small white surfboard sticking out of a planter,1680,0.033482142857142856,0.05135387089300628,0.06414893202893332,0.20475000653948103,0,5362.20947265625,overall
2401447,0,1,the big button on the microwave,759,0.015126753826530613,0.02020951425096688,0.0211316334120998,0.3165332256412632,0,11369.150390625,overall|small
2401447,1,2,A metal screw in the microwave casing.,60,0.0011957908163265306,0.00032508916523524945,0.0003262490200890169,0.08378132184346516,0,15408.10546875,overall|small
2401447,2,3,clock on panel of microwave,899,0.017916932397959183,0.016511554984862873,0.02997822938211266,0.035453314775884884,0,1063.189208984375,overall|small
2401447,3,5,Three cooling air vents.,407,0.008111447704081632,0.006477390993212073,0.007185025319164509,0.061710142093442874,0,3495.607421875,overall|small
2401447,4,0,door of the microwave oven,25284,0.50390625,0.09402069001351862,0.5140976169522578,0.10319064489894796,0,5075.05224609375,overall|part
2401447,5,4,the smaller buttons on the microwave,2508,0.04998405612244898,0.07056684714640682,0.08257781433324146,0.3266724460242848,0,9921.484375,overall
2401448,0,9,There is a Canadian flag on the plane,99,0.0019730548469387753,0.0013066642714389721,0.0013207893748136267,0.10887866550021702,0,8161.01953125,overall|small|text
2401448,1,2,part of a  tail wing,855,0.017040019132653062,0.007231094444015923,0.008922767906894847,0.03673930474889209,0,3520.444091796875,overall|small|part
2401448,2,7,A rear passenger door.,200,0.003985969387755102,0.004497839334621408,0.0045997431200627365,0.1687613296508789,0,7337.85888671875,overall|small|part
2401448,3,0,A left horizontal stabilizer. ,546,0.010881696428571428,0.013111558343085595,0.013540040956024705,0.29294890798491874,0,11813.1181640625,overall|small
2401448,4,3,first class passengers' windows,231,0.004603794642857143,0.0056280050127594195,0.006079241690034788,0.07047884392015862,0,2678.06640625,overall|small
2401448,5,4,Engine mounted under wing.,864,0.01721938775510204,0.005143525078879867,0.005421681325778292,0.09111978389598706,0,14520.86328125,overall|small
2401448,6,5,part of a sky,896,0.017857142857142856,1.802294920612695e-08,2.5552708501130708e-08,6.1162000162897e-08,0,2144.6318359375,overall|small
2401449,0,1,the leaves are green in color,195,0.0038863201530612247,0.0010731534886049819,0.0010965993373029926,0.04779414641551483,0,8498.873046875,overall|small|part
2401449,1,7,branches of a tree,66,0.0013153698979591836,3.769953422048228e-05,3.8446327114590885e-05,0.0019370845773003318,0,3325.352294921875,overall|small|part
2401449,2,2,part of a grass vegetation,242,0.004823022959183673,0.0019066540825465634,0.0019217525156461099,0.1952888709454497,0,24592.087890625,overall|small
2401449,3,4,edge of a lake,28,0.0005580357142857143,0.000712420026507113,0.0007176382698820132,0.08923284496579852,0,3481.58642578125,overall|small
2401449,4,5,part of a tree,48,0.0009566326530612245,0.00011186591345047672,0.0001137546815630296,0.006692251190543175,0,2823.86669921875,overall|small
2401449,5,6,part of a leafy tree,30,0.0005978954081632653,3.5794144226550284e-06,3.6217940914703e-06,0.000305805541574955,0,2533.044677734375,overall|small
2401449,6,8,stem of a tall tree,30,0.0005978954081632653,8.424550697899278e-05,8.475193516924288e-05,0.013902672131856282,0,4921.1875,overall|small
2401450,0,0,Black suitcase in a man's hand,756,0.015066964285714286,0.017598005417656788,0.01960223725988204,0.14684208864888187,0,5663.2626953125,overall|small|part
2401450,1,2,A large sectioned window.,646,0.01287468112244898,0.010671157308020068,0.011252563856676437,0.17117682772893286,0,9827.1142578125,overall|small|part
2401450,2,3,part of  a walking path,360,0.007174744897959184,0.00020227083243685724,0.00020807142810216244,0.007203331920835707,0,12463.025390625,overall|small
2401450,3,6,part of a top,247,0.004922672193877551,0.009075249907960619,0.009324248251232436,0.25364286600336855,0,6719.017578125,overall|small
2401450,4,9,Flags mounted to wall at train station,304,0.006058673469387755,0.0007511466341010481,0.0007804679640920088,0.019601919149097643,0,7635.1416015625,overall|small
2401450,5,1,Woman carrying a backpack  ,1152,0.02295918367346939,0.018315707720169223,0.02413648387936448,0.07058712508943346,0,3369.02294921875,overall
2401450,6,4,part of a roof,1536,0.030612244897959183,0.001805941562930772,0.002418082707252916,0.00708330733080705,0,4499.416015625,overall
2401451,0,1,part of a leg,42,0.0008370535714285714,0.0007437802870846074,0.0007545117249468372,0.049695332845052086,0,2766.297607421875,overall|small|part
2401451,1,2,black hair on tip of tail,165,0.003288424744897959,0.010253805510698348,0.010929940573553034,0.14218760403719816,0,2146.485107421875,overall|small|part
2401451,2,3,head of giraffe,135,0.002690529336734694,0.0019698760506761883,0.002001479541641501,0.11091681586371528,0,7481.3505859375,overall|small|part
2401451,3,5,part of a knee,72,0.0014349489795918368,0.0017363785814512862,0.0017739963394351722,0.07568732235166761,0,3071.87060546875,overall|small
2401451,4,6,edge of a swamp,299,0.0059590242346938774,0.00011916663618931624,0.00012077920028377687,0.008846485495168628,0,21900.287109375,overall|small
2401451,5,7,neck of a giraffe,320,0.006377551020408163,0.012014035606190089,0.01241262196799118,0.2722702264785767,0,7019.18359375,overall|small
2401451,6,8,mane on giraffe neck,72,0.0014349489795918368,0.0008438855780928024,0.0008536581483054049,0.06865458356009589,0,5790.5263671875,overall|small
2401452,0,3,upper level dormer window,308,0.006138392857142857,0.0023012902693669464,0.0031007601968314736,0.008846639038680435,0,878.7409057617188,overall|small|part
2401452,1,4,upstairs window of house,216,0.00430484693877551,0.007320696105922869,0.007622974566791902,0.15584468841552734,0,4415.9208984375,overall|small|part
2401452,2,0,flock of animals on a ranch,10481,0.20888472576530612,0.09770765627412871,0.17471740763073412,0.18145249392874607,0,10885.0263671875,overall
2401452,3,1,green rolling hill sides,3900,0.07772640306122448,0.06324840089817035,0.0870352834801502,0.18793165940504808,0,8421.107421875,overall
2401452,4,2,the grass is green,12371,0.24655213647959184,0.25026367501559343,0.37333787611455893,0.4315466078681998,0,14299.81640625,overall
2401453,0,2,part of a sandy beach,315,0.006277901785714286,0.0006736136864722348,0.0006867265589313826,0.03407533736456008,0,15630.2841796875,overall|small
2401453,1,3,this is an umbrella ,182,0.003627232142857143,0.0014744048236162372,0.0015352332546229178,0.03587706534417121,0,4253.181640625,overall|small
2401453,2,4,a section of a sandy shore,143,0.002849968112244898,0.00022829795114819132,0.0002304822142413587,0.02352320064197887,0,14594.6953125,overall|small
2401453,3,5,the bag is green in color ,4,7.971938775510203e-05,2.971187640762218e-05,2.973995847616744e-05,0.030506081879138947,0,4103.04296875,overall|small
2401453,4,6,the sky is blue in color ,748,0.014907525510204082,0.00029894414942757436,0.00036253823990485117,0.001701326293741318,0,3510.228515625,overall|small
2401453,5,0,no big waves in water,5208,0.10379464285714286,0.050990406190801946,0.1067710405988768,0.08892290200322821,0,4337.41650390625,overall
2401453,6,1,a green tree near the seashore,16426,0.32736766581632654,0.0030739171677052566,0.016498017357717918,0.003763579950689123,0,3747.151123046875,overall
2401454,0,1,there are some leaves on the ground,261,0.0052016900510204085,0.00036226467043721177,0.00040452791198704584,0.003455479939778646,0,2229.463623046875,overall|small|part
2401454,1,2,the tree has green leaves ,170,0.0033880739795918366,0.0001981163959224272,0.00023464544062314988,0.0012709892847958732,0,920.828369140625,overall|small|part
2401454,2,6,part of  a leg,720,0.014349489795918368,0.005243904738906229,0.005606573872556884,0.07498757574293348,0,9629.955078125,overall|small|part
2401454,3,5,this is a tree,960,0.01913265306122449,0.0008895440602435585,0.0015016842720400642,0.0021774515509605406,0,1392.0059814453125,overall|small
2401454,4,7,part of a jaw,666,0.01327327806122449,0.0022868747069496095,0.0026999608206325918,0.014727051193649704,0,3632.725341796875,overall|small
2401454,5,9,this is the ground ,750,0.014947385204081632,0.0044828608316019964,0.005048774759606201,0.03845565287272135,0,5712.62158203125,overall|small
2401454,6,8,tail of an elephant,1947,0.03880341198979592,0.044791262561452064,0.04600210603598684,0.6298626868860747,0,26658.40234375,overall|part
2401455,0,6,The text says Toma 4.,432,0.00860969387755102,0.00382085013940445,0.003986516327279359,0.08420145953143085,0,9124.515625,overall|small|text
2401455,1,5,curtain inside of window,132,0.0026307397959183672,0.0031216327670147465,0.0031888330167355967,0.1290184078794537,0,5340.646484375,overall|small|part
2401455,2,0,Another building in the distance.,360,0.007174744897959184,0.001921730194822138,0.0020153198969534037,0.039737304051717125,0,7098.341796875,overall|small
2401455,3,1,balconies on tall building.,102,0.002032844387755102,0.0004789462661317862,0.0004913386816419937,0.018635545291152654,0,3868.666748046875,overall|small
2401455,4,3,person standing on sidewalk.,105,0.0020926339285714285,0.00013439096439546124,0.0001362773359469263,0.009615465572902134,0,7408.59716796875,overall|small
2401455,5,4,A shadow under the truck.,994,0.019810267857142856,0.0002627247244646374,0.00029226961149250773,0.0025922388617901256,0,8816.125,overall|small
2401455,6,7,windshield of the truck.,156,0.0031090561224489796,0.010256791996953308,0.010338571512785024,0.5645859058086689,0,8519.107421875,overall|small
2401456,0,3,Bear has dark eyes.,470,0.00936702806122449,0.021656932416637437,0.022869602719836832,0.28998728001371343,0,5959.61474609375,overall|small|part
2401456,1,1,Bear has pink tongue.,286,0.005699936224489796,0.005272337997382574,0.005720358662423134,0.06307173775626229,0,3153.38916015625,overall|small
2401456,2,6,the ground is rocky,810,0.016143176020408163,0.01827202918910717,0.018734573143070844,0.42531316309799383,0,18388.658203125,overall|small
2401456,3,0,the bear`s ears are bent back,2033,0.040517378826530615,0.04540584457311991,0.05249187348441787,0.25169715562361655,0,9748.181640625,overall
2401456,4,2,the paws have nails,4408,0.08785076530612244,0.008413556554078916,0.03260634532544436,0.011212406054598882,0,1515.787353515625,overall
2401456,5,4,Some green foliage.,2640,0.052614795918367346,4.85814441274654e-05,0.0003174296970392185,5.735692314126275e-05,0,477.02618408203125,overall
2401456,6,5,the ground is muddy,1932,0.03850446428571429,0.016440341812894447,0.019032566105706427,0.1077068163001019,0,10933.3427734375,overall
2401457,0,2,a man in black on the sidewalk,210,0.004185267857142857,0.006085665321386235,0.006478698521752866,0.0911694844563802,0,2955.16015625,overall|small
2401457,1,4,a line painted on the road.,500,0.009964923469387755,0.0016043552296529167,0.0017426323364818548,0.01981813049316406,0,5686.2626953125,overall|small
2401457,2,5,a section of clear blue sky.,189,0.0037667410714285715,3.757541176012866e-07,4.1411084399619405e-07,4.056738886647123e-06,0,1851.4937744140625,overall|small
2401457,3,0,a small black fence on the corner,1519,0.0302734375,0.011909332668855051,0.013891495377040833,0.07703406187638866,0,8423.48046875,overall
2401457,4,1,a nice shopping complex,6254,0.12464126275510204,0.033585728914061815,0.04185549310480091,0.1452891926510783,0,21708.9453125,overall
2401457,5,3,a white cloud in a blue sky.,1274,0.025390625,2.3641156834655438e-07,5.329016484580372e-07,4.249183004912065e-07,0,1015.8458251953125,overall
2401458,0,0,the plate is round,46420,0.9251434948979592,0.029165131412081952,0.9253748289610572,0.029233888612128393,1,1466.472900390625,overall
2401459,0,6,part of a hair,348,0.0069355867346938774,4.736304795503887e-05,5.060050837573653e-05,0.0007397222450409813,0,5087.36669921875,overall|small|part
2401459,1,9,part of a door,240,0.0047831632653061226,3.296487072803308e-05,3.4526157346200543e-05,0.0007284512743353843,0,5063.64794921875,overall|small|part
2401459,2,1,part of a top,840,0.016741071428571428,0.020728572571081946,0.023902230865063098,0.1350349607921782,0,4745.5556640625,overall|small
2401459,3,2,part of a top,460,0.009167729591836735,0.016031403176194427,0.017307902025003246,0.17855567932128907,0,4745.5556640625,overall|small
2401459,4,4,edge of a bus,196,0.00390625,0.007606245037187181,0.007609314294871626,0.9496410136320153,0,24460.763671875,overall|small
2401459,5,7,part of a shade,288,0.005739795918367347,0.016688405136168465,0.018324733778234917,0.15746068954467773,0,2474.72509765625,overall|small
2401459,6,0,Ponytail in hair,1012,0.020169005102040817,0.0006854964560493207,0.0008776819776044265,0.0031207880012602673,0,3598.384765625,overall|part
2401460,0,3,The word MICHIGAN on the player's shirt.,459,0.00914779974489796,0.012800207807253381,0.01347116628752607,0.2044525977573104,0,6966.26708984375,overall|small|text
2401460,1,7,The face of the tennis player,392,0.0078125,0.0034638199079021874,0.003696073898864494,0.05224318893588319,0,5540.83349609375,overall|small|part
2401460,2,0,The yellow tennis ball.,234,0.00466358418367347,0.00043963903197644273,0.0004631515395596924,0.008585697565323267,0,4337.7880859375,overall|small
2401460,3,2,The player's left foot.,816,0.016262755102040817,0.0006058672908173242,0.0006807682568501891,0.005476516835829791,0,6564.40380859375,overall|small
2401460,4,5,the shoes are blue in color,480,0.009566326530612245,0.008456931805844623,0.009095415008854002,0.1075189193089803,0,5674.1865234375,overall|small
2401460,5,1,Blue shorts with a yellow M,4095,0.08161272321428571,0.04297630796713091,0.05924194591576983,0.13534175514155983,0,9355.271484375,overall
2401460,6,4,"Blue, white and green tennis court",3876,0.07724808673469388,0.09210635979378115,0.11218935701661593,0.3397302145313306,0,11737.248046875,overall
2401461,0,9,a sticker on the window,384,0.007653061224489796,0.0003893738590409694,0.005833562755005445,0.00041704826677838963,0,27.452611923217773,overall|small|part
2401461,1,3,license plate on front of bus,182,0.003627232142857143,0.0016514180376569782,0.0016815382214051102,0.08441236516931555,0,9136.3076171875,overall|small
2401461,2,4,the ground is gray,729,0.014528858418367346,0.0018249016022573487,0.0021762678676300277,0.011176619510101193,0,3743.912109375,overall|small
2401461,3,7,back side tire of bus,816,0.016262755102040817,0.006171078870950565,0.006554567092550367,0.0954121795355105,0,11878.181640625,overall|small
2401461,4,8,another tree off to the side,671,0.013372927295918368,0.033991626679901674,0.037027610208827375,0.2930715592181096,0,5310.92919921875,overall|small
2401461,5,6,a wheel of the bus,1056,0.021045918367346938,0.03230590767990828,0.03542643156577405,0.2683425961118756,0,7998.82373046875,overall|part
2401461,6,0,The building is a school.,6448,0.1285076530612245,0.004161173977690342,0.006355784045614653,0.011907626026617386,0,12080.3935546875,overall
2401462,0,7,the door is opened ,203,0.004045758928571429,0.007596196981418228,0.008016167744028387,0.1266314313916737,0,3206.791748046875,overall|small|part
2401462,1,5,the wall is cream in color ,294,0.005859375,0.004102945488428804,0.005555213967323414,0.015452063813501475,0,817.7734985351562,overall|small
2401462,2,9,The back of a wooden chair,238,0.004743303571428571,0.001012784083539702,0.001038656944977135,0.039069384086031875,0,8952.439453125,overall|small
2401462,3,0,two window are over the sink,7084,0.14118303571428573,0.002082225213769112,0.005115297900203627,0.0034993983203579922,0,4846.1962890625,overall|part
2401462,4,4,the door is wooden ,2650,0.052814094387755105,0.008078479388458093,0.018460588254368873,0.014161053063734523,0,2032.8057861328125,overall|part
2401462,5,1,A granite counter top,2014,0.040138711734693876,0.0564101034831182,0.059135710845442536,0.5503380632447865,0,18743.00390625,overall
2401462,6,2,A white toaster,1287,0.02564971301020408,0.009386909229941016,0.01033344158380246,0.09295271345137068,0,11576.9892578125,overall
2401463,0,0,leg of a white bird,130,0.002590880102040816,0.0011464405085364624,0.0011546110908320624,0.13942011319673978,0,15697.5927734375,overall|small|part
2401463,1,2,The right eye of the bird,24,0.00047831632653061223,0.0006311466731945245,0.0006588596711250436,0.014783302942911783,0,538.5050659179688,overall|small|part
2401463,2,6,left leg of a bird,161,0.003208705357142857,0.0013488866629747986,0.001357154717103507,0.18127556321043406,0,21504.818359375,overall|small|part
2401463,3,7,The leaves are green.,682,0.013592155612244899,7.093412855650607e-05,9.48432377997204e-05,0.0002813040773190361,0,2022.8050537109375,overall|small|part
2401463,4,8,Brown leaves on bush,464,0.009247448979591837,0.0008532548669776199,0.0009873226197872466,0.006244434364910783,0,2934.620849609375,overall|small|part
2401463,5,1,neck of a bird,32,0.0006377551020408163,0.0028157982019057144,0.002864021089949689,0.1432737410068512,0,1600.8121337890625,overall|small
2401463,6,5,The beak is brown.,256,0.00510204081632653,0.010670761644775482,0.011018017735452128,0.2529343366622925,0,5876.845703125,overall|small
2401464,0,4,over spray of wave,338,0.0067362882653061226,0.0025401948292888975,0.0027058108215946715,0.039847616613263914,0,4977.61865234375,overall|small
2401464,1,5,name of photographer,528,0.010522959183673469,0.00026665809787680504,0.0004667267425500137,0.0006216820893865643,0,703.29833984375,overall|small
2401464,2,0,a black wet suit,3021,0.06020806760204082,0.0883300728019069,0.09611332289321625,0.5217061704138737,0,16398.083984375,overall
2401464,3,1,white surf board or body board,2184,0.04352678571428571,0.02681036083071868,0.03229033029795735,0.13642584273230024,0,9227.345703125,overall
2401464,4,2,small waves in ocean,5720,0.11399872448979592,0.02002506353488209,0.03506021113204103,0.044612865848141114,0,7278.49560546875,overall
2401464,5,3,spray of water droplets ,2394,0.04771205357142857,0.030224695244384644,0.061678489777504876,0.05595213110086414,0,2171.736083984375,overall
2401465,0,5,part of a tail,528,0.010522959183673469,0.023169619620256113,0.02477564665085222,0.2633137847438003,0,5611.5458984375,overall|small|part
2401465,1,8,head of a dog,45,0.000896843112244898,0.004345409066403218,0.00438313283953316,0.33550135294596356,0,3444.468017578125,overall|small|part
2401465,2,4,A person standing in the background. ,260,0.005181760204081632,0.0015538734453582014,0.0018269343744883608,0.010289334333859958,0,1464.32568359375,overall|small
2401465,3,7,bright clear blue sky,462,0.009207589285714286,6.55729976468358e-06,7.579633029788459e-06,4.861380469489407e-05,0,2963.1484375,overall|small
2401465,4,0,part of a snow,1025,0.0204280931122449,0.02682138770796191,0.027802375452092555,0.4318667528105945,0,15921.7841796875,overall
2401465,5,1,woman wearing a purple vest,2640,0.052614795918367346,0.025696205320719243,0.116846920042166,0.03188974207097834,0,720.506103515625,overall
2401465,6,2,white snow covering ground,1755,0.03497688137755102,0.010262785963143981,0.011047709394592525,0.12621597333511397,0,20050.22265625,overall
2401466,0,0,Number 767 on plane.,270,0.005381058673469388,0.004845268210348912,0.004966372725418207,0.16576256928620514,0,9011.787109375,overall|small|text
2401466,1,2,flag has red white and blue,308,0.006138392857142857,0.0073819136928599,0.007671238266377961,0.1636881890235009,0,6572.076171875,overall|small|text
2401466,2,3,The left wing on the plane with the American flag.,703,0.014010682397959183,0.0158571464474064,0.0166389887797723,0.2523186413695768,0,10660.50390625,overall|small|text
2401466,3,4,The right wing on the plane with the American flag.,506,0.010084502551020409,0.00823956951105325,0.008516342418775497,0.20225458559782608,0,12016.9921875,overall|small|text
2401466,4,1,blue and white skies,14337,0.28573421556122447,0.003558758264572331,0.09410641011326411,0.0036849972925201454,0,561.4049682617188,overall
2401466,5,5,The ground is grey.,8446,0.16832748724489796,0.00133451806772502,0.003624159535634593,0.002107889652816769,0,4912.37646484375,overall
2401468,0,1,white edge along platform,860,0.017139668367346938,0.00010827512523041491,0.00013347815891359693,0.0005731088477511739,0,3692.541259765625,overall|small
2401468,1,2,Bright yellow light hanging from red pole,240,0.0047831632653061226,7.858812355477546e-05,8.157134305387004e-05,0.002144258220990499,0,6308.857421875,overall|small
2401468,2,3,person walking in train station,396,0.007892219387755101,0.04131942406938451,0.04207468810422527,0.6971391620058002,0,6561.3583984375,overall|small
2401468,3,5,black numbers on train,459,0.00914779974489796,0.02820579005889085,0.028290787726506162,0.9037357238902506,0,14662.5361328125,overall|small
2401468,4,7,red metal pole inside train station,693,0.013811383928571428,0.0015913095599155093,0.0017402707136746432,0.01825150576504794,0,7268.00341796875,overall|small
2401468,5,0,yellow line on platform,1428,0.028459821428571428,0.0020834251561312493,0.003010490178778085,0.006720112819297641,0,3187.62744140625,overall
2401468,6,4,white train with blue paint on the side,1848,0.036830357142857144,0.008144556903530156,0.009836194478544957,0.04521602366393779,0,8495.0751953125,overall
2401469,0,3,There is a half circle window at the top ,486,0.009685905612244899,0.0006438908803975327,0.0014613181769380606,0.0011497629277500106,0,382.3840637207031,overall|small|part
2401469,1,2,Two people are standing and talking,342,0.006816007653061225,0.0010287771314679988,0.0010712496794591528,0.025291718934711657,0,8074.46484375,overall|small
2401469,2,4,arches over windows on left,476,0.009486607142857142,0.004578205861923025,0.0050025577246224215,0.051207386145070824,0,4872.45068359375,overall|small
2401469,3,6,Tan paint on a building,572,0.011399872448979591,0.0027716438199008485,0.0030726510828075876,0.0275142042786925,0,5122.001953125,overall|small
2401469,4,7,A person is dressed all in black,240,0.0047831632653061226,0.0004907486068251294,0.0005003798778404524,0.02486229737599691,0,11924.8427734375,overall|small
2401469,5,8,a dome on top of a building,663,0.013213488520408163,0.005907876441716298,0.006448338116207932,0.06584647913683953,0,6770.14990234375,overall|small
2401469,6,9,clock on front of building,552,0.011001275510204082,0.005205586292495125,0.005398019701300042,0.12741777171259341,0,13029.7060546875,overall|small
2401470,0,7,head of a horse,480,0.009566326530612245,0.059297517623393005,0.06129215495335489,0.6456567128499349,0,5056.3603515625,overall|small|part
2401470,1,0,a black triangle on a lighthouse,210,0.004185267857142857,0.0033048873331156334,0.003524855656173447,0.05029519399007162,0,2996.43212890625,overall|small
2401470,2,1,back of a horse,240,0.0047831632653061226,0.005870329002891512,0.0059179685960933604,0.4217093467712402,0,17102.193359375,overall|small
2401470,3,2,a small white house on the side of the beach,196,0.00390625,0.0045300121848418345,0.004588424918531733,0.2624501598124601,0,11210.869140625,overall|small
2401470,4,5,a multi story house on the side of the beach,483,0.009626116071428572,0.008464453872944712,0.009679606806393515,0.06316667955607855,0,3151.9365234375,overall|small
2401470,5,8,a burning light atop a lighthouse,16,0.00031887755102040814,1.1879329104751818e-07,1.1902166311190462e-07,6.190818385221064e-05,0,8322.2744140625,overall|small
2401470,6,9,part of some water,336,0.006696428571428571,0.002995789282321363,0.0034164672638015868,0.023751931531088694,0,2335.93603515625,overall|small
2401472,0,0,part of some cards,130,0.002590880102040816,0.00369921511011683,0.0037699562350876673,0.16467555119441105,0,5678.533203125,overall|small
2401472,1,1,black background in top left,930,0.018534757653061226,0.002703627050783207,0.007548094331771168,0.00419481159538351,0,516.8423461914062,overall|small
2401472,2,5,9 of spades,870,0.017338966836734693,0.022715548440811417,0.023700608384391496,0.35339432639637214,0,12972.3701171875,overall|small
2401472,3,7,edge of a plate,817,0.01628268494897959,0.0044020759089977496,0.008161423391345922,0.009466299082687172,0,947.6246948242188,overall|small
2401472,4,8,part of a blade,341,0.006796077806122449,0.004469420784891715,0.00474607490812696,0.07121384248705553,0,5116.63232421875,overall|small
2401472,5,9,edge of a cake,588,0.01171875,0.006141962034508039,0.006389947065413523,0.13663809640066965,0,12573.375,overall|small
2401472,6,2,Barbeque sauce? ,3430,0.068359375,0.07678373457294699,0.09108007582858774,0.3284890044187318,0,12370.623046875,overall
2401473,0,9,white writing ,665,0.013253348214285714,0.02286530938214356,0.05423848127181267,0.03802674659212729,0,466.2333068847656,overall|small|text
2401473,1,2,silver handle of a spoon in a bowl,315,0.006277901785714286,0.008141896104336464,0.00843412605562741,0.19027384197901165,0,7106.3984375,overall|small|part
2401473,2,7,the table is wooden,588,0.01171875,0.0018716232496542521,0.0019222916629347189,0.06629917897334715,0,20279.91796875,overall|small
2401473,3,0,plates stacked on top of each other,1426,0.02841996173469388,0.045787514951622726,0.0508269833226623,0.3159132605682416,0,8863.2509765625,overall
2401473,4,1,Case filled with bottles of wine.,4095,0.08161272321428571,0.0015591500572452346,0.0036087121763419923,0.002737716469863687,0,3106.63427734375,overall
2401473,5,3,these are bowls arranged  upright,1122,0.02236128826530612,0.010889186590773314,0.013087735059172193,0.06087609493371212,0,5218.85400390625,overall
2401473,6,4,small containers with red and blue lids,2750,0.054807079081632654,0.01705545449653833,0.025750660214971757,0.04808082164417614,0,5134.71337890625,overall
2401474,0,8,collar on man's shirt,448,0.008928571428571428,0.026030323597194413,0.02684319159194907,0.4622483934674944,0,7714.7041015625,overall|small|text
2401474,1,0,clear glass of water,390,0.007772640306122449,0.02219013703464677,0.031056549771195655,0.07212020678397937,0,905.6666259765625,overall|small
2401474,2,1,A white plate with food,880,0.017538265306122448,0.02120688946501281,0.024420336040813114,0.1387923153963956,0,5001.4560546875,overall|small
2401474,3,3,person walking in white pants,714,0.014229910714285714,0.04511942384940364,0.05102772992257942,0.2804092706418505,0,3923.596435546875,overall|small
2401474,4,4,salt and pepper shakers,475,0.009466677295918368,0.027472188083115228,0.028500490790070013,0.4322764185855263,0,7204.48291015625,overall|small
2401474,5,5,person wearing a chefs uniform,533,0.010622608418367346,0.006040309749857565,0.006211997837361651,0.1793523505749443,0,15388.7373046875,overall|small
2401474,6,7,breakfast food served on white china plate,782,0.01558514030612245,0.013446794346705893,0.01430210247264735,0.18357458870734095,0,10037.3583984375,overall|small
2401475,0,2,the table is brown,360,0.007174744897959184,0.004018864708717832,0.0041576533458444,0.1074552747938368,0,9304.2626953125,overall|small
2401475,1,5,a silver knife,873,0.01739875637755102,0.023664091094736977,0.02472798862695966,0.3548472121545676,1,12527.5703125,overall|small
2401475,2,0,White sauce on a plate,4690,0.09347098214285714,0.02536928326869685,0.05928243751953082,0.04246402569671175,0,3359.4482421875,overall
2401475,3,1,Spoon on a table,1870,0.0372688137755102,0.02091947554655004,0.034404758865259545,0.05066729050906584,0,2753.91650390625,overall
2401475,4,3,Small plate on a table,4284,0.08537946428571429,0.022787129972680422,0.04975694002233942,0.04034418129230859,0,3473.5751953125,overall
2401475,5,4,White pile of mashed potatoes under a pile of meat. ,8181,0.16304607780612246,0.14746093224719387,0.20036870236910245,0.35833845428813715,0,14630.8623046875,overall
2401476,0,0,the water has wave,18221,0.36314174107142855,0.10209433077741623,0.24578222183866882,0.1486718996539021,0,11021.751953125,overall
2401477,0,2,this is a bowl,234,0.00466358418367347,0.010365186448621954,0.010789994983092414,0.20840501377725193,0,4519.62890625,overall|small
2401477,1,3,part of  a lid,300,0.005978954081632653,0.02542580741039148,0.026054724480203267,0.5129881795247396,0,5906.662109375,overall|small
2401477,2,4,this is a seat,392,0.0078125,0.004995591886645696,0.005265319444416765,0.08885350519297075,0,6615.09228515625,overall|small
2401477,3,5,white painted brick on wall,576,0.011479591836734694,0.030085397632276984,0.10875044307561466,0.039930757549073964,0,211.4944610595703,overall|small
2401477,4,6,part of a collar,221,0.004404496173469388,0.0074989727552886125,0.007625210461137131,0.3117521122030543,0,9035.451171875,overall|small
2401477,5,7,the sweater is yellow in color,130,0.002590880102040816,0.0016269416228549979,0.0016396420664263592,0.1735810793363131,0,13762.4794921875,overall|small
2401477,6,8,stainless steel tongs,825,0.016442123724489797,0.007584515964105414,0.008140758227444603,0.0999111845999053,0,10125.1904296875,overall|small
2401478,0,1,the leaves are green in color,160,0.0031887755102040817,0.0006204485043396843,0.0006370810473493292,0.023213541507720946,0,5829.97509765625,overall|small|part
2401478,1,8,the leaves are green in color,208,0.004145408163265306,0.0007855674340949636,0.0008129560277405237,0.02278612210200383,0,5829.97509765625,overall|small|part
2401478,2,3,the duck is brown,104,0.002072704081632653,0.0014599834623109517,0.0014751341689780736,0.12445818460904635,0,8774.55859375,overall|small
2401478,3,4,the trees are tall,260,0.005181760204081632,0.0008871317522312884,0.0009568572379166177,0.012027861521794246,0,3268.2451171875,overall|small
2401478,4,5,this is a bridge,312,0.006218112244897959,0.014471333332852577,0.014496444531186018,0.8930956522623698,0,19221.66796875,overall|small
2401478,5,7,the sky is white in color,70,0.0013950892857142857,7.100906537524767e-05,7.312804617721344e-05,0.002444599781717573,0,2340.0322265625,overall|small
2401478,6,0,dirt on the water,4240,0.08450255102040816,0.04011194610945967,0.07185714599581682,0.08323810505417158,0,4911.54443359375,overall
2401479,0,6,the tree has green leaves ,42,0.0008370535714285714,0.0005919756840515904,0.0007827386884488218,0.0024231086884226117,0,130.01856994628906,overall|small|part
2401479,1,3,this is a spectacle ,780,0.015545280612244899,0.02575569198993774,0.04590414654426022,0.05542670518924028,0,941.806640625,overall|small
2401479,2,5,white porcelain cup,187,0.0037268813775510204,0.0007232722640540379,0.0007600870001709754,0.014713164956811915,0,3619.798583984375,overall|small
2401479,3,8,this is a table mat ,54,0.0010762117346938774,0.0023524709592002836,0.0023593568981611517,0.44630135430230033,0,10214.763671875,overall|small
2401479,4,9,plate with sandwiches on it,896,0.017857142857142856,0.010432883530609243,0.01128905151051277,0.12092810017721993,0,9597.9345703125,overall|small
2401479,5,7,little girl in shirt with peace logo,2769,0.055185746173469385,0.05465058232487068,0.05936442572928059,0.40767049462238175,0,19015.421875,overall|text
2401479,6,4,girl's hair in a bun,1170,0.023317920918367346,0.0008859306566884695,0.0010407326861176516,0.005920838902139256,0,6656.25439453125,overall|part
2401480,0,9,Telephone number on store window.,256,0.00510204081632653,0.0014502422652411691,0.0015488668924895552,0.022268395870923996,0,3680.567626953125,overall|small|text|part
2401480,1,3,right arm of a woman,15,0.00029894770408163266,0.00024490109517752185,0.00024553567396405304,0.0865568240483602,0,5287.8359375,overall|small|part
2401480,2,8,The jean pant leg the person sitting next to the child is wearing.,858,0.01709980867346939,0.007317942289487226,0.0077404593577592,0.11821537862568747,0,13103.7177734375,overall|small|part
2401480,3,0,part of a shade,195,0.0038863201530612247,0.015464066719903942,0.0164276114722736,0.20864105224609375,0,2476.623291015625,overall|small
2401480,4,6,part of a woman's elbow,30,0.0005978954081632653,0.0001168526531633994,0.00011739155123898144,0.02482288678487142,0,6343.61328125,overall|small
2401480,5,5,a blue shirt on a man,1908,0.03802614795918367,0.015579403094635,0.023396772585754358,0.04455062578309257,0,3633.090576171875,overall|text
2401480,6,1,The black rolling suitcase the lady is holding.,3744,0.07461734693877552,0.04846102772921102,0.057278339827401006,0.23943312555296808,0,15650.5517578125,overall
2401481,0,1,people on the beach.,21,0.0004185267857142857,0.0008673914474582679,0.0008781400912808254,0.06617454687754314,0,1582.510009765625,overall|small
2401481,1,6,house on the beach.,374,0.007453762755102041,0.02253606088545631,0.02495610353464518,0.18857360268659132,0,2826.023193359375,overall|small
2401481,2,7,boat in the water.,658,0.013113839285714286,0.017615206378854525,0.018436578642881642,0.2833555737527308,0,10112.9375,overall|small
2401481,3,8,buoy in water.,176,0.00350765306122449,0.0071140694390094406,0.007125573160235866,0.8150394613092596,0,20131.28515625,overall|small
2401481,4,9,stairway to the beach.,100,0.001992984693877551,0.0025199164034899095,0.0025853287156022953,0.09057518005371094,0,3503.429931640625,overall|small
2401481,5,0,White and brown building,1782,0.03551498724489796,0.028395152881416152,0.05923858803739321,0.05171596214559878,0,1555.706298828125,overall
2401481,6,2,clear water at the beach.,1248,0.024872448979591837,0.0035714506840976326,0.003983173477367993,0.03339771735362518,0,10464.1064453125,overall
2401482,0,5,platform number sign hanging from the rafters,77,0.0015345982142857143,0.0002784202705884829,0.00028121793194357087,0.027224587155626964,0,7454.3369140625,overall|small|text
2401482,1,7,electronic sign telling the direction of train travel,198,0.003946109693877551,0.009207736729206623,0.009332684816689049,0.40749478580975773,0,8645.3115234375,overall|small|text
2401482,2,1,part of a window,228,0.004544005102040816,0.0035119010148326178,0.007333188047542245,0.006694348757727104,0,208.13751220703125,overall|small|part
2401482,3,2,Houses near the train station,364,0.007254464285714286,0.012669478610868342,0.012975226605434808,0.3496624034839672,0,9809.240234375,overall|small
2401482,4,4,Passenger taking a picture.,945,0.018833705357142856,0.0007837428057336004,0.00083048504180654,0.013733779059516059,0,15627.51953125,overall|small
2401482,5,6,map of train routes displayed on train station wall,308,0.006138392857142857,0.00445757008574626,0.00512035785749555,0.03329047599396148,0,2002.490234375,overall|small
2401482,6,8,part of a headlight,392,0.0078125,0.014144502435132749,0.014797644660472167,0.24268759513387875,0,6428.96484375,overall|small
2401484,0,0,the tail is wavy,360,0.007174744897959184,0.00324781679434166,0.003311684939292739,0.1441327412923177,0,15668.0927734375,overall|small|part
2401484,1,3,Back two legs of a pony. ,350,0.006975446428571429,0.0022230866017323445,0.0026703380460043643,0.013099188123430524,0,1716.9046630859375,overall|small|part
2401484,2,7,the horse hair is light brown,132,0.0026307397959183672,0.008120063272512482,0.008275571814858272,0.3017339128436464,0,4812.82470703125,overall|small|part
2401484,3,9,Brown ponies left leg. ,196,0.00390625,0.002607063710826249,0.0027031305563194577,0.06834404809134347,0,4955.52587890625,overall|small|part
2401484,4,4,the bridge is wooden,608,0.01211734693877551,0.01943221630972276,0.020266839985236235,0.3205898184525339,0,9617.6123046875,overall|small
2401484,5,5,this is the nose,16,0.00031887755102040814,0.0013605214669688396,0.0013690010658592043,0.18009355664253235,0,2104.817138671875,overall|small
2401484,6,1,Section of fence that is white in color. ,1188,0.023676658163265307,0.0539978924574496,0.056617502814044075,0.5385439580538457,0,11300.2197265625,overall
2401485,0,4,part of a tail,476,0.009486607142857142,0.014975158129185536,0.015176305642300573,0.530484528100791,0,16638.478515625,overall|small|part
2401485,1,0,part of a knee,299,0.0059590242346938774,0.000855695749831692,0.0009116927802715923,0.013740236543891423,0,4506.2666015625,overall|small
2401485,2,3,part of a ground,308,0.006138392857142857,0.010272942027243616,0.010948322118214317,0.1427571928346312,0,4016.06884765625,overall|small
2401485,3,5,part of a stomach,435,0.008669483418367346,0.009504273134922997,0.010157208729637756,0.12880644524234464,0,5516.3583984375,overall|small
2401485,4,6,part of a hoof,100,0.001992984693877551,0.002102132725833073,0.0021149884671700756,0.2569677734375,0,12149.8427734375,overall|small
2401485,5,8,edge of a wall,980,0.01953125,0.0026763856411039086,0.005599572619330877,0.005100657015430684,0,892.68310546875,overall|small
2401485,6,9,part of an edge,700,0.013950892857142858,0.02969891137038939,0.031969445802398695,0.29486336844308036,0,6456.30078125,overall|small
2401486,0,7,letters on top of building.,168,0.0033482142857142855,0.0010055526538310705,0.00106026688546297,0.01911342427844093,0,3028.534912109375,overall|small|text
2401486,1,3,green leaves on the trees.,429,0.008549904336734694,0.004378927123458746,0.004672707836879215,0.06511362782725087,0,5978.06396484375,overall|small|part
2401486,2,0,The woman's hands are in her pockets. ,352,0.00701530612244898,0.023768123581815126,0.02659575683094866,0.18270932544361462,0,2418.193359375,overall|small
2401486,3,1,A clock is on the building. ,450,0.00896843112244898,0.0014589806720448886,0.001744918667680346,0.00882476806640625,0,2275.834228515625,overall|small
2401486,4,2,man sitting on motorcycle.,880,0.017538265306122448,0.03517904676318802,0.03643259427986112,0.5055451826615767,0,12211.037109375,overall|small
2401486,5,4,bricks on the sidewalk.,36,0.0007174744897959184,2.9767593897068604e-06,2.9912671012640532e-06,0.0006133855527473821,0,7382.11572265625,overall|small
2401486,6,5,the motorcycle is red in color,48,0.0009566326530612245,0.0006667081089278246,0.0006681582454677668,0.2349998950958252,0,16882.220703125,overall|small
2401487,0,3,this is a plate,294,0.005859375,0.003077477381449226,0.0031892061702680457,0.08075059514467409,0,7444.0703125,overall|small
2401487,1,4,the table is wooden,299,0.0059590242346938774,0.002252521469084319,0.002298493265561886,0.10122162681758204,0,13167.4375,overall|small
2401487,2,5,lemon wedge on white plate,357,0.007114955357142857,0.0019549884326927783,0.0020540784820727324,0.03894738857151747,0,6769.078125,overall|small
2401487,3,0,woman holding a fork,13340,0.2658641581632653,0.05781874838801399,0.4482203736973754,0.062249513365875656,0,1852.6790771484375,overall
2401487,4,1,The bowl that has the tomato in it.,4320,0.08609693877551021,0.18679552235250155,0.22029791346022154,0.5512254503038194,0,10809.42578125,overall
2401487,5,2,oysters on the half shell,3600,0.07174744897959184,0.08936789814991308,0.118091301675972,0.2686961364746094,0,8191.17138671875,overall
2401488,0,2,filing cabinet in an office,936,0.01865433673469388,0.016194646128779838,0.017351304576035363,0.19545573047083667,0,10543.677734375,overall|small
2401488,1,4,icons on a computer screen,215,0.0042849170918367345,0.0008394303477011777,0.001592358771170506,0.0017721544864565827,0,239.27598571777344,overall|small
2401488,2,5,small blue piece of paper,56,0.0011160714285714285,0.0001933094650146926,0.00020539131030350481,0.0032754958208118167,0,893.0648803710938,overall|small
2401488,3,0,a brown wooden table,19888,0.3963647959183674,0.013258056472128884,0.05094681950955992,0.01760640071460727,0,6872.97265625,overall
2401488,4,1,a manila envelope,1053,0.02098612882653061,0.005588670098659752,0.00667941138411744,0.0330910460788187,0,5216.7578125,overall
2401488,5,3,The red and white snack bag,1624,0.03236607142857143,0.0006156041081263664,0.000687433871361697,0.005857021937816601,0,13836.681640625,overall
2401489,0,1,tail of a cat,50,0.0009964923469387755,0.000660090448730487,0.0006629922161630237,0.13105184555053712,0,9883.3623046875,overall|small|part
2401489,1,4,paws of a cat,120,0.0023915816326530613,0.004575363092044486,0.004773564878527507,0.09925711949666341,0,2495.169677734375,overall|small
2401489,2,5,white flower on a carpet,70,0.0013950892857142857,0.0031639244344418387,0.003183690950903042,0.3375715528215681,0,7422.20556640625,overall|small
2401489,3,9,The cat has a black nose.,143,0.002849968112244898,0.003492704081225238,0.003554074441917794,0.16823948680104076,0,6769.20166015625,overall|small
2401489,4,0,The cat has two eyes.,1081,0.021544164540816327,0.01813648393603189,0.021492321070952947,0.10406657879712072,0,5234.240234375,overall|part
2401489,5,2,Tan figures on the rug. ,1584,0.031568877551020405,0.07089900460205867,0.08523005450903118,0.29659332891907353,0,5512.18505859375,overall
2401489,6,3,collar on a cat,1148,0.022879464285714284,0.04204781652462216,0.04395334917647098,0.49235545301271233,0,12859.6357421875,overall
2401490,0,1,edge of an apple,357,0.007114955357142857,0.009969612323236968,0.011889205942516592,0.058156790853548454,0,1746.2877197265625,overall|small
2401490,1,3,green peel of an apple,294,0.005859375,0.006393828056515523,0.007109710467661418,0.05970818007073435,0,2469.04638671875,overall|small
2401490,2,4,part of an orange,576,0.011479591836734694,0.007138440245683011,0.00734385252502242,0.20332174830966526,0,15947.1240234375,overall|small
2401490,3,5,part of an orange,910,0.018136160714285716,0.011417393285577082,0.01193267063608342,0.20911184457632212,0,15947.1240234375,overall|small
2401490,4,7,lower part of an apple,36,0.0007174744897959184,0.0007999755485117768,0.0008025936560632943,0.1969396405749851,0,8833.64453125,overall|small
2401490,5,8,a green apple,49,0.0009765625,0.0012251246455976517,0.0012429102756834026,0.07886328989145708,0,3109.074951171875,overall|small
2401490,6,0,An apple stem.,1715,0.0341796875,0.009956650773981831,0.017819754127873372,0.02206634432511844,0,2123.6982421875,overall
2401491,0,6,branch sticking off the tree.,30,0.0005978954081632653,7.308266333307914e-06,7.331402860408691e-06,0.0023104613025983173,0,9454.3759765625,overall|small|part
2401491,1,1,plants behind the bench.,840,0.016741071428571428,0.0021772683510479715,0.0025338195228638647,0.015236931755429223,0,5051.2763671875,overall|small
2401491,2,3,sticks on the ground.,210,0.004185267857142857,0.0018761420691803016,0.0019233653048211748,0.07098923637753442,0,7750.8623046875,overall|small
2401491,3,9,dirt on the forest floor.,585,0.011658960459183673,0.0037646103599464228,0.004233124222086075,0.03289517133663862,0,4545.974609375,overall|small
2401491,4,7,rotting branches on the ground,1326,0.026426977040816327,0.014920130768798927,0.018314200118424946,0.07450953004586751,0,5394.701171875,overall|part
2401491,5,0,seat on brown bench,1917,0.038205516581632654,0.12039096830937268,0.13518628833110072,0.5238149819053208,1,7427.9228515625,overall
2401491,6,2,a patch of wild flowers.,3956,0.07884247448979592,0.041276883562565043,0.05450369475237518,0.14536457428194516,0,10550.8857421875,overall
2401492,0,4,white buttons on blue shirt,1357,0.027044802295918366,0.08483315167870116,0.08802522388537475,0.7005428575643653,1,10799.59375,overall|text
2401492,1,0,Comic book being read by young man,1554,0.030970982142857144,0.03491693062243884,0.043520570092312846,0.1501104484960686,0,5360.03173828125,overall
2401492,2,1,Left racks deep comic titles,4779,0.09524473852040816,0.06273029913857363,0.08495110109311489,0.193431751277562,0,10881.67578125,overall
2401492,3,2,Blue trimmed white sneakers,5696,0.11352040816326531,0.03207921767420684,0.053131511582616545,0.0748973482110527,0,8029.42138671875,overall
2401492,4,3,Rack of comic books,1056,0.021045918367346938,0.018176960636256265,0.020458128540430283,0.14016651384758227,0,7235.0625,overall
2401493,0,4,large black screw on sign,250,0.0049824617346938774,0.0069356659968334185,0.007424127178665387,0.09536259460449219,0,3211.2392578125,overall|small|text
2401493,1,6,the back of a street sign,546,0.010881696428571428,0.0008210862958644306,0.0008590501424490326,0.018240726037776513,0,11593.544921875,overall|small|text
2401493,2,2,Two dormer windows in building.,384,0.007653061224489796,0.007326538469604768,0.007469491604885343,0.27684080600738525,0,14232.142578125,overall|small
2401493,3,9,clear white skies overhead,280,0.005580357142857143,5.3527825497680714e-05,0.0023252986677378146,5.478605494967529e-05,0,6.597043037414551,overall|small
2401493,4,0,blue circle on red round sign,3124,0.06226084183673469,0.007954710151924602,0.010930684414035378,0.02838803925068522,0,8113.32861328125,overall|text
2401493,5,3,Information sign near traffic light.,1360,0.027104591836734693,0.0015488366326517045,0.0017491096684036278,0.013346422419828526,0,10377.3564453125,overall|text
2401493,6,7,the branches are green,6600,0.13153698979591838,0.022175140905640798,0.07589253740377876,0.030377578735351563,0,2641.788330078125,overall|part
2401494,0,3,red arrow sign pointing right,160,0.0031887755102040817,2.7788914444099997e-05,2.8246037839725524e-05,0.0017141569405794144,0,9709.861328125,overall|small|text
2401494,1,5,this is a door,480,0.009566326530612245,0.032484641642338115,0.034460800895440555,0.36162443161010743,0,5037.01953125,overall|small|part
2401494,2,1,the road is grey in color,840,0.016741071428571428,0.02496547037011677,0.02877712698149173,0.1585916246686663,0,4629.265625,overall|small
2401494,3,4,There is a red and white pole on the corner,418,0.008330676020408163,0.0021110466258692008,0.00220006571659022,0.04958644209866318,0,9421.142578125,overall|small
2401494,4,6,the building is grey in color,120,0.0023915816326530613,0.00026252530553335404,0.00027139152708636333,0.007971736292044321,0,3524.82763671875,overall|small
2401494,5,8,the car is black in color,42,0.0008370535714285714,0.0011031420550824073,0.0011053726138093704,0.3534503210158575,0,13429.7822265625,overall|small
2401494,6,9,tall green metal pole,412,0.00821109693877551,0.009101724905149707,0.00985959511608554,0.10587342271527041,0,4424.1015625,overall|small
2401495,0,1,the handle of a piece of silverware,242,0.004823022959183673,0.037883944900012685,0.038992915865024375,0.57119284385492,0,3544.96875,overall|small|part
2401495,1,5,the top of a brown table,434,0.008649553571428572,0.007442706600469312,0.007782078204400985,0.14578653150989163,0,8130.39306640625,overall|small
2401495,2,6,the sauce is white,572,0.011399872448979591,0.0015918957800947458,0.0021613910964740977,0.006005398877017148,0,1589.2950439453125,overall|small
2401495,3,8,There is a white vase with flowers in the background,513,0.010224011479591837,0.00019736376357711906,0.00021674512264685446,0.002202292631941232,0,5212.4638671875,overall|small
2401495,4,9,slice of lime on plate,238,0.004743303571428571,0.00014486342956250182,0.00019615550400602268,0.0005536922762373916,0,671.8076171875,overall|small
2401495,5,0,fried cheese stick on plate,3248,0.06473214285714286,0.07244712334148226,0.07772095062263859,0.5163617063625693,0,21579.03125,overall
2401495,6,2,the meat is chicken,6960,0.13871173469387754,0.10137844647774952,0.1598541679995973,0.21699844886516703,0,9448.0439453125,overall
2401496,0,2,Rear right eye of stove,96,0.001913265306122449,0.004358409877383702,0.004386743799374164,0.4029074509938558,0,8817.2724609375,overall|small|part
2401496,1,0,black burner of oven,320,0.006377551020408163,0.002350556422260091,0.002389843275493855,0.1250984787940979,0,16750.685546875,overall|small
2401496,2,3,the outlet is on wall,90,0.001793686224489796,0.00021639616349049026,0.00022056532171238328,0.01131865315967136,0,4618.490234375,overall|small
2401496,3,1,window with white blinds,3182,0.06341677295918367,0.00822974229509351,0.024383276092468792,0.01227012360942656,0,1601.2423095703125,overall|part
2401496,4,9,window in far room,1120,0.022321428571428572,0.01476985852787677,0.02622393229187602,0.032709295409066336,0,1396.98388671875,overall|part
2401496,5,4,white doors on a cupboard,4690,0.09347098214285714,0.01988549965681488,0.044942911703525365,0.03443828655966818,0,3593.7939453125,overall
2401496,6,5,a refrigerator ,3762,0.07497608418367346,0.021727266448519897,0.027236465502185572,0.09699665010767627,0,13397.53125,overall
2401497,0,0,the number is 190,234,0.00466358418367347,0.007427677811856771,0.008112810502281671,0.0808424827380058,0,2331.76171875,overall|small|text
2401497,1,5,left cap on water hydrant,527,0.010503029336734694,0.011726884053231345,0.011989598071792854,0.3486127473371531,0,15323.1923828125,overall|small
2401497,2,1,brick with black numbers,1089,0.02170360331632653,0.026486196989616916,0.054429470253135236,0.04906021552528122,1,981.5744018554688,overall
2401497,3,2,The poles are metal.,15481,0.3085339604591837,0.0882826260442798,0.15670446812509853,0.1681854344640204,0,16615.216796875,overall
2401497,4,3,pipe on the ground,2584,0.05149872448979592,0.01788542007452331,0.03947886313603607,0.03166415447790187,0,2072.505859375,overall
2401497,5,4,brick sidewalk in pink,5005,0.09974888392857142,0.0018254171043434718,0.004299709508011491,0.0031620938342053454,0,3680.77880859375,overall
2401498,0,4,the shirt is striped,4332,0.08633609693877552,0.0877566882175512,0.1141425521222769,0.2751661249585209,0,10443.25390625,overall|text
2401498,1,5,Woman has red hair. ,2900,0.05779655612244898,0.21366624098542197,0.22058430555885644,0.872004983836207,1,11464.1630859375,overall|part
2401498,2,0,Smoke coming from the pot. ,1950,0.03886320153061224,0.05026205883822249,0.09052183626036085,0.10153660700871395,0,2187.277587890625,overall
2401498,3,1,Knobs on the stove. ,2400,0.04783163265306122,0.1266112726635403,0.14009499149179416,0.5681246948242188,0,9732.6767578125,overall
2401498,4,2,Yellow Curtains in Kitchen,10450,0.20826690051020408,0.28409865278443625,0.42364643328788254,0.46308191910885166,1,11422.7470703125,overall
2401498,5,3,White Tile on Wall,5063,0.1009048150510204,0.005120948248659898,0.13716236243020927,0.005291405530308349,0,195.31878662109375,overall
2401498,6,6,A whisk in a mixing bowl. ,1406,0.028021364795918366,0.01596309142602724,0.020382217263609708,0.06857707863342372,0,4730.5634765625,overall
2401499,0,0,fried chicken and a biscuit,2808,0.055963010204081634,0.03037512758895955,0.0468871611711607,0.0794036952179042,0,4755.365234375,overall
2401499,1,1,tan and brown wooden table,1488,0.02965561224489796,0.07404197127461398,0.08516069147761408,0.36188006657426075,0,6323.076171875,overall
2401499,2,2,Peaches in bowl are yellow,11817,0.2355110012755102,0.03597798604744193,0.21445253377446455,0.04143920392264587,0,2283.4287109375,overall
2401499,3,3,the table is wood,1155,0.023018973214285716,0.007485144207394693,0.008534817059211615,0.05736960539054045,0,7763.7158203125,overall
2401499,4,4,Red onions in a dish. ,1479,0.02947624362244898,0.026043143722663163,0.027256001630488934,0.36918692753232757,0,20033.29296875,overall
2401499,5,5,tan and brown wooden table,2806,0.05592315051020408,0.06844659301941075,0.09249056538936157,0.20841941915064816,0,6323.076171875,overall
2401500,0,8,black and orange line on shirt,864,0.01721938775510204,0.02879103468961719,0.03049044476882218,0.34061403627748843,0,9651.8935546875,overall|small|text
2401500,1,5,clear glasses on man's face,475,0.009466677295918368,0.0029959113751677536,0.003849253870579493,0.01333375328465512,0,1645.392333984375,overall|small|part
2401500,2,2,ventilation the the wall,945,0.018833705357142856,0.0010069048292308835,0.014167910646625021,0.0010827661191344891,0,72.22052764892578,overall|small
2401500,3,7,Projector mounted on ceiling.,667,0.013293207908163265,0.00047003066077178714,0.0008528881527736222,0.001045987791922139,0,818.0133056640625,overall|small
2401500,4,9,Cords plugged into wall outlets,560,0.011160714285714286,0.0008952502339279429,0.0010069802595071985,0.008003969703401838,0,4451.15283203125,overall|small
2401500,5,0,black chairs for sitting,1504,0.029974489795918366,0.04544598446203196,0.04657587171282423,0.651975469386324,0,21053.19921875,overall
2401500,6,1,Computer tower sitting under desk in corner.,1110,0.022122130102040817,0.03943071506948249,0.04130781745758892,0.46458745733037726,0,12484.1279296875,overall
2401501,0,0,stomach of a zebra,247,0.004922672193877551,0.005424744707700542,0.005839448438757747,0.07096516072508777,0,3001.720947265625,overall|small
2401501,1,2,part of a zebra,288,0.005739795918367347,0.002706883605402414,0.002943963134038848,0.03251995311843024,0,3181.339599609375,overall|small
2401501,2,4,back of a zebra,819,0.016322544642857144,0.014088443693645179,0.015583618486106622,0.1280374957819416,0,6729.03466796875,overall|small
2401501,3,5,rock beside tree,680,0.013552295918367346,0.02237721265517328,0.02342220969675267,0.3340238458970014,0,9697.4716796875,overall|small
2401501,4,6,part of the ground,735,0.0146484375,0.004450648323986816,0.004724301622153798,0.07135279129962532,0,11100.9638671875,overall|small
2401501,5,7,blue sky above the land,630,0.012555803571428572,4.6937632481308526e-06,5.08411715844898e-06,6.112961305512322e-05,0,7574.8955078125,overall|small
2401501,6,8,the zebra has 4 hooves,704,0.01403061224489796,0.010727687061562288,0.011454281061201374,0.14465214989402078,0,8890.572265625,overall|small
2401502,0,0,white table full of food,27824,0.5545280612244898,0.3353670335495067,0.528871558758478,0.47824249355322745,0,25160.3984375,overall
2401502,1,1,tulips in a glass vase,1904,0.03794642857142857,0.0929608169508962,0.10919127795699915,0.3847663622944295,1,6709.28271484375,overall
2401502,2,2,wall mounted light fixture,1102,0.02196269132653061,4.423849039941509e-07,2.1803491933983873e-06,5.549901336627571e-07,0,280.505126953125,overall
2401502,3,3,black bowel with silver spoon,1394,0.027782206632653062,0.004942771138729881,0.005671675229114199,0.03703579020123913,0,9102.7587890625,overall
2401503,0,0,section of a man's arm,276,0.005500637755102041,0.0025252433581030823,0.0029008333962074343,0.019130364708278492,0,1820.159912109375,overall|small|part
2401503,1,3,green and red patch on a cloth,143,0.002849968112244898,0.0020195746898371086,0.0020665559498935712,0.08158691112811749,0,5645.59033203125,overall|small
2401503,2,4,a yellow item ,63,0.0012555803571428572,0.00105839838586733,0.0010637730345081226,0.17320021371992808,0,10257.4638671875,overall|small
2401503,3,7,red part on a cloth,48,0.0009566326530612245,0.0011150838399446189,0.0011256583806992936,0.10610571503639221,0,4524.529296875,overall|small
2401503,4,8,part of a finger,30,0.0005978954081632653,0.0002093527914229781,0.00021792373393742371,0.005294794340928396,0,728.8964233398438,overall|small
2401503,5,9,yellow part on the cloth,65,0.001295440051020408,0.001417070883706247,0.0014307033760411268,0.1294649417583759,0,5881.876953125,overall|small
2401503,6,1,red shirt of man,4704,0.09375,0.0646082321518942,0.07407883750783702,0.3357088257666348,0,21317.482421875,overall|text
2401504,0,0,clouds in the sky.,770,0.015345982142857142,8.176443174293901e-08,1.0772527631411684e-07,3.392837621126469e-07,0,2425.136474609375,overall|small
2401504,1,3,footprints in the sand.,207,0.00412547831632653,0.00035815588915183335,0.00037933195357841936,0.006374833664456427,0,3478.722412109375,overall|small
2401504,2,4,sand on the ground.,360,0.007174744897959184,0.00023929325380580923,0.0002486979138028689,0.00628810789850023,0,9102.283203125,overall|small
2401504,3,5,pond on the beach.,310,0.0061782525510204085,0.009488955666532307,0.009695255400315095,0.3084096354822959,0,9861.2138671875,overall|small
2401504,4,7,water in the ocean.,406,0.008091517857142858,0.005319744126341277,0.0056770348099339125,0.07793824426059065,0,5573.84765625,overall|small
2401504,5,1,three horses running on the beach,2968,0.05915178571428571,0.06762507140300479,0.07493521900964263,0.4094073354715928,0,16215.619140625,overall
2401504,6,2,light blue sky,1080,0.021524234693877552,7.767637618195259e-05,0.00010150659117853539,0.0003307589226298862,0,3519.1767578125,overall
2401505,0,0,round red train traffic light,851,0.01696029974489796,0.0015465084974473665,0.0017638006548710413,0.012397664134006522,0,5981.63525390625,overall|small
2401505,1,1,lights around a building in the background,576,0.011479591836734694,0.013251848115301867,0.015616735516285356,0.08046797911326091,0,2967.94140625,overall|small
2401505,2,3,lights near the tracks.,119,0.0023716517857142855,0.00248144148930886,0.0025143473704291727,0.15938669092514934,0,7543.5146484375,overall|small
2401505,3,5,grey gravel and rock in between train tracks,87,0.0017338966836734694,1.187848696220665e-05,1.1985743824037021e-05,0.0013256379585156496,0,9622.306640625,overall|small
2401505,4,7,curve in the railroad track on the right,364,0.007254464285714286,0.005675912120660303,0.005777588667673677,0.2438698234138908,0,15364.3017578125,overall|small
2401505,5,9,dark storm clouds in the sky,585,0.011658960459183673,7.274715713635491e-06,9.798561142060691e-06,2.824251149964129e-05,0,1686.152587890625,overall|small
2401505,6,2,electrical wires running above the railroad tracks,9021,0.17978714923469388,0.018569512293017416,0.041691472011317295,0.03239811858268207,0,7010.14892578125,overall
2401506,0,2,The girl is wearing rings. ,375,0.007473692602040816,0.0029150884754560683,0.0029947919958388425,0.09871907552083334,0,12361.34375,overall|small
2401506,1,3,bag over woman's shoulder.,351,0.006995376275510204,0.0036969386423266453,0.003872328397239468,0.07546306947018007,0,6840.20947265625,overall|small
2401506,2,0,Red shirt on a man,9919,0.19768415178571427,0.11213202392432563,0.22313151980719628,0.1839453528660273,1,8177.03369140625,overall|text
2401506,3,4,Brown eyes on a woman,3968,0.07908163265306123,0.017972740432206626,0.07904913585764733,0.02273271929833197,0,1141.1058349609375,overall|part
2401506,4,1,Picture on a wall,2016,0.04017857142857143,0.001258731636226795,0.014919773449402311,0.0013728242308374435,0,185.4997100830078,overall
2401506,5,5,a wooden chair under the table,1403,0.02796157525510204,0.054063668053266525,0.054970219503828174,0.7662589303612795,0,19557.158203125,overall
2401506,6,6,a round mirror above,3002,0.05982940051020408,6.194307535630697e-05,0.00015910520492253398,0.00010142291211668926,0,1913.6494140625,overall
2401507,0,1,white sign with orange and pink writing ,720,0.014349489795918368,0.005871252336872137,0.008496380772520533,0.018648282686869303,0,1580.2921142578125,overall|small|text
2401507,1,7,white window in brown building,437,0.008709343112244899,0.0007582161262064014,0.0008835862690508376,0.00531536708980185,0,2628.849609375,overall|small|part
2401507,2,6,small soft white cloud,160,0.0031887755102040817,1.9092545082389546e-06,1.972039624102007e-06,5.996484542265534e-05,0,4865.2041015625,overall|small
2401507,3,0,multi level building on main street,4896,0.0975765306122449,0.1621747826347744,0.22660293901707562,0.36321617575252757,1,7847.67578125,overall
2401507,4,2,Two traffic lights facing the other way,6050,0.12057557397959184,0.20139115502773103,0.2205824722351475,0.6983193440082645,1,19153.072265625,overall
2401507,5,3,large grey house with many windows,3850,0.07672991071428571,0.08763800927792098,0.10681526025036284,0.3280177049512987,0,11822.9189453125,overall
2401507,6,4,bare tall tree in the distance,1296,0.025829081632653062,0.012524228749360138,0.01940651081787126,0.03411090521164882,0,2277.984619140625,overall
2401508,0,4,blue neon sign in photo,272,0.005420918367346939,0.0007476996023968472,0.0008209041030542807,0.008314872489256017,0,2755.06640625,overall|small|text
2401508,1,8,a small red neon sign,88,0.001753826530612245,0.00014503149475351523,0.00014692330996459374,0.011138070713390003,0,6671.1689453125,overall|small|text
2401508,2,0,window of a building,253,0.005042251275510204,0.0017226678099180534,0.002052234973368016,0.010613307651323763,0,1308.4110107421875,overall|small|part
2401508,3,7,a glass door with a white frame,220,0.004384566326530612,0.003809098872347018,0.004153039772655811,0.043971894004128195,0,2329.333984375,overall|small|part
2401508,4,6,yellow flowers in rectangular planter,810,0.016143176020408163,0.002850049292457856,0.0030061370183805365,0.05203376581639419,0,14020.435546875,overall|small
2401508,5,9,blue cloudy sky in the background,738,0.014708227040816327,2.8129972693680072e-05,4.657079863042255e-05,7.103490050084545e-05,0,1125.6787109375,overall|small
2401508,6,1,bus lights are on,1230,0.02451371173469388,0.03862830662833754,0.03927423520276409,0.7013773104039634,0,21965.904296875,overall
2401509,0,0,sign with arrows pointing forward and left,572,0.011399872448979591,0.007811652634501524,0.009688840552284467,0.03875614379669403,0,2288.046142578125,overall|small|text
2401509,1,7,white signs with black writing,407,0.008111447704081632,0.02340008413158519,0.02661834155673656,0.16215843181938153,0,2479.436279296875,overall|small|text
2401509,2,1,a round-edged traffic light,760,0.015146683673469387,0.015603223147233565,0.01650692407818819,0.22179420872738487,0,10211.6904296875,overall|small
2401509,3,3,city street light above roadway,989,0.01971061862244898,0.0019950813751768437,0.0022308635392737147,0.018526829410009125,0,8213.4267578125,overall|small
2401509,4,4,"some circular black+white+red all over signs, indecipherable at this distance",210,0.004185267857142857,0.005532200280790682,0.005659951889267732,0.1968520028250558,0,7303.75830078125,overall|small
2401509,5,5,the post is yellow in color,180,0.003587372448979592,0.0004994248425178288,0.00050891776665992,0.02607610755496555,0,9222.9033203125,overall|small
2401509,6,8,the car is grey in color,896,0.017857142857142856,0.003203159065558463,0.0034665223071693916,0.04045593738555908,0,10456.7392578125,overall|small
2401510,0,2,goblet filled with beer,988,0.019690688775510203,0.0017331873223119082,0.002031428465376523,0.011667626106787307,0,5674.634765625,overall|small
2401510,1,4,the woman's headband is blue.,928,0.018494897959183673,0.025950817222465408,0.027320111578852092,0.3411385437537884,0,11587.6748046875,overall|small
2401510,2,5,the table is wooden ,924,0.018415178571428572,7.554440237489143e-05,8.775618970894096e-05,0.0005425816619551027,0,5712.935546875,overall|small
2401510,3,6,cloth napkin in silver holder,891,0.01775749362244898,0.0405383468966893,0.042942330884885055,0.4199993163514485,0,8714.4638671875,overall|small
2401510,4,7,small lutice salt and pepper shakers,392,0.0078125,0.013515169514877272,0.016207818047707954,0.07523144994463239,0,1819.5372314453125,overall|small
2401510,5,9,this is a plate ,119,0.0023716517857142855,0.006313621026646633,0.006335810666725731,0.6432048893776261,0,12080.755859375,overall|small
2401510,6,0,green houseplant in pot,2128,0.04241071428571429,0.17681603928657158,0.21996845761741884,0.47404841372841283,0,4585.99853515625,overall
2401511,0,2,large blue table,480,0.009566326530612245,0.007011299199435547,0.007916558998460032,0.057772040367126465,0,3502.857666015625,overall|small
2401511,1,5,sliced red peppers,675,0.013452646683673469,0.015274852562888198,0.01596388691580874,0.2613904486762153,0,11052.35546875,overall|small
2401511,2,0,Large knife with a black handle,4191,0.08352598852040816,0.018779053449684873,0.022596755669862596,0.10003321326111757,0,18553.0703125,overall|part
2401511,3,4,Bottle of bay leaves with black cover,2464,0.049107142857142856,0.006280767789640231,0.010276759365482053,0.015895910077280813,0,3811.271728515625,overall|part
2401511,4,1,fried potatoes for food,3224,0.06425382653061225,0.013317572524252228,0.01944044532161052,0.040568595488668965,0,6727.888671875,overall
2401511,5,3,cup for drinking liquids,3196,0.06369579081632654,0.07121895711434334,0.10927570230620541,0.16977812918614088,1,4965.52197265625,overall
2401511,6,6,canned food in the kitchen,1734,0.03455835459183673,0.005373787590508054,0.011274772964442953,0.01016312789477004,0,1563.034912109375,overall
2401512,0,2,the door is brown,988,0.019690688775510203,0.03676942400231802,0.06029832734972616,0.08611557068612412,0,1411.0206298828125,overall|small|part
2401512,1,3,she is wearing goggles,16,0.00031887755102040814,0.0010460490683329407,0.001048328119512718,0.32485637068748474,0,4958.0869140625,overall|small|part
2401512,2,5,Emblem on carriage.,418,0.008330676020408163,0.016345076395706905,0.016503956544152272,0.6293377305902362,0,15939.400390625,overall|small
2401512,3,7,the pail is blue,425,0.008470184948979591,0.002774379019170139,0.0029262607369699685,0.05074089050292969,0,7369.431640625,overall|small
2401512,4,6,Green door on a building,1508,0.03005420918367347,0.007945885828209999,0.014775489589621023,0.016899987936652306,0,1724.8282470703125,overall|part
2401512,5,0,Mailboxes on the side of the street. ,5876,0.1171077806122449,0.0013491292396479177,0.001817871875091421,0.005204943104452467,0,16824.203125,overall
2401512,6,1,Blue umbrella.,3080,0.06138392857142857,0.01568285211525179,0.03984120746349442,0.02521160670689174,0,1949.031005859375,overall
2401513,0,9,flat face on rock,962,0.01917251275510204,0.021126942584909707,0.04633601180963898,0.03738116623210312,0,776.0849609375,overall|small|part
2401513,1,2,the pack is green,648,0.012914540816326531,0.0025930277405243445,0.0030931414604867106,0.015784412254521877,0,3306.767333984375,overall|small
2401513,2,3,rocks on water's bottom,567,0.011300223214285714,0.009146177290605373,0.009750685480420863,0.12856108381214176,0,7475.7958984375,overall|small
2401513,3,4,rock on water's edge,729,0.014528858418367346,0.008340215845783046,0.008752854088417123,0.15031886264293445,0,12519.625,overall|small
2401513,4,6,Blue clothing item in bottom of canoe.,462,0.009207589285714286,0.009269307856420685,0.009402939263654611,0.3947582822857481,0,19395.884765625,overall|small
2401513,5,7,green leaves on tree,1428,0.028459821428571428,0.0003301026750179509,0.0004392422763613203,0.0013267656668227595,0,4313.3857421875,overall|part
2401513,6,8,a branch overhanging water,8352,0.16645408163265307,0.03141388928708765,0.13696017566187776,0.03916705705196921,0,2388.455322265625,overall|part
2401514,0,6,A sign above a street.,260,0.005181760204081632,0.0008264137508931308,0.0008578735339899269,0.022038738544170672,0,6679.39013671875,overall|small|text
2401514,1,0,this is an umbrella ,832,0.016581632653061226,0.003987886060426438,0.0043759490938946955,0.04303376491253193,0,8182.017578125,overall|small
2401514,2,4,this is a vehicle ,480,0.009566326530612245,0.014990555874690866,0.015057017193585721,0.7725285847981771,0,24627.302734375,overall|small
2401514,3,5,blue and white directional light,432,0.00860969387755102,5.649270330088415e-05,7.374757159349597e-05,0.0002413923955625958,0,1414.033203125,overall|small
2401514,4,1,rain on city street,12876,0.25661670918367346,0.013065233819289345,0.06190100047442654,0.016290843023873146,0,3388.651123046875,overall
2401514,5,2,A traffic signal.,1710,0.034080038265306124,0.002345252624450083,0.0032637935517385876,0.008264369295354476,0,4329.95263671875,overall
2401514,6,3,this is a man ,3168,0.06313775510204081,0.0213118716930859,0.06338925556091318,0.031107430506234216,0,1554.6536865234375,overall
2401515,0,2,nose on boy's face.,315,0.006277901785714286,0.004974257626193996,0.005138566165467986,0.13462197440011162,0,8252.4814453125,overall|small|part
2401515,1,4,brown iris of boy's eye.,110,0.002192283163265306,0.003497495784681339,0.003618589309962917,0.09462464072487571,0,2876.455322265625,overall|small|part
2401515,2,1,ear of a human being,546,0.010881696428571428,0.020462039664945635,0.02328643937157841,0.14435148413801369,0,3384.626953125,overall|small
2401515,3,5,brown and black teddy bear ears,600,0.011957908163265306,0.0028329447013891126,0.0031434659064841016,0.02787892023722331,0,5321.30859375,overall|small
2401515,4,7,toy on the table.,704,0.01403061224489796,0.020008115696262006,0.02036805757083046,0.5310010043057528,0,18353.478515625,overall|small
2401515,5,8,a human being's pink lips,532,0.010602678571428572,0.024268509665673926,0.026119056860619407,0.25513848326259986,0,5196.7294921875,overall|small
2401515,6,9,plastic container on the table.,144,0.0028698979591836736,0.0033412279920021952,0.0034007154186209043,0.16037497255537245,0,6790.9228515625,overall|small
2401517,0,3,the left eye of a zebra.,561,0.01118064413265306,0.00891345147985907,0.0097924851392252,0.09032719658020345,0,5174.7392578125,overall|small|part
2401517,1,9,the back leg of the zebra closest to the wall,861,0.017159598214285716,0.018387952510445567,0.01951490662466755,0.24151352584431257,0,10655.60546875,overall|small|part
2401517,2,1,a hole in the stall wall,984,0.0196109693877551,0.000121415547119195,0.0004982899683890342,0.00016050555599414235,0,316.9589538574219,overall|small
2401517,3,4,white underbelly on zebra,896,0.017857142857142856,0.008038322045276306,0.00860192497066271,0.10927738462175642,0,11382.630859375,overall|small
2401517,4,5,hay hanging out of zebra's mouth as he eats it,735,0.0146484375,0.015598791478523891,0.01651658897104069,0.21918569551844175,0,9753.919921875,overall|small
2401517,5,7,small brown spot on wood,315,0.006277901785714286,0.007750067115104323,0.013231955832963868,0.018363272954547216,0,437.1561584472656,overall|small
2401517,6,0,Second zebra behind main zebra,4012,0.07995854591836735,0.08134005097170478,0.09945187597749428,0.30874183479833933,0,12454.9912109375,overall
2401518,0,2,a red sweatshirt,391,0.007792570153061225,0.007530763605632837,0.007746654386285627,0.2127354224319653,0,10737.48046875,overall|small
2401518,1,4,White frisbee,578,0.011519451530612245,0.0014864570649529135,0.001836596999927404,0.007736625143400938,0,2434.8125,overall|small
2401518,2,6,blue nike sneaker on foot of unseen player,280,0.005580357142857143,5.790953054571024e-05,5.9534882543497216e-05,0.0021166735461780003,0,9954.98046875,overall|small
2401518,3,7,white sneakers on man walking,63,0.0012555803571428572,2.3606152733537773e-05,2.3800236191375705e-05,0.0028864403092671953,0,7640.50146484375,overall|small
2401518,4,8,this is a cap,50,0.0009964923469387755,0.00029997092918460837,0.0003031676746017093,0.027661237716674805,0,4562.0361328125,overall|small
2401518,5,9,the man is light skinned,130,0.002590880102040816,0.007615512131579761,0.007687659365108872,0.44796277559720554,0,7575.1484375,overall|small
2401518,6,1,the t shirt is muddy,1073,0.02138472576530612,0.04784017455668758,0.05239351670069037,0.3550376358814364,0,7271.04052734375,overall|text
2401519,0,0,A lot of fluorescent lights.,2772,0.05524553571428571,0.0003331146442709723,0.0005256085465354516,0.0009087497881824664,0,4792.6435546875,overall
2401519,1,1,woman lying down on mattress,27566,0.5493861607142857,0.14894300994139265,0.49924084496500726,0.175102640736097,1,9668.4384765625,overall
2401519,2,2,the cup board is wooden,1184,0.023596938775510203,0.03642809049397526,0.04643004781071687,0.1446431520822886,0,3688.505615234375,overall
2401519,3,3,Plants in the mall.,1872,0.03730867346938776,0.07497935031998687,0.213444522667429,0.10360603658562033,0,908.6693725585938,overall
2401519,4,4,white and red shopping bag on the floor,1204,0.023995535714285716,0.000393888734855084,0.00042964830248634183,0.004710249726558444,0,13199.4951171875,overall
2401520,0,0,the cpu is black,476,0.009486607142857142,0.0025889794099896867,0.0027413316286813037,0.04451097360178202,0,7728.80712890625,overall|small
2401520,1,1,the keyboard is back in color,840,0.016741071428571428,0.011350948911571792,0.01183017689489672,0.21887721107119607,0,15541.3447265625,overall|small
2401520,2,3,White telephone on a desk,483,0.009626116071428572,0.009506256597667087,0.009621967630935023,0.44149495948175466,0,22162.001953125,overall|small
2401520,3,6,the fan is white,644,0.012834821428571428,0.019333278343849247,0.033553941385311134,0.04362711106768306,0,837.3341064453125,overall|small
2401520,4,7,the lamp is white,660,0.013153698979591837,0.013061751190908,0.015184906930031583,0.08543687878233014,0,3713.446533203125,overall|small
2401520,5,8,the blinds are white,504,0.010044642857142858,6.051738704876067e-06,2.6751984362833424e-05,7.820909746759941e-06,0,147.34378051757812,overall|small
2401520,6,2,the wall is white in color,2806,0.05592315051020408,6.723411870406862e-06,0.00041934658629063265,6.832918570412114e-06,0,45.721534729003906,overall
2401521,0,3,The roof of a house.,943,0.018793845663265307,0.006775529750637381,0.01884277149725965,0.010469100887423987,0,523.9336547851562,overall|small
2401521,1,6,Plant with red flowers,400,0.007971938775510204,0.006213927969126187,0.00658835510857942,0.09856245994567871,0,5984.04052734375,overall|small
2401521,2,0,Plant with small yellow flowers,2744,0.0546875,0.039006948592071544,0.05219188254476256,0.13375438545605184,0,7032.1669921875,overall
2401521,3,1,the horses are brown,1450,0.02889827806122449,0.01039726550196224,0.011385420739537105,0.10698035930765086,0,13624.5751953125,overall
2401521,4,2,green grass,5600,0.11160714285714286,0.0006719272624631152,0.001684207757333914,0.0011166879108973913,0,3712.993408203125,overall
2401521,5,4,Gray house with a brick chimney,3060,0.06098533163265306,0.013003239393218432,0.018811108911397027,0.04041410458633323,0,6574.15576171875,overall
2401521,6,5,bright green medium sized bush,1292,0.02574936224489796,0.01732379318136795,0.01875788210701077,0.1847351121459583,0,12724.1318359375,overall
2401522,0,0,this is the road,1800,0.03587372448979592,0.009931925097671317,0.010921464838716198,0.0987887912326389,0,16281.6826171875,overall
2401522,1,1,man riding on motorbike,28665,0.5712890625,0.3018323351587873,0.5447969219509553,0.403624336353131,0,21237.072265625,overall
2401523,0,6,the flag is white and blue in color,180,0.003587372448979592,0.0003560029705686408,0.0003610327792480121,0.02491669919755724,0,12422.7109375,overall|small|text
2401523,1,9,the flag on the building,627,0.012496014030612245,0.022217032981062222,0.02351968611287599,0.2862920685057815,0,7632.12255859375,overall|small|text
2401523,2,1,part of a building,56,0.0011160714285714285,0.0015956407880979835,0.0016061227416740498,0.1964618137904576,0,6849.95068359375,overall|small
2401523,3,3,fence along the balcony.,78,0.0015545280612244898,0.0007419987464727025,0.0007477695838544258,0.08771293591230343,0,9149.3544921875,overall|small
2401523,4,8,part of  a wall,99,0.0019730548469387753,3.7097418736803363e-05,4.587095394350249e-05,0.0001939200053010324,0,418.523681640625,overall|small
2401523,5,0,Large clock tower ,4326,0.08621651785714286,0.011027255482564885,0.01686159750210823,0.03088513646366086,0,7923.86962890625,overall
2401523,6,2,Overlapping power-line cables ,2736,0.0545280612244898,0.030843998973496264,0.04408576651586004,0.0931258285254763,0,5779.4677734375,overall
2401524,0,2,this is a plate,289,0.0057597257653061226,0.0032834240623275937,0.0035523052150097686,0.04157525362852948,0,3382.380615234375,overall|small
2401524,1,5,the orange is tasty,441,0.0087890625,0.012327183183642954,0.013682978575189146,0.11064357281812465,0,3566.02294921875,overall|small
2401524,2,0,Orange vegetable on a plate,6237,0.12430245535714286,0.08728528265692649,0.12512673780924638,0.22397479335142095,0,11164.126953125,overall
2401524,3,1,Cooked potatoes on a plate,5780,0.11519451530612244,0.03688153824850244,0.10161611910556008,0.05472591624540441,0,3112.8505859375,overall
2401524,4,3,A knife on top of a fork,6764,0.13480548469387754,0.08973081636066234,0.13603014719414255,0.20863186178088963,1,10374.0673828125,overall
2401524,5,4,two eggs fried to order,7564,0.15074936224489796,0.04541970807461294,0.10628985251889349,0.07348273734703448,0,5229.31787109375,overall
2401525,0,0,crack in the street,552,0.011001275510204082,0.0262575321778899,0.029662889770133226,0.1861451052237248,0,3463.994873046875,overall|small
2401525,1,6,black street below man,600,0.011957908163265306,0.027458911015896304,0.02832847430081491,0.4721705627441406,1,10000.62109375,overall|small
2401525,2,1,yellow line on street,1326,0.026426977040816327,0.039232315238074474,0.03965977166450259,0.7844831141591252,0,26228.708984375,overall
2401525,3,2,hole in the center of the donut,3220,0.06417410714285714,0.00970798618957598,0.04524035547118601,0.012209443275972924,0,869.0119018554688,overall
2401525,4,3,thumb of person,1914,0.03814572704081633,0.01618452544416164,0.038195401818135126,0.027317736714362103,0,1368.912109375,overall
2401525,5,4,long sleeve of clothing,2349,0.04681521045918367,0.08431205320662225,0.10217351337460077,0.3253695835910893,1,7480.34521484375,overall
2401525,6,5,white paper around donut,1176,0.0234375,0.0008147544460918035,0.0020665293624207294,0.0013432545321328299,0,764.4059448242188,overall
2401526,0,4,Part of a cats tail. ,175,0.0034877232142857145,0.0007049477053219597,0.0007305689677201766,0.019704908643450057,0,4720.1005859375,overall|small|part
2401526,1,3,Tiny triangle shaped tip of a cats nose. ,20,0.0003985969387755102,0.0006904669899565283,0.0006967710152678006,0.07090474367141723,0,2035.238037109375,overall|small
2401526,2,6,buttons on front of television,646,0.01287468112244898,0.029749161747267727,0.030702893439014486,0.48919554908209173,0,10292.8515625,overall|small
2401526,3,7,striped line on cat's foot,520,0.010363520408163265,0.004329293503368745,0.004488662172927598,0.10868335137000451,0,12590.6875,overall|small
2401526,4,8,white spots on the ground,504,0.010044642857142858,0.015567030526864851,0.01726135680044313,0.13688403841048952,0,3996.76318359375,overall|small
2401526,5,9,stripes on cat thigh,459,0.00914779974489796,0.011424567679894517,0.011831303295502148,0.24943115300862098,0,9676.7783203125,overall|small
2401526,6,0,black top of television set,7182,0.14313616071428573,0.19606754878682423,0.33545864394635067,0.32058580696533,1,6863.580078125,overall
2401527,0,0,The word Scenic on the blue and white sign.,464,0.009247448979591837,0.015813565502590752,0.016651277792704318,0.23915466768988247,0,6664.21923828125,overall|small|text
2401527,1,1,this is a vehicle ,35,0.0006975446428571429,0.00018649489494958592,0.0001868440758745019,0.09073716572352818,0,16997.064453125,overall|small
2401527,2,3,red double sided arrow,216,0.00430484693877551,0.0014408830565850893,0.0014741178400473232,0.06007077517332854,0,8802.0693359375,overall|small
2401527,3,6,part of  a post,60,0.0011957908163265306,0.0016163449124400396,0.0017115047595795414,0.028249653180440266,0,990.3444213867188,overall|small
2401527,4,7,part of a board,270,0.005381058673469388,0.010098438277381508,0.010772088282087816,0.13902980663158276,0,3484.751220703125,overall|small
2401527,5,8,part of the sky,476,0.009486607142857142,0.0017517831569607034,0.003403185540010456,0.003597063176772174,0,503.1174621582031,overall|small
2401527,6,9,A street light overhang,323,0.00643734056122449,0.004410106986310426,0.004502111454684802,0.17749798187161378,0,12734.435546875,overall|small
2401528,0,2,the phone is gray,532,0.010602678571428572,0.018002017170705133,0.018453560365424247,0.4238642929191876,0,12219.63671875,overall|small
2401528,1,1,man in a black t-shirt,6204,0.12364477040816327,0.25053451093356655,0.32595924526469466,0.5198591713133663,1,9894.5078125,overall|text
2401528,2,0,person wearing socks with polka dots,21063,0.41978236607142855,0.13844586504595513,0.354704291304582,0.1850553019141979,0,10988.927734375,overall
2401529,0,4,wood framed round clock on wall,304,0.006058673469387755,0.0003981050838784921,0.00043436899267807307,0.00474587082862854,0,3321.47265625,overall|small
2401529,1,6,decorative mugs sitting on shelf,420,0.008370535714285714,0.002247025003972239,0.0023542207874686907,0.04702810559953962,0,8389.9541015625,overall|small
2401529,2,5,a decorative sign above the TV,1426,0.02841996173469388,0.014869956333605789,0.021390228021236107,0.046512983624430224,0,3100.83251953125,overall|text
2401529,3,0,paid of blue denim jeans,8142,0.1622688137755102,0.0935989078318737,0.166454013912805,0.17617357816721935,0,8617.4267578125,overall
2401529,4,1,A television that is on,6300,0.12555803571428573,0.1731257014966899,0.19615438937229837,0.5959032428075397,0,19138.95703125,overall
2401529,5,2,Fireplace tools in rack,1848,0.036830357142857144,0.007056087484928863,0.009548075020149833,0.026323793254373392,0,5094.8876953125,overall
2401529,6,3,wooden shelf attached to wall,1872,0.03730867346938776,0.011537709620035247,0.01990461588362886,0.02671460208729801,0,2512.46923828125,overall
2401531,0,2,The mouth on the blue striped kite.,165,0.003288424744897959,0.0034678444267547885,0.003719961798897801,0.048676947391394415,0,2159.080322265625,overall|small
2401531,1,3,clear blue sky.,672,0.013392857142857142,0.001116508358921606,0.002265014530250975,0.0021970726194835847,0,651.842529296875,overall|small
2401531,2,4,The blue hat on the adult walking with the child in the yellow coat.,21,0.0004185267857142857,0.0005020872458359601,0.0005025895632739956,0.334380240667434,0,13971.609375,overall|small
2401531,3,5,black coat on man.,42,0.0008370535714285714,0.0013616778138611848,0.0013648616929348078,0.36857625416346956,0,11341.95703125,overall|small
2401531,4,6,trees in the distance.,209,0.004165338010204082,0.0010648190923540453,0.0011263305766105334,0.019124901465822065,0,3548.784423828125,overall|small
2401531,5,7,The hood on the adult's coat standing next to the child in the red coat.,888,0.017697704081632654,0.01774025326681036,0.019238116469162434,0.1855686806343697,0,8565.546875,overall|small
2401531,6,0,the people are in a field,12369,0.24651227678571427,0.0043738361655976145,0.009775279807100681,0.007853399821535947,0,9937.1787109375,overall
2401532,0,3,this is a t shirt,280,0.005580357142857143,0.020484994704621545,0.02293539302536873,0.16088850838797433,0,1964.1600341796875,overall|small|text
2401532,1,2,the ground is green in color ,420,0.008370535714285714,0.05804771464622666,0.06003880701257184,0.636410377139137,0,4451.9931640625,overall|small
2401532,2,0,Man wearing white tennis shoe on foot.,1292,0.02574936224489796,0.004901172029501279,0.005771220101066349,0.031486895062236966,0,7048.95458984375,overall|part
2401532,3,4,A door.,5880,0.1171875,0.041165604469655004,0.11735442558939937,0.059626988002232144,0,2987.588134765625,overall|part
2401532,4,1,Batting net behind man and little boy.,23875,0.4758250956632653,0.42046606708825046,0.538533424614784,0.6572814545157069,1,29139.5,overall
2401533,0,3,White shirt on a woman,884,0.017617984693877552,0.06702253952477509,0.07217390437307387,0.48427782015563137,0,5931.52880859375,overall|small|text
2401533,1,5,kite with a long yellow tail,644,0.012834821428571428,0.023220347339812725,0.023288025516033584,0.8887666500873447,0,24577.68359375,overall|small|part
2401533,2,0,boy holding a string,784,0.015625,0.055105398792319744,0.06132069346542405,0.3521953115657884,1,4502.90283203125,overall|small
2401533,3,2,Child sitting on grass,375,0.007473692602040816,0.003489374989454149,0.0036740031685137155,0.06492830912272135,0,6627.13525390625,overall|small
2401533,4,6,white clouds in sky,495,0.009865274234693877,7.512561166828319e-08,9.390247774173708e-08,3.757005242273362e-07,0,1980.4776611328125,overall|small
2401533,5,1,blue cloudy sky,7062,0.14074457908163265,0.0020876715634819136,0.01519613612376102,0.00241431390486301,0,1121.9881591796875,overall
2401533,6,4,Long green grass on a hill,2322,0.04627710459183673,0.05142094141394893,0.06980310735110516,0.16336346083319875,0,5434.28466796875,overall
2401534,0,0,the shirt is black in color,63,0.0012555803571428572,0.0013678708719551665,0.0013733320575285148,0.2559415423680866,0,11741.0185546875,overall|small|text
2401534,1,5,the black shirt button,162,0.0032286352040816328,0.004060383148292592,0.004094181936824935,0.3296914983678747,0,13045.3466796875,overall|small|text
2401534,2,2,He has red dots on his neck,294,0.005859375,0.00495356812177586,0.005164053278694364,0.10836176320809085,0,6169.25439453125,overall|small
2401534,3,4,smiling red lips,517,0.01030373086734694,0.005692013796400099,0.006176129778246605,0.06769999314092345,0,5667.12451171875,overall|small
2401534,4,7,light on storefront,351,0.006995376275510204,0.0007605852858234428,0.0008245402296118179,0.009710637932149773,0,4133.73876953125,overall|small
2401534,5,3,The man has white hair,7125,0.1420001594387755,0.003561733494369067,0.032447713492955985,0.0039849631326240404,0,875.0343017578125,overall|part
2401534,6,6,the man's left arm,5187,0.10337611607142858,0.046148239217803005,0.0708914029864393,0.11677855150948284,0,8544.482421875,overall|part
2401535,0,5,part of  a leaf,297,0.005919164540816327,0.005362789631601848,0.006197488266437431,0.03829301326764553,0,1835.102294921875,overall|small|part
2401535,1,6,part of a leaf,280,0.005580357142857143,0.0016189932430768128,0.0018630031236617083,0.012210004670279367,0,1835.102294921875,overall|small|part
2401535,2,1,There is a white band on the tree,441,0.0087890625,0.002890640858466156,0.003245031367271306,0.025786077624816203,0,3504.329833984375,overall|small
2401535,3,3,the fruits are green in color,945,0.018833705357142856,0.011234617190519835,0.011869259517391501,0.17363087487599208,0,13824.044921875,overall|small
2401535,4,4,it is brown in color,296,0.005899234693877551,0.008256740091537379,0.008328031836736886,0.49097009607263514,0,17450.359375,overall|small
2401535,5,7,part of a fruit,140,0.0027901785714285715,0.005888981473852734,0.005959188638398116,0.33326982770647323,0,7829.5517578125,overall|small
2401535,6,0,these are some leaves,2625,0.05231584821428571,0.047599442013130766,0.07603860682509701,0.11289949544270833,0,3897.50927734375,overall|part
2401536,0,1,Face on a kite,891,0.01775749362244898,0.0072300217369082286,0.008547456556826576,0.0448062738317967,0,4670.6748046875,overall|small|part
2401536,1,2,the kite is on air,255,0.005082110969387755,5.268193246031562e-05,5.614144599073001e-05,0.0008541991313298544,0,3879.85693359375,overall|small
2401536,2,6,the car is parked,36,0.0007174744897959184,0.00043678116619783795,0.0004375032979910866,0.20925095346238878,0,17218.234375,overall|small
2401536,3,8,the car is red,312,0.006218112244897959,0.0007694388669361492,0.000785855659475909,0.03552385476919321,0,14103.662109375,overall|small
2401536,4,9,the sky is blue in color,897,0.017877072704081634,4.237379295053172e-07,6.313144825132167e-07,1.288736820503355e-06,0,1831.09521484375,overall|small
2401536,5,0,this is a man,2520,0.05022321428571429,0.07202204599472734,0.11089009843167572,0.17045358324807788,0,3873.59228515625,overall
2401536,6,3,Blue and purple kite,1840,0.03667091836734694,0.026804872649087198,0.03654971586806918,0.09135209788446841,0,4598.8828125,overall
2401537,0,1,corner of a toilet,96,0.001913265306122449,0.00447768869158359,0.0048357203530182,0.05702853202819824,0,1132.1455078125,overall|small
2401537,1,2,outer part of a toilet,72,0.0014349489795918368,0.0013083365538066364,0.0013144128593366926,0.22058676348792183,0,12083.1494140625,overall|small
2401537,2,4,edge of the toilet wall,143,0.002849968112244898,0.0008605651911697263,0.001055638249760567,0.004635363608807117,0,627.9205932617188,overall|small
2401537,3,5,the hinge of the lid of a toilet,72,0.0014349489795918368,0.0008796786184413198,0.0009093010655759596,0.02629293832514021,0,2081.91943359375,overall|small
2401537,4,6,black tile in the toilet,20,0.0003985969387755102,0.00012396440646560464,0.00012470777801211943,0.020372557640075683,0,3267.247314453125,overall|small
2401537,5,7,part of the toilet cover,117,0.002331792091836735,0.002459127929347619,0.002489246814742893,0.16891093131823418,0,7939.18017578125,overall|small
2401537,6,8,the toilet seat cover,96,0.001913265306122449,0.002765219089163435,0.002769081500660536,0.6647075017293295,0,23044.435546875,overall|small
2401538,0,0,logo on woman's jacket,171,0.0034080038265306123,0.005181647817528244,0.005279829586629155,0.21792432996961805,0,7058.00439453125,overall|small|text
2401538,1,8,a silver pen inside the pocket of a man's shirt,99,0.0019730548469387753,0.006646908840866557,0.006773089481266483,0.26296677252258915,0,3843.697998046875,overall|small|text
2401538,2,5,a train window secured by many screws,520,0.010363520408163265,0.0007008185885426921,0.00073948434845568,0.013225916715768667,0,9300.3681640625,overall|small|part
2401538,3,7,sunglasses on mans face,406,0.008091517857142858,4.401865252937249e-05,5.634261443151967e-05,0.00020120371812082865,0,1449.8565673828125,overall|small|part
2401538,4,6,zipper pull on a sweater ,72,0.0014349489795918368,0.000743626683527837,0.000747318878047623,0.13082312213049996,0,12604.0771484375,overall|small
2401538,5,9,phone numbers on woman's shopping bag,804,0.01602359693877551,0.01584832260754575,0.016550241410378135,0.2720288328863495,0,13214.984375,overall|small
2401538,6,2,woman with brown hair,2832,0.05644132653061224,0.009154760585089941,0.018569305016796,0.017736636986166746,0,2705.010009765625,overall|part
2401539,0,6,There is a package in the window,475,0.009466677295918368,0.0010000992583198544,0.0010679464648238387,0.015498054905941612,0,6893.20703125,overall|small|part
2401539,1,7,reflection on window pane,315,0.006277901785714286,0.0018590261462196264,0.0050897270736210256,0.0029202037387424046,0,180.7295684814453,overall|small|part
2401539,2,2,two gold hands on clock,986,0.019650829081632654,0.029233053024341475,0.03168729773856613,0.27401262944900484,0,8526.3330078125,overall|small
2401539,3,3,gold ball on clock,399,0.007952008928571428,0.014808688430296382,0.015271496698607568,0.328250014991091,0,8576.22265625,overall|small
2401539,4,1,white curtain on window,1980,0.03946109693877551,0.017224732591435244,0.028386921819178734,0.04196644022007181,0,2927.17724609375,overall|part
2401539,5,4,white wood window frame,1232,0.024553571428571428,0.0014415142144192077,0.001824998156814653,0.006813417781483044,0,4599.5283203125,overall|part
2401539,6,0,Name of building in gold lettering,1472,0.029336734693877552,0.04316282144641417,0.044673983704293284,0.560634239860203,0,18472.80078125,overall
2401540,0,3,a blue street sign,513,0.010224011479591837,0.016102397201921463,0.016563069366438865,0.36666682728549893,0,11356.595703125,overall|small|text
2401540,1,4,a metal sign post,504,0.010044642857142858,0.014772860340711668,0.015401245355743116,0.2658242725190662,0,8699.0,overall|small|text
2401540,2,7,part of a stop sign,170,0.0033880739795918366,0.006105364832415788,0.006228929887743395,0.2353408364688649,0,6422.923828125,overall|small|text
2401540,3,9,skylight window on roof,342,0.006816007653061225,0.001982486745591993,0.0024419452805294404,0.010426723469070524,0,1460.286376953125,overall|small|part
2401540,4,0,corner of a vehicle,48,0.0009566326530612245,0.000710720499190462,0.0007129694272238233,0.18388473987579346,0,12379.8681640625,overall|small
2401540,5,1,part of a shade,192,0.003826530612244898,0.002085341324889445,0.0021725497318644403,0.04938479761282603,0,4364.40234375,overall|small
2401540,6,5,purple flowers on top of fence,672,0.013392857142857142,0.005324595574769053,0.005944351104568208,0.04858909334455218,0,5492.92431640625,overall|small
2401541,0,2,blue eyes behind glasses,897,0.017877072704081634,0.02878252030274817,0.03206685325681623,0.2193723612671579,0,6136.46142578125,overall|small|part
2401541,1,1,a man's right ear,490,0.009765625,0.006914255556836164,0.007360274976322155,0.10241451652682558,0,6818.10302734375,overall|small
2401541,2,3,reflection on man's nose,108,0.002152423469387755,0.0038196407916097604,0.004000889031425536,0.07775883321408872,0,2099.02197265625,overall|small
2401541,3,5,the man is light skinned,72,0.0014349489795918368,0.0015590364910639308,0.0015818924123707054,0.09739410214953953,0,4432.90283203125,overall|small
2401541,4,6,A crooked smile,406,0.008091517857142858,0.003396717269733587,0.003523099465213556,0.08649833566449545,0,9968.01953125,overall|small
2401541,5,7,a man's left ear,210,0.004185267857142857,0.004149274381841624,0.004193969720794026,0.28023665291922434,0,14031.9794921875,overall|small
2401541,6,4,the hair is coiled,2028,0.04041772959183673,0.02504115592149418,0.03183546231041413,0.10501171616172414,0,6689.513671875,overall|part
2401542,0,7,the number 311 on a person's chest,54,0.0010762117346938774,0.0011163896603872648,0.0011383009845619093,0.05481758824101201,0,2600.498291015625,overall|small|text
2401542,1,1,group of people on the mountainside,240,0.0047831632653061226,0.017683272441231832,0.018082086237312955,0.44498519897460936,0,5906.20166015625,overall|small
2401542,2,2,a red ski,168,0.0033482142857142855,0.0020326448326174365,0.0020597350360639813,0.13385943004063197,0,10918.095703125,overall|small
2401542,3,5,Dead plants sticking out of the snow,403,0.008031728316326531,0.006157201023063167,0.007145626109763481,0.04261537461955257,0,2403.427734375,overall|small
2401542,4,6,a group of evergreen trees in front of a mountain ,525,0.010463169642857142,0.022564597936827958,0.024032639358722217,0.2697503952752976,0,5892.77587890625,overall|small
2401542,5,0,Patch of snow with ski prints in it,8410,0.16761001275510204,0.007889587162791685,0.020674661899288863,0.012597479349651178,0,5124.37890625,overall
2401542,6,3,a yellow snowmobile,1380,0.027503188775510203,0.0211580093795619,0.02236948215535655,0.28092540796252263,0,17330.623046875,overall
2401543,0,1,the cow's feet are tied,858,0.01709980867346939,0.005056870822513824,0.005450615801039547,0.06542258273749363,0,10298.3916015625,overall|small
2401543,1,4,the grass is green in color,572,0.011399872448979591,0.024550839143370147,0.02906297874439611,0.13654170002970661,0,2687.331298828125,overall|small
2401543,2,5,a license plate on a motorcycle,350,0.006975446428571429,0.017382676588956345,0.01762579941457265,0.5575614275251116,0,11071.6396484375,overall|small
2401543,3,0,these are two people,12489,0.24890385841836735,0.22663390587201515,0.41927774758881137,0.33032205059202097,1,9839.2822265625,overall
2401543,4,2,this is the road,1768,0.035235969387755105,0.007494272671863359,0.008912480359240384,0.04497814609993637,0,8922.47265625,overall
2401543,5,3,the cow is brown in color,3069,0.06116470025510204,0.016504941369103684,0.027538855438965483,0.03956386980073543,0,4409.09814453125,overall
2401544,0,0,scissor blades over woman's left eye,39565,0.7885243941326531,0.38114812198168885,0.8005768741159366,0.42113195848603563,1,20812.599609375,overall|part
2401545,0,4,Goggles on a woman,784,0.015625,0.0020049730329103886,0.002450430433654747,0.010908901691436768,0,3490.2353515625,overall|small|part
2401545,1,8,ticket window for people to buy ski tickets,256,0.00510204081632653,0.01200226756947385,0.01383614300167238,0.08303501456975937,0,1536.3359375,overall|small|part
2401545,2,2,small child at ski slope,312,0.006218112244897959,0.0012724405751579587,0.0013131708142572328,0.03940768119616386,0,9362.9833984375,overall|small
2401545,3,5,light on side of building,108,0.002152423469387755,0.0005199100839373952,0.0013077063951482727,0.0008622831492512314,0,71.21367645263672,overall|small
2401545,4,6,child in red jacket,780,0.015545280612244899,0.012364581197239743,0.012640459333495306,0.36164754231770835,0,22316.046875,overall|small
2401545,5,9,"woman in fuschia colored jacket, black pants and white shoes with her back to the camera",728,0.014508928571428572,0.022433383409215586,0.023194743715562,0.4059747549203726,0,12742.0947265625,overall|small
2401545,6,0,A shaped cabin with a wreath hanging in front,1368,0.0272640306122449,0.0246558368560559,0.07415861280609577,0.03562048025298537,0,657.089111328125,overall
2401546,0,0,Red and white stop sign,266,0.005301339285714286,0.009619494963182417,0.009946322870658365,0.2264547419727297,0,6056.2041015625,overall|small|text
2401546,1,5,a red and white pole,540,0.010762117346938776,0.004183197661724677,0.004502379782502657,0.05572019859596535,0,6682.8896484375,overall|small
2401546,2,6,the grass are dry,414,0.00825095663265306,0.0048153892253806575,0.005601021876410931,0.03319096219712409,0,2453.312744140625,overall|small
2401546,3,7,Orange and white post in ground,180,0.003587372448979592,0.0028738169847663205,0.0029008314587908876,0.23582004970974393,0,14632.9111328125,overall|small
2401546,4,1,White teddy bear laying on ground,3869,0.07710857780612244,0.033655518853828156,0.04612857407704465,0.11068960639912202,0,9284.0087890625,overall
2401546,5,2,the dusty mountains and hills,3990,0.07952008928571429,0.00030119111848443344,0.0005370960133075346,0.0006852663848035616,0,5090.73388671875,overall
2401546,6,3,rocks and gravel mixed,8820,0.17578125,0.00731029557471135,0.017968341779883115,0.012174345955016121,0,5975.93994140625,overall
2401547,0,1,face of a bear,650,0.012954400510204082,0.01990428732287622,0.021662400517102026,0.19694744403545672,0,5909.5869140625,overall|small|part
2401547,1,2,black bear eyes,200,0.003985969387755102,0.00344724695535849,0.003522639552025248,0.13872472763061525,0,7876.1806640625,overall|small|part
2401547,2,3,tree leaves and brown stem,742,0.014787946428571428,0.007991337067784158,0.011192607791360188,0.027180692256300275,0,1801.91015625,overall|small|part
2401547,3,8,The eyes of the bear in the middle.,147,0.0029296875,0.0024174737336738034,0.0024569518874090813,0.13077737198394984,0,7824.4404296875,overall|small|part
2401547,4,0,this is the ear,165,0.003288424744897959,0.002760465383626869,0.002838309200926818,0.09144674936930339,0,5316.09228515625,overall|small
2401547,5,5,The nose of the bear in the middle.,55,0.001096141581632653,0.0006213631499197539,0.0006240797406584578,0.12491424733942205,0,11008.6630859375,overall|small
2401547,6,7,The nose of the bear on the left side.,180,0.003587372448979592,0.003967508961273527,0.004019970739146574,0.23313880496554903,0,10439.126953125,overall|small
2401548,0,2,hand of person operating vehicle,798,0.015904017857142856,0.002330320836509843,0.002873001775198076,0.012186583420985324,0,3384.92431640625,overall|small|part
2401548,1,5,handle of door,336,0.006696428571428571,0.015923632682296598,0.016148791305346036,0.533162344069708,0,11093.248046875,overall|small|part
2401548,2,0,light on red vehicle,520,0.010363520408163265,0.007225989260721451,0.007529996598335604,0.15181023524357723,0,10483.580078125,overall|small
2401548,3,3,light on top of vehicle,504,0.010044642857142858,0.0042737216771200825,0.004560182352351244,0.0636998660980709,0,7040.22998046875,overall|small
2401548,4,8,orange reflector on side of tractor,252,0.005022321428571429,0.0041655628801427315,0.004227285811998241,0.22196634988936167,0,13232.017578125,overall|small
2401548,5,1,A lot of sheep.,19240,0.38345025510204084,0.06285251732286168,0.2986523506180611,0.07373605200753638,0,4750.27783203125,overall
2401548,6,4,grey skies are overehead,3655,0.07284359056122448,0.0009400017355704973,0.01884247506056433,0.0009883803642888728,0,191.7227020263672,overall
2401549,0,4,Rubber bands on the man's arm. ,360,0.007174744897959184,0.008614018109872,0.008867675329984124,0.23144315083821615,0,9395.87109375,overall|small|part
2401549,1,8,part of some leaves,56,0.0011160714285714285,0.0014275253388035224,0.0014301061268457156,0.44166592189243864,0,17294.724609375,overall|small|part
2401549,2,0,part of a pocket,204,0.004065688775510204,0.0053337259621918775,0.005783501128393336,0.06418258068608303,0,2263.896240234375,overall|small
2401549,3,1,Crack in the wall. ,700,0.013950892857142858,0.004024314243172595,0.006420276328207406,0.010668600627354214,0,1163.1929931640625,overall|small
2401549,4,5,part of a belt,231,0.004603794642857143,0.001201129512990789,0.0012166349993081773,0.0861290440414891,0,16353.1455078125,overall|small
2401549,5,6,part of a wall,360,0.007174744897959184,0.011947734313203767,0.01437490332976365,0.06608427895439996,0,1654.9913330078125,overall|small
2401549,6,9,part of a surface,225,0.00448421556122449,0.001871610596749776,0.0020731333164335226,0.018890190124511718,0,2050.17822265625,overall|small
2401550,0,2,yellow sign with red lettering,240,0.0047831632653061226,0.0006111180651714227,0.0007045731122369723,0.004586190481980642,0,1562.2022705078125,overall|small|text
2401550,1,3,motorcyclist wearing white helmet,168,0.0033482142857142855,0.007813096191123118,0.007895303587091238,0.42869540623256136,0,9121.9833984375,overall|small|part
2401550,2,4,teal car parked on a sidewalk,680,0.013552295918367346,0.0012546222186318472,0.001330828043427334,0.021440455492805034,0,10955.216796875,overall|small
2401550,3,6,A brick sidewalk,986,0.019650829081632654,1.3614321649469875e-05,2.6457990719495897e-05,2.804475044926088e-05,0,1045.1331787109375,overall|small
2401550,4,7,bridge with advertisement,612,0.012197066326530613,0.012531480401013349,0.01287437922855253,0.3199607250737209,0,15209.740234375,overall|small
2401550,5,8,small white line on street,777,0.015485491071428572,0.007684052644386517,0.008271849515540577,0.09758275448125302,0,9166.2451171875,overall|small
2401550,6,9,an air conditioner unit,615,0.01225685586734694,0.00024669143886901,0.0002953158365821644,0.0014960164946269214,0,3115.478515625,overall|small
2401551,0,2,the sky is clear,650,0.012954400510204082,9.179031917246214e-05,0.00013499663302071846,0.0002867134488545931,0,1380.506591796875,overall|small
2401551,1,5,the water is blue,396,0.007892219387755101,0.0010896511617830133,0.0011598145101254264,0.017693459385573262,0,6041.14697265625,overall|small
2401551,2,7,the back pair of wheels on a skateboard,56,0.0011160714285714285,0.0027955235905747213,0.002799726245706321,0.6506334032331195,0,13013.9404296875,overall|small
2401551,3,8,horizon on blue water,615,0.01225685586734694,0.0002429889162826161,0.0003224665950370409,0.0009849134499464577,0,1878.401611328125,overall|small
2401551,4,0,the dark grey ground,3874,0.07720822704081633,0.008193000920648298,0.018921615894501007,0.014243839324966926,0,2916.27490234375,overall
2401551,5,1,airborne skateboarder over board,3068,0.06114477040816327,0.0817205268343332,0.09907173789360167,0.3181540279065148,0,9852.421875,overall
2401551,6,3,a concrete railing down a flight of stairs,2948,0.0587531887755102,0.09735517196545855,0.10604627096019313,0.5429406340765985,1,15093.3076171875,overall
2401552,0,1,power outlet near eating table,264,0.0052614795918367345,0.000696338664396208,0.0007270486727782421,0.01621820709922097,0,5889.0234375,overall|small
2401552,1,2,glass container on table,768,0.015306122448979591,0.00344921052929928,0.004911591530334495,0.011451943467060724,0,1790.6807861328125,overall|small
2401552,2,3,Napkin on the table,850,0.016940369897959183,0.018257776931202705,0.01922013029800357,0.2672084135167739,0,11817.1494140625,overall|small
2401552,3,6,empty glass on table,294,0.005859375,0.002963761779207299,0.0031947283530012363,0.03938034926952959,0,3624.039794921875,overall|small
2401552,4,7,meat on top of pizza,414,0.00825095663265306,0.012683144899213707,0.012875463271673568,0.45920219974241394,0,14765.271484375,overall|small
2401552,5,0,white stripes on shirt,2964,0.059072066326530615,0.12748705623110435,0.14363292766721084,0.5314225622838648,1,10966.40234375,overall|text
2401552,6,4,yellow wall paper with pink pattern,3212,0.06401466836734694,0.0673802824702569,0.2163368954904821,0.08913675310602817,1,1323.432373046875,overall
2401553,0,1,the tree is brown,936,0.01865433673469388,0.004271376717657987,0.006992945156584461,0.010855961049723828,0,1453.0615234375,overall|small
2401553,1,0,There is a baby elephant,17940,0.3575414540816326,0.12750391259071914,0.3814907358167711,0.16073033429574277,0,7558.51171875,overall
2401553,2,2,a wooden fence,2430,0.04842952806122449,0.2504072334632108,0.3512537649840894,0.46586376551247427,1,3222.880615234375,overall
2401553,3,3,green grass and brown dirt,3550,0.07075095663265306,0.004946468607294483,0.006954278897081697,0.016844071938957966,0,8598.5126953125,overall
2401554,0,7,edge of a window,30,0.0005978954081632653,2.208730073604716e-05,2.3902829542991908e-05,0.0002907117207845052,0,364.8669128417969,overall|small|part
2401554,1,0,neck of a flower vase,130,0.002590880102040816,0.002482335789097339,0.0024946599651987605,0.3344312814565805,0,17427.65234375,overall|small
2401554,2,1,part of a building,36,0.0007174744897959184,0.0028901727498769508,0.00292907307021543,0.17872639497121176,0,2196.650634765625,overall|small
2401554,3,2,cement court ,736,0.014668367346938776,0.01236798140460628,0.012975457492183717,0.2089705052583114,0,11853.3232421875,overall|small
2401554,4,4,top of a building,15,0.00029894770408163266,0.00020895970005249033,0.00021096397030624024,0.021521174907684328,0,1530.20263671875,overall|small
2401554,5,5,lights reflected on vase,352,0.00701530612244898,0.01679583120981081,0.020470872232963885,0.08555281162261963,0,1471.0946044921875,overall|small
2401554,6,6,bottom of a vase,104,0.002072704081632653,0.0007494497116509945,0.0007539682469385866,0.11115384101867676,0,15332.2099609375,overall|small
2401555,0,0,white pourcelain sink,22272,0.44387755102040816,0.20941378118897502,0.32367339545858953,0.3723422960303296,0,25620.912109375,overall
2401555,1,1,tile on bathroom wall,13800,0.27503188775510207,0.1664650878363762,0.2477672931630868,0.3365620400249094,0,18745.638671875,overall
2401556,0,2,dirt on toilet base,150,0.0029894770408163264,1.3850140293842071e-05,1.3998694597113686e-05,0.0013034369548161825,0,13966.6982421875,overall|small
2401556,1,3,the lid is closed,518,0.010323660714285714,0.01629962357361316,0.020038774972166606,0.08033509420151876,0,2076.65283203125,overall|small
2401556,2,5,the toilet sink is broken,990,0.019730548469387755,0.019727083794097988,0.022142509425005324,0.1531456841362847,0,6847.20166015625,overall|small
2401556,3,8,this is a container,825,0.016442123724489797,0.00727663043082045,0.007941801677700684,0.07993456291429925,0,8303.6591796875,overall|small
2401556,4,0,the trees are green,17301,0.3448062818877551,0.0038331771416558937,0.028144650314081397,0.004417947286622702,0,2715.7880859375,overall
2401556,5,1,the grass are green in color,1044,0.020806760204081634,0.0020246936219463253,0.0026775841145329007,0.00823513666788737,0,3210.910400390625,overall
2401556,6,4,a lid for a toilet,1908,0.03802614795918367,0.07018417431496832,0.07516611171423265,0.5143083936263431,0,13055.0908203125,overall
2401557,0,3,The man has long hair.,630,0.012555803571428572,0.014247060472732201,0.016476208313484685,0.0952712891593812,0,3642.8837890625,overall|small|part
2401557,1,5,a hand hanging down,117,0.002331792091836735,0.0007549604715259299,0.0007927448082407325,0.015592675942641038,0,2301.29931640625,overall|small|part
2401557,2,0,bare feet with no shoes,546,0.010881696428571428,0.0010562568301735852,0.001299407077034362,0.0056130056416158714,0,2358.5380859375,overall|small
2401557,3,6,a foot in the water,231,0.004603794642857143,0.0035720792685713116,0.003964545448885385,0.034827104378572275,0,2029.2518310546875,overall|small
2401557,4,1,open ocean with waves,18063,0.35999282525510207,0.2280956642180742,0.4521735262633519,0.3152003739948375,1,12591.326171875,overall
2401557,5,2,a human rear end.,1312,0.02614795918367347,0.014850298048696661,0.016544393151815422,0.12665798605942144,0,10044.205078125,overall
2401557,6,4,There is white on top of the waves.,2597,0.0517578125,0.02326848929825782,0.02617106530897657,0.1734172599243117,0,17208.494140625,overall
2401558,0,3,The bottle cap is orange,120,0.0023915816326530613,0.0004899998964157345,0.0005050378322997822,0.016189855337142945,0,3846.80615234375,overall|small
2401558,1,5,part of a sheet,192,0.003826530612244898,0.0008395133210477898,0.0008638793309490914,0.028904030720392864,0,6424.01513671875,overall|small
2401558,2,0,orange drink lable on bottle,3105,0.06188217474489796,0.03758114942384302,0.05506855732955801,0.10582120099889292,0,5966.650390625,overall
2401558,3,1,The box is white,10692,0.21308992346938777,0.08851663427741124,0.26211668689748585,0.1178937084970071,0,4809.00146484375,overall
2401558,4,2,sheets are beige and white,3496,0.06967474489795919,0.04170735387821088,0.05750376014752391,0.1318144809190414,0,8013.79638671875,overall
2401558,5,4,The sheets are white,1980,0.03946109693877551,0.01957713764249779,0.02424030124223884,0.09236699884588068,0,7544.7353515625,overall
2401558,6,6,grease spot on box,1512,0.030133928571428572,0.02402189267164551,0.026071971750269613,0.23400965695658688,0,13570.9951171875,overall
2401559,0,0,number 14 on back of skier,238,0.004743303571428571,0.003185791184475875,0.0032148968921160833,0.26029452155618105,0,19269.69921875,overall|small|text
2401559,1,1,white words on red flag,989,0.01971061862244898,0.002257417690198086,0.0029893913068906926,0.009135108384613561,0,3022.22802734375,overall|small|text
2401559,2,2,the left shoe of a skier.,286,0.005699936224489796,0.00032277655054307444,0.00034294117220895357,0.005459514114406559,0,4553.02880859375,overall|small|part
2401559,3,7,the right shoe of a skier.,240,0.0047831632653061226,0.00034421266827467083,0.00036208509412254667,0.006925257543722789,0,4590.251953125,overall|small|part
2401559,4,3,red net of fence,713,0.01420998086734694,0.009412912087515615,0.010040216386675979,0.13093115337098965,0,9297.998046875,overall|small
2401559,5,6,"red, white, and black glove",429,0.008549904336734694,0.002917068726364619,0.0031166955542403325,0.04355923223606634,0,5995.74462890625,overall|small
2401559,6,8,small holes in the snow,658,0.013113839285714286,0.02729930901498113,0.03164649052620948,0.1657856996298561,0,3447.048583984375,overall|small
2401560,0,2,blue ski stick of the man climbing up the hill left hand,150,0.0029894770408163264,0.0017488624394451674,0.0017578002553800813,0.2559240214029948,0,21839.001953125,overall|small|part
2401560,1,4,a pile of snow on a branch,324,0.0064572704081632655,0.004311574634999157,0.005119322998549241,0.02659893035888672,0,1683.4361572265625,overall|small|part
2401560,2,0,orange backpack,198,0.003946109693877551,0.007450053850605971,0.007553173139657325,0.3530412924410117,0,9254.6767578125,overall|small
2401560,3,1,man facing the camera looking down and to his left,2380,0.04743303571428571,0.018549105079220436,0.06225207569259885,0.025741857640883502,0,984.1538696289062,overall
2401560,4,3,This person is keeping on.,7344,0.14636479591836735,0.015546327658433133,0.036222426671792124,0.026513477815781804,0,5375.53662109375,overall
2401561,0,6,brown edge of large door,660,0.013153698979591837,0.0005429627087591924,0.0006183183611655459,0.004435430151043516,0,4734.42822265625,overall|small|part
2401561,1,2,Shadow of man on floor.,400,0.007971938775510204,0.0006921509250255583,0.0008459009256495126,0.003793625831604004,0,1793.8865966796875,overall|small
2401561,2,4,tow tone pink paint on wall,464,0.009247448979591837,0.004335292188036206,0.00464727869022093,0.06066022248103701,0,6056.521484375,overall|small
2401561,3,5,ground with white snow scattered,644,0.012834821428571428,0.0010689882030937448,0.0012854355841519912,0.006308447500193341,0,3160.516357421875,overall|small
2401561,4,7,indent in pink paint,297,0.005919164540816327,0.0016396669201666247,0.001671906372790447,0.07836778557260429,0,13921.373046875,overall|small
2401561,5,8,Plug plugged in to outlet.,630,0.012555803571428572,0.020254035023598266,0.02311990621938341,0.14044731987847223,0,3827.08349609375,overall|small
2401561,6,9,tags are hanging off the suitcase,187,0.0037268813775510204,0.002904339852179672,0.00292839117637727,0.2612405460786055,0,16682.19140625,overall|small
2401563,0,3,metal faucet above white sink,950,0.018933354591836735,0.03285776808995172,0.03357467672862948,0.6061152729235197,0,17150.11328125,overall|small
2401563,1,4,white plastic outlet in metal wall,560,0.011160714285714286,0.003061737867136898,0.004426092436105071,0.0098348753792899,0,1244.3323974609375,overall|small
2401563,2,6,part of a surface,943,0.018793845663265307,0.00812817940349001,0.01492726363560917,0.01753239717614992,0,1107.5740966796875,overall|small
2401563,3,7,edge of a sink,493,0.009825414540816327,0.0019987954645975074,0.0020687347666132464,0.05582204358331088,0,13302.9462890625,overall|small
2401563,4,1,white door jamb,4840,0.09646045918367346,0.1688713749391535,0.25193365454104916,0.33871119475561723,0,6507.11865234375,overall|part
2401563,5,0,kitchen drawers for storage,3024,0.060267857142857144,0.02805865280130714,0.03879919938309251,0.09203101465941738,0,7172.87451171875,overall
2401563,6,2,White microwave sitting on a shelf,7138,0.14225924744897958,0.022671275779837248,0.06504007440154132,0.03363205131344783,0,3691.041015625,overall
2401564,0,2,a name tag on a woman's shirt.,377,0.007513552295918368,0.014987565324530999,0.015416680168498295,0.34999671349158656,0,8558.8310546875,overall|small|text
2401564,1,6,number 1 on fence in the background,243,0.004842952806122449,0.00011394642030336039,0.000120173694762521,0.0021941087864063404,0,4436.6484375,overall|small|text
2401564,2,3,white grip on handle,561,0.01118064413265306,0.00829398845390976,0.010223552657613056,0.04209481033624387,0,2309.880859375,overall|small|part
2401564,3,1,a section of a tennis court.,600,0.011957908163265306,0.00039977237059211646,0.0004262626040843879,0.0063917446136474605,0,8996.9111328125,overall|small
2401564,4,4,strip on player's skirt,615,0.01225685586734694,0.000681049239171373,0.0007254467731795406,0.011005733458976435,0,9330.1484375,overall|small
2401564,5,5,edge of a racket,208,0.004145408163265306,0.003790350422787479,0.0039903267398800155,0.07031456323770377,0,3665.220947265625,overall|small
2401564,6,7,part of a vest,322,0.006417410714285714,0.009497187736644987,0.009643065654284255,0.38567352294921875,0,12878.3603515625,overall|small
2401565,0,2,black eye in rat,204,0.004065688775510204,0.0016072723086072097,0.0016496429734385927,0.05889165635202445,0,7282.72607421875,overall|small|part
2401565,1,8,he eye of a puppy,90,0.001793686224489796,0.0017576684028295661,0.0017943263550602652,0.07921852535671658,0,3973.45068359375,overall|small|part
2401565,2,0,nose of a mouse,156,0.0031090561224489796,0.0016620351770254792,0.00171967698838441,0.047242393860450156,0,4285.580078125,overall|small
2401565,3,3,he ear of a cat,714,0.014229910714285714,0.02033773874291946,0.023538224848926887,0.13011367113984265,0,3946.821044921875,overall|small
2401565,4,4,part of  a button,160,0.0031887755102040817,0.000931854114628915,0.000955478084438392,0.03632022440433502,0,6082.01904296875,overall|small
2401565,5,5,small white square line,128,0.002551020408163265,0.0014928710288748732,0.001651610553631071,0.015295052900910378,0,1185.3682861328125,overall|small
2401565,6,6,gray buttons on the remote,384,0.007653061224489796,0.004413438126017098,0.004466091002979053,0.2723854382832845,0,23420.03515625,overall|small
2401566,0,7,gold metal sign plate on fire hydrant,500,0.009964923469387755,0.004264750876673957,0.004399179447888807,0.12247148895263672,0,13919.810546875,overall|small|text
2401566,1,0,part of a stocking,496,0.009885204081632654,0.013467136819900026,0.014148709367589545,0.21848330959197013,0,7659.19482421875,overall|small
2401566,2,2,grey uggs on person,680,0.013552295918367346,0.021190307587096828,0.02554257296987432,0.11060646281522864,0,2944.589599609375,overall|small
2401566,3,4,metal grate in curb of sidewalk,561,0.01118064413265306,0.024697498483658167,0.026410982211491164,0.2757180497820577,0,5856.572265625,overall|small
2401566,4,5,part of a line,330,0.006576849489795918,0.014869909954805763,0.016540841466715396,0.1283122785163648,0,2559.9091796875,overall|small
2401566,5,8,top of a tank,624,0.012436224489795918,0.0017114777873466415,0.0019629250914232257,0.01318450921621078,0,4191.26220703125,overall|small
2401566,6,1,a woman in a black jacket,3276,0.06529017857142858,0.15396512195590978,0.16693008461840045,0.6646966992425977,0,13044.6611328125,overall
2401567,0,6,leaves of a tree,432,0.00860969387755102,1.5020562746852063e-05,1.721310050271487e-05,0.00011790901663954612,0,2959.181884765625,overall|small|part
2401567,1,7,Head of a giraffe on the back right. ,198,0.003946109693877551,0.003914058133512956,0.0041574326697092516,0.06267137720127298,0,2984.758544921875,overall|small|part
2401567,2,8,branches of a tree,180,0.003587372448979592,7.470316299681599e-07,7.846427232795818e-07,1.558433286845684e-05,0,3575.104736328125,overall|small|part
2401567,3,9,Two front legs of a giraffe on the left. ,338,0.0067362882653061226,0.001833572446482687,0.001850703674245063,0.16533305376944457,0,30195.310546875,overall|small|part
2401567,4,1,The giraffe has two horns.,70,0.0013950892857142857,0.0002489544497878051,0.0002513925204867135,0.025027547563825334,0,6968.89599609375,overall|small
2401567,5,2,part of a small twig,36,0.0007174744897959184,0.0013614939663932838,0.0014088023801116947,0.038964304659101695,0,995.6790161132812,overall|small
2401567,6,4,section of a forest,592,0.011798469387755101,6.675825937351175e-05,8.257963864028568e-05,0.0003483231506637625,0,2497.072021484375,overall|small
2401568,0,0,part of some stands,918,0.01829559948979592,0.024265356595003326,0.025634092888840443,0.31245425687636164,0,11189.5126953125,overall|small
2401568,1,3,part of a  metal,176,0.00350765306122449,0.0031337178356900842,0.0032774739827826417,0.06668110327287154,0,3580.76806640625,overall|small
2401568,2,4,part of  a mesh,540,0.010762117346938776,0.005128569612710186,0.00882115403055285,0.012103271484375,0,740.919677734375,overall|small
2401568,3,5,toilet paper on roll,276,0.005500637755102041,0.0012616530039059458,0.0012817795683201158,0.07437368752299875,0,16014.5615234375,overall|small
2401568,4,6,bucket with toilet brush,600,0.011957908163265306,0.012393123832715694,0.013285971427724242,0.15570149739583333,0,7031.54443359375,overall|small
2401568,5,7,part of a surface,484,0.009646045918367346,0.0018225837028740628,0.002566047121910798,0.006251281943203004,0,1179.0977783203125,overall|small
2401568,6,8,drain in bathroom florr,342,0.006816007653061225,0.00010842563595335384,0.00011196550752529409,0.003417762399416918,0,10439.5966796875,overall|small
2401569,0,6,One window from the building,312,0.006218112244897959,0.0023026072872531665,0.00263171708596731,0.01807983410664094,0,2143.4326171875,overall|small|part
2401569,1,1,part of an edge,108,0.002152423469387755,3.424008994125982e-05,3.4635168264892074e-05,0.00299272851811515,0,9331.9794921875,overall|small
2401569,2,5,Roof of the building,110,0.002192283163265306,0.0016032612893440055,0.0016302932648572638,0.08816727724942294,0,5948.86865234375,overall|small
2401569,3,7,Gray awning on a building,651,0.012974330357142858,0.0067269445327663106,0.00699805312495144,0.14795055477300548,0,13763.2294921875,overall|small
2401569,4,8,part of a tree,506,0.010084502551020409,0.006414059254370772,0.007044081120509004,0.06691491650969615,0,4806.72314453125,overall|small
2401569,5,9,Top of a tree,368,0.007334183673469388,0.002250465978190925,0.0025315574223528704,0.019865445468736732,0,2887.74169921875,overall|small
2401569,6,0,Captain Misa's Edifice sign,1176,0.0234375,0.036168955688475196,0.03854108805713613,0.37013947882619846,0,11294.025390625,overall|text
2401570,0,4,white light switch cover attached to wall,304,0.006058673469387755,7.948101830815552e-05,9.545020555292858e-05,0.0004748442749443807,0,1512.334716796875,overall|small
2401570,1,6,closed window with white frame,1250,0.02491230867346939,0.06510759975556718,0.09291132964754932,0.17869140625,1,2404.058349609375,overall|part
2401570,2,0,Cabinets are in the island.,7446,0.14839764030612246,0.0405060594942575,0.062252878317615584,0.10390527947052108,0,12427.9990234375,overall
2401570,3,1,Outside can be seen through the doors.,2744,0.0546875,0.012755195218826232,0.018385024241331926,0.03998827308677028,0,5968.326171875,overall
2401570,4,2,three hanging lights over island,2044,0.040736607142857144,0.011977313564961853,0.03265345016070381,0.018564399674447316,0,1162.0711669921875,overall
2401570,5,3,empty white kitchen sink,3224,0.06425382653061225,0.01310278282817757,0.015154251317024149,0.08824893203621763,0,18774.5703125,overall
2401570,6,5,two hanging lights over sink,2310,0.04603794642857143,0.029965104935412323,0.03757176558524102,0.12892545889982412,0,7926.638671875,overall
2401571,0,4,The writing on the bus is in kanji.,792,0.015784438775510203,0.04040481868481197,0.04196761337816055,0.5203927550653015,0,9820.693359375,overall|small|text
2401571,1,3,a moped rider's white helmet,90,0.001793686224489796,0.0021198380242979055,0.002135293668022781,0.2265263451470269,0,9547.806640625,overall|small|part
2401571,2,0,pink pants on cyclist,330,0.006576849489795918,0.00024405485041475048,0.0002505357074049912,0.00934644467902906,0,12310.9267578125,overall|small
2401571,3,2,street lights blinking red,975,0.01943160076530612,6.687926835525441e-05,7.346742903963863e-05,0.000745243842785175,0,9890.2705078125,overall|small
2401571,4,9,storm grate on side of road,275,0.0054807079081632655,0.0003900298285651135,0.00041416914962070427,0.006647432500665838,0,4413.76171875,overall|small
2401571,5,6,black sign with white characters,1519,0.0302734375,0.005838019751317035,0.00995309364747824,0.013923759284656717,0,2124.986572265625,overall|text
2401571,6,1,a woman crossing the street,3075,0.06128427933673469,0.14961562681367963,0.32370273167106306,0.21764966018800813,1,2067.553466796875,overall
2401572,0,1,part of a logo,476,0.009486607142857142,0.011157148861444957,0.011654706389819901,0.20719438440659466,0,8462.2060546875,overall|small|text
2401572,1,0,Person has hat on head.,910,0.018136160714285716,0.0016412902320484743,0.0019623812251067826,0.009931297092647343,0,4605.3642578125,overall|small|part
2401572,2,3,edge of a laptop,672,0.013392857142857142,0.018125864439987555,0.020234486905776065,0.14816556658063615,0,4920.67138671875,overall|small
2401572,3,4,Man is wearing a baseball cap. ,756,0.015066964285714286,0.007291643696691143,0.007656148136233985,0.13281435688967427,0,13114.6435546875,overall|small
2401572,4,6,nose of a man,165,0.003288424744897959,0.006854011458019624,0.007192859436395507,0.12701328161991005,0,2913.610595703125,overall|small
2401572,5,7,Man has earbuds in ear.,665,0.013253348214285714,0.007934712796591734,0.00899079569805813,0.06327654042638334,0,4680.2197265625,overall|small
2401572,6,8,part of a table,288,0.005739795918367347,0.009421836888466222,0.009568069497394508,0.38137006759643555,0,11479.283203125,overall|small
2401573,0,1,a woman walking next to a road,688,0.01371173469387755,0.0038817953646033657,0.004736961972406626,0.021049535551736522,0,3057.250732421875,overall|small
2401573,1,2,this is electric wires,874,0.017418686224489797,0.0378407365523289,0.039001286021445106,0.5597954582022311,0,12544.74609375,overall|small
2401573,2,3,the bus is green in color,540,0.010762117346938776,0.024813057253371525,0.024875722939496074,0.9078321668836805,0,19707.140625,overall|small
2401573,3,5,the front light is off,180,0.003587372448979592,0.0031978166025945164,0.003465750845846098,0.039720993571811254,0,2062.981201171875,overall|small
2401573,4,8,a white stripe on a road,285,0.00568000637755102,0.0004261592952704031,0.0004647736731676834,0.005103198687235514,0,3129.2900390625,overall|small
2401573,5,0,the door is closed,1376,0.0274234693877551,0.00020354421246137575,0.00026179400572354445,0.0009139595163422962,0,4803.80859375,overall|part
2401573,6,4,these are some buildings,3819,0.07611208545918367,0.1318147984586126,0.20777772275331963,0.26500131947172034,0,4870.7822265625,overall
2401574,0,1,small branch off the tree,270,0.005381058673469388,0.008424832143663932,0.008682302063657117,0.22124382301613135,0,6880.18359375,overall|small|part
2401574,1,3,twigs on the branch,513,0.010224011479591837,0.012067676025274789,0.012717590196435763,0.19103117528249877,0,7705.783203125,overall|small|part
2401574,2,5,The eye of a bear,204,0.004065688775510204,0.005593082282722955,0.0058755774978857455,0.10420731002209234,0,3618.076904296875,overall|small|part
2401574,3,6,green leaves in horizon,338,0.0067362882653061226,0.0008509863910745447,0.0016603167038798927,0.0017427304792686327,0,354.7774353027344,overall|small|part
2401574,4,0,The nose of a bear,840,0.016741071428571428,0.031813375204212006,0.03322086701184126,0.42886105492001486,0,10843.8857421875,overall|small
2401574,5,2,brown tree trunk,952,0.018973214285714284,0.03680212835311661,0.04128063906957251,0.2532985591087021,0,5841.48486328125,overall|small
2401574,6,8,lines in bear's foot,504,0.010044642857142858,0.014556945807178673,0.01483237882574229,0.4394329616001674,0,14931.806640625,overall|small
2401575,0,1,part of  a water,513,0.010224011479591837,0.030516875436657712,0.043039343257287206,0.09492890504833318,0,1131.4886474609375,overall|small
2401575,1,3,part of a bird,176,0.00350765306122449,0.0006475373760079353,0.0007101802107593811,0.0072876154021783305,0,1806.049072265625,overall|small
2401575,2,4,part of a metal,168,0.0033482142857142855,0.0075089190125442115,0.0075664150155400674,0.4970239003499349,0,11035.611328125,overall|small
2401575,3,5,sailboat with white sail in distance,12,0.00023915816326530612,0.0002268285955787462,0.000227026673271667,0.2063362995783488,0,10906.3642578125,overall|small
2401575,4,7,part of a bench,324,0.0064572704081632655,0.010155287245916998,0.011918795356592415,0.06422699822319879,0,1745.94384765625,overall|small
2401575,5,8,part of a wood,594,0.011838329081632654,0.021769474568560272,0.02348475514300742,0.22961759727811973,0,5807.71875,overall|small
2401575,6,9,seagull shown closest to beach,56,0.0011160714285714285,0.00026562001790903867,0.00026638761139757366,0.08440122434071132,0,17742.82421875,overall|small
2401576,0,1,a telephone cord hanging down,220,0.004384566326530612,0.005484293754556773,0.005765144763503143,0.10118690837513317,0,3861.328857421875,overall|small
2401576,1,0,sunlight creating glare on a computer monitor,3822,0.076171875,0.01171384387437108,0.024409908654127965,0.0220254112575018,0,3448.6455078125,overall
2401576,2,2,a grey keyboard in front of a monitor,5040,0.10044642857142858,0.021870251979183426,0.032459492646698146,0.06282756139361668,0,9755.263671875,overall
2401576,3,3,laptop computer on a desk,11716,0.23349808673469388,0.06851023486298453,0.13131858313301345,0.12529301667791376,0,11178.41015625,overall
2401576,4,4,Power cords hanging from computers.,2494,0.049705038265306124,0.09506393657173487,0.10710149853006061,0.45823242383282375,0,10670.5478515625,overall
2401576,5,5,"Red, white, and blue wall paper on wall.",2160,0.043048469387755105,0.012030975614949783,0.03540360739648668,0.017897710093745477,0,1091.952392578125,overall
2401577,0,0,part of the sky,88,0.001753826530612245,0.00044516182974979656,0.0004733879517319023,0.007410602813417261,0,1377.5869140625,overall|small
2401577,1,1,part of a green light,320,0.006377551020408163,0.002875855577226785,0.0031450758146474426,0.032504206895828246,0,3307.1845703125,overall|small
2401577,2,3,part of a traffic,198,0.003946109693877551,0.0014482825017788368,0.0014618144758540802,0.13528708255652225,0,18324.37890625,overall|small
2401577,3,4,the red light is the one on top,266,0.005301339285714286,0.0033130992576780377,0.003381586844431681,0.14058696775508106,0,11058.7529296875,overall|small
2401577,4,7,edge of a board,672,0.013392857142857142,0.0013176142297084293,0.002137516807983218,0.003423310461498442,0,1076.2322998046875,overall|small
2401577,5,8,the frame of the light is black in color ,198,0.003946109693877551,0.0013319347647162206,0.0015111299249617903,0.011107278592658766,0,1455.362060546875,overall|small
2401577,6,9,the post is black in color,200,0.003985969387755102,0.004258942215561742,0.00430335437844308,0.29212251663208005,0,13576.5029296875,overall|small
2401578,0,9,part of a door,444,0.008848852040816327,0.00374156899263883,0.004377823396419814,0.025098171320047463,0,2545.463134765625,overall|small|part
2401578,1,0,The windshield of an airplane,783,0.015605070153061224,0.03503164178193088,0.05114065862632235,0.10008298208887093,0,1532.3419189453125,overall|small
2401578,2,1,part of a runway,209,0.004165338010204082,0.00017380627587888043,0.00017551531554135436,0.017536572862469978,0,20882.1875,overall|small
2401578,3,3,very tall light,516,0.010283801020408163,0.0008129103201975311,0.0008496225695014086,0.018465591031451557,0,11214.6796875,overall|small
2401578,4,5,tip of  a wing,945,0.018833705357142856,0.014917625927052817,0.019723598284733194,0.057689731335513805,0,2764.0390625,overall|small
2401578,5,7,passenger windows on body,676,0.013472576530612245,0.035564496952899455,0.038208400466539026,0.33948087974412905,0,6006.24658203125,overall|small
2401578,6,8,tip of  a plane,336,0.006696428571428571,0.010474706770896723,0.011031960938283935,0.17175195330665224,0,5231.04248046875,overall|small
2401579,0,0,the waves are white,854,0.017020089285714284,0.021646992829917007,0.025164080721505923,0.134109193323926,0,4551.298828125,overall|small
2401579,1,1,part of the sky,384,0.007653061224489796,1.4374387832395193e-06,1.5972806114886633e-06,1.4363950564681241e-05,0,3453.21728515625,overall|small
2401579,2,2,part of a person,80,0.0015943877551020409,0.0040802358929238275,0.004221014378753382,0.10900380611419677,0,2065.92626953125,overall|small
2401579,3,4,part of the sky,104,0.002072704081632653,0.0035962868242021655,0.0036913205793672934,0.1225666541319627,0,3453.21728515625,overall|small
2401579,4,5,someone carrying a red surfboard,180,0.003587372448979592,0.0007649482070213573,0.0007715377814408238,0.08220140669080946,0,19177.61328125,overall|small
2401579,5,7,blue sailboard on right side,84,0.0016741071428571428,0.0005097876990716698,0.000513331849119087,0.06876017933800108,0,11251.6982421875,overall|small
2401579,6,8,the kite is pink in color,36,0.0007174744897959184,0.0005764246300449998,0.0005794252325927046,0.1001605060365465,0,6223.02587890625,overall|small
2401580,0,3,part of a wheel,406,0.008091517857142858,0.003169263741781413,0.003743745587443765,0.020235324728077854,0,2194.47119140625,overall|small|part
2401580,1,9,steering wheel of fire truck,272,0.005420918367346939,0.01188236614255901,0.011989629365671937,0.5704804588766659,0,12942.0751953125,overall|small|part
2401580,2,2,numbers on white stripe on side of fire truck,117,0.002331792091836735,0.0019484018661672458,0.0019567683861213304,0.3130423390967214,0,18717.572265625,overall|small
2401580,3,6,part of a yellow line,320,0.006377551020408163,0.004570300173732473,0.004914283722047261,0.061291205883026126,0,3991.056884765625,overall|small
2401580,4,7,part of  a lamp,300,0.005978954081632653,0.009182793659002896,0.010079094788943779,0.09359735488891602,0,2785.8857421875,overall|small
2401580,5,8,woman wearing red scarf,170,0.0033880739795918366,0.003032711695990792,0.0031594103809215947,0.07030791114358341,0,3783.093505859375,overall|small
2401580,6,1,An American flag,5325,0.1061264349489796,0.02361821989429162,0.044397193312080134,0.04803939890973445,0,5761.84619140625,overall|text
2401581,0,6,number 12 on clock,48,0.0009566326530612245,0.0019395157100251725,0.0020955969068726155,0.025379667679468792,0,581.3255615234375,overall|small|text
2401581,1,7,the number 9 on a clock.,32,0.0006377551020408163,0.001139528182745884,0.0011467218230957136,0.15372543036937714,0,4289.8056640625,overall|small|text
2401581,2,9,number 2 on clock,35,0.0006975446428571429,0.0017628311242807737,0.0018369894958838906,0.04184032848903111,0,797.1801147460938,overall|small|text
2401581,3,5,Black rectangle on the door. ,170,0.0033880739795918366,0.0015712265121818098,0.0015774538195171208,0.28469808241900274,0,30681.515625,overall|small|part
2401581,4,0,Hands of the clock are black. ,323,0.00643734056122449,0.014448974147911967,0.0148978146429097,0.32413579509723295,0,7027.5986328125,overall|small
2401581,5,4,a light embedded in a  ceiling.,390,0.007772640306122449,9.040088579035811e-05,9.75561938063119e-05,0.0012310175559459588,0,4921.23388671875,overall|small
2401581,6,3,a window on the side of a hallway.,1456,0.029017857142857144,0.0010447912218557033,0.0018531581810089417,0.0023894309997558594,0,1877.3419189453125,overall|part
2401582,0,1,red clay heart,744,0.01482780612244898,0.0021166939525196276,0.0028981285211036527,0.007789096524638515,0,1999.5965576171875,overall|small
2401582,1,2,small black bow-tie,392,0.0078125,0.0005421120257571798,0.0006129106799111746,0.004671192899042246,0,2987.560302734375,overall|small
2401582,2,4,small black tophat,792,0.015784438775510203,3.10980180492408e-05,4.471121175812195e-05,0.00010212798687544736,0,1809.062255859375,overall|small
2401582,3,5,The face of a groom bear,1334,0.02658641581632653,0.0016881457170503274,0.0030932178747379627,0.0037026340993626724,0,1596.820556640625,overall|part
2401582,4,0,the bear has two flowers,5103,0.10170200892857142,0.1377781693479631,0.14479496431979888,0.7397947017991867,0,26072.5390625,overall
2401582,5,3,stone engraved with words HAPPY 2012,6099,0.12155213647959184,0.005644905917832087,0.008710886474572464,0.015784823243628565,0,11051.8759765625,overall
2401583,0,9,ear on cows head,209,0.004165338010204082,0.010846521422620355,0.010877104441264569,0.7941393692527662,0,15259.1279296875,overall|small|part
2401583,1,0,two cows grazing on grass,357,0.007114955357142857,0.0011872958722899604,0.0012299857002656411,0.033077028953060715,0,9600.517578125,overall|small
2401583,2,1,hills on top of mountain,527,0.010503029336734694,0.004043679301754998,0.007454080250179444,0.00876080062402946,0,619.384521484375,overall|small
2401583,3,2,rocky terrain on mountain,374,0.007453762755102041,0.013538363625729093,0.014332610342355246,0.1963398571320396,0,5123.35888671875,overall|small
2401583,4,3,animal sitting in back ground,220,0.004384566326530612,0.020562845736305718,0.021600230200487347,0.29979629516601564,0,3053.4482421875,overall|small
2401583,5,4,a road going up a green hillside.,2214,0.04412468112244898,0.09151984147502848,0.10574729642650046,0.40484423409094117,0,8476.1044921875,overall
2401583,6,5,tall green grass of pasture,1036,0.020647321428571428,2.196182057967997e-05,2.4789754225541684e-05,0.0001924809456792117,0,8044.0595703125,overall
2401584,0,0,a weathervane on a clock tower,345,0.006875797193877551,0.0017525531345555546,0.0018762786292427797,0.025889145118602807,0,4760.3564453125,overall|small
2401584,1,2,spotty blue areas between clouds,780,0.015545280612244899,0.00011419280406038558,0.0017270654937288645,0.00012226280493614,0,55.217933654785156,overall|small
2401584,2,6,a building between two clock towers,175,0.0034877232142857145,0.0001896620227312549,0.0001927305693818817,0.011772138050624303,0,10689.140625,overall|small
2401584,3,7,black hands on clock,81,0.0016143176020408164,0.0024678868657057175,0.0024859569340249083,0.25346117843816307,0,8258.5322265625,overall|small
2401584,4,8,a multi storied building behind the clock towers,616,0.012276785714285714,0.004572626836990415,0.004669732751296836,0.18025621191247718,0,23778.197265625,overall|small
2401584,5,9,clock face reading 10:55,1008,0.020089285714285716,0.0028151492606056905,0.004013436589149973,0.009340737547193254,0,2345.9853515625,overall|part
2401584,6,1,angry black clouds in sky,3538,0.07051179846938775,0.007142097284140016,0.0940366933061302,0.0076698440154977544,0,288.5672302246094,overall
2401585,0,0,part of the ocean water,420,0.008370535714285714,0.01389735789758155,0.014392311202001405,0.2878045944940476,0,8398.78515625,overall|small
2401585,1,1,section of a water wave,705,0.014050542091836735,0.014591984878537094,0.015768550108745182,0.16357506285322473,0,7313.31787109375,overall|small
2401585,2,4,ripples of water on a wave,273,0.005440848214285714,0.0038777226105027505,0.004078753232249147,0.07293751475575207,0,4881.86962890625,overall|small
2401585,3,5,section of a surf board,32,0.0006377551020408163,0.0007418454231233564,0.0007428893428666252,0.3455166816711426,0,14883.150390625,overall|small
2401585,4,7,upper part of a wave,55,0.001096141581632653,0.0013612289224164287,0.0013702864355873712,0.17076901522549717,0,6854.25732421875,overall|small
2401585,5,8,the foot of a man,70,0.0013950892857142857,0.0017242281173963825,0.0017775536475935004,0.05435155459812709,0,2140.3623046875,overall|small
2401585,6,9,lower part of a wave,180,0.003587372448979592,0.004749434259830528,0.004876145523846764,0.15452660454644096,0,5704.25732421875,overall|small
